dataset_version,document_version,chunk_version,retriever,question_id,question_type,expected_answerable,needs_human_review,k,rank,retrieved_chunk_id,score,is_gold,latency_ms
transfusion-retrieval-v2,sha256:5fc6a9a0d5ff5721954fad8f2855c204301e59ef0b28a91d8d9bdbaf48cb659b,4,bm25,TF001,fact_specific,True,False,1,1,c78ff32d-ea17-41fd-98ef-2e8872f01df3,4.710935592651367,True,1.0474000009708107
transfusion-retrieval-v2,sha256:5fc6a9a0d5ff5721954fad8f2855c204301e59ef0b28a91d8d9bdbaf48cb659b,4,bm25,TF001,fact_specific,True,False,3,1,c78ff32d-ea17-41fd-98ef-2e8872f01df3,4.710935592651367,True,1.0474000009708107
transfusion-retrieval-v2,sha256:5fc6a9a0d5ff5721954fad8f2855c204301e59ef0b28a91d8d9bdbaf48cb659b,4,bm25,TF001,fact_specific,True,False,3,2,9131e9a9-eff3-4f4e-a20b-4bdd456c35bc,4.693674087524414,False,1.0474000009708107
transfusion-retrieval-v2,sha256:5fc6a9a0d5ff5721954fad8f2855c204301e59ef0b28a91d8d9bdbaf48cb659b,4,bm25,TF001,fact_specific,True,False,3,3,b0b5bc4f-7d0b-4f56-8e37-84178d38637d,4.191636562347412,False,1.0474000009708107
transfusion-retrieval-v2,sha256:5fc6a9a0d5ff5721954fad8f2855c204301e59ef0b28a91d8d9bdbaf48cb659b,4,bm25,TF001,fact_specific,True,False,5,1,c78ff32d-ea17-41fd-98ef-2e8872f01df3,4.710935592651367,True,1.0474000009708107
transfusion-retrieval-v2,sha256:5fc6a9a0d5ff5721954fad8f2855c204301e59ef0b28a91d8d9bdbaf48cb659b,4,bm25,TF001,fact_specific,True,False,5,2,9131e9a9-eff3-4f4e-a20b-4bdd456c35bc,4.693674087524414,False,1.0474000009708107
transfusion-retrieval-v2,sha256:5fc6a9a0d5ff5721954fad8f2855c204301e59ef0b28a91d8d9bdbaf48cb659b,4,bm25,TF001,fact_specific,True,False,5,3,b0b5bc4f-7d0b-4f56-8e37-84178d38637d,4.191636562347412,False,1.0474000009708107
transfusion-retrieval-v2,sha256:5fc6a9a0d5ff5721954fad8f2855c204301e59ef0b28a91d8d9bdbaf48cb659b,4,bm25,TF001,fact_specific,True,False,5,4,48b9789d-5088-4ba1-a82a-be3a6396ce85,3.7632017135620117,False,1.0474000009708107
transfusion-retrieval-v2,sha256:5fc6a9a0d5ff5721954fad8f2855c204301e59ef0b28a91d8d9bdbaf48cb659b,4,bm25,TF001,fact_specific,True,False,5,5,919e93ca-fed9-4dde-b9b8-f870e207a3f3,1.8727848529815674,False,1.0474000009708107
transfusion-retrieval-v2,sha256:5fc6a9a0d5ff5721954fad8f2855c204301e59ef0b28a91d8d9bdbaf48cb659b,4,bm25,TF001,fact_specific,True,False,10,1,c78ff32d-ea17-41fd-98ef-2e8872f01df3,4.710935592651367,True,1.0474000009708107
transfusion-retrieval-v2,sha256:5fc6a9a0d5ff5721954fad8f2855c204301e59ef0b28a91d8d9bdbaf48cb659b,4,bm25,TF001,fact_specific,True,False,10,2,9131e9a9-eff3-4f4e-a20b-4bdd456c35bc,4.693674087524414,False,1.0474000009708107
transfusion-retrieval-v2,sha256:5fc6a9a0d5ff5721954fad8f2855c204301e59ef0b28a91d8d9bdbaf48cb659b,4,bm25,TF001,fact_specific,True,False,10,3,b0b5bc4f-7d0b-4f56-8e37-84178d38637d,4.191636562347412,False,1.0474000009708107
transfusion-retrieval-v2,sha256:5fc6a9a0d5ff5721954fad8f2855c204301e59ef0b28a91d8d9bdbaf48cb659b,4,bm25,TF001,fact_specific,True,False,10,4,48b9789d-5088-4ba1-a82a-be3a6396ce85,3.7632017135620117,False,1.0474000009708107
transfusion-retrieval-v2,sha256:5fc6a9a0d5ff5721954fad8f2855c204301e59ef0b28a91d8d9bdbaf48cb659b,4,bm25,TF001,fact_specific,True,False,10,5,919e93ca-fed9-4dde-b9b8-f870e207a3f3,1.8727848529815674,False,1.0474000009708107
transfusion-retrieval-v2,sha256:5fc6a9a0d5ff5721954fad8f2855c204301e59ef0b28a91d8d9bdbaf48cb659b,4,bm25,TF001,fact_specific,True,False,10,6,30ce28cb-f702-4cce-8105-137e2f73af0d,1.6620255708694458,False,1.0474000009708107
transfusion-retrieval-v2,sha256:5fc6a9a0d5ff5721954fad8f2855c204301e59ef0b28a91d8d9bdbaf48cb659b,4,bm25,TF001,fact_specific,True,False,10,7,22e6c188-2e4c-4029-b200-7770a3f00e6e,1.6404465436935425,False,1.0474000009708107
transfusion-retrieval-v2,sha256:5fc6a9a0d5ff5721954fad8f2855c204301e59ef0b28a91d8d9bdbaf48cb659b,4,bm25,TF001,fact_specific,True,False,10,8,7e5199d4-e5c9-40ca-a69f-ea37f52c6ce3,0.9198150634765625,False,1.0474000009708107
transfusion-retrieval-v2,sha256:5fc6a9a0d5ff5721954fad8f2855c204301e59ef0b28a91d8d9bdbaf48cb659b,4,bm25,TF001,fact_specific,True,False,10,9,a7cf71a5-8426-4d7c-8106-e0754e7cb4bf,0.9092135429382324,False,1.0474000009708107
transfusion-retrieval-v2,sha256:5fc6a9a0d5ff5721954fad8f2855c204301e59ef0b28a91d8d9bdbaf48cb659b,4,bm25,TF001,fact_specific,True,False,10,10,5de4d74d-720e-4d86-a836-f946d70a2d32,0.901841402053833,False,1.0474000009708107
transfusion-retrieval-v2,sha256:5fc6a9a0d5ff5721954fad8f2855c204301e59ef0b28a91d8d9bdbaf48cb659b,4,bm25,TF002,paraphrase,True,False,1,1,c78ff32d-ea17-41fd-98ef-2e8872f01df3,5.9642510414123535,True,0.7346000002144137
transfusion-retrieval-v2,sha256:5fc6a9a0d5ff5721954fad8f2855c204301e59ef0b28a91d8d9bdbaf48cb659b,4,bm25,TF002,paraphrase,True,False,3,1,c78ff32d-ea17-41fd-98ef-2e8872f01df3,5.9642510414123535,True,0.7346000002144137
transfusion-retrieval-v2,sha256:5fc6a9a0d5ff5721954fad8f2855c204301e59ef0b28a91d8d9bdbaf48cb659b,4,bm25,TF002,paraphrase,True,False,3,2,7e5199d4-e5c9-40ca-a69f-ea37f52c6ce3,0.9198150634765625,False,0.7346000002144137
transfusion-retrieval-v2,sha256:5fc6a9a0d5ff5721954fad8f2855c204301e59ef0b28a91d8d9bdbaf48cb659b,4,bm25,TF002,paraphrase,True,False,3,3,a7cf71a5-8426-4d7c-8106-e0754e7cb4bf,0.9092135429382324,False,0.7346000002144137
transfusion-retrieval-v2,sha256:5fc6a9a0d5ff5721954fad8f2855c204301e59ef0b28a91d8d9bdbaf48cb659b,4,bm25,TF002,paraphrase,True,False,5,1,c78ff32d-ea17-41fd-98ef-2e8872f01df3,5.9642510414123535,True,0.7346000002144137
transfusion-retrieval-v2,sha256:5fc6a9a0d5ff5721954fad8f2855c204301e59ef0b28a91d8d9bdbaf48cb659b,4,bm25,TF002,paraphrase,True,False,5,2,7e5199d4-e5c9-40ca-a69f-ea37f52c6ce3,0.9198150634765625,False,0.7346000002144137
transfusion-retrieval-v2,sha256:5fc6a9a0d5ff5721954fad8f2855c204301e59ef0b28a91d8d9bdbaf48cb659b,4,bm25,TF002,paraphrase,True,False,5,3,a7cf71a5-8426-4d7c-8106-e0754e7cb4bf,0.9092135429382324,False,0.7346000002144137
transfusion-retrieval-v2,sha256:5fc6a9a0d5ff5721954fad8f2855c204301e59ef0b28a91d8d9bdbaf48cb659b,4,bm25,TF002,paraphrase,True,False,5,4,5de4d74d-720e-4d86-a836-f946d70a2d32,0.901841402053833,False,0.7346000002144137
transfusion-retrieval-v2,sha256:5fc6a9a0d5ff5721954fad8f2855c204301e59ef0b28a91d8d9bdbaf48cb659b,4,bm25,TF002,paraphrase,True,False,5,5,c404e320-0bf2-4325-be92-7a0614f201ca,0.8950620293617249,False,0.7346000002144137
transfusion-retrieval-v2,sha256:5fc6a9a0d5ff5721954fad8f2855c204301e59ef0b28a91d8d9bdbaf48cb659b,4,bm25,TF002,paraphrase,True,False,10,1,c78ff32d-ea17-41fd-98ef-2e8872f01df3,5.9642510414123535,True,0.7346000002144137
transfusion-retrieval-v2,sha256:5fc6a9a0d5ff5721954fad8f2855c204301e59ef0b28a91d8d9bdbaf48cb659b,4,bm25,TF002,paraphrase,True,False,10,2,7e5199d4-e5c9-40ca-a69f-ea37f52c6ce3,0.9198150634765625,False,0.7346000002144137
transfusion-retrieval-v2,sha256:5fc6a9a0d5ff5721954fad8f2855c204301e59ef0b28a91d8d9bdbaf48cb659b,4,bm25,TF002,paraphrase,True,False,10,3,a7cf71a5-8426-4d7c-8106-e0754e7cb4bf,0.9092135429382324,False,0.7346000002144137
transfusion-retrieval-v2,sha256:5fc6a9a0d5ff5721954fad8f2855c204301e59ef0b28a91d8d9bdbaf48cb659b,4,bm25,TF002,paraphrase,True,False,10,4,5de4d74d-720e-4d86-a836-f946d70a2d32,0.901841402053833,False,0.7346000002144137
transfusion-retrieval-v2,sha256:5fc6a9a0d5ff5721954fad8f2855c204301e59ef0b28a91d8d9bdbaf48cb659b,4,bm25,TF002,paraphrase,True,False,10,5,c404e320-0bf2-4325-be92-7a0614f201ca,0.8950620293617249,False,0.7346000002144137
transfusion-retrieval-v2,sha256:5fc6a9a0d5ff5721954fad8f2855c204301e59ef0b28a91d8d9bdbaf48cb659b,4,bm25,TF002,paraphrase,True,False,10,6,73735f01-c9d0-4dd5-8d46-c70045e4b334,0.8702232837677002,False,0.7346000002144137
transfusion-retrieval-v2,sha256:5fc6a9a0d5ff5721954fad8f2855c204301e59ef0b28a91d8d9bdbaf48cb659b,4,bm25,TF002,paraphrase,True,False,10,7,16efaa44-1554-4748-8407-48fac0bced94,0.8496715426445007,False,0.7346000002144137
transfusion-retrieval-v2,sha256:5fc6a9a0d5ff5721954fad8f2855c204301e59ef0b28a91d8d9bdbaf48cb659b,4,bm25,TF002,paraphrase,True,False,10,8,30ce28cb-f702-4cce-8105-137e2f73af0d,0.8492841124534607,False,0.7346000002144137
transfusion-retrieval-v2,sha256:5fc6a9a0d5ff5721954fad8f2855c204301e59ef0b28a91d8d9bdbaf48cb659b,4,bm25,TF002,paraphrase,True,False,10,9,22e6c188-2e4c-4029-b200-7770a3f00e6e,0.8428277373313904,False,0.7346000002144137
transfusion-retrieval-v2,sha256:5fc6a9a0d5ff5721954fad8f2855c204301e59ef0b28a91d8d9bdbaf48cb659b,4,bm25,TF002,paraphrase,True,False,10,10,70b95f72-95ec-43b5-b76f-657518103256,0.842285692691803,False,0.7346000002144137
transfusion-retrieval-v2,sha256:5fc6a9a0d5ff5721954fad8f2855c204301e59ef0b28a91d8d9bdbaf48cb659b,4,bm25,TF003,product_specific,True,True,1,1,0f6b0fc1-9d70-479f-a87d-a26e954e2adb,6.894256114959717,False,0.6802000007155584
transfusion-retrieval-v2,sha256:5fc6a9a0d5ff5721954fad8f2855c204301e59ef0b28a91d8d9bdbaf48cb659b,4,bm25,TF003,product_specific,True,True,3,1,0f6b0fc1-9d70-479f-a87d-a26e954e2adb,6.894256114959717,False,0.6802000007155584
transfusion-retrieval-v2,sha256:5fc6a9a0d5ff5721954fad8f2855c204301e59ef0b28a91d8d9bdbaf48cb659b,4,bm25,TF003,product_specific,True,True,3,2,ba3d1d87-0c2d-4b67-a0c2-4615c8249c2a,5.875611782073975,True,0.6802000007155584
transfusion-retrieval-v2,sha256:5fc6a9a0d5ff5721954fad8f2855c204301e59ef0b28a91d8d9bdbaf48cb659b,4,bm25,TF003,product_specific,True,True,3,3,9552a4ac-31b4-43a8-aa92-37bd3e89362a,5.7914910316467285,False,0.6802000007155584
transfusion-retrieval-v2,sha256:5fc6a9a0d5ff5721954fad8f2855c204301e59ef0b28a91d8d9bdbaf48cb659b,4,bm25,TF003,product_specific,True,True,5,1,0f6b0fc1-9d70-479f-a87d-a26e954e2adb,6.894256114959717,False,0.6802000007155584
transfusion-retrieval-v2,sha256:5fc6a9a0d5ff5721954fad8f2855c204301e59ef0b28a91d8d9bdbaf48cb659b,4,bm25,TF003,product_specific,True,True,5,2,ba3d1d87-0c2d-4b67-a0c2-4615c8249c2a,5.875611782073975,True,0.6802000007155584
transfusion-retrieval-v2,sha256:5fc6a9a0d5ff5721954fad8f2855c204301e59ef0b28a91d8d9bdbaf48cb659b,4,bm25,TF003,product_specific,True,True,5,3,9552a4ac-31b4-43a8-aa92-37bd3e89362a,5.7914910316467285,False,0.6802000007155584
transfusion-retrieval-v2,sha256:5fc6a9a0d5ff5721954fad8f2855c204301e59ef0b28a91d8d9bdbaf48cb659b,4,bm25,TF003,product_specific,True,True,5,4,84c0a864-176f-4776-a15e-167fc2518e5d,4.635169506072998,False,0.6802000007155584
transfusion-retrieval-v2,sha256:5fc6a9a0d5ff5721954fad8f2855c204301e59ef0b28a91d8d9bdbaf48cb659b,4,bm25,TF003,product_specific,True,True,5,5,324bc249-0e84-46e9-b77f-856c76cd5353,1.3938252925872803,False,0.6802000007155584
transfusion-retrieval-v2,sha256:5fc6a9a0d5ff5721954fad8f2855c204301e59ef0b28a91d8d9bdbaf48cb659b,4,bm25,TF003,product_specific,True,True,10,1,0f6b0fc1-9d70-479f-a87d-a26e954e2adb,6.894256114959717,False,0.6802000007155584
transfusion-retrieval-v2,sha256:5fc6a9a0d5ff5721954fad8f2855c204301e59ef0b28a91d8d9bdbaf48cb659b,4,bm25,TF003,product_specific,True,True,10,2,ba3d1d87-0c2d-4b67-a0c2-4615c8249c2a,5.875611782073975,True,0.6802000007155584
transfusion-retrieval-v2,sha256:5fc6a9a0d5ff5721954fad8f2855c204301e59ef0b28a91d8d9bdbaf48cb659b,4,bm25,TF003,product_specific,True,True,10,3,9552a4ac-31b4-43a8-aa92-37bd3e89362a,5.7914910316467285,False,0.6802000007155584
transfusion-retrieval-v2,sha256:5fc6a9a0d5ff5721954fad8f2855c204301e59ef0b28a91d8d9bdbaf48cb659b,4,bm25,TF003,product_specific,True,True,10,4,84c0a864-176f-4776-a15e-167fc2518e5d,4.635169506072998,False,0.6802000007155584
transfusion-retrieval-v2,sha256:5fc6a9a0d5ff5721954fad8f2855c204301e59ef0b28a91d8d9bdbaf48cb659b,4,bm25,TF003,product_specific,True,True,10,5,324bc249-0e84-46e9-b77f-856c76cd5353,1.3938252925872803,False,0.6802000007155584
transfusion-retrieval-v2,sha256:5fc6a9a0d5ff5721954fad8f2855c204301e59ef0b28a91d8d9bdbaf48cb659b,4,bm25,TF003,product_specific,True,True,10,6,4d18d11e-2a92-4690-8a64-46653931483e,0.8981029391288757,False,0.6802000007155584
transfusion-retrieval-v2,sha256:5fc6a9a0d5ff5721954fad8f2855c204301e59ef0b28a91d8d9bdbaf48cb659b,4,bm25,TF003,product_specific,True,True,10,7,81a83ec4-b5d1-4305-9f44-93e5fa935ffe,0.8182902336120605,False,0.6802000007155584
transfusion-retrieval-v2,sha256:5fc6a9a0d5ff5721954fad8f2855c204301e59ef0b28a91d8d9bdbaf48cb659b,4,bm25,TF003,product_specific,True,True,10,8,b66e5419-8a9c-47f4-866d-ebdb95b174b2,0.7539885640144348,False,0.6802000007155584
transfusion-retrieval-v2,sha256:5fc6a9a0d5ff5721954fad8f2855c204301e59ef0b28a91d8d9bdbaf48cb659b,4,bm25,TF003,product_specific,True,True,10,9,1b376f6f-5ee5-4d05-a585-f3aa6b7ee824,0.7415080070495605,False,0.6802000007155584
transfusion-retrieval-v2,sha256:5fc6a9a0d5ff5721954fad8f2855c204301e59ef0b28a91d8d9bdbaf48cb659b,4,bm25,TF003,product_specific,True,True,10,10,b7876bcb-b1d0-409a-831d-45e59e35a44e,0.7230057716369629,False,0.6802000007155584
transfusion-retrieval-v2,sha256:5fc6a9a0d5ff5721954fad8f2855c204301e59ef0b28a91d8d9bdbaf48cb659b,4,bm25,TF004,product_specific,True,True,1,1,63b53156-440d-40c1-bc88-5c07c23ae77f,5.776729106903076,False,0.6682000002911082
transfusion-retrieval-v2,sha256:5fc6a9a0d5ff5721954fad8f2855c204301e59ef0b28a91d8d9bdbaf48cb659b,4,bm25,TF004,product_specific,True,True,3,1,63b53156-440d-40c1-bc88-5c07c23ae77f,5.776729106903076,False,0.6682000002911082
transfusion-retrieval-v2,sha256:5fc6a9a0d5ff5721954fad8f2855c204301e59ef0b28a91d8d9bdbaf48cb659b,4,bm25,TF004,product_specific,True,True,3,2,a7cf71a5-8426-4d7c-8106-e0754e7cb4bf,4.858514785766602,False,0.6682000002911082
transfusion-retrieval-v2,sha256:5fc6a9a0d5ff5721954fad8f2855c204301e59ef0b28a91d8d9bdbaf48cb659b,4,bm25,TF004,product_specific,True,True,3,3,71d2e37c-44e2-4972-8e6b-a6449c2f8404,2.6328694820404053,False,0.6682000002911082
transfusion-retrieval-v2,sha256:5fc6a9a0d5ff5721954fad8f2855c204301e59ef0b28a91d8d9bdbaf48cb659b,4,bm25,TF004,product_specific,True,True,5,1,63b53156-440d-40c1-bc88-5c07c23ae77f,5.776729106903076,False,0.6682000002911082
transfusion-retrieval-v2,sha256:5fc6a9a0d5ff5721954fad8f2855c204301e59ef0b28a91d8d9bdbaf48cb659b,4,bm25,TF004,product_specific,True,True,5,2,a7cf71a5-8426-4d7c-8106-e0754e7cb4bf,4.858514785766602,False,0.6682000002911082
transfusion-retrieval-v2,sha256:5fc6a9a0d5ff5721954fad8f2855c204301e59ef0b28a91d8d9bdbaf48cb659b,4,bm25,TF004,product_specific,True,True,5,3,71d2e37c-44e2-4972-8e6b-a6449c2f8404,2.6328694820404053,False,0.6682000002911082
transfusion-retrieval-v2,sha256:5fc6a9a0d5ff5721954fad8f2855c204301e59ef0b28a91d8d9bdbaf48cb659b,4,bm25,TF004,product_specific,True,True,5,4,ffcf7308-6e83-47bc-a519-0b4b7ba44562,2.3771347999572754,True,0.6682000002911082
transfusion-retrieval-v2,sha256:5fc6a9a0d5ff5721954fad8f2855c204301e59ef0b28a91d8d9bdbaf48cb659b,4,bm25,TF004,product_specific,True,True,5,5,d3b7d61b-50f0-4b96-a770-785a9f3c3886,1.2342151403427124,False,0.6682000002911082
transfusion-retrieval-v2,sha256:5fc6a9a0d5ff5721954fad8f2855c204301e59ef0b28a91d8d9bdbaf48cb659b,4,bm25,TF004,product_specific,True,True,10,1,63b53156-440d-40c1-bc88-5c07c23ae77f,5.776729106903076,False,0.6682000002911082
transfusion-retrieval-v2,sha256:5fc6a9a0d5ff5721954fad8f2855c204301e59ef0b28a91d8d9bdbaf48cb659b,4,bm25,TF004,product_specific,True,True,10,2,a7cf71a5-8426-4d7c-8106-e0754e7cb4bf,4.858514785766602,False,0.6682000002911082
transfusion-retrieval-v2,sha256:5fc6a9a0d5ff5721954fad8f2855c204301e59ef0b28a91d8d9bdbaf48cb659b,4,bm25,TF004,product_specific,True,True,10,3,71d2e37c-44e2-4972-8e6b-a6449c2f8404,2.6328694820404053,False,0.6682000002911082
transfusion-retrieval-v2,sha256:5fc6a9a0d5ff5721954fad8f2855c204301e59ef0b28a91d8d9bdbaf48cb659b,4,bm25,TF004,product_specific,True,True,10,4,ffcf7308-6e83-47bc-a519-0b4b7ba44562,2.3771347999572754,True,0.6682000002911082
transfusion-retrieval-v2,sha256:5fc6a9a0d5ff5721954fad8f2855c204301e59ef0b28a91d8d9bdbaf48cb659b,4,bm25,TF004,product_specific,True,True,10,5,d3b7d61b-50f0-4b96-a770-785a9f3c3886,1.2342151403427124,False,0.6682000002911082
transfusion-retrieval-v2,sha256:5fc6a9a0d5ff5721954fad8f2855c204301e59ef0b28a91d8d9bdbaf48cb659b,4,bm25,TF004,product_specific,True,True,10,6,4d18d11e-2a92-4690-8a64-46653931483e,1.1490838527679443,False,0.6682000002911082
transfusion-retrieval-v2,sha256:5fc6a9a0d5ff5721954fad8f2855c204301e59ef0b28a91d8d9bdbaf48cb659b,4,bm25,TF004,product_specific,True,True,10,7,81a83ec4-b5d1-4305-9f44-93e5fa935ffe,1.0469669103622437,False,0.6682000002911082
transfusion-retrieval-v2,sha256:5fc6a9a0d5ff5721954fad8f2855c204301e59ef0b28a91d8d9bdbaf48cb659b,4,bm25,TF004,product_specific,True,True,10,8,7c33fbb7-e931-4f6b-9520-23875ec9ee5b,0.9736436009407043,False,0.6682000002911082
transfusion-retrieval-v2,sha256:5fc6a9a0d5ff5721954fad8f2855c204301e59ef0b28a91d8d9bdbaf48cb659b,4,bm25,TF004,product_specific,True,True,10,9,1b376f6f-5ee5-4d05-a585-f3aa6b7ee824,0.9487273693084717,False,0.6682000002911082
transfusion-retrieval-v2,sha256:5fc6a9a0d5ff5721954fad8f2855c204301e59ef0b28a91d8d9bdbaf48cb659b,4,bm25,TF004,product_specific,True,True,10,10,23c6ca0d-04bf-4081-b90a-9819029dcd73,0.9099183082580566,True,0.6682000002911082
transfusion-retrieval-v2,sha256:5fc6a9a0d5ff5721954fad8f2855c204301e59ef0b28a91d8d9bdbaf48cb659b,4,bm25,TF005,temporal,True,True,1,1,63b53156-440d-40c1-bc88-5c07c23ae77f,12.47430419921875,True,0.8503000008204253
transfusion-retrieval-v2,sha256:5fc6a9a0d5ff5721954fad8f2855c204301e59ef0b28a91d8d9bdbaf48cb659b,4,bm25,TF005,temporal,True,True,3,1,63b53156-440d-40c1-bc88-5c07c23ae77f,12.47430419921875,True,0.8503000008204253
transfusion-retrieval-v2,sha256:5fc6a9a0d5ff5721954fad8f2855c204301e59ef0b28a91d8d9bdbaf48cb659b,4,bm25,TF005,temporal,True,True,3,2,4d18d11e-2a92-4690-8a64-46653931483e,5.747880935668945,False,0.8503000008204253
transfusion-retrieval-v2,sha256:5fc6a9a0d5ff5721954fad8f2855c204301e59ef0b28a91d8d9bdbaf48cb659b,4,bm25,TF005,temporal,True,True,3,3,81a83ec4-b5d1-4305-9f44-93e5fa935ffe,5.261359691619873,False,0.8503000008204253
transfusion-retrieval-v2,sha256:5fc6a9a0d5ff5721954fad8f2855c204301e59ef0b28a91d8d9bdbaf48cb659b,4,bm25,TF005,temporal,True,True,5,1,63b53156-440d-40c1-bc88-5c07c23ae77f,12.47430419921875,True,0.8503000008204253
transfusion-retrieval-v2,sha256:5fc6a9a0d5ff5721954fad8f2855c204301e59ef0b28a91d8d9bdbaf48cb659b,4,bm25,TF005,temporal,True,True,5,2,4d18d11e-2a92-4690-8a64-46653931483e,5.747880935668945,False,0.8503000008204253
transfusion-retrieval-v2,sha256:5fc6a9a0d5ff5721954fad8f2855c204301e59ef0b28a91d8d9bdbaf48cb659b,4,bm25,TF005,temporal,True,True,5,3,81a83ec4-b5d1-4305-9f44-93e5fa935ffe,5.261359691619873,False,0.8503000008204253
transfusion-retrieval-v2,sha256:5fc6a9a0d5ff5721954fad8f2855c204301e59ef0b28a91d8d9bdbaf48cb659b,4,bm25,TF005,temporal,True,True,5,4,1033ac46-dec8-493e-b577-7f5ad80f8e86,5.13101863861084,False,0.8503000008204253
transfusion-retrieval-v2,sha256:5fc6a9a0d5ff5721954fad8f2855c204301e59ef0b28a91d8d9bdbaf48cb659b,4,bm25,TF005,temporal,True,True,5,5,09f3c6d5-9e0c-4545-960f-b16c69abbeb1,5.051819801330566,False,0.8503000008204253
transfusion-retrieval-v2,sha256:5fc6a9a0d5ff5721954fad8f2855c204301e59ef0b28a91d8d9bdbaf48cb659b,4,bm25,TF005,temporal,True,True,10,1,63b53156-440d-40c1-bc88-5c07c23ae77f,12.47430419921875,True,0.8503000008204253
transfusion-retrieval-v2,sha256:5fc6a9a0d5ff5721954fad8f2855c204301e59ef0b28a91d8d9bdbaf48cb659b,4,bm25,TF005,temporal,True,True,10,2,4d18d11e-2a92-4690-8a64-46653931483e,5.747880935668945,False,0.8503000008204253
transfusion-retrieval-v2,sha256:5fc6a9a0d5ff5721954fad8f2855c204301e59ef0b28a91d8d9bdbaf48cb659b,4,bm25,TF005,temporal,True,True,10,3,81a83ec4-b5d1-4305-9f44-93e5fa935ffe,5.261359691619873,False,0.8503000008204253
transfusion-retrieval-v2,sha256:5fc6a9a0d5ff5721954fad8f2855c204301e59ef0b28a91d8d9bdbaf48cb659b,4,bm25,TF005,temporal,True,True,10,4,1033ac46-dec8-493e-b577-7f5ad80f8e86,5.13101863861084,False,0.8503000008204253
transfusion-retrieval-v2,sha256:5fc6a9a0d5ff5721954fad8f2855c204301e59ef0b28a91d8d9bdbaf48cb659b,4,bm25,TF005,temporal,True,True,10,5,09f3c6d5-9e0c-4545-960f-b16c69abbeb1,5.051819801330566,False,0.8503000008204253
transfusion-retrieval-v2,sha256:5fc6a9a0d5ff5721954fad8f2855c204301e59ef0b28a91d8d9bdbaf48cb659b,4,bm25,TF005,temporal,True,True,10,6,1b376f6f-5ee5-4d05-a585-f3aa6b7ee824,4.790327072143555,False,0.8503000008204253
transfusion-retrieval-v2,sha256:5fc6a9a0d5ff5721954fad8f2855c204301e59ef0b28a91d8d9bdbaf48cb659b,4,bm25,TF005,temporal,True,True,10,7,23c6ca0d-04bf-4081-b90a-9819029dcd73,4.603373050689697,False,0.8503000008204253
transfusion-retrieval-v2,sha256:5fc6a9a0d5ff5721954fad8f2855c204301e59ef0b28a91d8d9bdbaf48cb659b,4,bm25,TF005,temporal,True,True,10,8,ba3d1d87-0c2d-4b67-a0c2-4615c8249c2a,4.532668590545654,False,0.8503000008204253
transfusion-retrieval-v2,sha256:5fc6a9a0d5ff5721954fad8f2855c204301e59ef0b28a91d8d9bdbaf48cb659b,4,bm25,TF005,temporal,True,True,10,9,646d4165-73db-4f69-84da-5f393cd81988,4.532668590545654,False,0.8503000008204253
transfusion-retrieval-v2,sha256:5fc6a9a0d5ff5721954fad8f2855c204301e59ef0b28a91d8d9bdbaf48cb659b,4,bm25,TF005,temporal,True,True,10,10,0f6b0fc1-9d70-479f-a87d-a26e954e2adb,4.430646896362305,False,0.8503000008204253
transfusion-retrieval-v2,sha256:5fc6a9a0d5ff5721954fad8f2855c204301e59ef0b28a91d8d9bdbaf48cb659b,4,bm25,TF006,temporal,True,True,1,1,63b53156-440d-40c1-bc88-5c07c23ae77f,14.478358268737793,True,0.846199998704833
transfusion-retrieval-v2,sha256:5fc6a9a0d5ff5721954fad8f2855c204301e59ef0b28a91d8d9bdbaf48cb659b,4,bm25,TF006,temporal,True,True,3,1,63b53156-440d-40c1-bc88-5c07c23ae77f,14.478358268737793,True,0.846199998704833
transfusion-retrieval-v2,sha256:5fc6a9a0d5ff5721954fad8f2855c204301e59ef0b28a91d8d9bdbaf48cb659b,4,bm25,TF006,temporal,True,True,3,2,71d2e37c-44e2-4972-8e6b-a6449c2f8404,10.167869567871094,True,0.846199998704833
transfusion-retrieval-v2,sha256:5fc6a9a0d5ff5721954fad8f2855c204301e59ef0b28a91d8d9bdbaf48cb659b,4,bm25,TF006,temporal,True,True,3,3,ffcf7308-6e83-47bc-a519-0b4b7ba44562,9.29672908782959,False,0.846199998704833
transfusion-retrieval-v2,sha256:5fc6a9a0d5ff5721954fad8f2855c204301e59ef0b28a91d8d9bdbaf48cb659b,4,bm25,TF006,temporal,True,True,5,1,63b53156-440d-40c1-bc88-5c07c23ae77f,14.478358268737793,True,0.846199998704833
transfusion-retrieval-v2,sha256:5fc6a9a0d5ff5721954fad8f2855c204301e59ef0b28a91d8d9bdbaf48cb659b,4,bm25,TF006,temporal,True,True,5,2,71d2e37c-44e2-4972-8e6b-a6449c2f8404,10.167869567871094,True,0.846199998704833
transfusion-retrieval-v2,sha256:5fc6a9a0d5ff5721954fad8f2855c204301e59ef0b28a91d8d9bdbaf48cb659b,4,bm25,TF006,temporal,True,True,5,3,ffcf7308-6e83-47bc-a519-0b4b7ba44562,9.29672908782959,False,0.846199998704833
transfusion-retrieval-v2,sha256:5fc6a9a0d5ff5721954fad8f2855c204301e59ef0b28a91d8d9bdbaf48cb659b,4,bm25,TF006,temporal,True,True,5,4,3ecc27b9-634c-4026-b44e-e01123aa0467,7.5415730476379395,False,0.846199998704833
transfusion-retrieval-v2,sha256:5fc6a9a0d5ff5721954fad8f2855c204301e59ef0b28a91d8d9bdbaf48cb659b,4,bm25,TF006,temporal,True,True,5,5,1033ac46-dec8-493e-b577-7f5ad80f8e86,7.459507942199707,False,0.846199998704833
transfusion-retrieval-v2,sha256:5fc6a9a0d5ff5721954fad8f2855c204301e59ef0b28a91d8d9bdbaf48cb659b,4,bm25,TF006,temporal,True,True,10,1,63b53156-440d-40c1-bc88-5c07c23ae77f,14.478358268737793,True,0.846199998704833
transfusion-retrieval-v2,sha256:5fc6a9a0d5ff5721954fad8f2855c204301e59ef0b28a91d8d9bdbaf48cb659b,4,bm25,TF006,temporal,True,True,10,2,71d2e37c-44e2-4972-8e6b-a6449c2f8404,10.167869567871094,True,0.846199998704833
transfusion-retrieval-v2,sha256:5fc6a9a0d5ff5721954fad8f2855c204301e59ef0b28a91d8d9bdbaf48cb659b,4,bm25,TF006,temporal,True,True,10,3,ffcf7308-6e83-47bc-a519-0b4b7ba44562,9.29672908782959,False,0.846199998704833
transfusion-retrieval-v2,sha256:5fc6a9a0d5ff5721954fad8f2855c204301e59ef0b28a91d8d9bdbaf48cb659b,4,bm25,TF006,temporal,True,True,10,4,3ecc27b9-634c-4026-b44e-e01123aa0467,7.5415730476379395,False,0.846199998704833
transfusion-retrieval-v2,sha256:5fc6a9a0d5ff5721954fad8f2855c204301e59ef0b28a91d8d9bdbaf48cb659b,4,bm25,TF006,temporal,True,True,10,5,1033ac46-dec8-493e-b577-7f5ad80f8e86,7.459507942199707,False,0.846199998704833
transfusion-retrieval-v2,sha256:5fc6a9a0d5ff5721954fad8f2855c204301e59ef0b28a91d8d9bdbaf48cb659b,4,bm25,TF006,temporal,True,True,10,6,09f3c6d5-9e0c-4545-960f-b16c69abbeb1,7.369271278381348,False,0.846199998704833
transfusion-retrieval-v2,sha256:5fc6a9a0d5ff5721954fad8f2855c204301e59ef0b28a91d8d9bdbaf48cb659b,4,bm25,TF006,temporal,True,True,10,7,4d18d11e-2a92-4690-8a64-46653931483e,6.227200508117676,False,0.846199998704833
transfusion-retrieval-v2,sha256:5fc6a9a0d5ff5721954fad8f2855c204301e59ef0b28a91d8d9bdbaf48cb659b,4,bm25,TF006,temporal,True,True,10,8,81a83ec4-b5d1-4305-9f44-93e5fa935ffe,5.167898654937744,False,0.846199998704833
transfusion-retrieval-v2,sha256:5fc6a9a0d5ff5721954fad8f2855c204301e59ef0b28a91d8d9bdbaf48cb659b,4,bm25,TF006,temporal,True,True,10,9,1b376f6f-5ee5-4d05-a585-f3aa6b7ee824,4.722105503082275,False,0.846199998704833
transfusion-retrieval-v2,sha256:5fc6a9a0d5ff5721954fad8f2855c204301e59ef0b28a91d8d9bdbaf48cb659b,4,bm25,TF006,temporal,True,True,10,10,23c6ca0d-04bf-4081-b90a-9819029dcd73,4.544641017913818,False,0.846199998704833
transfusion-retrieval-v2,sha256:5fc6a9a0d5ff5721954fad8f2855c204301e59ef0b28a91d8d9bdbaf48cb659b,4,bm25,TF007,temporal,True,True,1,1,5de4d74d-720e-4d86-a836-f946d70a2d32,7.858088493347168,False,0.8536000004824018
transfusion-retrieval-v2,sha256:5fc6a9a0d5ff5721954fad8f2855c204301e59ef0b28a91d8d9bdbaf48cb659b,4,bm25,TF007,temporal,True,True,3,1,5de4d74d-720e-4d86-a836-f946d70a2d32,7.858088493347168,False,0.8536000004824018
transfusion-retrieval-v2,sha256:5fc6a9a0d5ff5721954fad8f2855c204301e59ef0b28a91d8d9bdbaf48cb659b,4,bm25,TF007,temporal,True,True,3,2,71d2e37c-44e2-4972-8e6b-a6449c2f8404,6.282154083251953,False,0.8536000004824018
transfusion-retrieval-v2,sha256:5fc6a9a0d5ff5721954fad8f2855c204301e59ef0b28a91d8d9bdbaf48cb659b,4,bm25,TF007,temporal,True,True,3,3,c404e320-0bf2-4325-be92-7a0614f201ca,5.21891450881958,False,0.8536000004824018
transfusion-retrieval-v2,sha256:5fc6a9a0d5ff5721954fad8f2855c204301e59ef0b28a91d8d9bdbaf48cb659b,4,bm25,TF007,temporal,True,True,5,1,5de4d74d-720e-4d86-a836-f946d70a2d32,7.858088493347168,False,0.8536000004824018
transfusion-retrieval-v2,sha256:5fc6a9a0d5ff5721954fad8f2855c204301e59ef0b28a91d8d9bdbaf48cb659b,4,bm25,TF007,temporal,True,True,5,2,71d2e37c-44e2-4972-8e6b-a6449c2f8404,6.282154083251953,False,0.8536000004824018
transfusion-retrieval-v2,sha256:5fc6a9a0d5ff5721954fad8f2855c204301e59ef0b28a91d8d9bdbaf48cb659b,4,bm25,TF007,temporal,True,True,5,3,c404e320-0bf2-4325-be92-7a0614f201ca,5.21891450881958,False,0.8536000004824018
transfusion-retrieval-v2,sha256:5fc6a9a0d5ff5721954fad8f2855c204301e59ef0b28a91d8d9bdbaf48cb659b,4,bm25,TF007,temporal,True,True,5,4,ffcf7308-6e83-47bc-a519-0b4b7ba44562,5.140227794647217,False,0.8536000004824018
transfusion-retrieval-v2,sha256:5fc6a9a0d5ff5721954fad8f2855c204301e59ef0b28a91d8d9bdbaf48cb659b,4,bm25,TF007,temporal,True,True,5,5,8259ed27-8646-4502-a959-aab1e9f1770f,4.400979995727539,False,0.8536000004824018
transfusion-retrieval-v2,sha256:5fc6a9a0d5ff5721954fad8f2855c204301e59ef0b28a91d8d9bdbaf48cb659b,4,bm25,TF007,temporal,True,True,10,1,5de4d74d-720e-4d86-a836-f946d70a2d32,7.858088493347168,False,0.8536000004824018
transfusion-retrieval-v2,sha256:5fc6a9a0d5ff5721954fad8f2855c204301e59ef0b28a91d8d9bdbaf48cb659b,4,bm25,TF007,temporal,True,True,10,2,71d2e37c-44e2-4972-8e6b-a6449c2f8404,6.282154083251953,False,0.8536000004824018
transfusion-retrieval-v2,sha256:5fc6a9a0d5ff5721954fad8f2855c204301e59ef0b28a91d8d9bdbaf48cb659b,4,bm25,TF007,temporal,True,True,10,3,c404e320-0bf2-4325-be92-7a0614f201ca,5.21891450881958,False,0.8536000004824018
transfusion-retrieval-v2,sha256:5fc6a9a0d5ff5721954fad8f2855c204301e59ef0b28a91d8d9bdbaf48cb659b,4,bm25,TF007,temporal,True,True,10,4,ffcf7308-6e83-47bc-a519-0b4b7ba44562,5.140227794647217,False,0.8536000004824018
transfusion-retrieval-v2,sha256:5fc6a9a0d5ff5721954fad8f2855c204301e59ef0b28a91d8d9bdbaf48cb659b,4,bm25,TF007,temporal,True,True,10,5,8259ed27-8646-4502-a959-aab1e9f1770f,4.400979995727539,False,0.8536000004824018
transfusion-retrieval-v2,sha256:5fc6a9a0d5ff5721954fad8f2855c204301e59ef0b28a91d8d9bdbaf48cb659b,4,bm25,TF007,temporal,True,True,10,6,15e829a9-a475-429d-b0e3-5c34bfbd3ab7,3.977898597717285,False,0.8536000004824018
transfusion-retrieval-v2,sha256:5fc6a9a0d5ff5721954fad8f2855c204301e59ef0b28a91d8d9bdbaf48cb659b,4,bm25,TF007,temporal,True,True,10,7,f4580736-a09e-471f-93d2-8089c695eb67,3.7442660331726074,False,0.8536000004824018
transfusion-retrieval-v2,sha256:5fc6a9a0d5ff5721954fad8f2855c204301e59ef0b28a91d8d9bdbaf48cb659b,4,bm25,TF007,temporal,True,True,10,8,b10b8f1c-ed17-44ca-8d7c-1a4f19a12c67,3.6728756427764893,False,0.8536000004824018
transfusion-retrieval-v2,sha256:5fc6a9a0d5ff5721954fad8f2855c204301e59ef0b28a91d8d9bdbaf48cb659b,4,bm25,TF007,temporal,True,True,10,9,b66e5419-8a9c-47f4-866d-ebdb95b174b2,2.1072566509246826,False,0.8536000004824018
transfusion-retrieval-v2,sha256:5fc6a9a0d5ff5721954fad8f2855c204301e59ef0b28a91d8d9bdbaf48cb659b,4,bm25,TF007,temporal,True,True,10,10,0a4f11c7-39e8-41fe-bd14-48456671f531,1.4438905715942383,False,0.8536000004824018
transfusion-retrieval-v2,sha256:5fc6a9a0d5ff5721954fad8f2855c204301e59ef0b28a91d8d9bdbaf48cb659b,4,bm25,TF008,product_specific,True,False,1,1,9131e9a9-eff3-4f4e-a20b-4bdd456c35bc,6.0372209548950195,False,0.693199999659555
transfusion-retrieval-v2,sha256:5fc6a9a0d5ff5721954fad8f2855c204301e59ef0b28a91d8d9bdbaf48cb659b,4,bm25,TF008,product_specific,True,False,3,1,9131e9a9-eff3-4f4e-a20b-4bdd456c35bc,6.0372209548950195,False,0.693199999659555
transfusion-retrieval-v2,sha256:5fc6a9a0d5ff5721954fad8f2855c204301e59ef0b28a91d8d9bdbaf48cb659b,4,bm25,TF008,product_specific,True,False,3,2,e96acbc9-66b4-4df4-953b-3f7b0a846bbc,5.671143531799316,True,0.693199999659555
transfusion-retrieval-v2,sha256:5fc6a9a0d5ff5721954fad8f2855c204301e59ef0b28a91d8d9bdbaf48cb659b,4,bm25,TF008,product_specific,True,False,3,3,d4c1a9ca-23c5-4ae0-9a51-c56675b2e6d1,5.000271320343018,False,0.693199999659555
transfusion-retrieval-v2,sha256:5fc6a9a0d5ff5721954fad8f2855c204301e59ef0b28a91d8d9bdbaf48cb659b,4,bm25,TF008,product_specific,True,False,5,1,9131e9a9-eff3-4f4e-a20b-4bdd456c35bc,6.0372209548950195,False,0.693199999659555
transfusion-retrieval-v2,sha256:5fc6a9a0d5ff5721954fad8f2855c204301e59ef0b28a91d8d9bdbaf48cb659b,4,bm25,TF008,product_specific,True,False,5,2,e96acbc9-66b4-4df4-953b-3f7b0a846bbc,5.671143531799316,True,0.693199999659555
transfusion-retrieval-v2,sha256:5fc6a9a0d5ff5721954fad8f2855c204301e59ef0b28a91d8d9bdbaf48cb659b,4,bm25,TF008,product_specific,True,False,5,3,d4c1a9ca-23c5-4ae0-9a51-c56675b2e6d1,5.000271320343018,False,0.693199999659555
transfusion-retrieval-v2,sha256:5fc6a9a0d5ff5721954fad8f2855c204301e59ef0b28a91d8d9bdbaf48cb659b,4,bm25,TF008,product_specific,True,False,5,4,54fdf811-dedd-4016-b144-3e4bfdcd67c8,4.9512457847595215,False,0.693199999659555
transfusion-retrieval-v2,sha256:5fc6a9a0d5ff5721954fad8f2855c204301e59ef0b28a91d8d9bdbaf48cb659b,4,bm25,TF008,product_specific,True,False,5,5,4d18d11e-2a92-4690-8a64-46653931483e,3.196270704269409,False,0.693199999659555
transfusion-retrieval-v2,sha256:5fc6a9a0d5ff5721954fad8f2855c204301e59ef0b28a91d8d9bdbaf48cb659b,4,bm25,TF008,product_specific,True,False,10,1,9131e9a9-eff3-4f4e-a20b-4bdd456c35bc,6.0372209548950195,False,0.693199999659555
transfusion-retrieval-v2,sha256:5fc6a9a0d5ff5721954fad8f2855c204301e59ef0b28a91d8d9bdbaf48cb659b,4,bm25,TF008,product_specific,True,False,10,2,e96acbc9-66b4-4df4-953b-3f7b0a846bbc,5.671143531799316,True,0.693199999659555
transfusion-retrieval-v2,sha256:5fc6a9a0d5ff5721954fad8f2855c204301e59ef0b28a91d8d9bdbaf48cb659b,4,bm25,TF008,product_specific,True,False,10,3,d4c1a9ca-23c5-4ae0-9a51-c56675b2e6d1,5.000271320343018,False,0.693199999659555
transfusion-retrieval-v2,sha256:5fc6a9a0d5ff5721954fad8f2855c204301e59ef0b28a91d8d9bdbaf48cb659b,4,bm25,TF008,product_specific,True,False,10,4,54fdf811-dedd-4016-b144-3e4bfdcd67c8,4.9512457847595215,False,0.693199999659555
transfusion-retrieval-v2,sha256:5fc6a9a0d5ff5721954fad8f2855c204301e59ef0b28a91d8d9bdbaf48cb659b,4,bm25,TF008,product_specific,True,False,10,5,4d18d11e-2a92-4690-8a64-46653931483e,3.196270704269409,False,0.693199999659555
transfusion-retrieval-v2,sha256:5fc6a9a0d5ff5721954fad8f2855c204301e59ef0b28a91d8d9bdbaf48cb659b,4,bm25,TF008,product_specific,True,False,10,6,3abbb958-eafe-4ffe-bcfc-dafa7349c15c,3.0214383602142334,False,0.693199999659555
transfusion-retrieval-v2,sha256:5fc6a9a0d5ff5721954fad8f2855c204301e59ef0b28a91d8d9bdbaf48cb659b,4,bm25,TF008,product_specific,True,False,10,7,81a83ec4-b5d1-4305-9f44-93e5fa935ffe,2.912224054336548,False,0.693199999659555
transfusion-retrieval-v2,sha256:5fc6a9a0d5ff5721954fad8f2855c204301e59ef0b28a91d8d9bdbaf48cb659b,4,bm25,TF008,product_specific,True,False,10,8,1b376f6f-5ee5-4d05-a585-f3aa6b7ee824,2.638962745666504,False,0.693199999659555
transfusion-retrieval-v2,sha256:5fc6a9a0d5ff5721954fad8f2855c204301e59ef0b28a91d8d9bdbaf48cb659b,4,bm25,TF008,product_specific,True,False,10,9,b7876bcb-b1d0-409a-831d-45e59e35a44e,2.5731148719787598,False,0.693199999659555
transfusion-retrieval-v2,sha256:5fc6a9a0d5ff5721954fad8f2855c204301e59ef0b28a91d8d9bdbaf48cb659b,4,bm25,TF008,product_specific,True,False,10,10,23c6ca0d-04bf-4081-b90a-9819029dcd73,2.5310120582580566,False,0.693199999659555
transfusion-retrieval-v2,sha256:5fc6a9a0d5ff5721954fad8f2855c204301e59ef0b28a91d8d9bdbaf48cb659b,4,bm25,TF009,product_specific,True,False,1,1,9131e9a9-eff3-4f4e-a20b-4bdd456c35bc,8.340328216552734,False,2.5439000000915257
transfusion-retrieval-v2,sha256:5fc6a9a0d5ff5721954fad8f2855c204301e59ef0b28a91d8d9bdbaf48cb659b,4,bm25,TF009,product_specific,True,False,3,1,9131e9a9-eff3-4f4e-a20b-4bdd456c35bc,8.340328216552734,False,2.5439000000915257
transfusion-retrieval-v2,sha256:5fc6a9a0d5ff5721954fad8f2855c204301e59ef0b28a91d8d9bdbaf48cb659b,4,bm25,TF009,product_specific,True,False,3,2,d4c1a9ca-23c5-4ae0-9a51-c56675b2e6d1,5.195580005645752,True,2.5439000000915257
transfusion-retrieval-v2,sha256:5fc6a9a0d5ff5721954fad8f2855c204301e59ef0b28a91d8d9bdbaf48cb659b,4,bm25,TF009,product_specific,True,False,3,3,fbf62ef9-25b7-437c-98d8-c4934fba0fe6,4.584576606750488,False,2.5439000000915257
transfusion-retrieval-v2,sha256:5fc6a9a0d5ff5721954fad8f2855c204301e59ef0b28a91d8d9bdbaf48cb659b,4,bm25,TF009,product_specific,True,False,5,1,9131e9a9-eff3-4f4e-a20b-4bdd456c35bc,8.340328216552734,False,2.5439000000915257
transfusion-retrieval-v2,sha256:5fc6a9a0d5ff5721954fad8f2855c204301e59ef0b28a91d8d9bdbaf48cb659b,4,bm25,TF009,product_specific,True,False,5,2,d4c1a9ca-23c5-4ae0-9a51-c56675b2e6d1,5.195580005645752,True,2.5439000000915257
transfusion-retrieval-v2,sha256:5fc6a9a0d5ff5721954fad8f2855c204301e59ef0b28a91d8d9bdbaf48cb659b,4,bm25,TF009,product_specific,True,False,5,3,fbf62ef9-25b7-437c-98d8-c4934fba0fe6,4.584576606750488,False,2.5439000000915257
transfusion-retrieval-v2,sha256:5fc6a9a0d5ff5721954fad8f2855c204301e59ef0b28a91d8d9bdbaf48cb659b,4,bm25,TF009,product_specific,True,False,5,4,e96acbc9-66b4-4df4-953b-3f7b0a846bbc,4.372694492340088,False,2.5439000000915257
transfusion-retrieval-v2,sha256:5fc6a9a0d5ff5721954fad8f2855c204301e59ef0b28a91d8d9bdbaf48cb659b,4,bm25,TF009,product_specific,True,False,5,5,2cea4ea7-7aaf-4c54-ac4e-b660de52065d,4.310486316680908,False,2.5439000000915257
transfusion-retrieval-v2,sha256:5fc6a9a0d5ff5721954fad8f2855c204301e59ef0b28a91d8d9bdbaf48cb659b,4,bm25,TF009,product_specific,True,False,10,1,9131e9a9-eff3-4f4e-a20b-4bdd456c35bc,8.340328216552734,False,2.5439000000915257
transfusion-retrieval-v2,sha256:5fc6a9a0d5ff5721954fad8f2855c204301e59ef0b28a91d8d9bdbaf48cb659b,4,bm25,TF009,product_specific,True,False,10,2,d4c1a9ca-23c5-4ae0-9a51-c56675b2e6d1,5.195580005645752,True,2.5439000000915257
transfusion-retrieval-v2,sha256:5fc6a9a0d5ff5721954fad8f2855c204301e59ef0b28a91d8d9bdbaf48cb659b,4,bm25,TF009,product_specific,True,False,10,3,fbf62ef9-25b7-437c-98d8-c4934fba0fe6,4.584576606750488,False,2.5439000000915257
transfusion-retrieval-v2,sha256:5fc6a9a0d5ff5721954fad8f2855c204301e59ef0b28a91d8d9bdbaf48cb659b,4,bm25,TF009,product_specific,True,False,10,4,e96acbc9-66b4-4df4-953b-3f7b0a846bbc,4.372694492340088,False,2.5439000000915257
transfusion-retrieval-v2,sha256:5fc6a9a0d5ff5721954fad8f2855c204301e59ef0b28a91d8d9bdbaf48cb659b,4,bm25,TF009,product_specific,True,False,10,5,2cea4ea7-7aaf-4c54-ac4e-b660de52065d,4.310486316680908,False,2.5439000000915257
transfusion-retrieval-v2,sha256:5fc6a9a0d5ff5721954fad8f2855c204301e59ef0b28a91d8d9bdbaf48cb659b,4,bm25,TF009,product_specific,True,False,10,6,3abbb958-eafe-4ffe-bcfc-dafa7349c15c,4.2608842849731445,False,2.5439000000915257
transfusion-retrieval-v2,sha256:5fc6a9a0d5ff5721954fad8f2855c204301e59ef0b28a91d8d9bdbaf48cb659b,4,bm25,TF009,product_specific,True,False,10,7,b66e5419-8a9c-47f4-866d-ebdb95b174b2,4.247298717498779,False,2.5439000000915257
transfusion-retrieval-v2,sha256:5fc6a9a0d5ff5721954fad8f2855c204301e59ef0b28a91d8d9bdbaf48cb659b,4,bm25,TF009,product_specific,True,False,10,8,e62b0c91-ff0c-43b2-9bd5-ff173d9f8bc0,4.0696516036987305,False,2.5439000000915257
transfusion-retrieval-v2,sha256:5fc6a9a0d5ff5721954fad8f2855c204301e59ef0b28a91d8d9bdbaf48cb659b,4,bm25,TF009,product_specific,True,False,10,9,4c0dde2a-0432-4cb2-ad33-987f5979ff76,3.84786319732666,False,2.5439000000915257
transfusion-retrieval-v2,sha256:5fc6a9a0d5ff5721954fad8f2855c204301e59ef0b28a91d8d9bdbaf48cb659b,4,bm25,TF009,product_specific,True,False,10,10,dfb2693a-e821-4d6e-bbcc-0dbf3dc2a2ae,3.7838845252990723,False,2.5439000000915257
transfusion-retrieval-v2,sha256:5fc6a9a0d5ff5721954fad8f2855c204301e59ef0b28a91d8d9bdbaf48cb659b,4,bm25,TF010,product_specific,True,False,1,1,54fdf811-dedd-4016-b144-3e4bfdcd67c8,9.561456680297852,True,0.7003999999142252
transfusion-retrieval-v2,sha256:5fc6a9a0d5ff5721954fad8f2855c204301e59ef0b28a91d8d9bdbaf48cb659b,4,bm25,TF010,product_specific,True,False,3,1,54fdf811-dedd-4016-b144-3e4bfdcd67c8,9.561456680297852,True,0.7003999999142252
transfusion-retrieval-v2,sha256:5fc6a9a0d5ff5721954fad8f2855c204301e59ef0b28a91d8d9bdbaf48cb659b,4,bm25,TF010,product_specific,True,False,3,2,d4c1a9ca-23c5-4ae0-9a51-c56675b2e6d1,9.034183502197266,False,0.7003999999142252
transfusion-retrieval-v2,sha256:5fc6a9a0d5ff5721954fad8f2855c204301e59ef0b28a91d8d9bdbaf48cb659b,4,bm25,TF010,product_specific,True,False,3,3,9131e9a9-eff3-4f4e-a20b-4bdd456c35bc,7.51022481918335,True,0.7003999999142252
transfusion-retrieval-v2,sha256:5fc6a9a0d5ff5721954fad8f2855c204301e59ef0b28a91d8d9bdbaf48cb659b,4,bm25,TF010,product_specific,True,False,5,1,54fdf811-dedd-4016-b144-3e4bfdcd67c8,9.561456680297852,True,0.7003999999142252
transfusion-retrieval-v2,sha256:5fc6a9a0d5ff5721954fad8f2855c204301e59ef0b28a91d8d9bdbaf48cb659b,4,bm25,TF010,product_specific,True,False,5,2,d4c1a9ca-23c5-4ae0-9a51-c56675b2e6d1,9.034183502197266,False,0.7003999999142252
transfusion-retrieval-v2,sha256:5fc6a9a0d5ff5721954fad8f2855c204301e59ef0b28a91d8d9bdbaf48cb659b,4,bm25,TF010,product_specific,True,False,5,3,9131e9a9-eff3-4f4e-a20b-4bdd456c35bc,7.51022481918335,True,0.7003999999142252
transfusion-retrieval-v2,sha256:5fc6a9a0d5ff5721954fad8f2855c204301e59ef0b28a91d8d9bdbaf48cb659b,4,bm25,TF010,product_specific,True,False,5,4,e96acbc9-66b4-4df4-953b-3f7b0a846bbc,4.620869159698486,False,0.7003999999142252
transfusion-retrieval-v2,sha256:5fc6a9a0d5ff5721954fad8f2855c204301e59ef0b28a91d8d9bdbaf48cb659b,4,bm25,TF010,product_specific,True,False,5,5,df699ccc-6f51-4281-b4a4-f3d2a20631e0,4.1182122230529785,False,0.7003999999142252
transfusion-retrieval-v2,sha256:5fc6a9a0d5ff5721954fad8f2855c204301e59ef0b28a91d8d9bdbaf48cb659b,4,bm25,TF010,product_specific,True,False,10,1,54fdf811-dedd-4016-b144-3e4bfdcd67c8,9.561456680297852,True,0.7003999999142252
transfusion-retrieval-v2,sha256:5fc6a9a0d5ff5721954fad8f2855c204301e59ef0b28a91d8d9bdbaf48cb659b,4,bm25,TF010,product_specific,True,False,10,2,d4c1a9ca-23c5-4ae0-9a51-c56675b2e6d1,9.034183502197266,False,0.7003999999142252
transfusion-retrieval-v2,sha256:5fc6a9a0d5ff5721954fad8f2855c204301e59ef0b28a91d8d9bdbaf48cb659b,4,bm25,TF010,product_specific,True,False,10,3,9131e9a9-eff3-4f4e-a20b-4bdd456c35bc,7.51022481918335,True,0.7003999999142252
transfusion-retrieval-v2,sha256:5fc6a9a0d5ff5721954fad8f2855c204301e59ef0b28a91d8d9bdbaf48cb659b,4,bm25,TF010,product_specific,True,False,10,4,e96acbc9-66b4-4df4-953b-3f7b0a846bbc,4.620869159698486,False,0.7003999999142252
transfusion-retrieval-v2,sha256:5fc6a9a0d5ff5721954fad8f2855c204301e59ef0b28a91d8d9bdbaf48cb659b,4,bm25,TF010,product_specific,True,False,10,5,df699ccc-6f51-4281-b4a4-f3d2a20631e0,4.1182122230529785,False,0.7003999999142252
transfusion-retrieval-v2,sha256:5fc6a9a0d5ff5721954fad8f2855c204301e59ef0b28a91d8d9bdbaf48cb659b,4,bm25,TF010,product_specific,True,False,10,6,3abbb958-eafe-4ffe-bcfc-dafa7349c15c,3.0214383602142334,False,0.7003999999142252
transfusion-retrieval-v2,sha256:5fc6a9a0d5ff5721954fad8f2855c204301e59ef0b28a91d8d9bdbaf48cb659b,4,bm25,TF010,product_specific,True,False,10,7,919e93ca-fed9-4dde-b9b8-f870e207a3f3,1.8727848529815674,False,0.7003999999142252
transfusion-retrieval-v2,sha256:5fc6a9a0d5ff5721954fad8f2855c204301e59ef0b28a91d8d9bdbaf48cb659b,4,bm25,TF010,product_specific,True,False,10,8,fb4884e3-8fea-42fa-b996-7e9c333e7fef,0.0,False,0.7003999999142252
transfusion-retrieval-v2,sha256:5fc6a9a0d5ff5721954fad8f2855c204301e59ef0b28a91d8d9bdbaf48cb659b,4,bm25,TF010,product_specific,True,False,10,9,761b9529-5b18-4262-8174-6062c35fb31c,0.0,False,0.7003999999142252
transfusion-retrieval-v2,sha256:5fc6a9a0d5ff5721954fad8f2855c204301e59ef0b28a91d8d9bdbaf48cb659b,4,bm25,TF010,product_specific,True,False,10,10,c78ff32d-ea17-41fd-98ef-2e8872f01df3,0.0,False,0.7003999999142252
transfusion-retrieval-v2,sha256:5fc6a9a0d5ff5721954fad8f2855c204301e59ef0b28a91d8d9bdbaf48cb659b,4,bm25,TF011,paraphrase,True,False,1,1,9131e9a9-eff3-4f4e-a20b-4bdd456c35bc,7.8806376457214355,False,0.8220999989134725
transfusion-retrieval-v2,sha256:5fc6a9a0d5ff5721954fad8f2855c204301e59ef0b28a91d8d9bdbaf48cb659b,4,bm25,TF011,paraphrase,True,False,3,1,9131e9a9-eff3-4f4e-a20b-4bdd456c35bc,7.8806376457214355,False,0.8220999989134725
transfusion-retrieval-v2,sha256:5fc6a9a0d5ff5721954fad8f2855c204301e59ef0b28a91d8d9bdbaf48cb659b,4,bm25,TF011,paraphrase,True,False,3,2,d4c1a9ca-23c5-4ae0-9a51-c56675b2e6d1,5.195580005645752,False,0.8220999989134725
transfusion-retrieval-v2,sha256:5fc6a9a0d5ff5721954fad8f2855c204301e59ef0b28a91d8d9bdbaf48cb659b,4,bm25,TF011,paraphrase,True,False,3,3,2cea4ea7-7aaf-4c54-ac4e-b660de52065d,5.0165181159973145,False,0.8220999989134725
transfusion-retrieval-v2,sha256:5fc6a9a0d5ff5721954fad8f2855c204301e59ef0b28a91d8d9bdbaf48cb659b,4,bm25,TF011,paraphrase,True,False,5,1,9131e9a9-eff3-4f4e-a20b-4bdd456c35bc,7.8806376457214355,False,0.8220999989134725
transfusion-retrieval-v2,sha256:5fc6a9a0d5ff5721954fad8f2855c204301e59ef0b28a91d8d9bdbaf48cb659b,4,bm25,TF011,paraphrase,True,False,5,2,d4c1a9ca-23c5-4ae0-9a51-c56675b2e6d1,5.195580005645752,False,0.8220999989134725
transfusion-retrieval-v2,sha256:5fc6a9a0d5ff5721954fad8f2855c204301e59ef0b28a91d8d9bdbaf48cb659b,4,bm25,TF011,paraphrase,True,False,5,3,2cea4ea7-7aaf-4c54-ac4e-b660de52065d,5.0165181159973145,False,0.8220999989134725
transfusion-retrieval-v2,sha256:5fc6a9a0d5ff5721954fad8f2855c204301e59ef0b28a91d8d9bdbaf48cb659b,4,bm25,TF011,paraphrase,True,False,5,4,fbf62ef9-25b7-437c-98d8-c4934fba0fe6,4.652316093444824,False,0.8220999989134725
transfusion-retrieval-v2,sha256:5fc6a9a0d5ff5721954fad8f2855c204301e59ef0b28a91d8d9bdbaf48cb659b,4,bm25,TF011,paraphrase,True,False,5,5,e96acbc9-66b4-4df4-953b-3f7b0a846bbc,4.372694969177246,False,0.8220999989134725
transfusion-retrieval-v2,sha256:5fc6a9a0d5ff5721954fad8f2855c204301e59ef0b28a91d8d9bdbaf48cb659b,4,bm25,TF011,paraphrase,True,False,10,1,9131e9a9-eff3-4f4e-a20b-4bdd456c35bc,7.8806376457214355,False,0.8220999989134725
transfusion-retrieval-v2,sha256:5fc6a9a0d5ff5721954fad8f2855c204301e59ef0b28a91d8d9bdbaf48cb659b,4,bm25,TF011,paraphrase,True,False,10,2,d4c1a9ca-23c5-4ae0-9a51-c56675b2e6d1,5.195580005645752,False,0.8220999989134725
transfusion-retrieval-v2,sha256:5fc6a9a0d5ff5721954fad8f2855c204301e59ef0b28a91d8d9bdbaf48cb659b,4,bm25,TF011,paraphrase,True,False,10,3,2cea4ea7-7aaf-4c54-ac4e-b660de52065d,5.0165181159973145,False,0.8220999989134725
transfusion-retrieval-v2,sha256:5fc6a9a0d5ff5721954fad8f2855c204301e59ef0b28a91d8d9bdbaf48cb659b,4,bm25,TF011,paraphrase,True,False,10,4,fbf62ef9-25b7-437c-98d8-c4934fba0fe6,4.652316093444824,False,0.8220999989134725
transfusion-retrieval-v2,sha256:5fc6a9a0d5ff5721954fad8f2855c204301e59ef0b28a91d8d9bdbaf48cb659b,4,bm25,TF011,paraphrase,True,False,10,5,e96acbc9-66b4-4df4-953b-3f7b0a846bbc,4.372694969177246,False,0.8220999989134725
transfusion-retrieval-v2,sha256:5fc6a9a0d5ff5721954fad8f2855c204301e59ef0b28a91d8d9bdbaf48cb659b,4,bm25,TF011,paraphrase,True,False,10,6,d3b7d61b-50f0-4b96-a770-785a9f3c3886,4.369418144226074,False,0.8220999989134725
transfusion-retrieval-v2,sha256:5fc6a9a0d5ff5721954fad8f2855c204301e59ef0b28a91d8d9bdbaf48cb659b,4,bm25,TF011,paraphrase,True,False,10,7,dfb2693a-e821-4d6e-bbcc-0dbf3dc2a2ae,4.246716022491455,False,0.8220999989134725
transfusion-retrieval-v2,sha256:5fc6a9a0d5ff5721954fad8f2855c204301e59ef0b28a91d8d9bdbaf48cb659b,4,bm25,TF011,paraphrase,True,False,10,8,e62b0c91-ff0c-43b2-9bd5-ff173d9f8bc0,4.069652080535889,False,0.8220999989134725
transfusion-retrieval-v2,sha256:5fc6a9a0d5ff5721954fad8f2855c204301e59ef0b28a91d8d9bdbaf48cb659b,4,bm25,TF011,paraphrase,True,False,10,9,4c0dde2a-0432-4cb2-ad33-987f5979ff76,3.84786319732666,False,0.8220999989134725
transfusion-retrieval-v2,sha256:5fc6a9a0d5ff5721954fad8f2855c204301e59ef0b28a91d8d9bdbaf48cb659b,4,bm25,TF011,paraphrase,True,False,10,10,b66e5419-8a9c-47f4-866d-ebdb95b174b2,3.783297300338745,False,0.8220999989134725
transfusion-retrieval-v2,sha256:5fc6a9a0d5ff5721954fad8f2855c204301e59ef0b28a91d8d9bdbaf48cb659b,4,bm25,TF012,product_specific,True,False,1,1,2cea4ea7-7aaf-4c54-ac4e-b660de52065d,10.292104721069336,False,0.7884999995440012
transfusion-retrieval-v2,sha256:5fc6a9a0d5ff5721954fad8f2855c204301e59ef0b28a91d8d9bdbaf48cb659b,4,bm25,TF012,product_specific,True,False,3,1,2cea4ea7-7aaf-4c54-ac4e-b660de52065d,10.292104721069336,False,0.7884999995440012
transfusion-retrieval-v2,sha256:5fc6a9a0d5ff5721954fad8f2855c204301e59ef0b28a91d8d9bdbaf48cb659b,4,bm25,TF012,product_specific,True,False,3,2,bc88f538-e881-4c81-85e9-fca20614315d,8.613430976867676,True,0.7884999995440012
transfusion-retrieval-v2,sha256:5fc6a9a0d5ff5721954fad8f2855c204301e59ef0b28a91d8d9bdbaf48cb659b,4,bm25,TF012,product_specific,True,False,3,3,21efe016-3004-45f3-a070-29ce2ecb0019,8.397099494934082,False,0.7884999995440012
transfusion-retrieval-v2,sha256:5fc6a9a0d5ff5721954fad8f2855c204301e59ef0b28a91d8d9bdbaf48cb659b,4,bm25,TF012,product_specific,True,False,5,1,2cea4ea7-7aaf-4c54-ac4e-b660de52065d,10.292104721069336,False,0.7884999995440012
transfusion-retrieval-v2,sha256:5fc6a9a0d5ff5721954fad8f2855c204301e59ef0b28a91d8d9bdbaf48cb659b,4,bm25,TF012,product_specific,True,False,5,2,bc88f538-e881-4c81-85e9-fca20614315d,8.613430976867676,True,0.7884999995440012
transfusion-retrieval-v2,sha256:5fc6a9a0d5ff5721954fad8f2855c204301e59ef0b28a91d8d9bdbaf48cb659b,4,bm25,TF012,product_specific,True,False,5,3,21efe016-3004-45f3-a070-29ce2ecb0019,8.397099494934082,False,0.7884999995440012
transfusion-retrieval-v2,sha256:5fc6a9a0d5ff5721954fad8f2855c204301e59ef0b28a91d8d9bdbaf48cb659b,4,bm25,TF012,product_specific,True,False,5,4,9b6cc313-9a59-4387-a5ce-2ed14389a0a7,7.5611443519592285,False,0.7884999995440012
transfusion-retrieval-v2,sha256:5fc6a9a0d5ff5721954fad8f2855c204301e59ef0b28a91d8d9bdbaf48cb659b,4,bm25,TF012,product_specific,True,False,5,5,5de4d74d-720e-4d86-a836-f946d70a2d32,7.242743015289307,False,0.7884999995440012
transfusion-retrieval-v2,sha256:5fc6a9a0d5ff5721954fad8f2855c204301e59ef0b28a91d8d9bdbaf48cb659b,4,bm25,TF012,product_specific,True,False,10,1,2cea4ea7-7aaf-4c54-ac4e-b660de52065d,10.292104721069336,False,0.7884999995440012
transfusion-retrieval-v2,sha256:5fc6a9a0d5ff5721954fad8f2855c204301e59ef0b28a91d8d9bdbaf48cb659b,4,bm25,TF012,product_specific,True,False,10,2,bc88f538-e881-4c81-85e9-fca20614315d,8.613430976867676,True,0.7884999995440012
transfusion-retrieval-v2,sha256:5fc6a9a0d5ff5721954fad8f2855c204301e59ef0b28a91d8d9bdbaf48cb659b,4,bm25,TF012,product_specific,True,False,10,3,21efe016-3004-45f3-a070-29ce2ecb0019,8.397099494934082,False,0.7884999995440012
transfusion-retrieval-v2,sha256:5fc6a9a0d5ff5721954fad8f2855c204301e59ef0b28a91d8d9bdbaf48cb659b,4,bm25,TF012,product_specific,True,False,10,4,9b6cc313-9a59-4387-a5ce-2ed14389a0a7,7.5611443519592285,False,0.7884999995440012
transfusion-retrieval-v2,sha256:5fc6a9a0d5ff5721954fad8f2855c204301e59ef0b28a91d8d9bdbaf48cb659b,4,bm25,TF012,product_specific,True,False,10,5,5de4d74d-720e-4d86-a836-f946d70a2d32,7.242743015289307,False,0.7884999995440012
transfusion-retrieval-v2,sha256:5fc6a9a0d5ff5721954fad8f2855c204301e59ef0b28a91d8d9bdbaf48cb659b,4,bm25,TF012,product_specific,True,False,10,6,b66e5419-8a9c-47f4-866d-ebdb95b174b2,6.799587249755859,False,0.7884999995440012
transfusion-retrieval-v2,sha256:5fc6a9a0d5ff5721954fad8f2855c204301e59ef0b28a91d8d9bdbaf48cb659b,4,bm25,TF012,product_specific,True,False,10,7,e62b0c91-ff0c-43b2-9bd5-ff173d9f8bc0,5.039976596832275,False,0.7884999995440012
transfusion-retrieval-v2,sha256:5fc6a9a0d5ff5721954fad8f2855c204301e59ef0b28a91d8d9bdbaf48cb659b,4,bm25,TF012,product_specific,True,False,10,8,23c6ca0d-04bf-4081-b90a-9819029dcd73,4.163450241088867,False,0.7884999995440012
transfusion-retrieval-v2,sha256:5fc6a9a0d5ff5721954fad8f2855c204301e59ef0b28a91d8d9bdbaf48cb659b,4,bm25,TF012,product_specific,True,False,10,9,4c0dde2a-0432-4cb2-ad33-987f5979ff76,3.1096293926239014,False,0.7884999995440012
transfusion-retrieval-v2,sha256:5fc6a9a0d5ff5721954fad8f2855c204301e59ef0b28a91d8d9bdbaf48cb659b,4,bm25,TF012,product_specific,True,False,10,10,73735f01-c9d0-4dd5-8d46-c70045e4b334,2.873859405517578,False,0.7884999995440012
transfusion-retrieval-v2,sha256:5fc6a9a0d5ff5721954fad8f2855c204301e59ef0b28a91d8d9bdbaf48cb659b,4,bm25,TF013,product_specific,True,False,1,1,2cea4ea7-7aaf-4c54-ac4e-b660de52065d,16.646203994750977,False,0.811500000054366
transfusion-retrieval-v2,sha256:5fc6a9a0d5ff5721954fad8f2855c204301e59ef0b28a91d8d9bdbaf48cb659b,4,bm25,TF013,product_specific,True,False,3,1,2cea4ea7-7aaf-4c54-ac4e-b660de52065d,16.646203994750977,False,0.811500000054366
transfusion-retrieval-v2,sha256:5fc6a9a0d5ff5721954fad8f2855c204301e59ef0b28a91d8d9bdbaf48cb659b,4,bm25,TF013,product_specific,True,False,3,2,21efe016-3004-45f3-a070-29ce2ecb0019,14.344086647033691,False,0.811500000054366
transfusion-retrieval-v2,sha256:5fc6a9a0d5ff5721954fad8f2855c204301e59ef0b28a91d8d9bdbaf48cb659b,4,bm25,TF013,product_specific,True,False,3,3,bc88f538-e881-4c81-85e9-fca20614315d,10.15517520904541,False,0.811500000054366
transfusion-retrieval-v2,sha256:5fc6a9a0d5ff5721954fad8f2855c204301e59ef0b28a91d8d9bdbaf48cb659b,4,bm25,TF013,product_specific,True,False,5,1,2cea4ea7-7aaf-4c54-ac4e-b660de52065d,16.646203994750977,False,0.811500000054366
transfusion-retrieval-v2,sha256:5fc6a9a0d5ff5721954fad8f2855c204301e59ef0b28a91d8d9bdbaf48cb659b,4,bm25,TF013,product_specific,True,False,5,2,21efe016-3004-45f3-a070-29ce2ecb0019,14.344086647033691,False,0.811500000054366
transfusion-retrieval-v2,sha256:5fc6a9a0d5ff5721954fad8f2855c204301e59ef0b28a91d8d9bdbaf48cb659b,4,bm25,TF013,product_specific,True,False,5,3,bc88f538-e881-4c81-85e9-fca20614315d,10.15517520904541,False,0.811500000054366
transfusion-retrieval-v2,sha256:5fc6a9a0d5ff5721954fad8f2855c204301e59ef0b28a91d8d9bdbaf48cb659b,4,bm25,TF013,product_specific,True,False,5,4,b66e5419-8a9c-47f4-866d-ebdb95b174b2,9.404410362243652,True,0.811500000054366
transfusion-retrieval-v2,sha256:5fc6a9a0d5ff5721954fad8f2855c204301e59ef0b28a91d8d9bdbaf48cb659b,4,bm25,TF013,product_specific,True,False,5,5,3abbb958-eafe-4ffe-bcfc-dafa7349c15c,7.678774356842041,False,0.811500000054366
transfusion-retrieval-v2,sha256:5fc6a9a0d5ff5721954fad8f2855c204301e59ef0b28a91d8d9bdbaf48cb659b,4,bm25,TF013,product_specific,True,False,10,1,2cea4ea7-7aaf-4c54-ac4e-b660de52065d,16.646203994750977,False,0.811500000054366
transfusion-retrieval-v2,sha256:5fc6a9a0d5ff5721954fad8f2855c204301e59ef0b28a91d8d9bdbaf48cb659b,4,bm25,TF013,product_specific,True,False,10,2,21efe016-3004-45f3-a070-29ce2ecb0019,14.344086647033691,False,0.811500000054366
transfusion-retrieval-v2,sha256:5fc6a9a0d5ff5721954fad8f2855c204301e59ef0b28a91d8d9bdbaf48cb659b,4,bm25,TF013,product_specific,True,False,10,3,bc88f538-e881-4c81-85e9-fca20614315d,10.15517520904541,False,0.811500000054366
transfusion-retrieval-v2,sha256:5fc6a9a0d5ff5721954fad8f2855c204301e59ef0b28a91d8d9bdbaf48cb659b,4,bm25,TF013,product_specific,True,False,10,4,b66e5419-8a9c-47f4-866d-ebdb95b174b2,9.404410362243652,True,0.811500000054366
transfusion-retrieval-v2,sha256:5fc6a9a0d5ff5721954fad8f2855c204301e59ef0b28a91d8d9bdbaf48cb659b,4,bm25,TF013,product_specific,True,False,10,5,3abbb958-eafe-4ffe-bcfc-dafa7349c15c,7.678774356842041,False,0.811500000054366
transfusion-retrieval-v2,sha256:5fc6a9a0d5ff5721954fad8f2855c204301e59ef0b28a91d8d9bdbaf48cb659b,4,bm25,TF013,product_specific,True,False,10,6,22e6c188-2e4c-4029-b200-7770a3f00e6e,6.105709552764893,False,0.811500000054366
transfusion-retrieval-v2,sha256:5fc6a9a0d5ff5721954fad8f2855c204301e59ef0b28a91d8d9bdbaf48cb659b,4,bm25,TF013,product_specific,True,False,10,7,4c0dde2a-0432-4cb2-ad33-987f5979ff76,4.830891132354736,False,0.811500000054366
transfusion-retrieval-v2,sha256:5fc6a9a0d5ff5721954fad8f2855c204301e59ef0b28a91d8d9bdbaf48cb659b,4,bm25,TF013,product_specific,True,False,10,8,fbf62ef9-25b7-437c-98d8-c4934fba0fe6,3.7905306816101074,False,0.811500000054366
transfusion-retrieval-v2,sha256:5fc6a9a0d5ff5721954fad8f2855c204301e59ef0b28a91d8d9bdbaf48cb659b,4,bm25,TF013,product_specific,True,False,10,9,48b9789d-5088-4ba1-a82a-be3a6396ce85,3.5334229469299316,False,0.811500000054366
transfusion-retrieval-v2,sha256:5fc6a9a0d5ff5721954fad8f2855c204301e59ef0b28a91d8d9bdbaf48cb659b,4,bm25,TF013,product_specific,True,False,10,10,dfb2693a-e821-4d6e-bbcc-0dbf3dc2a2ae,3.319882869720459,False,0.811500000054366
transfusion-retrieval-v2,sha256:5fc6a9a0d5ff5721954fad8f2855c204301e59ef0b28a91d8d9bdbaf48cb659b,4,bm25,TF014,temporal,True,False,1,1,b66e5419-8a9c-47f4-866d-ebdb95b174b2,20.31056785583496,True,1.5965999991749413
transfusion-retrieval-v2,sha256:5fc6a9a0d5ff5721954fad8f2855c204301e59ef0b28a91d8d9bdbaf48cb659b,4,bm25,TF014,temporal,True,False,3,1,b66e5419-8a9c-47f4-866d-ebdb95b174b2,20.31056785583496,True,1.5965999991749413
transfusion-retrieval-v2,sha256:5fc6a9a0d5ff5721954fad8f2855c204301e59ef0b28a91d8d9bdbaf48cb659b,4,bm25,TF014,temporal,True,False,3,2,2cea4ea7-7aaf-4c54-ac4e-b660de52065d,16.02041244506836,False,1.5965999991749413
transfusion-retrieval-v2,sha256:5fc6a9a0d5ff5721954fad8f2855c204301e59ef0b28a91d8d9bdbaf48cb659b,4,bm25,TF014,temporal,True,False,3,3,21efe016-3004-45f3-a070-29ce2ecb0019,14.604874610900879,True,1.5965999991749413
transfusion-retrieval-v2,sha256:5fc6a9a0d5ff5721954fad8f2855c204301e59ef0b28a91d8d9bdbaf48cb659b,4,bm25,TF014,temporal,True,False,5,1,b66e5419-8a9c-47f4-866d-ebdb95b174b2,20.31056785583496,True,1.5965999991749413
transfusion-retrieval-v2,sha256:5fc6a9a0d5ff5721954fad8f2855c204301e59ef0b28a91d8d9bdbaf48cb659b,4,bm25,TF014,temporal,True,False,5,2,2cea4ea7-7aaf-4c54-ac4e-b660de52065d,16.02041244506836,False,1.5965999991749413
transfusion-retrieval-v2,sha256:5fc6a9a0d5ff5721954fad8f2855c204301e59ef0b28a91d8d9bdbaf48cb659b,4,bm25,TF014,temporal,True,False,5,3,21efe016-3004-45f3-a070-29ce2ecb0019,14.604874610900879,True,1.5965999991749413
transfusion-retrieval-v2,sha256:5fc6a9a0d5ff5721954fad8f2855c204301e59ef0b28a91d8d9bdbaf48cb659b,4,bm25,TF014,temporal,True,False,5,4,9552a4ac-31b4-43a8-aa92-37bd3e89362a,5.974932670593262,False,1.5965999991749413
transfusion-retrieval-v2,sha256:5fc6a9a0d5ff5721954fad8f2855c204301e59ef0b28a91d8d9bdbaf48cb659b,4,bm25,TF014,temporal,True,False,5,5,bc88f538-e881-4c81-85e9-fca20614315d,5.920632839202881,False,1.5965999991749413
transfusion-retrieval-v2,sha256:5fc6a9a0d5ff5721954fad8f2855c204301e59ef0b28a91d8d9bdbaf48cb659b,4,bm25,TF014,temporal,True,False,10,1,b66e5419-8a9c-47f4-866d-ebdb95b174b2,20.31056785583496,True,1.5965999991749413
transfusion-retrieval-v2,sha256:5fc6a9a0d5ff5721954fad8f2855c204301e59ef0b28a91d8d9bdbaf48cb659b,4,bm25,TF014,temporal,True,False,10,2,2cea4ea7-7aaf-4c54-ac4e-b660de52065d,16.02041244506836,False,1.5965999991749413
transfusion-retrieval-v2,sha256:5fc6a9a0d5ff5721954fad8f2855c204301e59ef0b28a91d8d9bdbaf48cb659b,4,bm25,TF014,temporal,True,False,10,3,21efe016-3004-45f3-a070-29ce2ecb0019,14.604874610900879,True,1.5965999991749413
transfusion-retrieval-v2,sha256:5fc6a9a0d5ff5721954fad8f2855c204301e59ef0b28a91d8d9bdbaf48cb659b,4,bm25,TF014,temporal,True,False,10,4,9552a4ac-31b4-43a8-aa92-37bd3e89362a,5.974932670593262,False,1.5965999991749413
transfusion-retrieval-v2,sha256:5fc6a9a0d5ff5721954fad8f2855c204301e59ef0b28a91d8d9bdbaf48cb659b,4,bm25,TF014,temporal,True,False,10,5,bc88f538-e881-4c81-85e9-fca20614315d,5.920632839202881,False,1.5965999991749413
transfusion-retrieval-v2,sha256:5fc6a9a0d5ff5721954fad8f2855c204301e59ef0b28a91d8d9bdbaf48cb659b,4,bm25,TF014,temporal,True,False,10,6,4c0dde2a-0432-4cb2-ad33-987f5979ff76,4.830891132354736,False,1.5965999991749413
transfusion-retrieval-v2,sha256:5fc6a9a0d5ff5721954fad8f2855c204301e59ef0b28a91d8d9bdbaf48cb659b,4,bm25,TF014,temporal,True,False,10,7,84c0a864-176f-4776-a15e-167fc2518e5d,4.772139072418213,False,1.5965999991749413
transfusion-retrieval-v2,sha256:5fc6a9a0d5ff5721954fad8f2855c204301e59ef0b28a91d8d9bdbaf48cb659b,4,bm25,TF014,temporal,True,False,10,8,fbf62ef9-25b7-437c-98d8-c4934fba0fe6,4.584576606750488,False,1.5965999991749413
transfusion-retrieval-v2,sha256:5fc6a9a0d5ff5721954fad8f2855c204301e59ef0b28a91d8d9bdbaf48cb659b,4,bm25,TF014,temporal,True,False,10,9,3abbb958-eafe-4ffe-bcfc-dafa7349c15c,4.2608842849731445,False,1.5965999991749413
transfusion-retrieval-v2,sha256:5fc6a9a0d5ff5721954fad8f2855c204301e59ef0b28a91d8d9bdbaf48cb659b,4,bm25,TF014,temporal,True,False,10,10,dfb2693a-e821-4d6e-bbcc-0dbf3dc2a2ae,3.783884286880493,False,1.5965999991749413
transfusion-retrieval-v2,sha256:5fc6a9a0d5ff5721954fad8f2855c204301e59ef0b28a91d8d9bdbaf48cb659b,4,bm25,TF015,product_specific,True,False,1,1,2cea4ea7-7aaf-4c54-ac4e-b660de52065d,13.16294002532959,False,0.68710000050487
transfusion-retrieval-v2,sha256:5fc6a9a0d5ff5721954fad8f2855c204301e59ef0b28a91d8d9bdbaf48cb659b,4,bm25,TF015,product_specific,True,False,3,1,2cea4ea7-7aaf-4c54-ac4e-b660de52065d,13.16294002532959,False,0.68710000050487
transfusion-retrieval-v2,sha256:5fc6a9a0d5ff5721954fad8f2855c204301e59ef0b28a91d8d9bdbaf48cb659b,4,bm25,TF015,product_specific,True,False,3,2,21efe016-3004-45f3-a070-29ce2ecb0019,12.845809936523438,True,0.68710000050487
transfusion-retrieval-v2,sha256:5fc6a9a0d5ff5721954fad8f2855c204301e59ef0b28a91d8d9bdbaf48cb659b,4,bm25,TF015,product_specific,True,False,3,3,b66e5419-8a9c-47f4-866d-ebdb95b174b2,6.1967058181762695,False,0.68710000050487
transfusion-retrieval-v2,sha256:5fc6a9a0d5ff5721954fad8f2855c204301e59ef0b28a91d8d9bdbaf48cb659b,4,bm25,TF015,product_specific,True,False,5,1,2cea4ea7-7aaf-4c54-ac4e-b660de52065d,13.16294002532959,False,0.68710000050487
transfusion-retrieval-v2,sha256:5fc6a9a0d5ff5721954fad8f2855c204301e59ef0b28a91d8d9bdbaf48cb659b,4,bm25,TF015,product_specific,True,False,5,2,21efe016-3004-45f3-a070-29ce2ecb0019,12.845809936523438,True,0.68710000050487
transfusion-retrieval-v2,sha256:5fc6a9a0d5ff5721954fad8f2855c204301e59ef0b28a91d8d9bdbaf48cb659b,4,bm25,TF015,product_specific,True,False,5,3,b66e5419-8a9c-47f4-866d-ebdb95b174b2,6.1967058181762695,False,0.68710000050487
transfusion-retrieval-v2,sha256:5fc6a9a0d5ff5721954fad8f2855c204301e59ef0b28a91d8d9bdbaf48cb659b,4,bm25,TF015,product_specific,True,False,5,4,bc88f538-e881-4c81-85e9-fca20614315d,4.458576679229736,False,0.68710000050487
transfusion-retrieval-v2,sha256:5fc6a9a0d5ff5721954fad8f2855c204301e59ef0b28a91d8d9bdbaf48cb659b,4,bm25,TF015,product_specific,True,False,5,5,4c0dde2a-0432-4cb2-ad33-987f5979ff76,2.52020001411438,False,0.68710000050487
transfusion-retrieval-v2,sha256:5fc6a9a0d5ff5721954fad8f2855c204301e59ef0b28a91d8d9bdbaf48cb659b,4,bm25,TF015,product_specific,True,False,10,1,2cea4ea7-7aaf-4c54-ac4e-b660de52065d,13.16294002532959,False,0.68710000050487
transfusion-retrieval-v2,sha256:5fc6a9a0d5ff5721954fad8f2855c204301e59ef0b28a91d8d9bdbaf48cb659b,4,bm25,TF015,product_specific,True,False,10,2,21efe016-3004-45f3-a070-29ce2ecb0019,12.845809936523438,True,0.68710000050487
transfusion-retrieval-v2,sha256:5fc6a9a0d5ff5721954fad8f2855c204301e59ef0b28a91d8d9bdbaf48cb659b,4,bm25,TF015,product_specific,True,False,10,3,b66e5419-8a9c-47f4-866d-ebdb95b174b2,6.1967058181762695,False,0.68710000050487
transfusion-retrieval-v2,sha256:5fc6a9a0d5ff5721954fad8f2855c204301e59ef0b28a91d8d9bdbaf48cb659b,4,bm25,TF015,product_specific,True,False,10,4,bc88f538-e881-4c81-85e9-fca20614315d,4.458576679229736,False,0.68710000050487
transfusion-retrieval-v2,sha256:5fc6a9a0d5ff5721954fad8f2855c204301e59ef0b28a91d8d9bdbaf48cb659b,4,bm25,TF015,product_specific,True,False,10,5,4c0dde2a-0432-4cb2-ad33-987f5979ff76,2.52020001411438,False,0.68710000050487
transfusion-retrieval-v2,sha256:5fc6a9a0d5ff5721954fad8f2855c204301e59ef0b28a91d8d9bdbaf48cb659b,4,bm25,TF015,product_specific,True,False,10,6,f7a9837d-f8db-4461-abd8-a3607db2276f,2.028798818588257,False,0.68710000050487
transfusion-retrieval-v2,sha256:5fc6a9a0d5ff5721954fad8f2855c204301e59ef0b28a91d8d9bdbaf48cb659b,4,bm25,TF015,product_specific,True,False,10,7,22e6c188-2e4c-4029-b200-7770a3f00e6e,1.379338264465332,False,0.68710000050487
transfusion-retrieval-v2,sha256:5fc6a9a0d5ff5721954fad8f2855c204301e59ef0b28a91d8d9bdbaf48cb659b,4,bm25,TF015,product_specific,True,False,10,8,48b9789d-5088-4ba1-a82a-be3a6396ce85,1.0481468439102173,False,0.68710000050487
transfusion-retrieval-v2,sha256:5fc6a9a0d5ff5721954fad8f2855c204301e59ef0b28a91d8d9bdbaf48cb659b,4,bm25,TF015,product_specific,True,False,10,9,9b6cc313-9a59-4387-a5ce-2ed14389a0a7,0.9718410968780518,False,0.68710000050487
transfusion-retrieval-v2,sha256:5fc6a9a0d5ff5721954fad8f2855c204301e59ef0b28a91d8d9bdbaf48cb659b,4,bm25,TF015,product_specific,True,False,10,10,5de4d74d-720e-4d86-a836-f946d70a2d32,0.9309166073799133,False,0.68710000050487
transfusion-retrieval-v2,sha256:5fc6a9a0d5ff5721954fad8f2855c204301e59ef0b28a91d8d9bdbaf48cb659b,4,bm25,TF016,paraphrase,True,False,1,1,2cea4ea7-7aaf-4c54-ac4e-b660de52065d,16.02041244506836,False,0.7838999990781303
transfusion-retrieval-v2,sha256:5fc6a9a0d5ff5721954fad8f2855c204301e59ef0b28a91d8d9bdbaf48cb659b,4,bm25,TF016,paraphrase,True,False,3,1,2cea4ea7-7aaf-4c54-ac4e-b660de52065d,16.02041244506836,False,0.7838999990781303
transfusion-retrieval-v2,sha256:5fc6a9a0d5ff5721954fad8f2855c204301e59ef0b28a91d8d9bdbaf48cb659b,4,bm25,TF016,paraphrase,True,False,3,2,21efe016-3004-45f3-a070-29ce2ecb0019,14.604875564575195,False,0.7838999990781303
transfusion-retrieval-v2,sha256:5fc6a9a0d5ff5721954fad8f2855c204301e59ef0b28a91d8d9bdbaf48cb659b,4,bm25,TF016,paraphrase,True,False,3,3,b66e5419-8a9c-47f4-866d-ebdb95b174b2,13.229063034057617,False,0.7838999990781303
transfusion-retrieval-v2,sha256:5fc6a9a0d5ff5721954fad8f2855c204301e59ef0b28a91d8d9bdbaf48cb659b,4,bm25,TF016,paraphrase,True,False,5,1,2cea4ea7-7aaf-4c54-ac4e-b660de52065d,16.02041244506836,False,0.7838999990781303
transfusion-retrieval-v2,sha256:5fc6a9a0d5ff5721954fad8f2855c204301e59ef0b28a91d8d9bdbaf48cb659b,4,bm25,TF016,paraphrase,True,False,5,2,21efe016-3004-45f3-a070-29ce2ecb0019,14.604875564575195,False,0.7838999990781303
transfusion-retrieval-v2,sha256:5fc6a9a0d5ff5721954fad8f2855c204301e59ef0b28a91d8d9bdbaf48cb659b,4,bm25,TF016,paraphrase,True,False,5,3,b66e5419-8a9c-47f4-866d-ebdb95b174b2,13.229063034057617,False,0.7838999990781303
transfusion-retrieval-v2,sha256:5fc6a9a0d5ff5721954fad8f2855c204301e59ef0b28a91d8d9bdbaf48cb659b,4,bm25,TF016,paraphrase,True,False,5,4,bc88f538-e881-4c81-85e9-fca20614315d,5.920633316040039,False,0.7838999990781303
transfusion-retrieval-v2,sha256:5fc6a9a0d5ff5721954fad8f2855c204301e59ef0b28a91d8d9bdbaf48cb659b,4,bm25,TF016,paraphrase,True,False,5,5,4c0dde2a-0432-4cb2-ad33-987f5979ff76,4.8308916091918945,True,0.7838999990781303
transfusion-retrieval-v2,sha256:5fc6a9a0d5ff5721954fad8f2855c204301e59ef0b28a91d8d9bdbaf48cb659b,4,bm25,TF016,paraphrase,True,False,10,1,2cea4ea7-7aaf-4c54-ac4e-b660de52065d,16.02041244506836,False,0.7838999990781303
transfusion-retrieval-v2,sha256:5fc6a9a0d5ff5721954fad8f2855c204301e59ef0b28a91d8d9bdbaf48cb659b,4,bm25,TF016,paraphrase,True,False,10,2,21efe016-3004-45f3-a070-29ce2ecb0019,14.604875564575195,False,0.7838999990781303
transfusion-retrieval-v2,sha256:5fc6a9a0d5ff5721954fad8f2855c204301e59ef0b28a91d8d9bdbaf48cb659b,4,bm25,TF016,paraphrase,True,False,10,3,b66e5419-8a9c-47f4-866d-ebdb95b174b2,13.229063034057617,False,0.7838999990781303
transfusion-retrieval-v2,sha256:5fc6a9a0d5ff5721954fad8f2855c204301e59ef0b28a91d8d9bdbaf48cb659b,4,bm25,TF016,paraphrase,True,False,10,4,bc88f538-e881-4c81-85e9-fca20614315d,5.920633316040039,False,0.7838999990781303
transfusion-retrieval-v2,sha256:5fc6a9a0d5ff5721954fad8f2855c204301e59ef0b28a91d8d9bdbaf48cb659b,4,bm25,TF016,paraphrase,True,False,10,5,4c0dde2a-0432-4cb2-ad33-987f5979ff76,4.8308916091918945,True,0.7838999990781303
transfusion-retrieval-v2,sha256:5fc6a9a0d5ff5721954fad8f2855c204301e59ef0b28a91d8d9bdbaf48cb659b,4,bm25,TF016,paraphrase,True,False,10,6,fbf62ef9-25b7-437c-98d8-c4934fba0fe6,4.584576606750488,False,0.7838999990781303
transfusion-retrieval-v2,sha256:5fc6a9a0d5ff5721954fad8f2855c204301e59ef0b28a91d8d9bdbaf48cb659b,4,bm25,TF016,paraphrase,True,False,10,7,4d18d11e-2a92-4690-8a64-46653931483e,4.343789100646973,False,0.7838999990781303
transfusion-retrieval-v2,sha256:5fc6a9a0d5ff5721954fad8f2855c204301e59ef0b28a91d8d9bdbaf48cb659b,4,bm25,TF016,paraphrase,True,False,10,8,3abbb958-eafe-4ffe-bcfc-dafa7349c15c,4.2608842849731445,False,0.7838999990781303
transfusion-retrieval-v2,sha256:5fc6a9a0d5ff5721954fad8f2855c204301e59ef0b28a91d8d9bdbaf48cb659b,4,bm25,TF016,paraphrase,True,False,10,9,eda54b74-cd2f-4808-8175-bcc5b916ce90,3.9129605293273926,False,0.7838999990781303
transfusion-retrieval-v2,sha256:5fc6a9a0d5ff5721954fad8f2855c204301e59ef0b28a91d8d9bdbaf48cb659b,4,bm25,TF016,paraphrase,True,False,10,10,e62b0c91-ff0c-43b2-9bd5-ff173d9f8bc0,3.8392066955566406,False,0.7838999990781303
transfusion-retrieval-v2,sha256:5fc6a9a0d5ff5721954fad8f2855c204301e59ef0b28a91d8d9bdbaf48cb659b,4,bm25,TF017,procedure,True,False,1,1,d4c1a9ca-23c5-4ae0-9a51-c56675b2e6d1,6.5267109870910645,False,0.7659999992029043
transfusion-retrieval-v2,sha256:5fc6a9a0d5ff5721954fad8f2855c204301e59ef0b28a91d8d9bdbaf48cb659b,4,bm25,TF017,procedure,True,False,3,1,d4c1a9ca-23c5-4ae0-9a51-c56675b2e6d1,6.5267109870910645,False,0.7659999992029043
transfusion-retrieval-v2,sha256:5fc6a9a0d5ff5721954fad8f2855c204301e59ef0b28a91d8d9bdbaf48cb659b,4,bm25,TF017,procedure,True,False,3,2,22e6c188-2e4c-4029-b200-7770a3f00e6e,4.547313690185547,True,0.7659999992029043
transfusion-retrieval-v2,sha256:5fc6a9a0d5ff5721954fad8f2855c204301e59ef0b28a91d8d9bdbaf48cb659b,4,bm25,TF017,procedure,True,False,3,3,b225ae64-72d2-4e59-81c0-57f5d8438666,4.067415237426758,True,0.7659999992029043
transfusion-retrieval-v2,sha256:5fc6a9a0d5ff5721954fad8f2855c204301e59ef0b28a91d8d9bdbaf48cb659b,4,bm25,TF017,procedure,True,False,5,1,d4c1a9ca-23c5-4ae0-9a51-c56675b2e6d1,6.5267109870910645,False,0.7659999992029043
transfusion-retrieval-v2,sha256:5fc6a9a0d5ff5721954fad8f2855c204301e59ef0b28a91d8d9bdbaf48cb659b,4,bm25,TF017,procedure,True,False,5,2,22e6c188-2e4c-4029-b200-7770a3f00e6e,4.547313690185547,True,0.7659999992029043
transfusion-retrieval-v2,sha256:5fc6a9a0d5ff5721954fad8f2855c204301e59ef0b28a91d8d9bdbaf48cb659b,4,bm25,TF017,procedure,True,False,5,3,b225ae64-72d2-4e59-81c0-57f5d8438666,4.067415237426758,True,0.7659999992029043
transfusion-retrieval-v2,sha256:5fc6a9a0d5ff5721954fad8f2855c204301e59ef0b28a91d8d9bdbaf48cb659b,4,bm25,TF017,procedure,True,False,5,4,fd678588-5ac2-400d-95c5-3309537781ec,3.923882007598877,False,0.7659999992029043
transfusion-retrieval-v2,sha256:5fc6a9a0d5ff5721954fad8f2855c204301e59ef0b28a91d8d9bdbaf48cb659b,4,bm25,TF017,procedure,True,False,5,5,eda54b74-cd2f-4808-8175-bcc5b916ce90,3.8960187435150146,False,0.7659999992029043
transfusion-retrieval-v2,sha256:5fc6a9a0d5ff5721954fad8f2855c204301e59ef0b28a91d8d9bdbaf48cb659b,4,bm25,TF017,procedure,True,False,10,1,d4c1a9ca-23c5-4ae0-9a51-c56675b2e6d1,6.5267109870910645,False,0.7659999992029043
transfusion-retrieval-v2,sha256:5fc6a9a0d5ff5721954fad8f2855c204301e59ef0b28a91d8d9bdbaf48cb659b,4,bm25,TF017,procedure,True,False,10,2,22e6c188-2e4c-4029-b200-7770a3f00e6e,4.547313690185547,True,0.7659999992029043
transfusion-retrieval-v2,sha256:5fc6a9a0d5ff5721954fad8f2855c204301e59ef0b28a91d8d9bdbaf48cb659b,4,bm25,TF017,procedure,True,False,10,3,b225ae64-72d2-4e59-81c0-57f5d8438666,4.067415237426758,True,0.7659999992029043
transfusion-retrieval-v2,sha256:5fc6a9a0d5ff5721954fad8f2855c204301e59ef0b28a91d8d9bdbaf48cb659b,4,bm25,TF017,procedure,True,False,10,4,fd678588-5ac2-400d-95c5-3309537781ec,3.923882007598877,False,0.7659999992029043
transfusion-retrieval-v2,sha256:5fc6a9a0d5ff5721954fad8f2855c204301e59ef0b28a91d8d9bdbaf48cb659b,4,bm25,TF017,procedure,True,False,10,5,eda54b74-cd2f-4808-8175-bcc5b916ce90,3.8960187435150146,False,0.7659999992029043
transfusion-retrieval-v2,sha256:5fc6a9a0d5ff5721954fad8f2855c204301e59ef0b28a91d8d9bdbaf48cb659b,4,bm25,TF017,procedure,True,False,10,6,7adacb8c-91c0-4ea7-8d82-7505eeac5042,3.8598742485046387,True,0.7659999992029043
transfusion-retrieval-v2,sha256:5fc6a9a0d5ff5721954fad8f2855c204301e59ef0b28a91d8d9bdbaf48cb659b,4,bm25,TF017,procedure,True,False,10,7,3abbb958-eafe-4ffe-bcfc-dafa7349c15c,3.721762180328369,False,0.7659999992029043
transfusion-retrieval-v2,sha256:5fc6a9a0d5ff5721954fad8f2855c204301e59ef0b28a91d8d9bdbaf48cb659b,4,bm25,TF017,procedure,True,False,10,8,9552a4ac-31b4-43a8-aa92-37bd3e89362a,3.317979335784912,False,0.7659999992029043
transfusion-retrieval-v2,sha256:5fc6a9a0d5ff5721954fad8f2855c204301e59ef0b28a91d8d9bdbaf48cb659b,4,bm25,TF017,procedure,True,False,10,9,7e68f70a-ba74-4eb8-bbae-c7e9f7340567,3.1289350986480713,True,0.7659999992029043
transfusion-retrieval-v2,sha256:5fc6a9a0d5ff5721954fad8f2855c204301e59ef0b28a91d8d9bdbaf48cb659b,4,bm25,TF017,procedure,True,False,10,10,74c0eabe-77c7-4dbf-a321-27966a12fafb,3.092681407928467,True,0.7659999992029043
transfusion-retrieval-v2,sha256:5fc6a9a0d5ff5721954fad8f2855c204301e59ef0b28a91d8d9bdbaf48cb659b,4,bm25,TF018,temporal,True,False,1,1,30ce28cb-f702-4cce-8105-137e2f73af0d,6.516515731811523,True,0.7421000009344425
transfusion-retrieval-v2,sha256:5fc6a9a0d5ff5721954fad8f2855c204301e59ef0b28a91d8d9bdbaf48cb659b,4,bm25,TF018,temporal,True,False,3,1,30ce28cb-f702-4cce-8105-137e2f73af0d,6.516515731811523,True,0.7421000009344425
transfusion-retrieval-v2,sha256:5fc6a9a0d5ff5721954fad8f2855c204301e59ef0b28a91d8d9bdbaf48cb659b,4,bm25,TF018,temporal,True,False,3,2,d3b7d61b-50f0-4b96-a770-785a9f3c3886,6.205209732055664,False,0.7421000009344425
transfusion-retrieval-v2,sha256:5fc6a9a0d5ff5721954fad8f2855c204301e59ef0b28a91d8d9bdbaf48cb659b,4,bm25,TF018,temporal,True,False,3,3,70b95f72-95ec-43b5-b76f-657518103256,6.130585670471191,False,0.7421000009344425
transfusion-retrieval-v2,sha256:5fc6a9a0d5ff5721954fad8f2855c204301e59ef0b28a91d8d9bdbaf48cb659b,4,bm25,TF018,temporal,True,False,5,1,30ce28cb-f702-4cce-8105-137e2f73af0d,6.516515731811523,True,0.7421000009344425
transfusion-retrieval-v2,sha256:5fc6a9a0d5ff5721954fad8f2855c204301e59ef0b28a91d8d9bdbaf48cb659b,4,bm25,TF018,temporal,True,False,5,2,d3b7d61b-50f0-4b96-a770-785a9f3c3886,6.205209732055664,False,0.7421000009344425
transfusion-retrieval-v2,sha256:5fc6a9a0d5ff5721954fad8f2855c204301e59ef0b28a91d8d9bdbaf48cb659b,4,bm25,TF018,temporal,True,False,5,3,70b95f72-95ec-43b5-b76f-657518103256,6.130585670471191,False,0.7421000009344425
transfusion-retrieval-v2,sha256:5fc6a9a0d5ff5721954fad8f2855c204301e59ef0b28a91d8d9bdbaf48cb659b,4,bm25,TF018,temporal,True,False,5,4,0a4f11c7-39e8-41fe-bd14-48456671f531,6.049788951873779,False,0.7421000009344425
transfusion-retrieval-v2,sha256:5fc6a9a0d5ff5721954fad8f2855c204301e59ef0b28a91d8d9bdbaf48cb659b,4,bm25,TF018,temporal,True,False,5,5,22e6c188-2e4c-4029-b200-7770a3f00e6e,5.939718723297119,False,0.7421000009344425
transfusion-retrieval-v2,sha256:5fc6a9a0d5ff5721954fad8f2855c204301e59ef0b28a91d8d9bdbaf48cb659b,4,bm25,TF018,temporal,True,False,10,1,30ce28cb-f702-4cce-8105-137e2f73af0d,6.516515731811523,True,0.7421000009344425
transfusion-retrieval-v2,sha256:5fc6a9a0d5ff5721954fad8f2855c204301e59ef0b28a91d8d9bdbaf48cb659b,4,bm25,TF018,temporal,True,False,10,2,d3b7d61b-50f0-4b96-a770-785a9f3c3886,6.205209732055664,False,0.7421000009344425
transfusion-retrieval-v2,sha256:5fc6a9a0d5ff5721954fad8f2855c204301e59ef0b28a91d8d9bdbaf48cb659b,4,bm25,TF018,temporal,True,False,10,3,70b95f72-95ec-43b5-b76f-657518103256,6.130585670471191,False,0.7421000009344425
transfusion-retrieval-v2,sha256:5fc6a9a0d5ff5721954fad8f2855c204301e59ef0b28a91d8d9bdbaf48cb659b,4,bm25,TF018,temporal,True,False,10,4,0a4f11c7-39e8-41fe-bd14-48456671f531,6.049788951873779,False,0.7421000009344425
transfusion-retrieval-v2,sha256:5fc6a9a0d5ff5721954fad8f2855c204301e59ef0b28a91d8d9bdbaf48cb659b,4,bm25,TF018,temporal,True,False,10,5,22e6c188-2e4c-4029-b200-7770a3f00e6e,5.939718723297119,False,0.7421000009344425
transfusion-retrieval-v2,sha256:5fc6a9a0d5ff5721954fad8f2855c204301e59ef0b28a91d8d9bdbaf48cb659b,4,bm25,TF018,temporal,True,False,10,6,48b9789d-5088-4ba1-a82a-be3a6396ce85,5.870181560516357,False,0.7421000009344425
transfusion-retrieval-v2,sha256:5fc6a9a0d5ff5721954fad8f2855c204301e59ef0b28a91d8d9bdbaf48cb659b,4,bm25,TF018,temporal,True,False,10,7,f1611d72-8c47-41f8-bfee-99d5ffdfe12a,5.778292179107666,False,0.7421000009344425
transfusion-retrieval-v2,sha256:5fc6a9a0d5ff5721954fad8f2855c204301e59ef0b28a91d8d9bdbaf48cb659b,4,bm25,TF018,temporal,True,False,10,8,cfff9bf0-05e4-4179-a793-f3c705d04812,5.397531986236572,False,0.7421000009344425
transfusion-retrieval-v2,sha256:5fc6a9a0d5ff5721954fad8f2855c204301e59ef0b28a91d8d9bdbaf48cb659b,4,bm25,TF018,temporal,True,False,10,9,a952e706-800e-493c-886a-8f06602fb2be,4.3017683029174805,False,0.7421000009344425
transfusion-retrieval-v2,sha256:5fc6a9a0d5ff5721954fad8f2855c204301e59ef0b28a91d8d9bdbaf48cb659b,4,bm25,TF018,temporal,True,False,10,10,b8c70ff9-e1b2-40ce-9a0a-f65a53899d13,1.5362286567687988,False,0.7421000009344425
transfusion-retrieval-v2,sha256:5fc6a9a0d5ff5721954fad8f2855c204301e59ef0b28a91d8d9bdbaf48cb659b,4,bm25,TF019,preparation,True,False,1,1,d3b7d61b-50f0-4b96-a770-785a9f3c3886,11.401408195495605,True,0.9407000015926315
transfusion-retrieval-v2,sha256:5fc6a9a0d5ff5721954fad8f2855c204301e59ef0b28a91d8d9bdbaf48cb659b,4,bm25,TF019,preparation,True,False,3,1,d3b7d61b-50f0-4b96-a770-785a9f3c3886,11.401408195495605,True,0.9407000015926315
transfusion-retrieval-v2,sha256:5fc6a9a0d5ff5721954fad8f2855c204301e59ef0b28a91d8d9bdbaf48cb659b,4,bm25,TF019,preparation,True,False,3,2,30ce28cb-f702-4cce-8105-137e2f73af0d,7.857677936553955,False,0.9407000015926315
transfusion-retrieval-v2,sha256:5fc6a9a0d5ff5721954fad8f2855c204301e59ef0b28a91d8d9bdbaf48cb659b,4,bm25,TF019,preparation,True,False,3,3,22e6c188-2e4c-4029-b200-7770a3f00e6e,7.219790458679199,False,0.9407000015926315
transfusion-retrieval-v2,sha256:5fc6a9a0d5ff5721954fad8f2855c204301e59ef0b28a91d8d9bdbaf48cb659b,4,bm25,TF019,preparation,True,False,5,1,d3b7d61b-50f0-4b96-a770-785a9f3c3886,11.401408195495605,True,0.9407000015926315
transfusion-retrieval-v2,sha256:5fc6a9a0d5ff5721954fad8f2855c204301e59ef0b28a91d8d9bdbaf48cb659b,4,bm25,TF019,preparation,True,False,5,2,30ce28cb-f702-4cce-8105-137e2f73af0d,7.857677936553955,False,0.9407000015926315
transfusion-retrieval-v2,sha256:5fc6a9a0d5ff5721954fad8f2855c204301e59ef0b28a91d8d9bdbaf48cb659b,4,bm25,TF019,preparation,True,False,5,3,22e6c188-2e4c-4029-b200-7770a3f00e6e,7.219790458679199,False,0.9407000015926315
transfusion-retrieval-v2,sha256:5fc6a9a0d5ff5721954fad8f2855c204301e59ef0b28a91d8d9bdbaf48cb659b,4,bm25,TF019,preparation,True,False,5,4,9131e9a9-eff3-4f4e-a20b-4bdd456c35bc,7.155525207519531,False,0.9407000015926315
transfusion-retrieval-v2,sha256:5fc6a9a0d5ff5721954fad8f2855c204301e59ef0b28a91d8d9bdbaf48cb659b,4,bm25,TF019,preparation,True,False,5,5,9552a4ac-31b4-43a8-aa92-37bd3e89362a,6.074146270751953,False,0.9407000015926315
transfusion-retrieval-v2,sha256:5fc6a9a0d5ff5721954fad8f2855c204301e59ef0b28a91d8d9bdbaf48cb659b,4,bm25,TF019,preparation,True,False,10,1,d3b7d61b-50f0-4b96-a770-785a9f3c3886,11.401408195495605,True,0.9407000015926315
transfusion-retrieval-v2,sha256:5fc6a9a0d5ff5721954fad8f2855c204301e59ef0b28a91d8d9bdbaf48cb659b,4,bm25,TF019,preparation,True,False,10,2,30ce28cb-f702-4cce-8105-137e2f73af0d,7.857677936553955,False,0.9407000015926315
transfusion-retrieval-v2,sha256:5fc6a9a0d5ff5721954fad8f2855c204301e59ef0b28a91d8d9bdbaf48cb659b,4,bm25,TF019,preparation,True,False,10,3,22e6c188-2e4c-4029-b200-7770a3f00e6e,7.219790458679199,False,0.9407000015926315
transfusion-retrieval-v2,sha256:5fc6a9a0d5ff5721954fad8f2855c204301e59ef0b28a91d8d9bdbaf48cb659b,4,bm25,TF019,preparation,True,False,10,4,9131e9a9-eff3-4f4e-a20b-4bdd456c35bc,7.155525207519531,False,0.9407000015926315
transfusion-retrieval-v2,sha256:5fc6a9a0d5ff5721954fad8f2855c204301e59ef0b28a91d8d9bdbaf48cb659b,4,bm25,TF019,preparation,True,False,10,5,9552a4ac-31b4-43a8-aa92-37bd3e89362a,6.074146270751953,False,0.9407000015926315
transfusion-retrieval-v2,sha256:5fc6a9a0d5ff5721954fad8f2855c204301e59ef0b28a91d8d9bdbaf48cb659b,4,bm25,TF019,preparation,True,False,10,6,0a4f11c7-39e8-41fe-bd14-48456671f531,5.4441328048706055,False,0.9407000015926315
transfusion-retrieval-v2,sha256:5fc6a9a0d5ff5721954fad8f2855c204301e59ef0b28a91d8d9bdbaf48cb659b,4,bm25,TF019,preparation,True,False,10,7,70b95f72-95ec-43b5-b76f-657518103256,5.40863561630249,False,0.9407000015926315
transfusion-retrieval-v2,sha256:5fc6a9a0d5ff5721954fad8f2855c204301e59ef0b28a91d8d9bdbaf48cb659b,4,bm25,TF019,preparation,True,False,10,8,48b9789d-5088-4ba1-a82a-be3a6396ce85,5.307383060455322,False,0.9407000015926315
transfusion-retrieval-v2,sha256:5fc6a9a0d5ff5721954fad8f2855c204301e59ef0b28a91d8d9bdbaf48cb659b,4,bm25,TF019,preparation,True,False,10,9,f1611d72-8c47-41f8-bfee-99d5ffdfe12a,5.166721343994141,False,0.9407000015926315
transfusion-retrieval-v2,sha256:5fc6a9a0d5ff5721954fad8f2855c204301e59ef0b28a91d8d9bdbaf48cb659b,4,bm25,TF019,preparation,True,False,10,10,f9cfc75b-a5e7-4633-a798-4b17ea462325,4.900941848754883,False,0.9407000015926315
transfusion-retrieval-v2,sha256:5fc6a9a0d5ff5721954fad8f2855c204301e59ef0b28a91d8d9bdbaf48cb659b,4,bm25,TF020,temporal,True,False,1,1,0a4f11c7-39e8-41fe-bd14-48456671f531,13.441630363464355,True,0.5853000002389308
transfusion-retrieval-v2,sha256:5fc6a9a0d5ff5721954fad8f2855c204301e59ef0b28a91d8d9bdbaf48cb659b,4,bm25,TF020,temporal,True,False,3,1,0a4f11c7-39e8-41fe-bd14-48456671f531,13.441630363464355,True,0.5853000002389308
transfusion-retrieval-v2,sha256:5fc6a9a0d5ff5721954fad8f2855c204301e59ef0b28a91d8d9bdbaf48cb659b,4,bm25,TF020,temporal,True,False,3,2,48b9789d-5088-4ba1-a82a-be3a6396ce85,11.625682830810547,False,0.5853000002389308
transfusion-retrieval-v2,sha256:5fc6a9a0d5ff5721954fad8f2855c204301e59ef0b28a91d8d9bdbaf48cb659b,4,bm25,TF020,temporal,True,False,3,3,d3b7d61b-50f0-4b96-a770-785a9f3c3886,8.911781311035156,False,0.5853000002389308
transfusion-retrieval-v2,sha256:5fc6a9a0d5ff5721954fad8f2855c204301e59ef0b28a91d8d9bdbaf48cb659b,4,bm25,TF020,temporal,True,False,5,1,0a4f11c7-39e8-41fe-bd14-48456671f531,13.441630363464355,True,0.5853000002389308
transfusion-retrieval-v2,sha256:5fc6a9a0d5ff5721954fad8f2855c204301e59ef0b28a91d8d9bdbaf48cb659b,4,bm25,TF020,temporal,True,False,5,2,48b9789d-5088-4ba1-a82a-be3a6396ce85,11.625682830810547,False,0.5853000002389308
transfusion-retrieval-v2,sha256:5fc6a9a0d5ff5721954fad8f2855c204301e59ef0b28a91d8d9bdbaf48cb659b,4,bm25,TF020,temporal,True,False,5,3,d3b7d61b-50f0-4b96-a770-785a9f3c3886,8.911781311035156,False,0.5853000002389308
transfusion-retrieval-v2,sha256:5fc6a9a0d5ff5721954fad8f2855c204301e59ef0b28a91d8d9bdbaf48cb659b,4,bm25,TF020,temporal,True,False,5,4,cfff9bf0-05e4-4179-a793-f3c705d04812,6.723997116088867,False,0.5853000002389308
transfusion-retrieval-v2,sha256:5fc6a9a0d5ff5721954fad8f2855c204301e59ef0b28a91d8d9bdbaf48cb659b,4,bm25,TF020,temporal,True,False,5,5,70b95f72-95ec-43b5-b76f-657518103256,6.627816200256348,True,0.5853000002389308
transfusion-retrieval-v2,sha256:5fc6a9a0d5ff5721954fad8f2855c204301e59ef0b28a91d8d9bdbaf48cb659b,4,bm25,TF020,temporal,True,False,10,1,0a4f11c7-39e8-41fe-bd14-48456671f531,13.441630363464355,True,0.5853000002389308
transfusion-retrieval-v2,sha256:5fc6a9a0d5ff5721954fad8f2855c204301e59ef0b28a91d8d9bdbaf48cb659b,4,bm25,TF020,temporal,True,False,10,2,48b9789d-5088-4ba1-a82a-be3a6396ce85,11.625682830810547,False,0.5853000002389308
transfusion-retrieval-v2,sha256:5fc6a9a0d5ff5721954fad8f2855c204301e59ef0b28a91d8d9bdbaf48cb659b,4,bm25,TF020,temporal,True,False,10,3,d3b7d61b-50f0-4b96-a770-785a9f3c3886,8.911781311035156,False,0.5853000002389308
transfusion-retrieval-v2,sha256:5fc6a9a0d5ff5721954fad8f2855c204301e59ef0b28a91d8d9bdbaf48cb659b,4,bm25,TF020,temporal,True,False,10,4,cfff9bf0-05e4-4179-a793-f3c705d04812,6.723997116088867,False,0.5853000002389308
transfusion-retrieval-v2,sha256:5fc6a9a0d5ff5721954fad8f2855c204301e59ef0b28a91d8d9bdbaf48cb659b,4,bm25,TF020,temporal,True,False,10,5,70b95f72-95ec-43b5-b76f-657518103256,6.627816200256348,True,0.5853000002389308
transfusion-retrieval-v2,sha256:5fc6a9a0d5ff5721954fad8f2855c204301e59ef0b28a91d8d9bdbaf48cb659b,4,bm25,TF020,temporal,True,False,10,6,30ce28cb-f702-4cce-8105-137e2f73af0d,6.516515731811523,False,0.5853000002389308
transfusion-retrieval-v2,sha256:5fc6a9a0d5ff5721954fad8f2855c204301e59ef0b28a91d8d9bdbaf48cb659b,4,bm25,TF020,temporal,True,False,10,7,22e6c188-2e4c-4029-b200-7770a3f00e6e,5.939718723297119,False,0.5853000002389308
transfusion-retrieval-v2,sha256:5fc6a9a0d5ff5721954fad8f2855c204301e59ef0b28a91d8d9bdbaf48cb659b,4,bm25,TF020,temporal,True,False,10,8,f1611d72-8c47-41f8-bfee-99d5ffdfe12a,5.778292179107666,False,0.5853000002389308
transfusion-retrieval-v2,sha256:5fc6a9a0d5ff5721954fad8f2855c204301e59ef0b28a91d8d9bdbaf48cb659b,4,bm25,TF020,temporal,True,False,10,9,a952e706-800e-493c-886a-8f06602fb2be,4.3017683029174805,False,0.5853000002389308
transfusion-retrieval-v2,sha256:5fc6a9a0d5ff5721954fad8f2855c204301e59ef0b28a91d8d9bdbaf48cb659b,4,bm25,TF020,temporal,True,False,10,10,b8c70ff9-e1b2-40ce-9a0a-f65a53899d13,2.589033365249634,False,0.5853000002389308
transfusion-retrieval-v2,sha256:5fc6a9a0d5ff5721954fad8f2855c204301e59ef0b28a91d8d9bdbaf48cb659b,4,bm25,TF021,preparation,True,False,1,1,73735f01-c9d0-4dd5-8d46-c70045e4b334,8.644279479980469,True,0.7464999998774147
transfusion-retrieval-v2,sha256:5fc6a9a0d5ff5721954fad8f2855c204301e59ef0b28a91d8d9bdbaf48cb659b,4,bm25,TF021,preparation,True,False,3,1,73735f01-c9d0-4dd5-8d46-c70045e4b334,8.644279479980469,True,0.7464999998774147
transfusion-retrieval-v2,sha256:5fc6a9a0d5ff5721954fad8f2855c204301e59ef0b28a91d8d9bdbaf48cb659b,4,bm25,TF021,preparation,True,False,3,2,919e93ca-fed9-4dde-b9b8-f870e207a3f3,5.588634014129639,False,0.7464999998774147
transfusion-retrieval-v2,sha256:5fc6a9a0d5ff5721954fad8f2855c204301e59ef0b28a91d8d9bdbaf48cb659b,4,bm25,TF021,preparation,True,False,3,3,e62b0c91-ff0c-43b2-9bd5-ff173d9f8bc0,5.015397071838379,False,0.7464999998774147
transfusion-retrieval-v2,sha256:5fc6a9a0d5ff5721954fad8f2855c204301e59ef0b28a91d8d9bdbaf48cb659b,4,bm25,TF021,preparation,True,False,5,1,73735f01-c9d0-4dd5-8d46-c70045e4b334,8.644279479980469,True,0.7464999998774147
transfusion-retrieval-v2,sha256:5fc6a9a0d5ff5721954fad8f2855c204301e59ef0b28a91d8d9bdbaf48cb659b,4,bm25,TF021,preparation,True,False,5,2,919e93ca-fed9-4dde-b9b8-f870e207a3f3,5.588634014129639,False,0.7464999998774147
transfusion-retrieval-v2,sha256:5fc6a9a0d5ff5721954fad8f2855c204301e59ef0b28a91d8d9bdbaf48cb659b,4,bm25,TF021,preparation,True,False,5,3,e62b0c91-ff0c-43b2-9bd5-ff173d9f8bc0,5.015397071838379,False,0.7464999998774147
transfusion-retrieval-v2,sha256:5fc6a9a0d5ff5721954fad8f2855c204301e59ef0b28a91d8d9bdbaf48cb659b,4,bm25,TF021,preparation,True,False,5,4,b7876bcb-b1d0-409a-831d-45e59e35a44e,4.509583473205566,False,0.7464999998774147
transfusion-retrieval-v2,sha256:5fc6a9a0d5ff5721954fad8f2855c204301e59ef0b28a91d8d9bdbaf48cb659b,4,bm25,TF021,preparation,True,False,5,5,6ffcd319-e868-444b-b6fe-8d192a4de3ff,4.417673110961914,False,0.7464999998774147
transfusion-retrieval-v2,sha256:5fc6a9a0d5ff5721954fad8f2855c204301e59ef0b28a91d8d9bdbaf48cb659b,4,bm25,TF021,preparation,True,False,10,1,73735f01-c9d0-4dd5-8d46-c70045e4b334,8.644279479980469,True,0.7464999998774147
transfusion-retrieval-v2,sha256:5fc6a9a0d5ff5721954fad8f2855c204301e59ef0b28a91d8d9bdbaf48cb659b,4,bm25,TF021,preparation,True,False,10,2,919e93ca-fed9-4dde-b9b8-f870e207a3f3,5.588634014129639,False,0.7464999998774147
transfusion-retrieval-v2,sha256:5fc6a9a0d5ff5721954fad8f2855c204301e59ef0b28a91d8d9bdbaf48cb659b,4,bm25,TF021,preparation,True,False,10,3,e62b0c91-ff0c-43b2-9bd5-ff173d9f8bc0,5.015397071838379,False,0.7464999998774147
transfusion-retrieval-v2,sha256:5fc6a9a0d5ff5721954fad8f2855c204301e59ef0b28a91d8d9bdbaf48cb659b,4,bm25,TF021,preparation,True,False,10,4,b7876bcb-b1d0-409a-831d-45e59e35a44e,4.509583473205566,False,0.7464999998774147
transfusion-retrieval-v2,sha256:5fc6a9a0d5ff5721954fad8f2855c204301e59ef0b28a91d8d9bdbaf48cb659b,4,bm25,TF021,preparation,True,False,10,5,6ffcd319-e868-444b-b6fe-8d192a4de3ff,4.417673110961914,False,0.7464999998774147
transfusion-retrieval-v2,sha256:5fc6a9a0d5ff5721954fad8f2855c204301e59ef0b28a91d8d9bdbaf48cb659b,4,bm25,TF021,preparation,True,False,10,6,16efaa44-1554-4748-8407-48fac0bced94,4.405827045440674,False,0.7464999998774147
transfusion-retrieval-v2,sha256:5fc6a9a0d5ff5721954fad8f2855c204301e59ef0b28a91d8d9bdbaf48cb659b,4,bm25,TF021,preparation,True,False,10,7,cfff9bf0-05e4-4179-a793-f3c705d04812,4.048162460327148,False,0.7464999998774147
transfusion-retrieval-v2,sha256:5fc6a9a0d5ff5721954fad8f2855c204301e59ef0b28a91d8d9bdbaf48cb659b,4,bm25,TF021,preparation,True,False,10,8,b0d368a1-d0fc-4b8b-8567-e190cf462986,4.019526481628418,False,0.7464999998774147
transfusion-retrieval-v2,sha256:5fc6a9a0d5ff5721954fad8f2855c204301e59ef0b28a91d8d9bdbaf48cb659b,4,bm25,TF021,preparation,True,False,10,9,74c0eabe-77c7-4dbf-a321-27966a12fafb,3.957832098007202,False,0.7464999998774147
transfusion-retrieval-v2,sha256:5fc6a9a0d5ff5721954fad8f2855c204301e59ef0b28a91d8d9bdbaf48cb659b,4,bm25,TF021,preparation,True,False,10,10,23c6ca0d-04bf-4081-b90a-9819029dcd73,3.8351571559906006,False,0.7464999998774147
transfusion-retrieval-v2,sha256:5fc6a9a0d5ff5721954fad8f2855c204301e59ef0b28a91d8d9bdbaf48cb659b,4,bm25,TF022,preparation,True,False,1,1,9552a4ac-31b4-43a8-aa92-37bd3e89362a,10.136932373046875,False,0.9927000010065967
transfusion-retrieval-v2,sha256:5fc6a9a0d5ff5721954fad8f2855c204301e59ef0b28a91d8d9bdbaf48cb659b,4,bm25,TF022,preparation,True,False,3,1,9552a4ac-31b4-43a8-aa92-37bd3e89362a,10.136932373046875,False,0.9927000010065967
transfusion-retrieval-v2,sha256:5fc6a9a0d5ff5721954fad8f2855c204301e59ef0b28a91d8d9bdbaf48cb659b,4,bm25,TF022,preparation,True,False,3,2,84c0a864-176f-4776-a15e-167fc2518e5d,9.774298667907715,False,0.9927000010065967
transfusion-retrieval-v2,sha256:5fc6a9a0d5ff5721954fad8f2855c204301e59ef0b28a91d8d9bdbaf48cb659b,4,bm25,TF022,preparation,True,False,3,3,74c0eabe-77c7-4dbf-a321-27966a12fafb,8.958414077758789,False,0.9927000010065967
transfusion-retrieval-v2,sha256:5fc6a9a0d5ff5721954fad8f2855c204301e59ef0b28a91d8d9bdbaf48cb659b,4,bm25,TF022,preparation,True,False,5,1,9552a4ac-31b4-43a8-aa92-37bd3e89362a,10.136932373046875,False,0.9927000010065967
transfusion-retrieval-v2,sha256:5fc6a9a0d5ff5721954fad8f2855c204301e59ef0b28a91d8d9bdbaf48cb659b,4,bm25,TF022,preparation,True,False,5,2,84c0a864-176f-4776-a15e-167fc2518e5d,9.774298667907715,False,0.9927000010065967
transfusion-retrieval-v2,sha256:5fc6a9a0d5ff5721954fad8f2855c204301e59ef0b28a91d8d9bdbaf48cb659b,4,bm25,TF022,preparation,True,False,5,3,74c0eabe-77c7-4dbf-a321-27966a12fafb,8.958414077758789,False,0.9927000010065967
transfusion-retrieval-v2,sha256:5fc6a9a0d5ff5721954fad8f2855c204301e59ef0b28a91d8d9bdbaf48cb659b,4,bm25,TF022,preparation,True,False,5,4,36bac780-b1a2-42dc-8cca-3605f80c5521,5.997069358825684,False,0.9927000010065967
transfusion-retrieval-v2,sha256:5fc6a9a0d5ff5721954fad8f2855c204301e59ef0b28a91d8d9bdbaf48cb659b,4,bm25,TF022,preparation,True,False,5,5,7e5199d4-e5c9-40ca-a69f-ea37f52c6ce3,5.834932804107666,False,0.9927000010065967
transfusion-retrieval-v2,sha256:5fc6a9a0d5ff5721954fad8f2855c204301e59ef0b28a91d8d9bdbaf48cb659b,4,bm25,TF022,preparation,True,False,10,1,9552a4ac-31b4-43a8-aa92-37bd3e89362a,10.136932373046875,False,0.9927000010065967
transfusion-retrieval-v2,sha256:5fc6a9a0d5ff5721954fad8f2855c204301e59ef0b28a91d8d9bdbaf48cb659b,4,bm25,TF022,preparation,True,False,10,2,84c0a864-176f-4776-a15e-167fc2518e5d,9.774298667907715,False,0.9927000010065967
transfusion-retrieval-v2,sha256:5fc6a9a0d5ff5721954fad8f2855c204301e59ef0b28a91d8d9bdbaf48cb659b,4,bm25,TF022,preparation,True,False,10,3,74c0eabe-77c7-4dbf-a321-27966a12fafb,8.958414077758789,False,0.9927000010065967
transfusion-retrieval-v2,sha256:5fc6a9a0d5ff5721954fad8f2855c204301e59ef0b28a91d8d9bdbaf48cb659b,4,bm25,TF022,preparation,True,False,10,4,36bac780-b1a2-42dc-8cca-3605f80c5521,5.997069358825684,False,0.9927000010065967
transfusion-retrieval-v2,sha256:5fc6a9a0d5ff5721954fad8f2855c204301e59ef0b28a91d8d9bdbaf48cb659b,4,bm25,TF022,preparation,True,False,10,5,7e5199d4-e5c9-40ca-a69f-ea37f52c6ce3,5.834932804107666,False,0.9927000010065967
transfusion-retrieval-v2,sha256:5fc6a9a0d5ff5721954fad8f2855c204301e59ef0b28a91d8d9bdbaf48cb659b,4,bm25,TF022,preparation,True,False,10,6,8f3ed830-3a06-41c6-8b06-cfcf6d36a83c,5.681777000427246,False,0.9927000010065967
transfusion-retrieval-v2,sha256:5fc6a9a0d5ff5721954fad8f2855c204301e59ef0b28a91d8d9bdbaf48cb659b,4,bm25,TF022,preparation,True,False,10,7,b0d368a1-d0fc-4b8b-8567-e190cf462986,5.508952617645264,False,0.9927000010065967
transfusion-retrieval-v2,sha256:5fc6a9a0d5ff5721954fad8f2855c204301e59ef0b28a91d8d9bdbaf48cb659b,4,bm25,TF022,preparation,True,False,10,8,6ffcd319-e868-444b-b6fe-8d192a4de3ff,4.947652339935303,True,0.9927000010065967
transfusion-retrieval-v2,sha256:5fc6a9a0d5ff5721954fad8f2855c204301e59ef0b28a91d8d9bdbaf48cb659b,4,bm25,TF022,preparation,True,False,10,9,eda54b74-cd2f-4808-8175-bcc5b916ce90,4.89924955368042,False,0.9927000010065967
transfusion-retrieval-v2,sha256:5fc6a9a0d5ff5721954fad8f2855c204301e59ef0b28a91d8d9bdbaf48cb659b,4,bm25,TF022,preparation,True,False,10,10,a7cf71a5-8426-4d7c-8106-e0754e7cb4bf,4.116937637329102,False,0.9927000010065967
transfusion-retrieval-v2,sha256:5fc6a9a0d5ff5721954fad8f2855c204301e59ef0b28a91d8d9bdbaf48cb659b,4,bm25,TF023,temporal,True,True,1,1,f7a9837d-f8db-4461-abd8-a3607db2276f,8.460973739624023,False,0.6066000005375827
transfusion-retrieval-v2,sha256:5fc6a9a0d5ff5721954fad8f2855c204301e59ef0b28a91d8d9bdbaf48cb659b,4,bm25,TF023,temporal,True,True,3,1,f7a9837d-f8db-4461-abd8-a3607db2276f,8.460973739624023,False,0.6066000005375827
transfusion-retrieval-v2,sha256:5fc6a9a0d5ff5721954fad8f2855c204301e59ef0b28a91d8d9bdbaf48cb659b,4,bm25,TF023,temporal,True,True,3,2,b66e5419-8a9c-47f4-866d-ebdb95b174b2,7.0815043449401855,False,0.6066000005375827
transfusion-retrieval-v2,sha256:5fc6a9a0d5ff5721954fad8f2855c204301e59ef0b28a91d8d9bdbaf48cb659b,4,bm25,TF023,temporal,True,True,3,3,c404e320-0bf2-4325-be92-7a0614f201ca,1.8160502910614014,True,0.6066000005375827
transfusion-retrieval-v2,sha256:5fc6a9a0d5ff5721954fad8f2855c204301e59ef0b28a91d8d9bdbaf48cb659b,4,bm25,TF023,temporal,True,True,5,1,f7a9837d-f8db-4461-abd8-a3607db2276f,8.460973739624023,False,0.6066000005375827
transfusion-retrieval-v2,sha256:5fc6a9a0d5ff5721954fad8f2855c204301e59ef0b28a91d8d9bdbaf48cb659b,4,bm25,TF023,temporal,True,True,5,2,b66e5419-8a9c-47f4-866d-ebdb95b174b2,7.0815043449401855,False,0.6066000005375827
transfusion-retrieval-v2,sha256:5fc6a9a0d5ff5721954fad8f2855c204301e59ef0b28a91d8d9bdbaf48cb659b,4,bm25,TF023,temporal,True,True,5,3,c404e320-0bf2-4325-be92-7a0614f201ca,1.8160502910614014,True,0.6066000005375827
transfusion-retrieval-v2,sha256:5fc6a9a0d5ff5721954fad8f2855c204301e59ef0b28a91d8d9bdbaf48cb659b,4,bm25,TF023,temporal,True,True,5,4,73735f01-c9d0-4dd5-8d46-c70045e4b334,1.6709109544754028,False,0.6066000005375827
transfusion-retrieval-v2,sha256:5fc6a9a0d5ff5721954fad8f2855c204301e59ef0b28a91d8d9bdbaf48cb659b,4,bm25,TF023,temporal,True,True,5,5,b0d368a1-d0fc-4b8b-8567-e190cf462986,1.4178316593170166,False,0.6066000005375827
transfusion-retrieval-v2,sha256:5fc6a9a0d5ff5721954fad8f2855c204301e59ef0b28a91d8d9bdbaf48cb659b,4,bm25,TF023,temporal,True,True,10,1,f7a9837d-f8db-4461-abd8-a3607db2276f,8.460973739624023,False,0.6066000005375827
transfusion-retrieval-v2,sha256:5fc6a9a0d5ff5721954fad8f2855c204301e59ef0b28a91d8d9bdbaf48cb659b,4,bm25,TF023,temporal,True,True,10,2,b66e5419-8a9c-47f4-866d-ebdb95b174b2,7.0815043449401855,False,0.6066000005375827
transfusion-retrieval-v2,sha256:5fc6a9a0d5ff5721954fad8f2855c204301e59ef0b28a91d8d9bdbaf48cb659b,4,bm25,TF023,temporal,True,True,10,3,c404e320-0bf2-4325-be92-7a0614f201ca,1.8160502910614014,True,0.6066000005375827
transfusion-retrieval-v2,sha256:5fc6a9a0d5ff5721954fad8f2855c204301e59ef0b28a91d8d9bdbaf48cb659b,4,bm25,TF023,temporal,True,True,10,4,73735f01-c9d0-4dd5-8d46-c70045e4b334,1.6709109544754028,False,0.6066000005375827
transfusion-retrieval-v2,sha256:5fc6a9a0d5ff5721954fad8f2855c204301e59ef0b28a91d8d9bdbaf48cb659b,4,bm25,TF023,temporal,True,True,10,5,b0d368a1-d0fc-4b8b-8567-e190cf462986,1.4178316593170166,False,0.6066000005375827
transfusion-retrieval-v2,sha256:5fc6a9a0d5ff5721954fad8f2855c204301e59ef0b28a91d8d9bdbaf48cb659b,4,bm25,TF023,temporal,True,True,10,6,919e93ca-fed9-4dde-b9b8-f870e207a3f3,1.4114233255386353,False,0.6066000005375827
transfusion-retrieval-v2,sha256:5fc6a9a0d5ff5721954fad8f2855c204301e59ef0b28a91d8d9bdbaf48cb659b,4,bm25,TF023,temporal,True,True,10,7,b7876bcb-b1d0-409a-831d-45e59e35a44e,0.8736749887466431,False,0.6066000005375827
transfusion-retrieval-v2,sha256:5fc6a9a0d5ff5721954fad8f2855c204301e59ef0b28a91d8d9bdbaf48cb659b,4,bm25,TF023,temporal,True,True,10,8,16efaa44-1554-4748-8407-48fac0bced94,0.8237892985343933,False,0.6066000005375827
transfusion-retrieval-v2,sha256:5fc6a9a0d5ff5721954fad8f2855c204301e59ef0b28a91d8d9bdbaf48cb659b,4,bm25,TF023,temporal,True,True,10,9,5e7838ae-0b80-4d05-b266-deb52de7b401,0.7666929960250854,False,0.6066000005375827
transfusion-retrieval-v2,sha256:5fc6a9a0d5ff5721954fad8f2855c204301e59ef0b28a91d8d9bdbaf48cb659b,4,bm25,TF023,temporal,True,True,10,10,6ffcd319-e868-444b-b6fe-8d192a4de3ff,0.7619568109512329,False,0.6066000005375827
transfusion-retrieval-v2,sha256:5fc6a9a0d5ff5721954fad8f2855c204301e59ef0b28a91d8d9bdbaf48cb659b,4,bm25,TF024,temporal,True,True,1,1,b10b8f1c-ed17-44ca-8d7c-1a4f19a12c67,1.5606176853179932,False,0.5786999990959885
transfusion-retrieval-v2,sha256:5fc6a9a0d5ff5721954fad8f2855c204301e59ef0b28a91d8d9bdbaf48cb659b,4,bm25,TF024,temporal,True,True,3,1,b10b8f1c-ed17-44ca-8d7c-1a4f19a12c67,1.5606176853179932,False,0.5786999990959885
transfusion-retrieval-v2,sha256:5fc6a9a0d5ff5721954fad8f2855c204301e59ef0b28a91d8d9bdbaf48cb659b,4,bm25,TF024,temporal,True,True,3,2,a3d42ca5-54b5-4b8d-be4e-79337aaab880,1.3263585567474365,False,0.5786999990959885
transfusion-retrieval-v2,sha256:5fc6a9a0d5ff5721954fad8f2855c204301e59ef0b28a91d8d9bdbaf48cb659b,4,bm25,TF024,temporal,True,True,3,3,d3b7d61b-50f0-4b96-a770-785a9f3c3886,1.2342151403427124,False,0.5786999990959885
transfusion-retrieval-v2,sha256:5fc6a9a0d5ff5721954fad8f2855c204301e59ef0b28a91d8d9bdbaf48cb659b,4,bm25,TF024,temporal,True,True,5,1,b10b8f1c-ed17-44ca-8d7c-1a4f19a12c67,1.5606176853179932,False,0.5786999990959885
transfusion-retrieval-v2,sha256:5fc6a9a0d5ff5721954fad8f2855c204301e59ef0b28a91d8d9bdbaf48cb659b,4,bm25,TF024,temporal,True,True,5,2,a3d42ca5-54b5-4b8d-be4e-79337aaab880,1.3263585567474365,False,0.5786999990959885
transfusion-retrieval-v2,sha256:5fc6a9a0d5ff5721954fad8f2855c204301e59ef0b28a91d8d9bdbaf48cb659b,4,bm25,TF024,temporal,True,True,5,3,d3b7d61b-50f0-4b96-a770-785a9f3c3886,1.2342151403427124,False,0.5786999990959885
transfusion-retrieval-v2,sha256:5fc6a9a0d5ff5721954fad8f2855c204301e59ef0b28a91d8d9bdbaf48cb659b,4,bm25,TF024,temporal,True,True,5,4,b7876bcb-b1d0-409a-831d-45e59e35a44e,1.2111810445785522,False,0.5786999990959885
transfusion-retrieval-v2,sha256:5fc6a9a0d5ff5721954fad8f2855c204301e59ef0b28a91d8d9bdbaf48cb659b,4,bm25,TF024,temporal,True,True,5,5,919e93ca-fed9-4dde-b9b8-f870e207a3f3,1.164312720298767,False,0.5786999990959885
transfusion-retrieval-v2,sha256:5fc6a9a0d5ff5721954fad8f2855c204301e59ef0b28a91d8d9bdbaf48cb659b,4,bm25,TF024,temporal,True,True,10,1,b10b8f1c-ed17-44ca-8d7c-1a4f19a12c67,1.5606176853179932,False,0.5786999990959885
transfusion-retrieval-v2,sha256:5fc6a9a0d5ff5721954fad8f2855c204301e59ef0b28a91d8d9bdbaf48cb659b,4,bm25,TF024,temporal,True,True,10,2,a3d42ca5-54b5-4b8d-be4e-79337aaab880,1.3263585567474365,False,0.5786999990959885
transfusion-retrieval-v2,sha256:5fc6a9a0d5ff5721954fad8f2855c204301e59ef0b28a91d8d9bdbaf48cb659b,4,bm25,TF024,temporal,True,True,10,3,d3b7d61b-50f0-4b96-a770-785a9f3c3886,1.2342151403427124,False,0.5786999990959885
transfusion-retrieval-v2,sha256:5fc6a9a0d5ff5721954fad8f2855c204301e59ef0b28a91d8d9bdbaf48cb659b,4,bm25,TF024,temporal,True,True,10,4,b7876bcb-b1d0-409a-831d-45e59e35a44e,1.2111810445785522,False,0.5786999990959885
transfusion-retrieval-v2,sha256:5fc6a9a0d5ff5721954fad8f2855c204301e59ef0b28a91d8d9bdbaf48cb659b,4,bm25,TF024,temporal,True,True,10,5,919e93ca-fed9-4dde-b9b8-f870e207a3f3,1.164312720298767,False,0.5786999990959885
transfusion-retrieval-v2,sha256:5fc6a9a0d5ff5721954fad8f2855c204301e59ef0b28a91d8d9bdbaf48cb659b,4,bm25,TF024,temporal,True,True,10,6,f9cfc75b-a5e7-4633-a798-4b17ea462325,1.038439154624939,False,0.5786999990959885
transfusion-retrieval-v2,sha256:5fc6a9a0d5ff5721954fad8f2855c204301e59ef0b28a91d8d9bdbaf48cb659b,4,bm25,TF024,temporal,True,True,10,7,15e829a9-a475-429d-b0e3-5c34bfbd3ab7,1.027919888496399,False,0.5786999990959885
transfusion-retrieval-v2,sha256:5fc6a9a0d5ff5721954fad8f2855c204301e59ef0b28a91d8d9bdbaf48cb659b,4,bm25,TF024,temporal,True,True,10,8,b0d368a1-d0fc-4b8b-8567-e190cf462986,0.9320894479751587,False,0.5786999990959885
transfusion-retrieval-v2,sha256:5fc6a9a0d5ff5721954fad8f2855c204301e59ef0b28a91d8d9bdbaf48cb659b,4,bm25,TF024,temporal,True,True,10,9,84c0a864-176f-4776-a15e-167fc2518e5d,0.7427181005477905,False,0.5786999990959885
transfusion-retrieval-v2,sha256:5fc6a9a0d5ff5721954fad8f2855c204301e59ef0b28a91d8d9bdbaf48cb659b,4,bm25,TF024,temporal,True,True,10,10,6ffcd319-e868-444b-b6fe-8d192a4de3ff,0.6127641797065735,False,0.5786999990959885
transfusion-retrieval-v2,sha256:5fc6a9a0d5ff5721954fad8f2855c204301e59ef0b28a91d8d9bdbaf48cb659b,4,bm25,TF025,fact_specific,True,False,1,1,f7a9837d-f8db-4461-abd8-a3607db2276f,10.361422538757324,False,0.6990999991103308
transfusion-retrieval-v2,sha256:5fc6a9a0d5ff5721954fad8f2855c204301e59ef0b28a91d8d9bdbaf48cb659b,4,bm25,TF025,fact_specific,True,False,3,1,f7a9837d-f8db-4461-abd8-a3607db2276f,10.361422538757324,False,0.6990999991103308
transfusion-retrieval-v2,sha256:5fc6a9a0d5ff5721954fad8f2855c204301e59ef0b28a91d8d9bdbaf48cb659b,4,bm25,TF025,fact_specific,True,False,3,2,b0d368a1-d0fc-4b8b-8567-e190cf462986,4.658625602722168,True,0.6990999991103308
transfusion-retrieval-v2,sha256:5fc6a9a0d5ff5721954fad8f2855c204301e59ef0b28a91d8d9bdbaf48cb659b,4,bm25,TF025,fact_specific,True,False,3,3,b7876bcb-b1d0-409a-831d-45e59e35a44e,4.509583473205566,False,0.6990999991103308
transfusion-retrieval-v2,sha256:5fc6a9a0d5ff5721954fad8f2855c204301e59ef0b28a91d8d9bdbaf48cb659b,4,bm25,TF025,fact_specific,True,False,5,1,f7a9837d-f8db-4461-abd8-a3607db2276f,10.361422538757324,False,0.6990999991103308
transfusion-retrieval-v2,sha256:5fc6a9a0d5ff5721954fad8f2855c204301e59ef0b28a91d8d9bdbaf48cb659b,4,bm25,TF025,fact_specific,True,False,5,2,b0d368a1-d0fc-4b8b-8567-e190cf462986,4.658625602722168,True,0.6990999991103308
transfusion-retrieval-v2,sha256:5fc6a9a0d5ff5721954fad8f2855c204301e59ef0b28a91d8d9bdbaf48cb659b,4,bm25,TF025,fact_specific,True,False,5,3,b7876bcb-b1d0-409a-831d-45e59e35a44e,4.509583473205566,False,0.6990999991103308
transfusion-retrieval-v2,sha256:5fc6a9a0d5ff5721954fad8f2855c204301e59ef0b28a91d8d9bdbaf48cb659b,4,bm25,TF025,fact_specific,True,False,5,4,919e93ca-fed9-4dde-b9b8-f870e207a3f3,4.350883483886719,True,0.6990999991103308
transfusion-retrieval-v2,sha256:5fc6a9a0d5ff5721954fad8f2855c204301e59ef0b28a91d8d9bdbaf48cb659b,4,bm25,TF025,fact_specific,True,False,5,5,73735f01-c9d0-4dd5-8d46-c70045e4b334,4.134036540985107,False,0.6990999991103308
transfusion-retrieval-v2,sha256:5fc6a9a0d5ff5721954fad8f2855c204301e59ef0b28a91d8d9bdbaf48cb659b,4,bm25,TF025,fact_specific,True,False,10,1,f7a9837d-f8db-4461-abd8-a3607db2276f,10.361422538757324,False,0.6990999991103308
transfusion-retrieval-v2,sha256:5fc6a9a0d5ff5721954fad8f2855c204301e59ef0b28a91d8d9bdbaf48cb659b,4,bm25,TF025,fact_specific,True,False,10,2,b0d368a1-d0fc-4b8b-8567-e190cf462986,4.658625602722168,True,0.6990999991103308
transfusion-retrieval-v2,sha256:5fc6a9a0d5ff5721954fad8f2855c204301e59ef0b28a91d8d9bdbaf48cb659b,4,bm25,TF025,fact_specific,True,False,10,3,b7876bcb-b1d0-409a-831d-45e59e35a44e,4.509583473205566,False,0.6990999991103308
transfusion-retrieval-v2,sha256:5fc6a9a0d5ff5721954fad8f2855c204301e59ef0b28a91d8d9bdbaf48cb659b,4,bm25,TF025,fact_specific,True,False,10,4,919e93ca-fed9-4dde-b9b8-f870e207a3f3,4.350883483886719,True,0.6990999991103308
transfusion-retrieval-v2,sha256:5fc6a9a0d5ff5721954fad8f2855c204301e59ef0b28a91d8d9bdbaf48cb659b,4,bm25,TF025,fact_specific,True,False,10,5,73735f01-c9d0-4dd5-8d46-c70045e4b334,4.134036540985107,False,0.6990999991103308
transfusion-retrieval-v2,sha256:5fc6a9a0d5ff5721954fad8f2855c204301e59ef0b28a91d8d9bdbaf48cb659b,4,bm25,TF025,fact_specific,True,False,10,6,6ffcd319-e868-444b-b6fe-8d192a4de3ff,3.932936191558838,False,0.6990999991103308
transfusion-retrieval-v2,sha256:5fc6a9a0d5ff5721954fad8f2855c204301e59ef0b28a91d8d9bdbaf48cb659b,4,bm25,TF025,fact_specific,True,False,10,7,74c0eabe-77c7-4dbf-a321-27966a12fafb,3.925515651702881,False,0.6990999991103308
transfusion-retrieval-v2,sha256:5fc6a9a0d5ff5721954fad8f2855c204301e59ef0b28a91d8d9bdbaf48cb659b,4,bm25,TF025,fact_specific,True,False,10,8,16efaa44-1554-4748-8407-48fac0bced94,3.5561554431915283,False,0.6990999991103308
transfusion-retrieval-v2,sha256:5fc6a9a0d5ff5721954fad8f2855c204301e59ef0b28a91d8d9bdbaf48cb659b,4,bm25,TF025,fact_specific,True,False,10,9,cfff9bf0-05e4-4179-a793-f3c705d04812,3.2247838973999023,False,0.6990999991103308
transfusion-retrieval-v2,sha256:5fc6a9a0d5ff5721954fad8f2855c204301e59ef0b28a91d8d9bdbaf48cb659b,4,bm25,TF025,fact_specific,True,False,10,10,22e6c188-2e4c-4029-b200-7770a3f00e6e,2.7293875217437744,False,0.6990999991103308
transfusion-retrieval-v2,sha256:5fc6a9a0d5ff5721954fad8f2855c204301e59ef0b28a91d8d9bdbaf48cb659b,4,bm25,TF026,fact_specific,True,False,1,1,b7876bcb-b1d0-409a-831d-45e59e35a44e,12.085391998291016,True,0.7366999998339452
transfusion-retrieval-v2,sha256:5fc6a9a0d5ff5721954fad8f2855c204301e59ef0b28a91d8d9bdbaf48cb659b,4,bm25,TF026,fact_specific,True,False,3,1,b7876bcb-b1d0-409a-831d-45e59e35a44e,12.085391998291016,True,0.7366999998339452
transfusion-retrieval-v2,sha256:5fc6a9a0d5ff5721954fad8f2855c204301e59ef0b28a91d8d9bdbaf48cb659b,4,bm25,TF026,fact_specific,True,False,3,2,919e93ca-fed9-4dde-b9b8-f870e207a3f3,10.648041725158691,False,0.7366999998339452
transfusion-retrieval-v2,sha256:5fc6a9a0d5ff5721954fad8f2855c204301e59ef0b28a91d8d9bdbaf48cb659b,4,bm25,TF026,fact_specific,True,False,3,3,16efaa44-1554-4748-8407-48fac0bced94,9.473323822021484,False,0.7366999998339452
transfusion-retrieval-v2,sha256:5fc6a9a0d5ff5721954fad8f2855c204301e59ef0b28a91d8d9bdbaf48cb659b,4,bm25,TF026,fact_specific,True,False,5,1,b7876bcb-b1d0-409a-831d-45e59e35a44e,12.085391998291016,True,0.7366999998339452
transfusion-retrieval-v2,sha256:5fc6a9a0d5ff5721954fad8f2855c204301e59ef0b28a91d8d9bdbaf48cb659b,4,bm25,TF026,fact_specific,True,False,5,2,919e93ca-fed9-4dde-b9b8-f870e207a3f3,10.648041725158691,False,0.7366999998339452
transfusion-retrieval-v2,sha256:5fc6a9a0d5ff5721954fad8f2855c204301e59ef0b28a91d8d9bdbaf48cb659b,4,bm25,TF026,fact_specific,True,False,5,3,16efaa44-1554-4748-8407-48fac0bced94,9.473323822021484,False,0.7366999998339452
transfusion-retrieval-v2,sha256:5fc6a9a0d5ff5721954fad8f2855c204301e59ef0b28a91d8d9bdbaf48cb659b,4,bm25,TF026,fact_specific,True,False,5,4,74c0eabe-77c7-4dbf-a321-27966a12fafb,7.7976861000061035,False,0.7366999998339452
transfusion-retrieval-v2,sha256:5fc6a9a0d5ff5721954fad8f2855c204301e59ef0b28a91d8d9bdbaf48cb659b,4,bm25,TF026,fact_specific,True,False,5,5,b0d368a1-d0fc-4b8b-8567-e190cf462986,7.680944442749023,False,0.7366999998339452
transfusion-retrieval-v2,sha256:5fc6a9a0d5ff5721954fad8f2855c204301e59ef0b28a91d8d9bdbaf48cb659b,4,bm25,TF026,fact_specific,True,False,10,1,b7876bcb-b1d0-409a-831d-45e59e35a44e,12.085391998291016,True,0.7366999998339452
transfusion-retrieval-v2,sha256:5fc6a9a0d5ff5721954fad8f2855c204301e59ef0b28a91d8d9bdbaf48cb659b,4,bm25,TF026,fact_specific,True,False,10,2,919e93ca-fed9-4dde-b9b8-f870e207a3f3,10.648041725158691,False,0.7366999998339452
transfusion-retrieval-v2,sha256:5fc6a9a0d5ff5721954fad8f2855c204301e59ef0b28a91d8d9bdbaf48cb659b,4,bm25,TF026,fact_specific,True,False,10,3,16efaa44-1554-4748-8407-48fac0bced94,9.473323822021484,False,0.7366999998339452
transfusion-retrieval-v2,sha256:5fc6a9a0d5ff5721954fad8f2855c204301e59ef0b28a91d8d9bdbaf48cb659b,4,bm25,TF026,fact_specific,True,False,10,4,74c0eabe-77c7-4dbf-a321-27966a12fafb,7.7976861000061035,False,0.7366999998339452
transfusion-retrieval-v2,sha256:5fc6a9a0d5ff5721954fad8f2855c204301e59ef0b28a91d8d9bdbaf48cb659b,4,bm25,TF026,fact_specific,True,False,10,5,b0d368a1-d0fc-4b8b-8567-e190cf462986,7.680944442749023,False,0.7366999998339452
transfusion-retrieval-v2,sha256:5fc6a9a0d5ff5721954fad8f2855c204301e59ef0b28a91d8d9bdbaf48cb659b,4,bm25,TF026,fact_specific,True,False,10,6,6ffcd319-e868-444b-b6fe-8d192a4de3ff,7.129397869110107,False,0.7366999998339452
transfusion-retrieval-v2,sha256:5fc6a9a0d5ff5721954fad8f2855c204301e59ef0b28a91d8d9bdbaf48cb659b,4,bm25,TF026,fact_specific,True,False,10,7,9552a4ac-31b4-43a8-aa92-37bd3e89362a,6.16940975189209,False,0.7366999998339452
transfusion-retrieval-v2,sha256:5fc6a9a0d5ff5721954fad8f2855c204301e59ef0b28a91d8d9bdbaf48cb659b,4,bm25,TF026,fact_specific,True,False,10,8,84c0a864-176f-4776-a15e-167fc2518e5d,5.551422595977783,False,0.7366999998339452
transfusion-retrieval-v2,sha256:5fc6a9a0d5ff5721954fad8f2855c204301e59ef0b28a91d8d9bdbaf48cb659b,4,bm25,TF026,fact_specific,True,False,10,9,f7a9837d-f8db-4461-abd8-a3607db2276f,5.268797874450684,False,0.7366999998339452
transfusion-retrieval-v2,sha256:5fc6a9a0d5ff5721954fad8f2855c204301e59ef0b28a91d8d9bdbaf48cb659b,4,bm25,TF026,fact_specific,True,False,10,10,73735f01-c9d0-4dd5-8d46-c70045e4b334,4.554635524749756,False,0.7366999998339452
transfusion-retrieval-v2,sha256:5fc6a9a0d5ff5721954fad8f2855c204301e59ef0b28a91d8d9bdbaf48cb659b,4,bm25,TF027,procedure,True,True,1,1,3abbb958-eafe-4ffe-bcfc-dafa7349c15c,6.537220001220703,False,0.7687000015721424
transfusion-retrieval-v2,sha256:5fc6a9a0d5ff5721954fad8f2855c204301e59ef0b28a91d8d9bdbaf48cb659b,4,bm25,TF027,procedure,True,True,3,1,3abbb958-eafe-4ffe-bcfc-dafa7349c15c,6.537220001220703,False,0.7687000015721424
transfusion-retrieval-v2,sha256:5fc6a9a0d5ff5721954fad8f2855c204301e59ef0b28a91d8d9bdbaf48cb659b,4,bm25,TF027,procedure,True,True,3,2,eda54b74-cd2f-4808-8175-bcc5b916ce90,5.900103569030762,False,0.7687000015721424
transfusion-retrieval-v2,sha256:5fc6a9a0d5ff5721954fad8f2855c204301e59ef0b28a91d8d9bdbaf48cb659b,4,bm25,TF027,procedure,True,True,3,3,7adacb8c-91c0-4ea7-8d82-7505eeac5042,5.830830097198486,False,0.7687000015721424
transfusion-retrieval-v2,sha256:5fc6a9a0d5ff5721954fad8f2855c204301e59ef0b28a91d8d9bdbaf48cb659b,4,bm25,TF027,procedure,True,True,5,1,3abbb958-eafe-4ffe-bcfc-dafa7349c15c,6.537220001220703,False,0.7687000015721424
transfusion-retrieval-v2,sha256:5fc6a9a0d5ff5721954fad8f2855c204301e59ef0b28a91d8d9bdbaf48cb659b,4,bm25,TF027,procedure,True,True,5,2,eda54b74-cd2f-4808-8175-bcc5b916ce90,5.900103569030762,False,0.7687000015721424
transfusion-retrieval-v2,sha256:5fc6a9a0d5ff5721954fad8f2855c204301e59ef0b28a91d8d9bdbaf48cb659b,4,bm25,TF027,procedure,True,True,5,3,7adacb8c-91c0-4ea7-8d82-7505eeac5042,5.830830097198486,False,0.7687000015721424
transfusion-retrieval-v2,sha256:5fc6a9a0d5ff5721954fad8f2855c204301e59ef0b28a91d8d9bdbaf48cb659b,4,bm25,TF027,procedure,True,True,5,4,dfb2693a-e821-4d6e-bbcc-0dbf3dc2a2ae,5.8133440017700195,False,0.7687000015721424
transfusion-retrieval-v2,sha256:5fc6a9a0d5ff5721954fad8f2855c204301e59ef0b28a91d8d9bdbaf48cb659b,4,bm25,TF027,procedure,True,True,5,5,22e6c188-2e4c-4029-b200-7770a3f00e6e,5.186156272888184,False,0.7687000015721424
transfusion-retrieval-v2,sha256:5fc6a9a0d5ff5721954fad8f2855c204301e59ef0b28a91d8d9bdbaf48cb659b,4,bm25,TF027,procedure,True,True,10,1,3abbb958-eafe-4ffe-bcfc-dafa7349c15c,6.537220001220703,False,0.7687000015721424
transfusion-retrieval-v2,sha256:5fc6a9a0d5ff5721954fad8f2855c204301e59ef0b28a91d8d9bdbaf48cb659b,4,bm25,TF027,procedure,True,True,10,2,eda54b74-cd2f-4808-8175-bcc5b916ce90,5.900103569030762,False,0.7687000015721424
transfusion-retrieval-v2,sha256:5fc6a9a0d5ff5721954fad8f2855c204301e59ef0b28a91d8d9bdbaf48cb659b,4,bm25,TF027,procedure,True,True,10,3,7adacb8c-91c0-4ea7-8d82-7505eeac5042,5.830830097198486,False,0.7687000015721424
transfusion-retrieval-v2,sha256:5fc6a9a0d5ff5721954fad8f2855c204301e59ef0b28a91d8d9bdbaf48cb659b,4,bm25,TF027,procedure,True,True,10,4,dfb2693a-e821-4d6e-bbcc-0dbf3dc2a2ae,5.8133440017700195,False,0.7687000015721424
transfusion-retrieval-v2,sha256:5fc6a9a0d5ff5721954fad8f2855c204301e59ef0b28a91d8d9bdbaf48cb659b,4,bm25,TF027,procedure,True,True,10,5,22e6c188-2e4c-4029-b200-7770a3f00e6e,5.186156272888184,False,0.7687000015721424
transfusion-retrieval-v2,sha256:5fc6a9a0d5ff5721954fad8f2855c204301e59ef0b28a91d8d9bdbaf48cb659b,4,bm25,TF027,procedure,True,True,10,6,fd678588-5ac2-400d-95c5-3309537781ec,4.4097089767456055,False,0.7687000015721424
transfusion-retrieval-v2,sha256:5fc6a9a0d5ff5721954fad8f2855c204301e59ef0b28a91d8d9bdbaf48cb659b,4,bm25,TF027,procedure,True,True,10,7,fbf62ef9-25b7-437c-98d8-c4934fba0fe6,4.2219672203063965,False,0.7687000015721424
transfusion-retrieval-v2,sha256:5fc6a9a0d5ff5721954fad8f2855c204301e59ef0b28a91d8d9bdbaf48cb659b,4,bm25,TF027,procedure,True,True,10,8,b225ae64-72d2-4e59-81c0-57f5d8438666,4.156677722930908,False,0.7687000015721424
transfusion-retrieval-v2,sha256:5fc6a9a0d5ff5721954fad8f2855c204301e59ef0b28a91d8d9bdbaf48cb659b,4,bm25,TF027,procedure,True,True,10,9,2cea4ea7-7aaf-4c54-ac4e-b660de52065d,3.7989649772644043,False,0.7687000015721424
transfusion-retrieval-v2,sha256:5fc6a9a0d5ff5721954fad8f2855c204301e59ef0b28a91d8d9bdbaf48cb659b,4,bm25,TF027,procedure,True,True,10,10,b66e5419-8a9c-47f4-866d-ebdb95b174b2,3.479185104370117,False,0.7687000015721424
transfusion-retrieval-v2,sha256:5fc6a9a0d5ff5721954fad8f2855c204301e59ef0b28a91d8d9bdbaf48cb659b,4,bm25,TF028,preparation,True,False,1,1,dfb2693a-e821-4d6e-bbcc-0dbf3dc2a2ae,4.276747226715088,False,0.7995000014489051
transfusion-retrieval-v2,sha256:5fc6a9a0d5ff5721954fad8f2855c204301e59ef0b28a91d8d9bdbaf48cb659b,4,bm25,TF028,preparation,True,False,3,1,dfb2693a-e821-4d6e-bbcc-0dbf3dc2a2ae,4.276747226715088,False,0.7995000014489051
transfusion-retrieval-v2,sha256:5fc6a9a0d5ff5721954fad8f2855c204301e59ef0b28a91d8d9bdbaf48cb659b,4,bm25,TF028,preparation,True,False,3,2,2cea4ea7-7aaf-4c54-ac4e-b660de52065d,4.030678749084473,False,0.7995000014489051
transfusion-retrieval-v2,sha256:5fc6a9a0d5ff5721954fad8f2855c204301e59ef0b28a91d8d9bdbaf48cb659b,4,bm25,TF028,preparation,True,False,3,3,fbf62ef9-25b7-437c-98d8-c4934fba0fe6,3.7905306816101074,False,0.7995000014489051
transfusion-retrieval-v2,sha256:5fc6a9a0d5ff5721954fad8f2855c204301e59ef0b28a91d8d9bdbaf48cb659b,4,bm25,TF028,preparation,True,False,5,1,dfb2693a-e821-4d6e-bbcc-0dbf3dc2a2ae,4.276747226715088,False,0.7995000014489051
transfusion-retrieval-v2,sha256:5fc6a9a0d5ff5721954fad8f2855c204301e59ef0b28a91d8d9bdbaf48cb659b,4,bm25,TF028,preparation,True,False,5,2,2cea4ea7-7aaf-4c54-ac4e-b660de52065d,4.030678749084473,False,0.7995000014489051
transfusion-retrieval-v2,sha256:5fc6a9a0d5ff5721954fad8f2855c204301e59ef0b28a91d8d9bdbaf48cb659b,4,bm25,TF028,preparation,True,False,5,3,fbf62ef9-25b7-437c-98d8-c4934fba0fe6,3.7905306816101074,False,0.7995000014489051
transfusion-retrieval-v2,sha256:5fc6a9a0d5ff5721954fad8f2855c204301e59ef0b28a91d8d9bdbaf48cb659b,4,bm25,TF028,preparation,True,False,5,4,9131e9a9-eff3-4f4e-a20b-4bdd456c35bc,3.7254445552825928,False,0.7995000014489051
transfusion-retrieval-v2,sha256:5fc6a9a0d5ff5721954fad8f2855c204301e59ef0b28a91d8d9bdbaf48cb659b,4,bm25,TF028,preparation,True,False,5,5,3abbb958-eafe-4ffe-bcfc-dafa7349c15c,3.629601240158081,False,0.7995000014489051
transfusion-retrieval-v2,sha256:5fc6a9a0d5ff5721954fad8f2855c204301e59ef0b28a91d8d9bdbaf48cb659b,4,bm25,TF028,preparation,True,False,10,1,dfb2693a-e821-4d6e-bbcc-0dbf3dc2a2ae,4.276747226715088,False,0.7995000014489051
transfusion-retrieval-v2,sha256:5fc6a9a0d5ff5721954fad8f2855c204301e59ef0b28a91d8d9bdbaf48cb659b,4,bm25,TF028,preparation,True,False,10,2,2cea4ea7-7aaf-4c54-ac4e-b660de52065d,4.030678749084473,False,0.7995000014489051
transfusion-retrieval-v2,sha256:5fc6a9a0d5ff5721954fad8f2855c204301e59ef0b28a91d8d9bdbaf48cb659b,4,bm25,TF028,preparation,True,False,10,3,fbf62ef9-25b7-437c-98d8-c4934fba0fe6,3.7905306816101074,False,0.7995000014489051
transfusion-retrieval-v2,sha256:5fc6a9a0d5ff5721954fad8f2855c204301e59ef0b28a91d8d9bdbaf48cb659b,4,bm25,TF028,preparation,True,False,10,4,9131e9a9-eff3-4f4e-a20b-4bdd456c35bc,3.7254445552825928,False,0.7995000014489051
transfusion-retrieval-v2,sha256:5fc6a9a0d5ff5721954fad8f2855c204301e59ef0b28a91d8d9bdbaf48cb659b,4,bm25,TF028,preparation,True,False,10,5,3abbb958-eafe-4ffe-bcfc-dafa7349c15c,3.629601240158081,False,0.7995000014489051
transfusion-retrieval-v2,sha256:5fc6a9a0d5ff5721954fad8f2855c204301e59ef0b28a91d8d9bdbaf48cb659b,4,bm25,TF028,preparation,True,False,10,6,d3b7d61b-50f0-4b96-a770-785a9f3c3886,3.241227149963379,False,0.7995000014489051
transfusion-retrieval-v2,sha256:5fc6a9a0d5ff5721954fad8f2855c204301e59ef0b28a91d8d9bdbaf48cb659b,4,bm25,TF028,preparation,True,False,10,7,eda54b74-cd2f-4808-8175-bcc5b916ce90,3.065423011779785,True,0.7995000014489051
transfusion-retrieval-v2,sha256:5fc6a9a0d5ff5721954fad8f2855c204301e59ef0b28a91d8d9bdbaf48cb659b,4,bm25,TF028,preparation,True,False,10,8,7adacb8c-91c0-4ea7-8d82-7505eeac5042,2.9845499992370605,False,0.7995000014489051
transfusion-retrieval-v2,sha256:5fc6a9a0d5ff5721954fad8f2855c204301e59ef0b28a91d8d9bdbaf48cb659b,4,bm25,TF028,preparation,True,False,10,9,bc88f538-e881-4c81-85e9-fca20614315d,2.961879253387451,False,0.7995000014489051
transfusion-retrieval-v2,sha256:5fc6a9a0d5ff5721954fad8f2855c204301e59ef0b28a91d8d9bdbaf48cb659b,4,bm25,TF028,preparation,True,False,10,10,21efe016-3004-45f3-a070-29ce2ecb0019,2.884079694747925,False,0.7995000014489051
transfusion-retrieval-v2,sha256:5fc6a9a0d5ff5721954fad8f2855c204301e59ef0b28a91d8d9bdbaf48cb659b,4,bm25,TF029,preparation,True,False,1,1,7e5199d4-e5c9-40ca-a69f-ea37f52c6ce3,10.472630500793457,False,0.8651000007375842
transfusion-retrieval-v2,sha256:5fc6a9a0d5ff5721954fad8f2855c204301e59ef0b28a91d8d9bdbaf48cb659b,4,bm25,TF029,preparation,True,False,3,1,7e5199d4-e5c9-40ca-a69f-ea37f52c6ce3,10.472630500793457,False,0.8651000007375842
transfusion-retrieval-v2,sha256:5fc6a9a0d5ff5721954fad8f2855c204301e59ef0b28a91d8d9bdbaf48cb659b,4,bm25,TF029,preparation,True,False,3,2,9552a4ac-31b4-43a8-aa92-37bd3e89362a,9.223620414733887,False,0.8651000007375842
transfusion-retrieval-v2,sha256:5fc6a9a0d5ff5721954fad8f2855c204301e59ef0b28a91d8d9bdbaf48cb659b,4,bm25,TF029,preparation,True,False,3,3,36bac780-b1a2-42dc-8cca-3605f80c5521,9.049737930297852,True,0.8651000007375842
transfusion-retrieval-v2,sha256:5fc6a9a0d5ff5721954fad8f2855c204301e59ef0b28a91d8d9bdbaf48cb659b,4,bm25,TF029,preparation,True,False,5,1,7e5199d4-e5c9-40ca-a69f-ea37f52c6ce3,10.472630500793457,False,0.8651000007375842
transfusion-retrieval-v2,sha256:5fc6a9a0d5ff5721954fad8f2855c204301e59ef0b28a91d8d9bdbaf48cb659b,4,bm25,TF029,preparation,True,False,5,2,9552a4ac-31b4-43a8-aa92-37bd3e89362a,9.223620414733887,False,0.8651000007375842
transfusion-retrieval-v2,sha256:5fc6a9a0d5ff5721954fad8f2855c204301e59ef0b28a91d8d9bdbaf48cb659b,4,bm25,TF029,preparation,True,False,5,3,36bac780-b1a2-42dc-8cca-3605f80c5521,9.049737930297852,True,0.8651000007375842
transfusion-retrieval-v2,sha256:5fc6a9a0d5ff5721954fad8f2855c204301e59ef0b28a91d8d9bdbaf48cb659b,4,bm25,TF029,preparation,True,False,5,4,84c0a864-176f-4776-a15e-167fc2518e5d,8.359822273254395,False,0.8651000007375842
transfusion-retrieval-v2,sha256:5fc6a9a0d5ff5721954fad8f2855c204301e59ef0b28a91d8d9bdbaf48cb659b,4,bm25,TF029,preparation,True,False,5,5,98d006ac-5212-4c8c-8a63-4cbd4d6caffc,7.574398040771484,False,0.8651000007375842
transfusion-retrieval-v2,sha256:5fc6a9a0d5ff5721954fad8f2855c204301e59ef0b28a91d8d9bdbaf48cb659b,4,bm25,TF029,preparation,True,False,10,1,7e5199d4-e5c9-40ca-a69f-ea37f52c6ce3,10.472630500793457,False,0.8651000007375842
transfusion-retrieval-v2,sha256:5fc6a9a0d5ff5721954fad8f2855c204301e59ef0b28a91d8d9bdbaf48cb659b,4,bm25,TF029,preparation,True,False,10,2,9552a4ac-31b4-43a8-aa92-37bd3e89362a,9.223620414733887,False,0.8651000007375842
transfusion-retrieval-v2,sha256:5fc6a9a0d5ff5721954fad8f2855c204301e59ef0b28a91d8d9bdbaf48cb659b,4,bm25,TF029,preparation,True,False,10,3,36bac780-b1a2-42dc-8cca-3605f80c5521,9.049737930297852,True,0.8651000007375842
transfusion-retrieval-v2,sha256:5fc6a9a0d5ff5721954fad8f2855c204301e59ef0b28a91d8d9bdbaf48cb659b,4,bm25,TF029,preparation,True,False,10,4,84c0a864-176f-4776-a15e-167fc2518e5d,8.359822273254395,False,0.8651000007375842
transfusion-retrieval-v2,sha256:5fc6a9a0d5ff5721954fad8f2855c204301e59ef0b28a91d8d9bdbaf48cb659b,4,bm25,TF029,preparation,True,False,10,5,98d006ac-5212-4c8c-8a63-4cbd4d6caffc,7.574398040771484,False,0.8651000007375842
transfusion-retrieval-v2,sha256:5fc6a9a0d5ff5721954fad8f2855c204301e59ef0b28a91d8d9bdbaf48cb659b,4,bm25,TF029,preparation,True,False,10,6,8f3ed830-3a06-41c6-8b06-cfcf6d36a83c,3.7762579917907715,False,0.8651000007375842
transfusion-retrieval-v2,sha256:5fc6a9a0d5ff5721954fad8f2855c204301e59ef0b28a91d8d9bdbaf48cb659b,4,bm25,TF029,preparation,True,False,10,7,74c0eabe-77c7-4dbf-a321-27966a12fafb,3.43363356590271,False,0.8651000007375842
transfusion-retrieval-v2,sha256:5fc6a9a0d5ff5721954fad8f2855c204301e59ef0b28a91d8d9bdbaf48cb659b,4,bm25,TF029,preparation,True,False,10,8,48b9789d-5088-4ba1-a82a-be3a6396ce85,3.2934343814849854,False,0.8651000007375842
transfusion-retrieval-v2,sha256:5fc6a9a0d5ff5721954fad8f2855c204301e59ef0b28a91d8d9bdbaf48cb659b,4,bm25,TF029,preparation,True,False,10,9,a7cf71a5-8426-4d7c-8106-e0754e7cb4bf,2.8844263553619385,False,0.8651000007375842
transfusion-retrieval-v2,sha256:5fc6a9a0d5ff5721954fad8f2855c204301e59ef0b28a91d8d9bdbaf48cb659b,4,bm25,TF029,preparation,True,False,10,10,b0b5bc4f-7d0b-4f56-8e37-84178d38637d,2.809976100921631,False,0.8651000007375842
transfusion-retrieval-v2,sha256:5fc6a9a0d5ff5721954fad8f2855c204301e59ef0b28a91d8d9bdbaf48cb659b,4,bm25,TF030,temporal,True,False,1,1,d3b7d61b-50f0-4b96-a770-785a9f3c3886,1.8082045316696167,False,0.7842000013624784
transfusion-retrieval-v2,sha256:5fc6a9a0d5ff5721954fad8f2855c204301e59ef0b28a91d8d9bdbaf48cb659b,4,bm25,TF030,temporal,True,False,3,1,d3b7d61b-50f0-4b96-a770-785a9f3c3886,1.8082045316696167,False,0.7842000013624784
transfusion-retrieval-v2,sha256:5fc6a9a0d5ff5721954fad8f2855c204301e59ef0b28a91d8d9bdbaf48cb659b,4,bm25,TF030,temporal,True,False,3,2,da79aa00-567d-434c-8441-915ac080f918,1.4931167364120483,False,0.7842000013624784
transfusion-retrieval-v2,sha256:5fc6a9a0d5ff5721954fad8f2855c204301e59ef0b28a91d8d9bdbaf48cb659b,4,bm25,TF030,temporal,True,False,3,3,324bc249-0e84-46e9-b77f-856c76cd5353,1.4890623092651367,False,0.7842000013624784
transfusion-retrieval-v2,sha256:5fc6a9a0d5ff5721954fad8f2855c204301e59ef0b28a91d8d9bdbaf48cb659b,4,bm25,TF030,temporal,True,False,5,1,d3b7d61b-50f0-4b96-a770-785a9f3c3886,1.8082045316696167,False,0.7842000013624784
transfusion-retrieval-v2,sha256:5fc6a9a0d5ff5721954fad8f2855c204301e59ef0b28a91d8d9bdbaf48cb659b,4,bm25,TF030,temporal,True,False,5,2,da79aa00-567d-434c-8441-915ac080f918,1.4931167364120483,False,0.7842000013624784
transfusion-retrieval-v2,sha256:5fc6a9a0d5ff5721954fad8f2855c204301e59ef0b28a91d8d9bdbaf48cb659b,4,bm25,TF030,temporal,True,False,5,3,324bc249-0e84-46e9-b77f-856c76cd5353,1.4890623092651367,False,0.7842000013624784
transfusion-retrieval-v2,sha256:5fc6a9a0d5ff5721954fad8f2855c204301e59ef0b28a91d8d9bdbaf48cb659b,4,bm25,TF030,temporal,True,False,5,4,73735f01-c9d0-4dd5-8d46-c70045e4b334,1.3838852643966675,False,0.7842000013624784
transfusion-retrieval-v2,sha256:5fc6a9a0d5ff5721954fad8f2855c204301e59ef0b28a91d8d9bdbaf48cb659b,4,bm25,TF030,temporal,True,False,5,5,b66e5419-8a9c-47f4-866d-ebdb95b174b2,1.3309743404388428,False,0.7842000013624784
transfusion-retrieval-v2,sha256:5fc6a9a0d5ff5721954fad8f2855c204301e59ef0b28a91d8d9bdbaf48cb659b,4,bm25,TF030,temporal,True,False,10,1,d3b7d61b-50f0-4b96-a770-785a9f3c3886,1.8082045316696167,False,0.7842000013624784
transfusion-retrieval-v2,sha256:5fc6a9a0d5ff5721954fad8f2855c204301e59ef0b28a91d8d9bdbaf48cb659b,4,bm25,TF030,temporal,True,False,10,2,da79aa00-567d-434c-8441-915ac080f918,1.4931167364120483,False,0.7842000013624784
transfusion-retrieval-v2,sha256:5fc6a9a0d5ff5721954fad8f2855c204301e59ef0b28a91d8d9bdbaf48cb659b,4,bm25,TF030,temporal,True,False,10,3,324bc249-0e84-46e9-b77f-856c76cd5353,1.4890623092651367,False,0.7842000013624784
transfusion-retrieval-v2,sha256:5fc6a9a0d5ff5721954fad8f2855c204301e59ef0b28a91d8d9bdbaf48cb659b,4,bm25,TF030,temporal,True,False,10,4,73735f01-c9d0-4dd5-8d46-c70045e4b334,1.3838852643966675,False,0.7842000013624784
transfusion-retrieval-v2,sha256:5fc6a9a0d5ff5721954fad8f2855c204301e59ef0b28a91d8d9bdbaf48cb659b,4,bm25,TF030,temporal,True,False,10,5,b66e5419-8a9c-47f4-866d-ebdb95b174b2,1.3309743404388428,False,0.7842000013624784
transfusion-retrieval-v2,sha256:5fc6a9a0d5ff5721954fad8f2855c204301e59ef0b28a91d8d9bdbaf48cb659b,4,bm25,TF030,temporal,True,False,10,6,3ecc27b9-634c-4026-b44e-e01123aa0467,1.312160849571228,False,0.7842000013624784
transfusion-retrieval-v2,sha256:5fc6a9a0d5ff5721954fad8f2855c204301e59ef0b28a91d8d9bdbaf48cb659b,4,bm25,TF030,temporal,True,False,10,7,df699ccc-6f51-4281-b4a4-f3d2a20631e0,1.3037042617797852,False,0.7842000013624784
transfusion-retrieval-v2,sha256:5fc6a9a0d5ff5721954fad8f2855c204301e59ef0b28a91d8d9bdbaf48cb659b,4,bm25,TF030,temporal,True,False,10,8,1033ac46-dec8-493e-b577-7f5ad80f8e86,1.2829042673110962,False,0.7842000013624784
transfusion-retrieval-v2,sha256:5fc6a9a0d5ff5721954fad8f2855c204301e59ef0b28a91d8d9bdbaf48cb659b,4,bm25,TF030,temporal,True,False,10,9,dfb2693a-e821-4d6e-bbcc-0dbf3dc2a2ae,1.1329067945480347,False,0.7842000013624784
transfusion-retrieval-v2,sha256:5fc6a9a0d5ff5721954fad8f2855c204301e59ef0b28a91d8d9bdbaf48cb659b,4,bm25,TF030,temporal,True,False,10,10,f9eb1471-4566-4c09-a18e-9f3d84a47e9c,1.0969891548156738,False,0.7842000013624784
transfusion-retrieval-v2,sha256:5fc6a9a0d5ff5721954fad8f2855c204301e59ef0b28a91d8d9bdbaf48cb659b,4,bm25,TF031,procedure,True,False,1,1,9b6cc313-9a59-4387-a5ce-2ed14389a0a7,5.570441722869873,False,0.9088999995583436
transfusion-retrieval-v2,sha256:5fc6a9a0d5ff5721954fad8f2855c204301e59ef0b28a91d8d9bdbaf48cb659b,4,bm25,TF031,procedure,True,False,3,1,9b6cc313-9a59-4387-a5ce-2ed14389a0a7,5.570441722869873,False,0.9088999995583436
transfusion-retrieval-v2,sha256:5fc6a9a0d5ff5721954fad8f2855c204301e59ef0b28a91d8d9bdbaf48cb659b,4,bm25,TF031,procedure,True,False,3,2,f9cfc75b-a5e7-4633-a798-4b17ea462325,5.496945858001709,False,0.9088999995583436
transfusion-retrieval-v2,sha256:5fc6a9a0d5ff5721954fad8f2855c204301e59ef0b28a91d8d9bdbaf48cb659b,4,bm25,TF031,procedure,True,False,3,3,5de4d74d-720e-4d86-a836-f946d70a2d32,5.293661594390869,True,0.9088999995583436
transfusion-retrieval-v2,sha256:5fc6a9a0d5ff5721954fad8f2855c204301e59ef0b28a91d8d9bdbaf48cb659b,4,bm25,TF031,procedure,True,False,5,1,9b6cc313-9a59-4387-a5ce-2ed14389a0a7,5.570441722869873,False,0.9088999995583436
transfusion-retrieval-v2,sha256:5fc6a9a0d5ff5721954fad8f2855c204301e59ef0b28a91d8d9bdbaf48cb659b,4,bm25,TF031,procedure,True,False,5,2,f9cfc75b-a5e7-4633-a798-4b17ea462325,5.496945858001709,False,0.9088999995583436
transfusion-retrieval-v2,sha256:5fc6a9a0d5ff5721954fad8f2855c204301e59ef0b28a91d8d9bdbaf48cb659b,4,bm25,TF031,procedure,True,False,5,3,5de4d74d-720e-4d86-a836-f946d70a2d32,5.293661594390869,True,0.9088999995583436
transfusion-retrieval-v2,sha256:5fc6a9a0d5ff5721954fad8f2855c204301e59ef0b28a91d8d9bdbaf48cb659b,4,bm25,TF031,procedure,True,False,5,4,c404e320-0bf2-4325-be92-7a0614f201ca,5.21891450881958,False,0.9088999995583436
transfusion-retrieval-v2,sha256:5fc6a9a0d5ff5721954fad8f2855c204301e59ef0b28a91d8d9bdbaf48cb659b,4,bm25,TF031,procedure,True,False,5,5,59d57c8a-c9d7-4f8d-b9a1-a2816f1f01f7,4.6752777099609375,False,0.9088999995583436
transfusion-retrieval-v2,sha256:5fc6a9a0d5ff5721954fad8f2855c204301e59ef0b28a91d8d9bdbaf48cb659b,4,bm25,TF031,procedure,True,False,10,1,9b6cc313-9a59-4387-a5ce-2ed14389a0a7,5.570441722869873,False,0.9088999995583436
transfusion-retrieval-v2,sha256:5fc6a9a0d5ff5721954fad8f2855c204301e59ef0b28a91d8d9bdbaf48cb659b,4,bm25,TF031,procedure,True,False,10,2,f9cfc75b-a5e7-4633-a798-4b17ea462325,5.496945858001709,False,0.9088999995583436
transfusion-retrieval-v2,sha256:5fc6a9a0d5ff5721954fad8f2855c204301e59ef0b28a91d8d9bdbaf48cb659b,4,bm25,TF031,procedure,True,False,10,3,5de4d74d-720e-4d86-a836-f946d70a2d32,5.293661594390869,True,0.9088999995583436
transfusion-retrieval-v2,sha256:5fc6a9a0d5ff5721954fad8f2855c204301e59ef0b28a91d8d9bdbaf48cb659b,4,bm25,TF031,procedure,True,False,10,4,c404e320-0bf2-4325-be92-7a0614f201ca,5.21891450881958,False,0.9088999995583436
transfusion-retrieval-v2,sha256:5fc6a9a0d5ff5721954fad8f2855c204301e59ef0b28a91d8d9bdbaf48cb659b,4,bm25,TF031,procedure,True,False,10,5,59d57c8a-c9d7-4f8d-b9a1-a2816f1f01f7,4.6752777099609375,False,0.9088999995583436
transfusion-retrieval-v2,sha256:5fc6a9a0d5ff5721954fad8f2855c204301e59ef0b28a91d8d9bdbaf48cb659b,4,bm25,TF031,procedure,True,False,10,6,3ecc27b9-634c-4026-b44e-e01123aa0467,4.455740451812744,False,0.9088999995583436
transfusion-retrieval-v2,sha256:5fc6a9a0d5ff5721954fad8f2855c204301e59ef0b28a91d8d9bdbaf48cb659b,4,bm25,TF031,procedure,True,False,10,7,e62b0c91-ff0c-43b2-9bd5-ff173d9f8bc0,4.448533535003662,False,0.9088999995583436
transfusion-retrieval-v2,sha256:5fc6a9a0d5ff5721954fad8f2855c204301e59ef0b28a91d8d9bdbaf48cb659b,4,bm25,TF031,procedure,True,False,10,8,8259ed27-8646-4502-a959-aab1e9f1770f,4.400979995727539,False,0.9088999995583436
transfusion-retrieval-v2,sha256:5fc6a9a0d5ff5721954fad8f2855c204301e59ef0b28a91d8d9bdbaf48cb659b,4,bm25,TF031,procedure,True,False,10,9,b225ae64-72d2-4e59-81c0-57f5d8438666,4.067415237426758,False,0.9088999995583436
transfusion-retrieval-v2,sha256:5fc6a9a0d5ff5721954fad8f2855c204301e59ef0b28a91d8d9bdbaf48cb659b,4,bm25,TF031,procedure,True,False,10,10,22e6c188-2e4c-4029-b200-7770a3f00e6e,4.0264973640441895,False,0.9088999995583436
transfusion-retrieval-v2,sha256:5fc6a9a0d5ff5721954fad8f2855c204301e59ef0b28a91d8d9bdbaf48cb659b,4,bm25,TF032,fact_specific,True,False,1,1,5de4d74d-720e-4d86-a836-f946d70a2d32,11.056583404541016,True,0.8244999989983626
transfusion-retrieval-v2,sha256:5fc6a9a0d5ff5721954fad8f2855c204301e59ef0b28a91d8d9bdbaf48cb659b,4,bm25,TF032,fact_specific,True,False,3,1,5de4d74d-720e-4d86-a836-f946d70a2d32,11.056583404541016,True,0.8244999989983626
transfusion-retrieval-v2,sha256:5fc6a9a0d5ff5721954fad8f2855c204301e59ef0b28a91d8d9bdbaf48cb659b,4,bm25,TF032,fact_specific,True,False,3,2,9552a4ac-31b4-43a8-aa92-37bd3e89362a,6.485934734344482,False,0.8244999989983626
transfusion-retrieval-v2,sha256:5fc6a9a0d5ff5721954fad8f2855c204301e59ef0b28a91d8d9bdbaf48cb659b,4,bm25,TF032,fact_specific,True,False,3,3,84c0a864-176f-4776-a15e-167fc2518e5d,4.9707417488098145,False,0.8244999989983626
transfusion-retrieval-v2,sha256:5fc6a9a0d5ff5721954fad8f2855c204301e59ef0b28a91d8d9bdbaf48cb659b,4,bm25,TF032,fact_specific,True,False,5,1,5de4d74d-720e-4d86-a836-f946d70a2d32,11.056583404541016,True,0.8244999989983626
transfusion-retrieval-v2,sha256:5fc6a9a0d5ff5721954fad8f2855c204301e59ef0b28a91d8d9bdbaf48cb659b,4,bm25,TF032,fact_specific,True,False,5,2,9552a4ac-31b4-43a8-aa92-37bd3e89362a,6.485934734344482,False,0.8244999989983626
transfusion-retrieval-v2,sha256:5fc6a9a0d5ff5721954fad8f2855c204301e59ef0b28a91d8d9bdbaf48cb659b,4,bm25,TF032,fact_specific,True,False,5,3,84c0a864-176f-4776-a15e-167fc2518e5d,4.9707417488098145,False,0.8244999989983626
transfusion-retrieval-v2,sha256:5fc6a9a0d5ff5721954fad8f2855c204301e59ef0b28a91d8d9bdbaf48cb659b,4,bm25,TF032,fact_specific,True,False,5,4,df699ccc-6f51-4281-b4a4-f3d2a20631e0,4.395046710968018,False,0.8244999989983626
transfusion-retrieval-v2,sha256:5fc6a9a0d5ff5721954fad8f2855c204301e59ef0b28a91d8d9bdbaf48cb659b,4,bm25,TF032,fact_specific,True,False,5,5,d3b7d61b-50f0-4b96-a770-785a9f3c3886,1.8082045316696167,False,0.8244999989983626
transfusion-retrieval-v2,sha256:5fc6a9a0d5ff5721954fad8f2855c204301e59ef0b28a91d8d9bdbaf48cb659b,4,bm25,TF032,fact_specific,True,False,10,1,5de4d74d-720e-4d86-a836-f946d70a2d32,11.056583404541016,True,0.8244999989983626
transfusion-retrieval-v2,sha256:5fc6a9a0d5ff5721954fad8f2855c204301e59ef0b28a91d8d9bdbaf48cb659b,4,bm25,TF032,fact_specific,True,False,10,2,9552a4ac-31b4-43a8-aa92-37bd3e89362a,6.485934734344482,False,0.8244999989983626
transfusion-retrieval-v2,sha256:5fc6a9a0d5ff5721954fad8f2855c204301e59ef0b28a91d8d9bdbaf48cb659b,4,bm25,TF032,fact_specific,True,False,10,3,84c0a864-176f-4776-a15e-167fc2518e5d,4.9707417488098145,False,0.8244999989983626
transfusion-retrieval-v2,sha256:5fc6a9a0d5ff5721954fad8f2855c204301e59ef0b28a91d8d9bdbaf48cb659b,4,bm25,TF032,fact_specific,True,False,10,4,df699ccc-6f51-4281-b4a4-f3d2a20631e0,4.395046710968018,False,0.8244999989983626
transfusion-retrieval-v2,sha256:5fc6a9a0d5ff5721954fad8f2855c204301e59ef0b28a91d8d9bdbaf48cb659b,4,bm25,TF032,fact_specific,True,False,10,5,d3b7d61b-50f0-4b96-a770-785a9f3c3886,1.8082045316696167,False,0.8244999989983626
transfusion-retrieval-v2,sha256:5fc6a9a0d5ff5721954fad8f2855c204301e59ef0b28a91d8d9bdbaf48cb659b,4,bm25,TF032,fact_specific,True,False,10,6,73735f01-c9d0-4dd5-8d46-c70045e4b334,1.6301363706588745,False,0.8244999989983626
transfusion-retrieval-v2,sha256:5fc6a9a0d5ff5721954fad8f2855c204301e59ef0b28a91d8d9bdbaf48cb659b,4,bm25,TF032,fact_specific,True,False,10,7,27025cb7-0eea-4e71-b338-65cf293e45ee,1.533604383468628,False,0.8244999989983626
transfusion-retrieval-v2,sha256:5fc6a9a0d5ff5721954fad8f2855c204301e59ef0b28a91d8d9bdbaf48cb659b,4,bm25,TF032,fact_specific,True,False,10,8,7e5199d4-e5c9-40ca-a69f-ea37f52c6ce3,0.9198150634765625,False,0.8244999989983626
transfusion-retrieval-v2,sha256:5fc6a9a0d5ff5721954fad8f2855c204301e59ef0b28a91d8d9bdbaf48cb659b,4,bm25,TF032,fact_specific,True,False,10,9,a7cf71a5-8426-4d7c-8106-e0754e7cb4bf,0.9092135429382324,False,0.8244999989983626
transfusion-retrieval-v2,sha256:5fc6a9a0d5ff5721954fad8f2855c204301e59ef0b28a91d8d9bdbaf48cb659b,4,bm25,TF032,fact_specific,True,False,10,10,c404e320-0bf2-4325-be92-7a0614f201ca,0.8950620293617249,False,0.8244999989983626
transfusion-retrieval-v2,sha256:5fc6a9a0d5ff5721954fad8f2855c204301e59ef0b28a91d8d9bdbaf48cb659b,4,bm25,TF033,fact_specific,True,False,1,1,e62b0c91-ff0c-43b2-9bd5-ff173d9f8bc0,10.024563789367676,True,0.780500000473694
transfusion-retrieval-v2,sha256:5fc6a9a0d5ff5721954fad8f2855c204301e59ef0b28a91d8d9bdbaf48cb659b,4,bm25,TF033,fact_specific,True,False,3,1,e62b0c91-ff0c-43b2-9bd5-ff173d9f8bc0,10.024563789367676,True,0.780500000473694
transfusion-retrieval-v2,sha256:5fc6a9a0d5ff5721954fad8f2855c204301e59ef0b28a91d8d9bdbaf48cb659b,4,bm25,TF033,fact_specific,True,False,3,2,df699ccc-6f51-4281-b4a4-f3d2a20631e0,6.9492082595825195,False,0.780500000473694
transfusion-retrieval-v2,sha256:5fc6a9a0d5ff5721954fad8f2855c204301e59ef0b28a91d8d9bdbaf48cb659b,4,bm25,TF033,fact_specific,True,False,3,3,23c6ca0d-04bf-4081-b90a-9819029dcd73,4.1220011711120605,False,0.780500000473694
transfusion-retrieval-v2,sha256:5fc6a9a0d5ff5721954fad8f2855c204301e59ef0b28a91d8d9bdbaf48cb659b,4,bm25,TF033,fact_specific,True,False,5,1,e62b0c91-ff0c-43b2-9bd5-ff173d9f8bc0,10.024563789367676,True,0.780500000473694
transfusion-retrieval-v2,sha256:5fc6a9a0d5ff5721954fad8f2855c204301e59ef0b28a91d8d9bdbaf48cb659b,4,bm25,TF033,fact_specific,True,False,5,2,df699ccc-6f51-4281-b4a4-f3d2a20631e0,6.9492082595825195,False,0.780500000473694
transfusion-retrieval-v2,sha256:5fc6a9a0d5ff5721954fad8f2855c204301e59ef0b28a91d8d9bdbaf48cb659b,4,bm25,TF033,fact_specific,True,False,5,3,23c6ca0d-04bf-4081-b90a-9819029dcd73,4.1220011711120605,False,0.780500000473694
transfusion-retrieval-v2,sha256:5fc6a9a0d5ff5721954fad8f2855c204301e59ef0b28a91d8d9bdbaf48cb659b,4,bm25,TF033,fact_specific,True,False,5,4,9b6cc313-9a59-4387-a5ce-2ed14389a0a7,4.104635715484619,False,0.780500000473694
transfusion-retrieval-v2,sha256:5fc6a9a0d5ff5721954fad8f2855c204301e59ef0b28a91d8d9bdbaf48cb659b,4,bm25,TF033,fact_specific,True,False,5,5,3ecc27b9-634c-4026-b44e-e01123aa0467,3.6088390350341797,False,0.780500000473694
transfusion-retrieval-v2,sha256:5fc6a9a0d5ff5721954fad8f2855c204301e59ef0b28a91d8d9bdbaf48cb659b,4,bm25,TF033,fact_specific,True,False,10,1,e62b0c91-ff0c-43b2-9bd5-ff173d9f8bc0,10.024563789367676,True,0.780500000473694
transfusion-retrieval-v2,sha256:5fc6a9a0d5ff5721954fad8f2855c204301e59ef0b28a91d8d9bdbaf48cb659b,4,bm25,TF033,fact_specific,True,False,10,2,df699ccc-6f51-4281-b4a4-f3d2a20631e0,6.9492082595825195,False,0.780500000473694
transfusion-retrieval-v2,sha256:5fc6a9a0d5ff5721954fad8f2855c204301e59ef0b28a91d8d9bdbaf48cb659b,4,bm25,TF033,fact_specific,True,False,10,3,23c6ca0d-04bf-4081-b90a-9819029dcd73,4.1220011711120605,False,0.780500000473694
transfusion-retrieval-v2,sha256:5fc6a9a0d5ff5721954fad8f2855c204301e59ef0b28a91d8d9bdbaf48cb659b,4,bm25,TF033,fact_specific,True,False,10,4,9b6cc313-9a59-4387-a5ce-2ed14389a0a7,4.104635715484619,False,0.780500000473694
transfusion-retrieval-v2,sha256:5fc6a9a0d5ff5721954fad8f2855c204301e59ef0b28a91d8d9bdbaf48cb659b,4,bm25,TF033,fact_specific,True,False,10,5,3ecc27b9-634c-4026-b44e-e01123aa0467,3.6088390350341797,False,0.780500000473694
transfusion-retrieval-v2,sha256:5fc6a9a0d5ff5721954fad8f2855c204301e59ef0b28a91d8d9bdbaf48cb659b,4,bm25,TF033,fact_specific,True,False,10,6,9131e9a9-eff3-4f4e-a20b-4bdd456c35bc,3.5404722690582275,False,0.780500000473694
transfusion-retrieval-v2,sha256:5fc6a9a0d5ff5721954fad8f2855c204301e59ef0b28a91d8d9bdbaf48cb659b,4,bm25,TF033,fact_specific,True,False,10,7,5de4d74d-720e-4d86-a836-f946d70a2d32,3.3876965045928955,False,0.780500000473694
transfusion-retrieval-v2,sha256:5fc6a9a0d5ff5721954fad8f2855c204301e59ef0b28a91d8d9bdbaf48cb659b,4,bm25,TF033,fact_specific,True,False,10,8,73735f01-c9d0-4dd5-8d46-c70045e4b334,3.1053051948547363,False,0.780500000473694
transfusion-retrieval-v2,sha256:5fc6a9a0d5ff5721954fad8f2855c204301e59ef0b28a91d8d9bdbaf48cb659b,4,bm25,TF033,fact_specific,True,False,10,9,bc88f538-e881-4c81-85e9-fca20614315d,3.061352252960205,False,0.780500000473694
transfusion-retrieval-v2,sha256:5fc6a9a0d5ff5721954fad8f2855c204301e59ef0b28a91d8d9bdbaf48cb659b,4,bm25,TF033,fact_specific,True,False,10,10,7c33fbb7-e931-4f6b-9520-23875ec9ee5b,3.0084354877471924,False,0.780500000473694
transfusion-retrieval-v2,sha256:5fc6a9a0d5ff5721954fad8f2855c204301e59ef0b28a91d8d9bdbaf48cb659b,4,bm25,TF034,product_specific,True,False,1,1,59d57c8a-c9d7-4f8d-b9a1-a2816f1f01f7,8.857224464416504,True,0.7280999998329207
transfusion-retrieval-v2,sha256:5fc6a9a0d5ff5721954fad8f2855c204301e59ef0b28a91d8d9bdbaf48cb659b,4,bm25,TF034,product_specific,True,False,3,1,59d57c8a-c9d7-4f8d-b9a1-a2816f1f01f7,8.857224464416504,True,0.7280999998329207
transfusion-retrieval-v2,sha256:5fc6a9a0d5ff5721954fad8f2855c204301e59ef0b28a91d8d9bdbaf48cb659b,4,bm25,TF034,product_specific,True,False,3,2,9b6cc313-9a59-4387-a5ce-2ed14389a0a7,7.293911933898926,False,0.7280999998329207
transfusion-retrieval-v2,sha256:5fc6a9a0d5ff5721954fad8f2855c204301e59ef0b28a91d8d9bdbaf48cb659b,4,bm25,TF034,product_specific,True,False,3,3,e62b0c91-ff0c-43b2-9bd5-ff173d9f8bc0,7.234122276306152,False,0.7280999998329207
transfusion-retrieval-v2,sha256:5fc6a9a0d5ff5721954fad8f2855c204301e59ef0b28a91d8d9bdbaf48cb659b,4,bm25,TF034,product_specific,True,False,5,1,59d57c8a-c9d7-4f8d-b9a1-a2816f1f01f7,8.857224464416504,True,0.7280999998329207
transfusion-retrieval-v2,sha256:5fc6a9a0d5ff5721954fad8f2855c204301e59ef0b28a91d8d9bdbaf48cb659b,4,bm25,TF034,product_specific,True,False,5,2,9b6cc313-9a59-4387-a5ce-2ed14389a0a7,7.293911933898926,False,0.7280999998329207
transfusion-retrieval-v2,sha256:5fc6a9a0d5ff5721954fad8f2855c204301e59ef0b28a91d8d9bdbaf48cb659b,4,bm25,TF034,product_specific,True,False,5,3,e62b0c91-ff0c-43b2-9bd5-ff173d9f8bc0,7.234122276306152,False,0.7280999998329207
transfusion-retrieval-v2,sha256:5fc6a9a0d5ff5721954fad8f2855c204301e59ef0b28a91d8d9bdbaf48cb659b,4,bm25,TF034,product_specific,True,False,5,4,7c33fbb7-e931-4f6b-9520-23875ec9ee5b,6.044244289398193,False,0.7280999998329207
transfusion-retrieval-v2,sha256:5fc6a9a0d5ff5721954fad8f2855c204301e59ef0b28a91d8d9bdbaf48cb659b,4,bm25,TF034,product_specific,True,False,5,5,3ecc27b9-634c-4026-b44e-e01123aa0467,6.001184463500977,False,0.7280999998329207
transfusion-retrieval-v2,sha256:5fc6a9a0d5ff5721954fad8f2855c204301e59ef0b28a91d8d9bdbaf48cb659b,4,bm25,TF034,product_specific,True,False,10,1,59d57c8a-c9d7-4f8d-b9a1-a2816f1f01f7,8.857224464416504,True,0.7280999998329207
transfusion-retrieval-v2,sha256:5fc6a9a0d5ff5721954fad8f2855c204301e59ef0b28a91d8d9bdbaf48cb659b,4,bm25,TF034,product_specific,True,False,10,2,9b6cc313-9a59-4387-a5ce-2ed14389a0a7,7.293911933898926,False,0.7280999998329207
transfusion-retrieval-v2,sha256:5fc6a9a0d5ff5721954fad8f2855c204301e59ef0b28a91d8d9bdbaf48cb659b,4,bm25,TF034,product_specific,True,False,10,3,e62b0c91-ff0c-43b2-9bd5-ff173d9f8bc0,7.234122276306152,False,0.7280999998329207
transfusion-retrieval-v2,sha256:5fc6a9a0d5ff5721954fad8f2855c204301e59ef0b28a91d8d9bdbaf48cb659b,4,bm25,TF034,product_specific,True,False,10,4,7c33fbb7-e931-4f6b-9520-23875ec9ee5b,6.044244289398193,False,0.7280999998329207
transfusion-retrieval-v2,sha256:5fc6a9a0d5ff5721954fad8f2855c204301e59ef0b28a91d8d9bdbaf48cb659b,4,bm25,TF034,product_specific,True,False,10,5,3ecc27b9-634c-4026-b44e-e01123aa0467,6.001184463500977,False,0.7280999998329207
transfusion-retrieval-v2,sha256:5fc6a9a0d5ff5721954fad8f2855c204301e59ef0b28a91d8d9bdbaf48cb659b,4,bm25,TF034,product_specific,True,False,10,6,4c0dde2a-0432-4cb2-ad33-987f5979ff76,4.898802280426025,False,0.7280999998329207
transfusion-retrieval-v2,sha256:5fc6a9a0d5ff5721954fad8f2855c204301e59ef0b28a91d8d9bdbaf48cb659b,4,bm25,TF034,product_specific,True,False,10,7,d4c1a9ca-23c5-4ae0-9a51-c56675b2e6d1,4.809026718139648,False,0.7280999998329207
transfusion-retrieval-v2,sha256:5fc6a9a0d5ff5721954fad8f2855c204301e59ef0b28a91d8d9bdbaf48cb659b,4,bm25,TF034,product_specific,True,False,10,8,9131e9a9-eff3-4f4e-a20b-4bdd456c35bc,4.687402725219727,False,0.7280999998329207
transfusion-retrieval-v2,sha256:5fc6a9a0d5ff5721954fad8f2855c204301e59ef0b28a91d8d9bdbaf48cb659b,4,bm25,TF034,product_specific,True,False,10,9,a7cf71a5-8426-4d7c-8106-e0754e7cb4bf,4.556581497192383,False,0.7280999998329207
transfusion-retrieval-v2,sha256:5fc6a9a0d5ff5721954fad8f2855c204301e59ef0b28a91d8d9bdbaf48cb659b,4,bm25,TF034,product_specific,True,False,10,10,5de4d74d-720e-4d86-a836-f946d70a2d32,4.423748016357422,False,0.7280999998329207
transfusion-retrieval-v2,sha256:5fc6a9a0d5ff5721954fad8f2855c204301e59ef0b28a91d8d9bdbaf48cb659b,4,bm25,TF035,paraphrase,True,True,1,1,7c33fbb7-e931-4f6b-9520-23875ec9ee5b,6.933259963989258,False,0.8949999992182711
transfusion-retrieval-v2,sha256:5fc6a9a0d5ff5721954fad8f2855c204301e59ef0b28a91d8d9bdbaf48cb659b,4,bm25,TF035,paraphrase,True,True,3,1,7c33fbb7-e931-4f6b-9520-23875ec9ee5b,6.933259963989258,False,0.8949999992182711
transfusion-retrieval-v2,sha256:5fc6a9a0d5ff5721954fad8f2855c204301e59ef0b28a91d8d9bdbaf48cb659b,4,bm25,TF035,paraphrase,True,True,3,2,b0b5bc4f-7d0b-4f56-8e37-84178d38637d,4.386571884155273,True,0.8949999992182711
transfusion-retrieval-v2,sha256:5fc6a9a0d5ff5721954fad8f2855c204301e59ef0b28a91d8d9bdbaf48cb659b,4,bm25,TF035,paraphrase,True,True,3,3,4d18d11e-2a92-4690-8a64-46653931483e,3.619680881500244,False,0.8949999992182711
transfusion-retrieval-v2,sha256:5fc6a9a0d5ff5721954fad8f2855c204301e59ef0b28a91d8d9bdbaf48cb659b,4,bm25,TF035,paraphrase,True,True,5,1,7c33fbb7-e931-4f6b-9520-23875ec9ee5b,6.933259963989258,False,0.8949999992182711
transfusion-retrieval-v2,sha256:5fc6a9a0d5ff5721954fad8f2855c204301e59ef0b28a91d8d9bdbaf48cb659b,4,bm25,TF035,paraphrase,True,True,5,2,b0b5bc4f-7d0b-4f56-8e37-84178d38637d,4.386571884155273,True,0.8949999992182711
transfusion-retrieval-v2,sha256:5fc6a9a0d5ff5721954fad8f2855c204301e59ef0b28a91d8d9bdbaf48cb659b,4,bm25,TF035,paraphrase,True,True,5,3,4d18d11e-2a92-4690-8a64-46653931483e,3.619680881500244,False,0.8949999992182711
transfusion-retrieval-v2,sha256:5fc6a9a0d5ff5721954fad8f2855c204301e59ef0b28a91d8d9bdbaf48cb659b,4,bm25,TF035,paraphrase,True,True,5,4,da79aa00-567d-434c-8441-915ac080f918,3.531500816345215,False,0.8949999992182711
transfusion-retrieval-v2,sha256:5fc6a9a0d5ff5721954fad8f2855c204301e59ef0b28a91d8d9bdbaf48cb659b,4,bm25,TF035,paraphrase,True,True,5,5,1033ac46-dec8-493e-b577-7f5ad80f8e86,3.4380242824554443,False,0.8949999992182711
transfusion-retrieval-v2,sha256:5fc6a9a0d5ff5721954fad8f2855c204301e59ef0b28a91d8d9bdbaf48cb659b,4,bm25,TF035,paraphrase,True,True,10,1,7c33fbb7-e931-4f6b-9520-23875ec9ee5b,6.933259963989258,False,0.8949999992182711
transfusion-retrieval-v2,sha256:5fc6a9a0d5ff5721954fad8f2855c204301e59ef0b28a91d8d9bdbaf48cb659b,4,bm25,TF035,paraphrase,True,True,10,2,b0b5bc4f-7d0b-4f56-8e37-84178d38637d,4.386571884155273,True,0.8949999992182711
transfusion-retrieval-v2,sha256:5fc6a9a0d5ff5721954fad8f2855c204301e59ef0b28a91d8d9bdbaf48cb659b,4,bm25,TF035,paraphrase,True,True,10,3,4d18d11e-2a92-4690-8a64-46653931483e,3.619680881500244,False,0.8949999992182711
transfusion-retrieval-v2,sha256:5fc6a9a0d5ff5721954fad8f2855c204301e59ef0b28a91d8d9bdbaf48cb659b,4,bm25,TF035,paraphrase,True,True,10,4,da79aa00-567d-434c-8441-915ac080f918,3.531500816345215,False,0.8949999992182711
transfusion-retrieval-v2,sha256:5fc6a9a0d5ff5721954fad8f2855c204301e59ef0b28a91d8d9bdbaf48cb659b,4,bm25,TF035,paraphrase,True,True,10,5,1033ac46-dec8-493e-b577-7f5ad80f8e86,3.4380242824554443,False,0.8949999992182711
transfusion-retrieval-v2,sha256:5fc6a9a0d5ff5721954fad8f2855c204301e59ef0b28a91d8d9bdbaf48cb659b,4,bm25,TF035,paraphrase,True,True,10,6,81a83ec4-b5d1-4305-9f44-93e5fa935ffe,3.298006772994995,False,0.8949999992182711
transfusion-retrieval-v2,sha256:5fc6a9a0d5ff5721954fad8f2855c204301e59ef0b28a91d8d9bdbaf48cb659b,4,bm25,TF035,paraphrase,True,True,10,7,1b376f6f-5ee5-4d05-a585-f3aa6b7ee824,2.988546371459961,False,0.8949999992182711
transfusion-retrieval-v2,sha256:5fc6a9a0d5ff5721954fad8f2855c204301e59ef0b28a91d8d9bdbaf48cb659b,4,bm25,TF035,paraphrase,True,True,10,8,3ecc27b9-634c-4026-b44e-e01123aa0467,2.8958981037139893,False,0.8949999992182711
transfusion-retrieval-v2,sha256:5fc6a9a0d5ff5721954fad8f2855c204301e59ef0b28a91d8d9bdbaf48cb659b,4,bm25,TF035,paraphrase,True,True,10,9,23c6ca0d-04bf-4081-b90a-9819029dcd73,2.866295576095581,False,0.8949999992182711
transfusion-retrieval-v2,sha256:5fc6a9a0d5ff5721954fad8f2855c204301e59ef0b28a91d8d9bdbaf48cb659b,4,bm25,TF035,paraphrase,True,True,10,10,ba3d1d87-0c2d-4b67-a0c2-4615c8249c2a,2.82015061378479,False,0.8949999992182711
transfusion-retrieval-v2,sha256:5fc6a9a0d5ff5721954fad8f2855c204301e59ef0b28a91d8d9bdbaf48cb659b,4,bm25,TF036,monitoring,True,False,1,1,a7cf71a5-8426-4d7c-8106-e0754e7cb4bf,10.132375717163086,True,0.8911000004445668
transfusion-retrieval-v2,sha256:5fc6a9a0d5ff5721954fad8f2855c204301e59ef0b28a91d8d9bdbaf48cb659b,4,bm25,TF036,monitoring,True,False,3,1,a7cf71a5-8426-4d7c-8106-e0754e7cb4bf,10.132375717163086,True,0.8911000004445668
transfusion-retrieval-v2,sha256:5fc6a9a0d5ff5721954fad8f2855c204301e59ef0b28a91d8d9bdbaf48cb659b,4,bm25,TF036,monitoring,True,False,3,2,f9cfc75b-a5e7-4633-a798-4b17ea462325,8.370214462280273,False,0.8911000004445668
transfusion-retrieval-v2,sha256:5fc6a9a0d5ff5721954fad8f2855c204301e59ef0b28a91d8d9bdbaf48cb659b,4,bm25,TF036,monitoring,True,False,3,3,30ce28cb-f702-4cce-8105-137e2f73af0d,4.835442543029785,False,0.8911000004445668
transfusion-retrieval-v2,sha256:5fc6a9a0d5ff5721954fad8f2855c204301e59ef0b28a91d8d9bdbaf48cb659b,4,bm25,TF036,monitoring,True,False,5,1,a7cf71a5-8426-4d7c-8106-e0754e7cb4bf,10.132375717163086,True,0.8911000004445668
transfusion-retrieval-v2,sha256:5fc6a9a0d5ff5721954fad8f2855c204301e59ef0b28a91d8d9bdbaf48cb659b,4,bm25,TF036,monitoring,True,False,5,2,f9cfc75b-a5e7-4633-a798-4b17ea462325,8.370214462280273,False,0.8911000004445668
transfusion-retrieval-v2,sha256:5fc6a9a0d5ff5721954fad8f2855c204301e59ef0b28a91d8d9bdbaf48cb659b,4,bm25,TF036,monitoring,True,False,5,3,30ce28cb-f702-4cce-8105-137e2f73af0d,4.835442543029785,False,0.8911000004445668
transfusion-retrieval-v2,sha256:5fc6a9a0d5ff5721954fad8f2855c204301e59ef0b28a91d8d9bdbaf48cb659b,4,bm25,TF036,monitoring,True,False,5,4,22e6c188-2e4c-4029-b200-7770a3f00e6e,4.754816055297852,False,0.8911000004445668
transfusion-retrieval-v2,sha256:5fc6a9a0d5ff5721954fad8f2855c204301e59ef0b28a91d8d9bdbaf48cb659b,4,bm25,TF036,monitoring,True,False,5,5,36bac780-b1a2-42dc-8cca-3605f80c5521,3.5937914848327637,False,0.8911000004445668
transfusion-retrieval-v2,sha256:5fc6a9a0d5ff5721954fad8f2855c204301e59ef0b28a91d8d9bdbaf48cb659b,4,bm25,TF036,monitoring,True,False,10,1,a7cf71a5-8426-4d7c-8106-e0754e7cb4bf,10.132375717163086,True,0.8911000004445668
transfusion-retrieval-v2,sha256:5fc6a9a0d5ff5721954fad8f2855c204301e59ef0b28a91d8d9bdbaf48cb659b,4,bm25,TF036,monitoring,True,False,10,2,f9cfc75b-a5e7-4633-a798-4b17ea462325,8.370214462280273,False,0.8911000004445668
transfusion-retrieval-v2,sha256:5fc6a9a0d5ff5721954fad8f2855c204301e59ef0b28a91d8d9bdbaf48cb659b,4,bm25,TF036,monitoring,True,False,10,3,30ce28cb-f702-4cce-8105-137e2f73af0d,4.835442543029785,False,0.8911000004445668
transfusion-retrieval-v2,sha256:5fc6a9a0d5ff5721954fad8f2855c204301e59ef0b28a91d8d9bdbaf48cb659b,4,bm25,TF036,monitoring,True,False,10,4,22e6c188-2e4c-4029-b200-7770a3f00e6e,4.754816055297852,False,0.8911000004445668
transfusion-retrieval-v2,sha256:5fc6a9a0d5ff5721954fad8f2855c204301e59ef0b28a91d8d9bdbaf48cb659b,4,bm25,TF036,monitoring,True,False,10,5,36bac780-b1a2-42dc-8cca-3605f80c5521,3.5937914848327637,False,0.8911000004445668
transfusion-retrieval-v2,sha256:5fc6a9a0d5ff5721954fad8f2855c204301e59ef0b28a91d8d9bdbaf48cb659b,4,bm25,TF036,monitoring,True,False,10,6,8259ed27-8646-4502-a959-aab1e9f1770f,3.4005351066589355,False,0.8911000004445668
transfusion-retrieval-v2,sha256:5fc6a9a0d5ff5721954fad8f2855c204301e59ef0b28a91d8d9bdbaf48cb659b,4,bm25,TF036,monitoring,True,False,10,7,8f3ed830-3a06-41c6-8b06-cfcf6d36a83c,3.3961191177368164,False,0.8911000004445668
transfusion-retrieval-v2,sha256:5fc6a9a0d5ff5721954fad8f2855c204301e59ef0b28a91d8d9bdbaf48cb659b,4,bm25,TF036,monitoring,True,False,10,8,98d006ac-5212-4c8c-8a63-4cbd4d6caffc,3.356285572052002,False,0.8911000004445668
transfusion-retrieval-v2,sha256:5fc6a9a0d5ff5721954fad8f2855c204301e59ef0b28a91d8d9bdbaf48cb659b,4,bm25,TF036,monitoring,True,False,10,9,7e5199d4-e5c9-40ca-a69f-ea37f52c6ce3,3.2616989612579346,False,0.8911000004445668
transfusion-retrieval-v2,sha256:5fc6a9a0d5ff5721954fad8f2855c204301e59ef0b28a91d8d9bdbaf48cb659b,4,bm25,TF036,monitoring,True,False,10,10,6ffcd319-e868-444b-b6fe-8d192a4de3ff,3.187786102294922,False,0.8911000004445668
transfusion-retrieval-v2,sha256:5fc6a9a0d5ff5721954fad8f2855c204301e59ef0b28a91d8d9bdbaf48cb659b,4,bm25,TF037,adverse_reaction,True,True,1,1,15e829a9-a475-429d-b0e3-5c34bfbd3ab7,11.560528755187988,True,0.6758999988960568
transfusion-retrieval-v2,sha256:5fc6a9a0d5ff5721954fad8f2855c204301e59ef0b28a91d8d9bdbaf48cb659b,4,bm25,TF037,adverse_reaction,True,True,3,1,15e829a9-a475-429d-b0e3-5c34bfbd3ab7,11.560528755187988,True,0.6758999988960568
transfusion-retrieval-v2,sha256:5fc6a9a0d5ff5721954fad8f2855c204301e59ef0b28a91d8d9bdbaf48cb659b,4,bm25,TF037,adverse_reaction,True,True,3,2,324bc249-0e84-46e9-b77f-856c76cd5353,7.553943634033203,False,0.6758999988960568
transfusion-retrieval-v2,sha256:5fc6a9a0d5ff5721954fad8f2855c204301e59ef0b28a91d8d9bdbaf48cb659b,4,bm25,TF037,adverse_reaction,True,True,3,3,8939253d-3272-4915-8c2b-c60062aeb818,1.9931259155273438,True,0.6758999988960568
transfusion-retrieval-v2,sha256:5fc6a9a0d5ff5721954fad8f2855c204301e59ef0b28a91d8d9bdbaf48cb659b,4,bm25,TF037,adverse_reaction,True,True,5,1,15e829a9-a475-429d-b0e3-5c34bfbd3ab7,11.560528755187988,True,0.6758999988960568
transfusion-retrieval-v2,sha256:5fc6a9a0d5ff5721954fad8f2855c204301e59ef0b28a91d8d9bdbaf48cb659b,4,bm25,TF037,adverse_reaction,True,True,5,2,324bc249-0e84-46e9-b77f-856c76cd5353,7.553943634033203,False,0.6758999988960568
transfusion-retrieval-v2,sha256:5fc6a9a0d5ff5721954fad8f2855c204301e59ef0b28a91d8d9bdbaf48cb659b,4,bm25,TF037,adverse_reaction,True,True,5,3,8939253d-3272-4915-8c2b-c60062aeb818,1.9931259155273438,True,0.6758999988960568
transfusion-retrieval-v2,sha256:5fc6a9a0d5ff5721954fad8f2855c204301e59ef0b28a91d8d9bdbaf48cb659b,4,bm25,TF037,adverse_reaction,True,True,5,4,7abe62fa-6fdb-4466-a16b-73e1770f0c57,1.600231409072876,False,0.6758999988960568
transfusion-retrieval-v2,sha256:5fc6a9a0d5ff5721954fad8f2855c204301e59ef0b28a91d8d9bdbaf48cb659b,4,bm25,TF037,adverse_reaction,True,True,5,5,391ad5dc-0d1c-4350-85ba-5aa601d9ac0d,1.3353826999664307,False,0.6758999988960568
transfusion-retrieval-v2,sha256:5fc6a9a0d5ff5721954fad8f2855c204301e59ef0b28a91d8d9bdbaf48cb659b,4,bm25,TF037,adverse_reaction,True,True,10,1,15e829a9-a475-429d-b0e3-5c34bfbd3ab7,11.560528755187988,True,0.6758999988960568
transfusion-retrieval-v2,sha256:5fc6a9a0d5ff5721954fad8f2855c204301e59ef0b28a91d8d9bdbaf48cb659b,4,bm25,TF037,adverse_reaction,True,True,10,2,324bc249-0e84-46e9-b77f-856c76cd5353,7.553943634033203,False,0.6758999988960568
transfusion-retrieval-v2,sha256:5fc6a9a0d5ff5721954fad8f2855c204301e59ef0b28a91d8d9bdbaf48cb659b,4,bm25,TF037,adverse_reaction,True,True,10,3,8939253d-3272-4915-8c2b-c60062aeb818,1.9931259155273438,True,0.6758999988960568
transfusion-retrieval-v2,sha256:5fc6a9a0d5ff5721954fad8f2855c204301e59ef0b28a91d8d9bdbaf48cb659b,4,bm25,TF037,adverse_reaction,True,True,10,4,7abe62fa-6fdb-4466-a16b-73e1770f0c57,1.600231409072876,False,0.6758999988960568
transfusion-retrieval-v2,sha256:5fc6a9a0d5ff5721954fad8f2855c204301e59ef0b28a91d8d9bdbaf48cb659b,4,bm25,TF037,adverse_reaction,True,True,10,5,391ad5dc-0d1c-4350-85ba-5aa601d9ac0d,1.3353826999664307,False,0.6758999988960568
transfusion-retrieval-v2,sha256:5fc6a9a0d5ff5721954fad8f2855c204301e59ef0b28a91d8d9bdbaf48cb659b,4,bm25,TF037,adverse_reaction,True,True,10,6,2e55093d-0a0f-4fd9-954b-4fc72df9eac0,0.949152946472168,False,0.6758999988960568
transfusion-retrieval-v2,sha256:5fc6a9a0d5ff5721954fad8f2855c204301e59ef0b28a91d8d9bdbaf48cb659b,4,bm25,TF037,adverse_reaction,True,True,10,7,da79aa00-567d-434c-8441-915ac080f918,0.8504177927970886,False,0.6758999988960568
transfusion-retrieval-v2,sha256:5fc6a9a0d5ff5721954fad8f2855c204301e59ef0b28a91d8d9bdbaf48cb659b,4,bm25,TF037,adverse_reaction,True,True,10,8,5de4d74d-720e-4d86-a836-f946d70a2d32,0.773520827293396,False,0.6758999988960568
transfusion-retrieval-v2,sha256:5fc6a9a0d5ff5721954fad8f2855c204301e59ef0b28a91d8d9bdbaf48cb659b,4,bm25,TF037,adverse_reaction,True,True,10,9,d4c1a9ca-23c5-4ae0-9a51-c56675b2e6d1,0.6956260800361633,False,0.6758999988960568
transfusion-retrieval-v2,sha256:5fc6a9a0d5ff5721954fad8f2855c204301e59ef0b28a91d8d9bdbaf48cb659b,4,bm25,TF037,adverse_reaction,True,True,10,10,7e5199d4-e5c9-40ca-a69f-ea37f52c6ce3,0.1314123421907425,False,0.6758999988960568
transfusion-retrieval-v2,sha256:5fc6a9a0d5ff5721954fad8f2855c204301e59ef0b28a91d8d9bdbaf48cb659b,4,bm25,TF038,adverse_reaction,True,True,1,1,324bc249-0e84-46e9-b77f-856c76cd5353,7.709755897521973,False,0.5645000001095468
transfusion-retrieval-v2,sha256:5fc6a9a0d5ff5721954fad8f2855c204301e59ef0b28a91d8d9bdbaf48cb659b,4,bm25,TF038,adverse_reaction,True,True,3,1,324bc249-0e84-46e9-b77f-856c76cd5353,7.709755897521973,False,0.5645000001095468
transfusion-retrieval-v2,sha256:5fc6a9a0d5ff5721954fad8f2855c204301e59ef0b28a91d8d9bdbaf48cb659b,4,bm25,TF038,adverse_reaction,True,True,3,2,8939253d-3272-4915-8c2b-c60062aeb818,5.776628017425537,True,0.5645000001095468
transfusion-retrieval-v2,sha256:5fc6a9a0d5ff5721954fad8f2855c204301e59ef0b28a91d8d9bdbaf48cb659b,4,bm25,TF038,adverse_reaction,True,True,3,3,15e829a9-a475-429d-b0e3-5c34bfbd3ab7,2.2149574756622314,False,0.5645000001095468
transfusion-retrieval-v2,sha256:5fc6a9a0d5ff5721954fad8f2855c204301e59ef0b28a91d8d9bdbaf48cb659b,4,bm25,TF038,adverse_reaction,True,True,5,1,324bc249-0e84-46e9-b77f-856c76cd5353,7.709755897521973,False,0.5645000001095468
transfusion-retrieval-v2,sha256:5fc6a9a0d5ff5721954fad8f2855c204301e59ef0b28a91d8d9bdbaf48cb659b,4,bm25,TF038,adverse_reaction,True,True,5,2,8939253d-3272-4915-8c2b-c60062aeb818,5.776628017425537,True,0.5645000001095468
transfusion-retrieval-v2,sha256:5fc6a9a0d5ff5721954fad8f2855c204301e59ef0b28a91d8d9bdbaf48cb659b,4,bm25,TF038,adverse_reaction,True,True,5,3,15e829a9-a475-429d-b0e3-5c34bfbd3ab7,2.2149574756622314,False,0.5645000001095468
transfusion-retrieval-v2,sha256:5fc6a9a0d5ff5721954fad8f2855c204301e59ef0b28a91d8d9bdbaf48cb659b,4,bm25,TF038,adverse_reaction,True,True,5,4,7abe62fa-6fdb-4466-a16b-73e1770f0c57,1.5427136421203613,True,0.5645000001095468
transfusion-retrieval-v2,sha256:5fc6a9a0d5ff5721954fad8f2855c204301e59ef0b28a91d8d9bdbaf48cb659b,4,bm25,TF038,adverse_reaction,True,True,5,5,391ad5dc-0d1c-4350-85ba-5aa601d9ac0d,1.2345267534255981,False,0.5645000001095468
transfusion-retrieval-v2,sha256:5fc6a9a0d5ff5721954fad8f2855c204301e59ef0b28a91d8d9bdbaf48cb659b,4,bm25,TF038,adverse_reaction,True,True,10,1,324bc249-0e84-46e9-b77f-856c76cd5353,7.709755897521973,False,0.5645000001095468
transfusion-retrieval-v2,sha256:5fc6a9a0d5ff5721954fad8f2855c204301e59ef0b28a91d8d9bdbaf48cb659b,4,bm25,TF038,adverse_reaction,True,True,10,2,8939253d-3272-4915-8c2b-c60062aeb818,5.776628017425537,True,0.5645000001095468
transfusion-retrieval-v2,sha256:5fc6a9a0d5ff5721954fad8f2855c204301e59ef0b28a91d8d9bdbaf48cb659b,4,bm25,TF038,adverse_reaction,True,True,10,3,15e829a9-a475-429d-b0e3-5c34bfbd3ab7,2.2149574756622314,False,0.5645000001095468
transfusion-retrieval-v2,sha256:5fc6a9a0d5ff5721954fad8f2855c204301e59ef0b28a91d8d9bdbaf48cb659b,4,bm25,TF038,adverse_reaction,True,True,10,4,7abe62fa-6fdb-4466-a16b-73e1770f0c57,1.5427136421203613,True,0.5645000001095468
transfusion-retrieval-v2,sha256:5fc6a9a0d5ff5721954fad8f2855c204301e59ef0b28a91d8d9bdbaf48cb659b,4,bm25,TF038,adverse_reaction,True,True,10,5,391ad5dc-0d1c-4350-85ba-5aa601d9ac0d,1.2345267534255981,False,0.5645000001095468
transfusion-retrieval-v2,sha256:5fc6a9a0d5ff5721954fad8f2855c204301e59ef0b28a91d8d9bdbaf48cb659b,4,bm25,TF038,adverse_reaction,True,True,10,6,2e55093d-0a0f-4fd9-954b-4fc72df9eac0,0.8617947697639465,False,0.5645000001095468
transfusion-retrieval-v2,sha256:5fc6a9a0d5ff5721954fad8f2855c204301e59ef0b28a91d8d9bdbaf48cb659b,4,bm25,TF038,adverse_reaction,True,True,10,7,e62b0c91-ff0c-43b2-9bd5-ff173d9f8bc0,0.823145866394043,False,0.5645000001095468
transfusion-retrieval-v2,sha256:5fc6a9a0d5ff5721954fad8f2855c204301e59ef0b28a91d8d9bdbaf48cb659b,4,bm25,TF038,adverse_reaction,True,True,10,8,da79aa00-567d-434c-8441-915ac080f918,0.7254837155342102,False,0.5645000001095468
transfusion-retrieval-v2,sha256:5fc6a9a0d5ff5721954fad8f2855c204301e59ef0b28a91d8d9bdbaf48cb659b,4,bm25,TF038,adverse_reaction,True,True,10,9,d4c1a9ca-23c5-4ae0-9a51-c56675b2e6d1,0.6956260800361633,False,0.5645000001095468
transfusion-retrieval-v2,sha256:5fc6a9a0d5ff5721954fad8f2855c204301e59ef0b28a91d8d9bdbaf48cb659b,4,bm25,TF038,adverse_reaction,True,True,10,10,5de4d74d-720e-4d86-a836-f946d70a2d32,0.6446763873100281,False,0.5645000001095468
transfusion-retrieval-v2,sha256:5fc6a9a0d5ff5721954fad8f2855c204301e59ef0b28a91d8d9bdbaf48cb659b,4,bm25,TF039,adverse_reaction,True,True,1,1,324bc249-0e84-46e9-b77f-856c76cd5353,5.971460819244385,False,0.6410000005416805
transfusion-retrieval-v2,sha256:5fc6a9a0d5ff5721954fad8f2855c204301e59ef0b28a91d8d9bdbaf48cb659b,4,bm25,TF039,adverse_reaction,True,True,3,1,324bc249-0e84-46e9-b77f-856c76cd5353,5.971460819244385,False,0.6410000005416805
transfusion-retrieval-v2,sha256:5fc6a9a0d5ff5721954fad8f2855c204301e59ef0b28a91d8d9bdbaf48cb659b,4,bm25,TF039,adverse_reaction,True,True,3,2,7abe62fa-6fdb-4466-a16b-73e1770f0c57,5.051360607147217,True,0.6410000005416805
transfusion-retrieval-v2,sha256:5fc6a9a0d5ff5721954fad8f2855c204301e59ef0b28a91d8d9bdbaf48cb659b,4,bm25,TF039,adverse_reaction,True,True,3,3,2e55093d-0a0f-4fd9-954b-4fc72df9eac0,3.3720645904541016,True,0.6410000005416805
transfusion-retrieval-v2,sha256:5fc6a9a0d5ff5721954fad8f2855c204301e59ef0b28a91d8d9bdbaf48cb659b,4,bm25,TF039,adverse_reaction,True,True,5,1,324bc249-0e84-46e9-b77f-856c76cd5353,5.971460819244385,False,0.6410000005416805
transfusion-retrieval-v2,sha256:5fc6a9a0d5ff5721954fad8f2855c204301e59ef0b28a91d8d9bdbaf48cb659b,4,bm25,TF039,adverse_reaction,True,True,5,2,7abe62fa-6fdb-4466-a16b-73e1770f0c57,5.051360607147217,True,0.6410000005416805
transfusion-retrieval-v2,sha256:5fc6a9a0d5ff5721954fad8f2855c204301e59ef0b28a91d8d9bdbaf48cb659b,4,bm25,TF039,adverse_reaction,True,True,5,3,2e55093d-0a0f-4fd9-954b-4fc72df9eac0,3.3720645904541016,True,0.6410000005416805
transfusion-retrieval-v2,sha256:5fc6a9a0d5ff5721954fad8f2855c204301e59ef0b28a91d8d9bdbaf48cb659b,4,bm25,TF039,adverse_reaction,True,True,5,4,391ad5dc-0d1c-4350-85ba-5aa601d9ac0d,1.3353826999664307,False,0.6410000005416805
transfusion-retrieval-v2,sha256:5fc6a9a0d5ff5721954fad8f2855c204301e59ef0b28a91d8d9bdbaf48cb659b,4,bm25,TF039,adverse_reaction,True,True,5,5,da79aa00-567d-434c-8441-915ac080f918,0.8504177927970886,False,0.6410000005416805
transfusion-retrieval-v2,sha256:5fc6a9a0d5ff5721954fad8f2855c204301e59ef0b28a91d8d9bdbaf48cb659b,4,bm25,TF039,adverse_reaction,True,True,10,1,324bc249-0e84-46e9-b77f-856c76cd5353,5.971460819244385,False,0.6410000005416805
transfusion-retrieval-v2,sha256:5fc6a9a0d5ff5721954fad8f2855c204301e59ef0b28a91d8d9bdbaf48cb659b,4,bm25,TF039,adverse_reaction,True,True,10,2,7abe62fa-6fdb-4466-a16b-73e1770f0c57,5.051360607147217,True,0.6410000005416805
transfusion-retrieval-v2,sha256:5fc6a9a0d5ff5721954fad8f2855c204301e59ef0b28a91d8d9bdbaf48cb659b,4,bm25,TF039,adverse_reaction,True,True,10,3,2e55093d-0a0f-4fd9-954b-4fc72df9eac0,3.3720645904541016,True,0.6410000005416805
transfusion-retrieval-v2,sha256:5fc6a9a0d5ff5721954fad8f2855c204301e59ef0b28a91d8d9bdbaf48cb659b,4,bm25,TF039,adverse_reaction,True,True,10,4,391ad5dc-0d1c-4350-85ba-5aa601d9ac0d,1.3353826999664307,False,0.6410000005416805
transfusion-retrieval-v2,sha256:5fc6a9a0d5ff5721954fad8f2855c204301e59ef0b28a91d8d9bdbaf48cb659b,4,bm25,TF039,adverse_reaction,True,True,10,5,da79aa00-567d-434c-8441-915ac080f918,0.8504177927970886,False,0.6410000005416805
transfusion-retrieval-v2,sha256:5fc6a9a0d5ff5721954fad8f2855c204301e59ef0b28a91d8d9bdbaf48cb659b,4,bm25,TF039,adverse_reaction,True,True,10,6,15e829a9-a475-429d-b0e3-5c34bfbd3ab7,0.7488635182380676,False,0.6410000005416805
transfusion-retrieval-v2,sha256:5fc6a9a0d5ff5721954fad8f2855c204301e59ef0b28a91d8d9bdbaf48cb659b,4,bm25,TF039,adverse_reaction,True,True,10,7,d4c1a9ca-23c5-4ae0-9a51-c56675b2e6d1,0.6956260800361633,False,0.6410000005416805
transfusion-retrieval-v2,sha256:5fc6a9a0d5ff5721954fad8f2855c204301e59ef0b28a91d8d9bdbaf48cb659b,4,bm25,TF039,adverse_reaction,True,True,10,8,8939253d-3272-4915-8c2b-c60062aeb818,0.6486386656761169,False,0.6410000005416805
transfusion-retrieval-v2,sha256:5fc6a9a0d5ff5721954fad8f2855c204301e59ef0b28a91d8d9bdbaf48cb659b,4,bm25,TF039,adverse_reaction,True,True,10,9,7e5199d4-e5c9-40ca-a69f-ea37f52c6ce3,0.1314123421907425,False,0.6410000005416805
transfusion-retrieval-v2,sha256:5fc6a9a0d5ff5721954fad8f2855c204301e59ef0b28a91d8d9bdbaf48cb659b,4,bm25,TF039,adverse_reaction,True,True,10,10,a7cf71a5-8426-4d7c-8106-e0754e7cb4bf,0.12989771366119385,False,0.6410000005416805
transfusion-retrieval-v2,sha256:5fc6a9a0d5ff5721954fad8f2855c204301e59ef0b28a91d8d9bdbaf48cb659b,4,bm25,TF040,adverse_reaction,True,True,1,1,f4580736-a09e-471f-93d2-8089c695eb67,5.533454895019531,True,0.948900000366848
transfusion-retrieval-v2,sha256:5fc6a9a0d5ff5721954fad8f2855c204301e59ef0b28a91d8d9bdbaf48cb659b,4,bm25,TF040,adverse_reaction,True,True,3,1,f4580736-a09e-471f-93d2-8089c695eb67,5.533454895019531,True,0.948900000366848
transfusion-retrieval-v2,sha256:5fc6a9a0d5ff5721954fad8f2855c204301e59ef0b28a91d8d9bdbaf48cb659b,4,bm25,TF040,adverse_reaction,True,True,3,2,2e55093d-0a0f-4fd9-954b-4fc72df9eac0,5.291259765625,True,0.948900000366848
transfusion-retrieval-v2,sha256:5fc6a9a0d5ff5721954fad8f2855c204301e59ef0b28a91d8d9bdbaf48cb659b,4,bm25,TF040,adverse_reaction,True,True,3,3,391ad5dc-0d1c-4350-85ba-5aa601d9ac0d,1.3353826999664307,False,0.948900000366848
transfusion-retrieval-v2,sha256:5fc6a9a0d5ff5721954fad8f2855c204301e59ef0b28a91d8d9bdbaf48cb659b,4,bm25,TF040,adverse_reaction,True,True,5,1,f4580736-a09e-471f-93d2-8089c695eb67,5.533454895019531,True,0.948900000366848
transfusion-retrieval-v2,sha256:5fc6a9a0d5ff5721954fad8f2855c204301e59ef0b28a91d8d9bdbaf48cb659b,4,bm25,TF040,adverse_reaction,True,True,5,2,2e55093d-0a0f-4fd9-954b-4fc72df9eac0,5.291259765625,True,0.948900000366848
transfusion-retrieval-v2,sha256:5fc6a9a0d5ff5721954fad8f2855c204301e59ef0b28a91d8d9bdbaf48cb659b,4,bm25,TF040,adverse_reaction,True,True,5,3,391ad5dc-0d1c-4350-85ba-5aa601d9ac0d,1.3353826999664307,False,0.948900000366848
transfusion-retrieval-v2,sha256:5fc6a9a0d5ff5721954fad8f2855c204301e59ef0b28a91d8d9bdbaf48cb659b,4,bm25,TF040,adverse_reaction,True,True,5,4,b0d368a1-d0fc-4b8b-8567-e190cf462986,0.9423860907554626,False,0.948900000366848
transfusion-retrieval-v2,sha256:5fc6a9a0d5ff5721954fad8f2855c204301e59ef0b28a91d8d9bdbaf48cb659b,4,bm25,TF040,adverse_reaction,True,True,5,5,7e5199d4-e5c9-40ca-a69f-ea37f52c6ce3,0.9198150634765625,False,0.948900000366848
transfusion-retrieval-v2,sha256:5fc6a9a0d5ff5721954fad8f2855c204301e59ef0b28a91d8d9bdbaf48cb659b,4,bm25,TF040,adverse_reaction,True,True,10,1,f4580736-a09e-471f-93d2-8089c695eb67,5.533454895019531,True,0.948900000366848
transfusion-retrieval-v2,sha256:5fc6a9a0d5ff5721954fad8f2855c204301e59ef0b28a91d8d9bdbaf48cb659b,4,bm25,TF040,adverse_reaction,True,True,10,2,2e55093d-0a0f-4fd9-954b-4fc72df9eac0,5.291259765625,True,0.948900000366848
transfusion-retrieval-v2,sha256:5fc6a9a0d5ff5721954fad8f2855c204301e59ef0b28a91d8d9bdbaf48cb659b,4,bm25,TF040,adverse_reaction,True,True,10,3,391ad5dc-0d1c-4350-85ba-5aa601d9ac0d,1.3353826999664307,False,0.948900000366848
transfusion-retrieval-v2,sha256:5fc6a9a0d5ff5721954fad8f2855c204301e59ef0b28a91d8d9bdbaf48cb659b,4,bm25,TF040,adverse_reaction,True,True,10,4,b0d368a1-d0fc-4b8b-8567-e190cf462986,0.9423860907554626,False,0.948900000366848
transfusion-retrieval-v2,sha256:5fc6a9a0d5ff5721954fad8f2855c204301e59ef0b28a91d8d9bdbaf48cb659b,4,bm25,TF040,adverse_reaction,True,True,10,5,7e5199d4-e5c9-40ca-a69f-ea37f52c6ce3,0.9198150634765625,False,0.948900000366848
transfusion-retrieval-v2,sha256:5fc6a9a0d5ff5721954fad8f2855c204301e59ef0b28a91d8d9bdbaf48cb659b,4,bm25,TF040,adverse_reaction,True,True,10,6,a7cf71a5-8426-4d7c-8106-e0754e7cb4bf,0.9092135429382324,False,0.948900000366848
transfusion-retrieval-v2,sha256:5fc6a9a0d5ff5721954fad8f2855c204301e59ef0b28a91d8d9bdbaf48cb659b,4,bm25,TF040,adverse_reaction,True,True,10,7,5de4d74d-720e-4d86-a836-f946d70a2d32,0.901841402053833,False,0.948900000366848
transfusion-retrieval-v2,sha256:5fc6a9a0d5ff5721954fad8f2855c204301e59ef0b28a91d8d9bdbaf48cb659b,4,bm25,TF040,adverse_reaction,True,True,10,8,c404e320-0bf2-4325-be92-7a0614f201ca,0.8950620293617249,False,0.948900000366848
transfusion-retrieval-v2,sha256:5fc6a9a0d5ff5721954fad8f2855c204301e59ef0b28a91d8d9bdbaf48cb659b,4,bm25,TF040,adverse_reaction,True,True,10,9,73735f01-c9d0-4dd5-8d46-c70045e4b334,0.8702232837677002,False,0.948900000366848
transfusion-retrieval-v2,sha256:5fc6a9a0d5ff5721954fad8f2855c204301e59ef0b28a91d8d9bdbaf48cb659b,4,bm25,TF040,adverse_reaction,True,True,10,10,16efaa44-1554-4748-8407-48fac0bced94,0.8496715426445007,False,0.948900000366848
transfusion-retrieval-v2,sha256:5fc6a9a0d5ff5721954fad8f2855c204301e59ef0b28a91d8d9bdbaf48cb659b,4,bm25,TF041,adverse_reaction,True,True,1,1,5e7838ae-0b80-4d05-b266-deb52de7b401,8.112334251403809,True,0.8006999996723607
transfusion-retrieval-v2,sha256:5fc6a9a0d5ff5721954fad8f2855c204301e59ef0b28a91d8d9bdbaf48cb659b,4,bm25,TF041,adverse_reaction,True,True,3,1,5e7838ae-0b80-4d05-b266-deb52de7b401,8.112334251403809,True,0.8006999996723607
transfusion-retrieval-v2,sha256:5fc6a9a0d5ff5721954fad8f2855c204301e59ef0b28a91d8d9bdbaf48cb659b,4,bm25,TF041,adverse_reaction,True,True,3,2,7abe62fa-6fdb-4466-a16b-73e1770f0c57,7.936646938323975,False,0.8006999996723607
transfusion-retrieval-v2,sha256:5fc6a9a0d5ff5721954fad8f2855c204301e59ef0b28a91d8d9bdbaf48cb659b,4,bm25,TF041,adverse_reaction,True,True,3,3,f4580736-a09e-471f-93d2-8089c695eb67,6.9677886962890625,True,0.8006999996723607
transfusion-retrieval-v2,sha256:5fc6a9a0d5ff5721954fad8f2855c204301e59ef0b28a91d8d9bdbaf48cb659b,4,bm25,TF041,adverse_reaction,True,True,5,1,5e7838ae-0b80-4d05-b266-deb52de7b401,8.112334251403809,True,0.8006999996723607
transfusion-retrieval-v2,sha256:5fc6a9a0d5ff5721954fad8f2855c204301e59ef0b28a91d8d9bdbaf48cb659b,4,bm25,TF041,adverse_reaction,True,True,5,2,7abe62fa-6fdb-4466-a16b-73e1770f0c57,7.936646938323975,False,0.8006999996723607
transfusion-retrieval-v2,sha256:5fc6a9a0d5ff5721954fad8f2855c204301e59ef0b28a91d8d9bdbaf48cb659b,4,bm25,TF041,adverse_reaction,True,True,5,3,f4580736-a09e-471f-93d2-8089c695eb67,6.9677886962890625,True,0.8006999996723607
transfusion-retrieval-v2,sha256:5fc6a9a0d5ff5721954fad8f2855c204301e59ef0b28a91d8d9bdbaf48cb659b,4,bm25,TF041,adverse_reaction,True,True,5,4,324bc249-0e84-46e9-b77f-856c76cd5353,5.971460819244385,False,0.8006999996723607
transfusion-retrieval-v2,sha256:5fc6a9a0d5ff5721954fad8f2855c204301e59ef0b28a91d8d9bdbaf48cb659b,4,bm25,TF041,adverse_reaction,True,True,5,5,391ad5dc-0d1c-4350-85ba-5aa601d9ac0d,1.3353826999664307,False,0.8006999996723607
transfusion-retrieval-v2,sha256:5fc6a9a0d5ff5721954fad8f2855c204301e59ef0b28a91d8d9bdbaf48cb659b,4,bm25,TF041,adverse_reaction,True,True,10,1,5e7838ae-0b80-4d05-b266-deb52de7b401,8.112334251403809,True,0.8006999996723607
transfusion-retrieval-v2,sha256:5fc6a9a0d5ff5721954fad8f2855c204301e59ef0b28a91d8d9bdbaf48cb659b,4,bm25,TF041,adverse_reaction,True,True,10,2,7abe62fa-6fdb-4466-a16b-73e1770f0c57,7.936646938323975,False,0.8006999996723607
transfusion-retrieval-v2,sha256:5fc6a9a0d5ff5721954fad8f2855c204301e59ef0b28a91d8d9bdbaf48cb659b,4,bm25,TF041,adverse_reaction,True,True,10,3,f4580736-a09e-471f-93d2-8089c695eb67,6.9677886962890625,True,0.8006999996723607
transfusion-retrieval-v2,sha256:5fc6a9a0d5ff5721954fad8f2855c204301e59ef0b28a91d8d9bdbaf48cb659b,4,bm25,TF041,adverse_reaction,True,True,10,4,324bc249-0e84-46e9-b77f-856c76cd5353,5.971460819244385,False,0.8006999996723607
transfusion-retrieval-v2,sha256:5fc6a9a0d5ff5721954fad8f2855c204301e59ef0b28a91d8d9bdbaf48cb659b,4,bm25,TF041,adverse_reaction,True,True,10,5,391ad5dc-0d1c-4350-85ba-5aa601d9ac0d,1.3353826999664307,False,0.8006999996723607
transfusion-retrieval-v2,sha256:5fc6a9a0d5ff5721954fad8f2855c204301e59ef0b28a91d8d9bdbaf48cb659b,4,bm25,TF041,adverse_reaction,True,True,10,6,2e55093d-0a0f-4fd9-954b-4fc72df9eac0,0.949152946472168,False,0.8006999996723607
transfusion-retrieval-v2,sha256:5fc6a9a0d5ff5721954fad8f2855c204301e59ef0b28a91d8d9bdbaf48cb659b,4,bm25,TF041,adverse_reaction,True,True,10,7,da79aa00-567d-434c-8441-915ac080f918,0.8504177927970886,False,0.8006999996723607
transfusion-retrieval-v2,sha256:5fc6a9a0d5ff5721954fad8f2855c204301e59ef0b28a91d8d9bdbaf48cb659b,4,bm25,TF041,adverse_reaction,True,True,10,8,15e829a9-a475-429d-b0e3-5c34bfbd3ab7,0.7488635182380676,False,0.8006999996723607
transfusion-retrieval-v2,sha256:5fc6a9a0d5ff5721954fad8f2855c204301e59ef0b28a91d8d9bdbaf48cb659b,4,bm25,TF041,adverse_reaction,True,True,10,9,d4c1a9ca-23c5-4ae0-9a51-c56675b2e6d1,0.6956260800361633,False,0.8006999996723607
transfusion-retrieval-v2,sha256:5fc6a9a0d5ff5721954fad8f2855c204301e59ef0b28a91d8d9bdbaf48cb659b,4,bm25,TF041,adverse_reaction,True,True,10,10,8939253d-3272-4915-8c2b-c60062aeb818,0.6486386656761169,False,0.8006999996723607
transfusion-retrieval-v2,sha256:5fc6a9a0d5ff5721954fad8f2855c204301e59ef0b28a91d8d9bdbaf48cb659b,4,bm25,TF042,procedure,True,False,1,1,fbf62ef9-25b7-437c-98d8-c4934fba0fe6,9.348984718322754,False,0.8094999993772944
transfusion-retrieval-v2,sha256:5fc6a9a0d5ff5721954fad8f2855c204301e59ef0b28a91d8d9bdbaf48cb659b,4,bm25,TF042,procedure,True,False,3,1,fbf62ef9-25b7-437c-98d8-c4934fba0fe6,9.348984718322754,False,0.8094999993772944
transfusion-retrieval-v2,sha256:5fc6a9a0d5ff5721954fad8f2855c204301e59ef0b28a91d8d9bdbaf48cb659b,4,bm25,TF042,procedure,True,False,3,2,9552a4ac-31b4-43a8-aa92-37bd3e89362a,5.974932670593262,False,0.8094999993772944
transfusion-retrieval-v2,sha256:5fc6a9a0d5ff5721954fad8f2855c204301e59ef0b28a91d8d9bdbaf48cb659b,4,bm25,TF042,procedure,True,False,3,3,2cea4ea7-7aaf-4c54-ac4e-b660de52065d,5.450984001159668,False,0.8094999993772944
transfusion-retrieval-v2,sha256:5fc6a9a0d5ff5721954fad8f2855c204301e59ef0b28a91d8d9bdbaf48cb659b,4,bm25,TF042,procedure,True,False,5,1,fbf62ef9-25b7-437c-98d8-c4934fba0fe6,9.348984718322754,False,0.8094999993772944
transfusion-retrieval-v2,sha256:5fc6a9a0d5ff5721954fad8f2855c204301e59ef0b28a91d8d9bdbaf48cb659b,4,bm25,TF042,procedure,True,False,5,2,9552a4ac-31b4-43a8-aa92-37bd3e89362a,5.974932670593262,False,0.8094999993772944
transfusion-retrieval-v2,sha256:5fc6a9a0d5ff5721954fad8f2855c204301e59ef0b28a91d8d9bdbaf48cb659b,4,bm25,TF042,procedure,True,False,5,3,2cea4ea7-7aaf-4c54-ac4e-b660de52065d,5.450984001159668,False,0.8094999993772944
transfusion-retrieval-v2,sha256:5fc6a9a0d5ff5721954fad8f2855c204301e59ef0b28a91d8d9bdbaf48cb659b,4,bm25,TF042,procedure,True,False,5,4,dfb2693a-e821-4d6e-bbcc-0dbf3dc2a2ae,5.0552825927734375,True,0.8094999993772944
transfusion-retrieval-v2,sha256:5fc6a9a0d5ff5721954fad8f2855c204301e59ef0b28a91d8d9bdbaf48cb659b,4,bm25,TF042,procedure,True,False,5,5,84c0a864-176f-4776-a15e-167fc2518e5d,4.772139072418213,False,0.8094999993772944
transfusion-retrieval-v2,sha256:5fc6a9a0d5ff5721954fad8f2855c204301e59ef0b28a91d8d9bdbaf48cb659b,4,bm25,TF042,procedure,True,False,10,1,fbf62ef9-25b7-437c-98d8-c4934fba0fe6,9.348984718322754,False,0.8094999993772944
transfusion-retrieval-v2,sha256:5fc6a9a0d5ff5721954fad8f2855c204301e59ef0b28a91d8d9bdbaf48cb659b,4,bm25,TF042,procedure,True,False,10,2,9552a4ac-31b4-43a8-aa92-37bd3e89362a,5.974932670593262,False,0.8094999993772944
transfusion-retrieval-v2,sha256:5fc6a9a0d5ff5721954fad8f2855c204301e59ef0b28a91d8d9bdbaf48cb659b,4,bm25,TF042,procedure,True,False,10,3,2cea4ea7-7aaf-4c54-ac4e-b660de52065d,5.450984001159668,False,0.8094999993772944
transfusion-retrieval-v2,sha256:5fc6a9a0d5ff5721954fad8f2855c204301e59ef0b28a91d8d9bdbaf48cb659b,4,bm25,TF042,procedure,True,False,10,4,dfb2693a-e821-4d6e-bbcc-0dbf3dc2a2ae,5.0552825927734375,True,0.8094999993772944
transfusion-retrieval-v2,sha256:5fc6a9a0d5ff5721954fad8f2855c204301e59ef0b28a91d8d9bdbaf48cb659b,4,bm25,TF042,procedure,True,False,10,5,84c0a864-176f-4776-a15e-167fc2518e5d,4.772139072418213,False,0.8094999993772944
transfusion-retrieval-v2,sha256:5fc6a9a0d5ff5721954fad8f2855c204301e59ef0b28a91d8d9bdbaf48cb659b,4,bm25,TF042,procedure,True,False,10,6,3abbb958-eafe-4ffe-bcfc-dafa7349c15c,4.684035301208496,True,0.8094999993772944
transfusion-retrieval-v2,sha256:5fc6a9a0d5ff5721954fad8f2855c204301e59ef0b28a91d8d9bdbaf48cb659b,4,bm25,TF042,procedure,True,False,10,7,21efe016-3004-45f3-a070-29ce2ecb0019,4.681832313537598,False,0.8094999993772944
transfusion-retrieval-v2,sha256:5fc6a9a0d5ff5721954fad8f2855c204301e59ef0b28a91d8d9bdbaf48cb659b,4,bm25,TF042,procedure,True,False,10,8,d3b7d61b-50f0-4b96-a770-785a9f3c3886,3.241227149963379,False,0.8094999993772944
transfusion-retrieval-v2,sha256:5fc6a9a0d5ff5721954fad8f2855c204301e59ef0b28a91d8d9bdbaf48cb659b,4,bm25,TF042,procedure,True,False,10,9,4c0dde2a-0432-4cb2-ad33-987f5979ff76,3.2006609439849854,False,0.8094999993772944
transfusion-retrieval-v2,sha256:5fc6a9a0d5ff5721954fad8f2855c204301e59ef0b28a91d8d9bdbaf48cb659b,4,bm25,TF042,procedure,True,False,10,10,9131e9a9-eff3-4f4e-a20b-4bdd456c35bc,3.0297958850860596,False,0.8094999993772944
transfusion-retrieval-v2,sha256:5fc6a9a0d5ff5721954fad8f2855c204301e59ef0b28a91d8d9bdbaf48cb659b,4,bm25,TF043,procedure,True,False,1,1,9552a4ac-31b4-43a8-aa92-37bd3e89362a,6.669376373291016,False,0.8484999998472631
transfusion-retrieval-v2,sha256:5fc6a9a0d5ff5721954fad8f2855c204301e59ef0b28a91d8d9bdbaf48cb659b,4,bm25,TF043,procedure,True,False,3,1,9552a4ac-31b4-43a8-aa92-37bd3e89362a,6.669376373291016,False,0.8484999998472631
transfusion-retrieval-v2,sha256:5fc6a9a0d5ff5721954fad8f2855c204301e59ef0b28a91d8d9bdbaf48cb659b,4,bm25,TF043,procedure,True,False,3,2,84c0a864-176f-4776-a15e-167fc2518e5d,5.107711315155029,False,0.8484999998472631
transfusion-retrieval-v2,sha256:5fc6a9a0d5ff5721954fad8f2855c204301e59ef0b28a91d8d9bdbaf48cb659b,4,bm25,TF043,procedure,True,False,3,3,59d57c8a-c9d7-4f8d-b9a1-a2816f1f01f7,4.804263591766357,False,0.8484999998472631
transfusion-retrieval-v2,sha256:5fc6a9a0d5ff5721954fad8f2855c204301e59ef0b28a91d8d9bdbaf48cb659b,4,bm25,TF043,procedure,True,False,5,1,9552a4ac-31b4-43a8-aa92-37bd3e89362a,6.669376373291016,False,0.8484999998472631
transfusion-retrieval-v2,sha256:5fc6a9a0d5ff5721954fad8f2855c204301e59ef0b28a91d8d9bdbaf48cb659b,4,bm25,TF043,procedure,True,False,5,2,84c0a864-176f-4776-a15e-167fc2518e5d,5.107711315155029,False,0.8484999998472631
transfusion-retrieval-v2,sha256:5fc6a9a0d5ff5721954fad8f2855c204301e59ef0b28a91d8d9bdbaf48cb659b,4,bm25,TF043,procedure,True,False,5,3,59d57c8a-c9d7-4f8d-b9a1-a2816f1f01f7,4.804263591766357,False,0.8484999998472631
transfusion-retrieval-v2,sha256:5fc6a9a0d5ff5721954fad8f2855c204301e59ef0b28a91d8d9bdbaf48cb659b,4,bm25,TF043,procedure,True,False,5,4,f9cfc75b-a5e7-4633-a798-4b17ea462325,4.705187797546387,False,0.8484999998472631
transfusion-retrieval-v2,sha256:5fc6a9a0d5ff5721954fad8f2855c204301e59ef0b28a91d8d9bdbaf48cb659b,4,bm25,TF043,procedure,True,False,5,5,e62b0c91-ff0c-43b2-9bd5-ff173d9f8bc0,4.6416802406311035,False,0.8484999998472631
transfusion-retrieval-v2,sha256:5fc6a9a0d5ff5721954fad8f2855c204301e59ef0b28a91d8d9bdbaf48cb659b,4,bm25,TF043,procedure,True,False,10,1,9552a4ac-31b4-43a8-aa92-37bd3e89362a,6.669376373291016,False,0.8484999998472631
transfusion-retrieval-v2,sha256:5fc6a9a0d5ff5721954fad8f2855c204301e59ef0b28a91d8d9bdbaf48cb659b,4,bm25,TF043,procedure,True,False,10,2,84c0a864-176f-4776-a15e-167fc2518e5d,5.107711315155029,False,0.8484999998472631
transfusion-retrieval-v2,sha256:5fc6a9a0d5ff5721954fad8f2855c204301e59ef0b28a91d8d9bdbaf48cb659b,4,bm25,TF043,procedure,True,False,10,3,59d57c8a-c9d7-4f8d-b9a1-a2816f1f01f7,4.804263591766357,False,0.8484999998472631
transfusion-retrieval-v2,sha256:5fc6a9a0d5ff5721954fad8f2855c204301e59ef0b28a91d8d9bdbaf48cb659b,4,bm25,TF043,procedure,True,False,10,4,f9cfc75b-a5e7-4633-a798-4b17ea462325,4.705187797546387,False,0.8484999998472631
transfusion-retrieval-v2,sha256:5fc6a9a0d5ff5721954fad8f2855c204301e59ef0b28a91d8d9bdbaf48cb659b,4,bm25,TF043,procedure,True,False,10,5,e62b0c91-ff0c-43b2-9bd5-ff173d9f8bc0,4.6416802406311035,False,0.8484999998472631
transfusion-retrieval-v2,sha256:5fc6a9a0d5ff5721954fad8f2855c204301e59ef0b28a91d8d9bdbaf48cb659b,4,bm25,TF043,procedure,True,False,10,6,3ecc27b9-634c-4026-b44e-e01123aa0467,4.619519233703613,False,0.8484999998472631
transfusion-retrieval-v2,sha256:5fc6a9a0d5ff5721954fad8f2855c204301e59ef0b28a91d8d9bdbaf48cb659b,4,bm25,TF043,procedure,True,False,10,7,9b6cc313-9a59-4387-a5ce-2ed14389a0a7,4.246101379394531,False,0.8484999998472631
transfusion-retrieval-v2,sha256:5fc6a9a0d5ff5721954fad8f2855c204301e59ef0b28a91d8d9bdbaf48cb659b,4,bm25,TF043,procedure,True,False,10,8,df699ccc-6f51-4281-b4a4-f3d2a20631e0,4.123198509216309,False,0.8484999998472631
transfusion-retrieval-v2,sha256:5fc6a9a0d5ff5721954fad8f2855c204301e59ef0b28a91d8d9bdbaf48cb659b,4,bm25,TF043,procedure,True,False,10,9,d3b7d61b-50f0-4b96-a770-785a9f3c3886,1.9555081129074097,False,0.8484999998472631
transfusion-retrieval-v2,sha256:5fc6a9a0d5ff5721954fad8f2855c204301e59ef0b28a91d8d9bdbaf48cb659b,4,bm25,TF043,procedure,True,False,10,10,b0b5bc4f-7d0b-4f56-8e37-84178d38637d,1.9025700092315674,False,0.8484999998472631
transfusion-retrieval-v2,sha256:5fc6a9a0d5ff5721954fad8f2855c204301e59ef0b28a91d8d9bdbaf48cb659b,4,bm25,TF044,fact_specific,True,False,1,1,09f3c6d5-9e0c-4545-960f-b16c69abbeb1,6.416562557220459,False,0.8682000006956514
transfusion-retrieval-v2,sha256:5fc6a9a0d5ff5721954fad8f2855c204301e59ef0b28a91d8d9bdbaf48cb659b,4,bm25,TF044,fact_specific,True,False,3,1,09f3c6d5-9e0c-4545-960f-b16c69abbeb1,6.416562557220459,False,0.8682000006956514
transfusion-retrieval-v2,sha256:5fc6a9a0d5ff5721954fad8f2855c204301e59ef0b28a91d8d9bdbaf48cb659b,4,bm25,TF044,fact_specific,True,False,3,2,dfb2693a-e821-4d6e-bbcc-0dbf3dc2a2ae,5.222231864929199,False,0.8682000006956514
transfusion-retrieval-v2,sha256:5fc6a9a0d5ff5721954fad8f2855c204301e59ef0b28a91d8d9bdbaf48cb659b,4,bm25,TF044,fact_specific,True,False,3,3,919e93ca-fed9-4dde-b9b8-f870e207a3f3,4.688266754150391,False,0.8682000006956514
transfusion-retrieval-v2,sha256:5fc6a9a0d5ff5721954fad8f2855c204301e59ef0b28a91d8d9bdbaf48cb659b,4,bm25,TF044,fact_specific,True,False,5,1,09f3c6d5-9e0c-4545-960f-b16c69abbeb1,6.416562557220459,False,0.8682000006956514
transfusion-retrieval-v2,sha256:5fc6a9a0d5ff5721954fad8f2855c204301e59ef0b28a91d8d9bdbaf48cb659b,4,bm25,TF044,fact_specific,True,False,5,2,dfb2693a-e821-4d6e-bbcc-0dbf3dc2a2ae,5.222231864929199,False,0.8682000006956514
transfusion-retrieval-v2,sha256:5fc6a9a0d5ff5721954fad8f2855c204301e59ef0b28a91d8d9bdbaf48cb659b,4,bm25,TF044,fact_specific,True,False,5,3,919e93ca-fed9-4dde-b9b8-f870e207a3f3,4.688266754150391,False,0.8682000006956514
transfusion-retrieval-v2,sha256:5fc6a9a0d5ff5721954fad8f2855c204301e59ef0b28a91d8d9bdbaf48cb659b,4,bm25,TF044,fact_specific,True,False,5,4,3abbb958-eafe-4ffe-bcfc-dafa7349c15c,4.684035301208496,False,0.8682000006956514
transfusion-retrieval-v2,sha256:5fc6a9a0d5ff5721954fad8f2855c204301e59ef0b28a91d8d9bdbaf48cb659b,4,bm25,TF044,fact_specific,True,False,5,5,3ecc27b9-634c-4026-b44e-e01123aa0467,4.577188491821289,False,0.8682000006956514
transfusion-retrieval-v2,sha256:5fc6a9a0d5ff5721954fad8f2855c204301e59ef0b28a91d8d9bdbaf48cb659b,4,bm25,TF044,fact_specific,True,False,10,1,09f3c6d5-9e0c-4545-960f-b16c69abbeb1,6.416562557220459,False,0.8682000006956514
transfusion-retrieval-v2,sha256:5fc6a9a0d5ff5721954fad8f2855c204301e59ef0b28a91d8d9bdbaf48cb659b,4,bm25,TF044,fact_specific,True,False,10,2,dfb2693a-e821-4d6e-bbcc-0dbf3dc2a2ae,5.222231864929199,False,0.8682000006956514
transfusion-retrieval-v2,sha256:5fc6a9a0d5ff5721954fad8f2855c204301e59ef0b28a91d8d9bdbaf48cb659b,4,bm25,TF044,fact_specific,True,False,10,3,919e93ca-fed9-4dde-b9b8-f870e207a3f3,4.688266754150391,False,0.8682000006956514
transfusion-retrieval-v2,sha256:5fc6a9a0d5ff5721954fad8f2855c204301e59ef0b28a91d8d9bdbaf48cb659b,4,bm25,TF044,fact_specific,True,False,10,4,3abbb958-eafe-4ffe-bcfc-dafa7349c15c,4.684035301208496,False,0.8682000006956514
transfusion-retrieval-v2,sha256:5fc6a9a0d5ff5721954fad8f2855c204301e59ef0b28a91d8d9bdbaf48cb659b,4,bm25,TF044,fact_specific,True,False,10,5,3ecc27b9-634c-4026-b44e-e01123aa0467,4.577188491821289,False,0.8682000006956514
transfusion-retrieval-v2,sha256:5fc6a9a0d5ff5721954fad8f2855c204301e59ef0b28a91d8d9bdbaf48cb659b,4,bm25,TF044,fact_specific,True,False,10,6,9131e9a9-eff3-4f4e-a20b-4bdd456c35bc,4.499397277832031,False,0.8682000006956514
transfusion-retrieval-v2,sha256:5fc6a9a0d5ff5721954fad8f2855c204301e59ef0b28a91d8d9bdbaf48cb659b,4,bm25,TF044,fact_specific,True,False,10,7,2cea4ea7-7aaf-4c54-ac4e-b660de52065d,4.399069309234619,False,0.8682000006956514
transfusion-retrieval-v2,sha256:5fc6a9a0d5ff5721954fad8f2855c204301e59ef0b28a91d8d9bdbaf48cb659b,4,bm25,TF044,fact_specific,True,False,10,8,fbf62ef9-25b7-437c-98d8-c4934fba0fe6,4.2966814041137695,False,0.8682000006956514
transfusion-retrieval-v2,sha256:5fc6a9a0d5ff5721954fad8f2855c204301e59ef0b28a91d8d9bdbaf48cb659b,4,bm25,TF044,fact_specific,True,False,10,9,1033ac46-dec8-493e-b577-7f5ad80f8e86,4.093734264373779,False,0.8682000006956514
transfusion-retrieval-v2,sha256:5fc6a9a0d5ff5721954fad8f2855c204301e59ef0b28a91d8d9bdbaf48cb659b,4,bm25,TF044,fact_specific,True,False,10,10,9552a4ac-31b4-43a8-aa92-37bd3e89362a,3.5061025619506836,False,0.8682000006956514
transfusion-retrieval-v2,sha256:5fc6a9a0d5ff5721954fad8f2855c204301e59ef0b28a91d8d9bdbaf48cb659b,4,bm25,TF045,paraphrase,True,False,1,1,3abbb958-eafe-4ffe-bcfc-dafa7349c15c,6.537220001220703,False,1.5447000005224254
transfusion-retrieval-v2,sha256:5fc6a9a0d5ff5721954fad8f2855c204301e59ef0b28a91d8d9bdbaf48cb659b,4,bm25,TF045,paraphrase,True,False,3,1,3abbb958-eafe-4ffe-bcfc-dafa7349c15c,6.537220001220703,False,1.5447000005224254
transfusion-retrieval-v2,sha256:5fc6a9a0d5ff5721954fad8f2855c204301e59ef0b28a91d8d9bdbaf48cb659b,4,bm25,TF045,paraphrase,True,False,3,2,eda54b74-cd2f-4808-8175-bcc5b916ce90,5.430171489715576,False,1.5447000005224254
transfusion-retrieval-v2,sha256:5fc6a9a0d5ff5721954fad8f2855c204301e59ef0b28a91d8d9bdbaf48cb659b,4,bm25,TF045,paraphrase,True,False,3,3,7adacb8c-91c0-4ea7-8d82-7505eeac5042,5.366875648498535,False,1.5447000005224254
transfusion-retrieval-v2,sha256:5fc6a9a0d5ff5721954fad8f2855c204301e59ef0b28a91d8d9bdbaf48cb659b,4,bm25,TF045,paraphrase,True,False,5,1,3abbb958-eafe-4ffe-bcfc-dafa7349c15c,6.537220001220703,False,1.5447000005224254
transfusion-retrieval-v2,sha256:5fc6a9a0d5ff5721954fad8f2855c204301e59ef0b28a91d8d9bdbaf48cb659b,4,bm25,TF045,paraphrase,True,False,5,2,eda54b74-cd2f-4808-8175-bcc5b916ce90,5.430171489715576,False,1.5447000005224254
transfusion-retrieval-v2,sha256:5fc6a9a0d5ff5721954fad8f2855c204301e59ef0b28a91d8d9bdbaf48cb659b,4,bm25,TF045,paraphrase,True,False,5,3,7adacb8c-91c0-4ea7-8d82-7505eeac5042,5.366875648498535,False,1.5447000005224254
transfusion-retrieval-v2,sha256:5fc6a9a0d5ff5721954fad8f2855c204301e59ef0b28a91d8d9bdbaf48cb659b,4,bm25,TF045,paraphrase,True,False,5,4,dfb2693a-e821-4d6e-bbcc-0dbf3dc2a2ae,5.349342346191406,False,1.5447000005224254
transfusion-retrieval-v2,sha256:5fc6a9a0d5ff5721954fad8f2855c204301e59ef0b28a91d8d9bdbaf48cb659b,4,bm25,TF045,paraphrase,True,False,5,5,22e6c188-2e4c-4029-b200-7770a3f00e6e,5.186156272888184,False,1.5447000005224254
transfusion-retrieval-v2,sha256:5fc6a9a0d5ff5721954fad8f2855c204301e59ef0b28a91d8d9bdbaf48cb659b,4,bm25,TF045,paraphrase,True,False,10,1,3abbb958-eafe-4ffe-bcfc-dafa7349c15c,6.537220001220703,False,1.5447000005224254
transfusion-retrieval-v2,sha256:5fc6a9a0d5ff5721954fad8f2855c204301e59ef0b28a91d8d9bdbaf48cb659b,4,bm25,TF045,paraphrase,True,False,10,2,eda54b74-cd2f-4808-8175-bcc5b916ce90,5.430171489715576,False,1.5447000005224254
transfusion-retrieval-v2,sha256:5fc6a9a0d5ff5721954fad8f2855c204301e59ef0b28a91d8d9bdbaf48cb659b,4,bm25,TF045,paraphrase,True,False,10,3,7adacb8c-91c0-4ea7-8d82-7505eeac5042,5.366875648498535,False,1.5447000005224254
transfusion-retrieval-v2,sha256:5fc6a9a0d5ff5721954fad8f2855c204301e59ef0b28a91d8d9bdbaf48cb659b,4,bm25,TF045,paraphrase,True,False,10,4,dfb2693a-e821-4d6e-bbcc-0dbf3dc2a2ae,5.349342346191406,False,1.5447000005224254
transfusion-retrieval-v2,sha256:5fc6a9a0d5ff5721954fad8f2855c204301e59ef0b28a91d8d9bdbaf48cb659b,4,bm25,TF045,paraphrase,True,False,10,5,22e6c188-2e4c-4029-b200-7770a3f00e6e,5.186156272888184,False,1.5447000005224254
transfusion-retrieval-v2,sha256:5fc6a9a0d5ff5721954fad8f2855c204301e59ef0b28a91d8d9bdbaf48cb659b,4,bm25,TF045,paraphrase,True,False,10,6,2cea4ea7-7aaf-4c54-ac4e-b660de52065d,3.7989649772644043,False,1.5447000005224254
transfusion-retrieval-v2,sha256:5fc6a9a0d5ff5721954fad8f2855c204301e59ef0b28a91d8d9bdbaf48cb659b,4,bm25,TF045,paraphrase,True,False,10,7,fbf62ef9-25b7-437c-98d8-c4934fba0fe6,3.7905306816101074,False,1.5447000005224254
transfusion-retrieval-v2,sha256:5fc6a9a0d5ff5721954fad8f2855c204301e59ef0b28a91d8d9bdbaf48cb659b,4,bm25,TF045,paraphrase,True,False,10,8,b225ae64-72d2-4e59-81c0-57f5d8438666,3.657822847366333,False,1.5447000005224254
transfusion-retrieval-v2,sha256:5fc6a9a0d5ff5721954fad8f2855c204301e59ef0b28a91d8d9bdbaf48cb659b,4,bm25,TF045,paraphrase,True,False,10,9,9131e9a9-eff3-4f4e-a20b-4bdd456c35bc,3.4647159576416016,False,1.5447000005224254
transfusion-retrieval-v2,sha256:5fc6a9a0d5ff5721954fad8f2855c204301e59ef0b28a91d8d9bdbaf48cb659b,4,bm25,TF045,paraphrase,True,False,10,10,fd678588-5ac2-400d-95c5-3309537781ec,3.287501573562622,True,1.5447000005224254
transfusion-retrieval-v2,sha256:5fc6a9a0d5ff5721954fad8f2855c204301e59ef0b28a91d8d9bdbaf48cb659b,4,bm25,TN001,negative_out_of_scope,False,False,1,1,fb4884e3-8fea-42fa-b996-7e9c333e7fef,0.0,False,0.7525999990320997
transfusion-retrieval-v2,sha256:5fc6a9a0d5ff5721954fad8f2855c204301e59ef0b28a91d8d9bdbaf48cb659b,4,bm25,TN001,negative_out_of_scope,False,False,3,1,fb4884e3-8fea-42fa-b996-7e9c333e7fef,0.0,False,0.7525999990320997
transfusion-retrieval-v2,sha256:5fc6a9a0d5ff5721954fad8f2855c204301e59ef0b28a91d8d9bdbaf48cb659b,4,bm25,TN001,negative_out_of_scope,False,False,3,2,761b9529-5b18-4262-8174-6062c35fb31c,0.0,False,0.7525999990320997
transfusion-retrieval-v2,sha256:5fc6a9a0d5ff5721954fad8f2855c204301e59ef0b28a91d8d9bdbaf48cb659b,4,bm25,TN001,negative_out_of_scope,False,False,3,3,c78ff32d-ea17-41fd-98ef-2e8872f01df3,0.0,False,0.7525999990320997
transfusion-retrieval-v2,sha256:5fc6a9a0d5ff5721954fad8f2855c204301e59ef0b28a91d8d9bdbaf48cb659b,4,bm25,TN001,negative_out_of_scope,False,False,5,1,fb4884e3-8fea-42fa-b996-7e9c333e7fef,0.0,False,0.7525999990320997
transfusion-retrieval-v2,sha256:5fc6a9a0d5ff5721954fad8f2855c204301e59ef0b28a91d8d9bdbaf48cb659b,4,bm25,TN001,negative_out_of_scope,False,False,5,2,761b9529-5b18-4262-8174-6062c35fb31c,0.0,False,0.7525999990320997
transfusion-retrieval-v2,sha256:5fc6a9a0d5ff5721954fad8f2855c204301e59ef0b28a91d8d9bdbaf48cb659b,4,bm25,TN001,negative_out_of_scope,False,False,5,3,c78ff32d-ea17-41fd-98ef-2e8872f01df3,0.0,False,0.7525999990320997
transfusion-retrieval-v2,sha256:5fc6a9a0d5ff5721954fad8f2855c204301e59ef0b28a91d8d9bdbaf48cb659b,4,bm25,TN001,negative_out_of_scope,False,False,5,4,d9a4a9c8-fbd4-41f2-bab6-6abd72575204,0.0,False,0.7525999990320997
transfusion-retrieval-v2,sha256:5fc6a9a0d5ff5721954fad8f2855c204301e59ef0b28a91d8d9bdbaf48cb659b,4,bm25,TN001,negative_out_of_scope,False,False,5,5,ee8c2027-ad6d-4bb7-8077-5e4c42be1cc3,0.0,False,0.7525999990320997
transfusion-retrieval-v2,sha256:5fc6a9a0d5ff5721954fad8f2855c204301e59ef0b28a91d8d9bdbaf48cb659b,4,bm25,TN001,negative_out_of_scope,False,False,10,1,fb4884e3-8fea-42fa-b996-7e9c333e7fef,0.0,False,0.7525999990320997
transfusion-retrieval-v2,sha256:5fc6a9a0d5ff5721954fad8f2855c204301e59ef0b28a91d8d9bdbaf48cb659b,4,bm25,TN001,negative_out_of_scope,False,False,10,2,761b9529-5b18-4262-8174-6062c35fb31c,0.0,False,0.7525999990320997
transfusion-retrieval-v2,sha256:5fc6a9a0d5ff5721954fad8f2855c204301e59ef0b28a91d8d9bdbaf48cb659b,4,bm25,TN001,negative_out_of_scope,False,False,10,3,c78ff32d-ea17-41fd-98ef-2e8872f01df3,0.0,False,0.7525999990320997
transfusion-retrieval-v2,sha256:5fc6a9a0d5ff5721954fad8f2855c204301e59ef0b28a91d8d9bdbaf48cb659b,4,bm25,TN001,negative_out_of_scope,False,False,10,4,d9a4a9c8-fbd4-41f2-bab6-6abd72575204,0.0,False,0.7525999990320997
transfusion-retrieval-v2,sha256:5fc6a9a0d5ff5721954fad8f2855c204301e59ef0b28a91d8d9bdbaf48cb659b,4,bm25,TN001,negative_out_of_scope,False,False,10,5,ee8c2027-ad6d-4bb7-8077-5e4c42be1cc3,0.0,False,0.7525999990320997
transfusion-retrieval-v2,sha256:5fc6a9a0d5ff5721954fad8f2855c204301e59ef0b28a91d8d9bdbaf48cb659b,4,bm25,TN001,negative_out_of_scope,False,False,10,6,66dba192-bac5-4b3a-bd4d-77e9eacb4192,0.0,False,0.7525999990320997
transfusion-retrieval-v2,sha256:5fc6a9a0d5ff5721954fad8f2855c204301e59ef0b28a91d8d9bdbaf48cb659b,4,bm25,TN001,negative_out_of_scope,False,False,10,7,edd76252-eb29-4acf-9a31-735463528b7d,0.0,False,0.7525999990320997
transfusion-retrieval-v2,sha256:5fc6a9a0d5ff5721954fad8f2855c204301e59ef0b28a91d8d9bdbaf48cb659b,4,bm25,TN001,negative_out_of_scope,False,False,10,8,843aa4c8-3ffd-4747-97eb-8699b0a0eeaf,0.0,False,0.7525999990320997
transfusion-retrieval-v2,sha256:5fc6a9a0d5ff5721954fad8f2855c204301e59ef0b28a91d8d9bdbaf48cb659b,4,bm25,TN001,negative_out_of_scope,False,False,10,9,63e9db23-9c0a-4e6a-a272-3d118d242ca2,0.0,False,0.7525999990320997
transfusion-retrieval-v2,sha256:5fc6a9a0d5ff5721954fad8f2855c204301e59ef0b28a91d8d9bdbaf48cb659b,4,bm25,TN001,negative_out_of_scope,False,False,10,10,10537058-d160-4786-a6cf-95de46d7189c,0.0,False,0.7525999990320997
transfusion-retrieval-v2,sha256:5fc6a9a0d5ff5721954fad8f2855c204301e59ef0b28a91d8d9bdbaf48cb659b,4,bm25,TN002,negative_out_of_scope,False,False,1,1,c78ff32d-ea17-41fd-98ef-2e8872f01df3,3.995793342590332,False,0.5614000001514796
transfusion-retrieval-v2,sha256:5fc6a9a0d5ff5721954fad8f2855c204301e59ef0b28a91d8d9bdbaf48cb659b,4,bm25,TN002,negative_out_of_scope,False,False,3,1,c78ff32d-ea17-41fd-98ef-2e8872f01df3,3.995793342590332,False,0.5614000001514796
transfusion-retrieval-v2,sha256:5fc6a9a0d5ff5721954fad8f2855c204301e59ef0b28a91d8d9bdbaf48cb659b,4,bm25,TN002,negative_out_of_scope,False,False,3,2,fb4884e3-8fea-42fa-b996-7e9c333e7fef,0.0,False,0.5614000001514796
transfusion-retrieval-v2,sha256:5fc6a9a0d5ff5721954fad8f2855c204301e59ef0b28a91d8d9bdbaf48cb659b,4,bm25,TN002,negative_out_of_scope,False,False,3,3,761b9529-5b18-4262-8174-6062c35fb31c,0.0,False,0.5614000001514796
transfusion-retrieval-v2,sha256:5fc6a9a0d5ff5721954fad8f2855c204301e59ef0b28a91d8d9bdbaf48cb659b,4,bm25,TN002,negative_out_of_scope,False,False,5,1,c78ff32d-ea17-41fd-98ef-2e8872f01df3,3.995793342590332,False,0.5614000001514796
transfusion-retrieval-v2,sha256:5fc6a9a0d5ff5721954fad8f2855c204301e59ef0b28a91d8d9bdbaf48cb659b,4,bm25,TN002,negative_out_of_scope,False,False,5,2,fb4884e3-8fea-42fa-b996-7e9c333e7fef,0.0,False,0.5614000001514796
transfusion-retrieval-v2,sha256:5fc6a9a0d5ff5721954fad8f2855c204301e59ef0b28a91d8d9bdbaf48cb659b,4,bm25,TN002,negative_out_of_scope,False,False,5,3,761b9529-5b18-4262-8174-6062c35fb31c,0.0,False,0.5614000001514796
transfusion-retrieval-v2,sha256:5fc6a9a0d5ff5721954fad8f2855c204301e59ef0b28a91d8d9bdbaf48cb659b,4,bm25,TN002,negative_out_of_scope,False,False,5,4,d9a4a9c8-fbd4-41f2-bab6-6abd72575204,0.0,False,0.5614000001514796
transfusion-retrieval-v2,sha256:5fc6a9a0d5ff5721954fad8f2855c204301e59ef0b28a91d8d9bdbaf48cb659b,4,bm25,TN002,negative_out_of_scope,False,False,5,5,ee8c2027-ad6d-4bb7-8077-5e4c42be1cc3,0.0,False,0.5614000001514796
transfusion-retrieval-v2,sha256:5fc6a9a0d5ff5721954fad8f2855c204301e59ef0b28a91d8d9bdbaf48cb659b,4,bm25,TN002,negative_out_of_scope,False,False,10,1,c78ff32d-ea17-41fd-98ef-2e8872f01df3,3.995793342590332,False,0.5614000001514796
transfusion-retrieval-v2,sha256:5fc6a9a0d5ff5721954fad8f2855c204301e59ef0b28a91d8d9bdbaf48cb659b,4,bm25,TN002,negative_out_of_scope,False,False,10,2,fb4884e3-8fea-42fa-b996-7e9c333e7fef,0.0,False,0.5614000001514796
transfusion-retrieval-v2,sha256:5fc6a9a0d5ff5721954fad8f2855c204301e59ef0b28a91d8d9bdbaf48cb659b,4,bm25,TN002,negative_out_of_scope,False,False,10,3,761b9529-5b18-4262-8174-6062c35fb31c,0.0,False,0.5614000001514796
transfusion-retrieval-v2,sha256:5fc6a9a0d5ff5721954fad8f2855c204301e59ef0b28a91d8d9bdbaf48cb659b,4,bm25,TN002,negative_out_of_scope,False,False,10,4,d9a4a9c8-fbd4-41f2-bab6-6abd72575204,0.0,False,0.5614000001514796
transfusion-retrieval-v2,sha256:5fc6a9a0d5ff5721954fad8f2855c204301e59ef0b28a91d8d9bdbaf48cb659b,4,bm25,TN002,negative_out_of_scope,False,False,10,5,ee8c2027-ad6d-4bb7-8077-5e4c42be1cc3,0.0,False,0.5614000001514796
transfusion-retrieval-v2,sha256:5fc6a9a0d5ff5721954fad8f2855c204301e59ef0b28a91d8d9bdbaf48cb659b,4,bm25,TN002,negative_out_of_scope,False,False,10,6,66dba192-bac5-4b3a-bd4d-77e9eacb4192,0.0,False,0.5614000001514796
transfusion-retrieval-v2,sha256:5fc6a9a0d5ff5721954fad8f2855c204301e59ef0b28a91d8d9bdbaf48cb659b,4,bm25,TN002,negative_out_of_scope,False,False,10,7,edd76252-eb29-4acf-9a31-735463528b7d,0.0,False,0.5614000001514796
transfusion-retrieval-v2,sha256:5fc6a9a0d5ff5721954fad8f2855c204301e59ef0b28a91d8d9bdbaf48cb659b,4,bm25,TN002,negative_out_of_scope,False,False,10,8,843aa4c8-3ffd-4747-97eb-8699b0a0eeaf,0.0,False,0.5614000001514796
transfusion-retrieval-v2,sha256:5fc6a9a0d5ff5721954fad8f2855c204301e59ef0b28a91d8d9bdbaf48cb659b,4,bm25,TN002,negative_out_of_scope,False,False,10,9,63e9db23-9c0a-4e6a-a272-3d118d242ca2,0.0,False,0.5614000001514796
transfusion-retrieval-v2,sha256:5fc6a9a0d5ff5721954fad8f2855c204301e59ef0b28a91d8d9bdbaf48cb659b,4,bm25,TN002,negative_out_of_scope,False,False,10,10,10537058-d160-4786-a6cf-95de46d7189c,0.0,False,0.5614000001514796
transfusion-retrieval-v2,sha256:5fc6a9a0d5ff5721954fad8f2855c204301e59ef0b28a91d8d9bdbaf48cb659b,4,bm25,TN003,negative_out_of_scope,False,False,1,1,6ffcd319-e868-444b-b6fe-8d192a4de3ff,5.228564262390137,False,0.5233000010775868
transfusion-retrieval-v2,sha256:5fc6a9a0d5ff5721954fad8f2855c204301e59ef0b28a91d8d9bdbaf48cb659b,4,bm25,TN003,negative_out_of_scope,False,False,3,1,6ffcd319-e868-444b-b6fe-8d192a4de3ff,5.228564262390137,False,0.5233000010775868
transfusion-retrieval-v2,sha256:5fc6a9a0d5ff5721954fad8f2855c204301e59ef0b28a91d8d9bdbaf48cb659b,4,bm25,TN003,negative_out_of_scope,False,False,3,2,f7a9837d-f8db-4461-abd8-a3607db2276f,0.9105718731880188,False,0.5233000010775868
transfusion-retrieval-v2,sha256:5fc6a9a0d5ff5721954fad8f2855c204301e59ef0b28a91d8d9bdbaf48cb659b,4,bm25,TN003,negative_out_of_scope,False,False,3,3,fbf62ef9-25b7-437c-98d8-c4934fba0fe6,0.7948442697525024,False,0.5233000010775868
transfusion-retrieval-v2,sha256:5fc6a9a0d5ff5721954fad8f2855c204301e59ef0b28a91d8d9bdbaf48cb659b,4,bm25,TN003,negative_out_of_scope,False,False,5,1,6ffcd319-e868-444b-b6fe-8d192a4de3ff,5.228564262390137,False,0.5233000010775868
transfusion-retrieval-v2,sha256:5fc6a9a0d5ff5721954fad8f2855c204301e59ef0b28a91d8d9bdbaf48cb659b,4,bm25,TN003,negative_out_of_scope,False,False,5,2,f7a9837d-f8db-4461-abd8-a3607db2276f,0.9105718731880188,False,0.5233000010775868
transfusion-retrieval-v2,sha256:5fc6a9a0d5ff5721954fad8f2855c204301e59ef0b28a91d8d9bdbaf48cb659b,4,bm25,TN003,negative_out_of_scope,False,False,5,3,fbf62ef9-25b7-437c-98d8-c4934fba0fe6,0.7948442697525024,False,0.5233000010775868
transfusion-retrieval-v2,sha256:5fc6a9a0d5ff5721954fad8f2855c204301e59ef0b28a91d8d9bdbaf48cb659b,4,bm25,TN003,negative_out_of_scope,False,False,5,4,fb4884e3-8fea-42fa-b996-7e9c333e7fef,0.0,False,0.5233000010775868
transfusion-retrieval-v2,sha256:5fc6a9a0d5ff5721954fad8f2855c204301e59ef0b28a91d8d9bdbaf48cb659b,4,bm25,TN003,negative_out_of_scope,False,False,5,5,761b9529-5b18-4262-8174-6062c35fb31c,0.0,False,0.5233000010775868
transfusion-retrieval-v2,sha256:5fc6a9a0d5ff5721954fad8f2855c204301e59ef0b28a91d8d9bdbaf48cb659b,4,bm25,TN003,negative_out_of_scope,False,False,10,1,6ffcd319-e868-444b-b6fe-8d192a4de3ff,5.228564262390137,False,0.5233000010775868
transfusion-retrieval-v2,sha256:5fc6a9a0d5ff5721954fad8f2855c204301e59ef0b28a91d8d9bdbaf48cb659b,4,bm25,TN003,negative_out_of_scope,False,False,10,2,f7a9837d-f8db-4461-abd8-a3607db2276f,0.9105718731880188,False,0.5233000010775868
transfusion-retrieval-v2,sha256:5fc6a9a0d5ff5721954fad8f2855c204301e59ef0b28a91d8d9bdbaf48cb659b,4,bm25,TN003,negative_out_of_scope,False,False,10,3,fbf62ef9-25b7-437c-98d8-c4934fba0fe6,0.7948442697525024,False,0.5233000010775868
transfusion-retrieval-v2,sha256:5fc6a9a0d5ff5721954fad8f2855c204301e59ef0b28a91d8d9bdbaf48cb659b,4,bm25,TN003,negative_out_of_scope,False,False,10,4,fb4884e3-8fea-42fa-b996-7e9c333e7fef,0.0,False,0.5233000010775868
transfusion-retrieval-v2,sha256:5fc6a9a0d5ff5721954fad8f2855c204301e59ef0b28a91d8d9bdbaf48cb659b,4,bm25,TN003,negative_out_of_scope,False,False,10,5,761b9529-5b18-4262-8174-6062c35fb31c,0.0,False,0.5233000010775868
transfusion-retrieval-v2,sha256:5fc6a9a0d5ff5721954fad8f2855c204301e59ef0b28a91d8d9bdbaf48cb659b,4,bm25,TN003,negative_out_of_scope,False,False,10,6,c78ff32d-ea17-41fd-98ef-2e8872f01df3,0.0,False,0.5233000010775868
transfusion-retrieval-v2,sha256:5fc6a9a0d5ff5721954fad8f2855c204301e59ef0b28a91d8d9bdbaf48cb659b,4,bm25,TN003,negative_out_of_scope,False,False,10,7,d9a4a9c8-fbd4-41f2-bab6-6abd72575204,0.0,False,0.5233000010775868
transfusion-retrieval-v2,sha256:5fc6a9a0d5ff5721954fad8f2855c204301e59ef0b28a91d8d9bdbaf48cb659b,4,bm25,TN003,negative_out_of_scope,False,False,10,8,ee8c2027-ad6d-4bb7-8077-5e4c42be1cc3,0.0,False,0.5233000010775868
transfusion-retrieval-v2,sha256:5fc6a9a0d5ff5721954fad8f2855c204301e59ef0b28a91d8d9bdbaf48cb659b,4,bm25,TN003,negative_out_of_scope,False,False,10,9,66dba192-bac5-4b3a-bd4d-77e9eacb4192,0.0,False,0.5233000010775868
transfusion-retrieval-v2,sha256:5fc6a9a0d5ff5721954fad8f2855c204301e59ef0b28a91d8d9bdbaf48cb659b,4,bm25,TN003,negative_out_of_scope,False,False,10,10,edd76252-eb29-4acf-9a31-735463528b7d,0.0,False,0.5233000010775868
transfusion-retrieval-v2,sha256:5fc6a9a0d5ff5721954fad8f2855c204301e59ef0b28a91d8d9bdbaf48cb659b,4,bm25,TN004,negative_out_of_scope,False,False,1,1,fb4884e3-8fea-42fa-b996-7e9c333e7fef,0.0,False,0.4896000009466661
transfusion-retrieval-v2,sha256:5fc6a9a0d5ff5721954fad8f2855c204301e59ef0b28a91d8d9bdbaf48cb659b,4,bm25,TN004,negative_out_of_scope,False,False,3,1,fb4884e3-8fea-42fa-b996-7e9c333e7fef,0.0,False,0.4896000009466661
transfusion-retrieval-v2,sha256:5fc6a9a0d5ff5721954fad8f2855c204301e59ef0b28a91d8d9bdbaf48cb659b,4,bm25,TN004,negative_out_of_scope,False,False,3,2,761b9529-5b18-4262-8174-6062c35fb31c,0.0,False,0.4896000009466661
transfusion-retrieval-v2,sha256:5fc6a9a0d5ff5721954fad8f2855c204301e59ef0b28a91d8d9bdbaf48cb659b,4,bm25,TN004,negative_out_of_scope,False,False,3,3,c78ff32d-ea17-41fd-98ef-2e8872f01df3,0.0,False,0.4896000009466661
transfusion-retrieval-v2,sha256:5fc6a9a0d5ff5721954fad8f2855c204301e59ef0b28a91d8d9bdbaf48cb659b,4,bm25,TN004,negative_out_of_scope,False,False,5,1,fb4884e3-8fea-42fa-b996-7e9c333e7fef,0.0,False,0.4896000009466661
transfusion-retrieval-v2,sha256:5fc6a9a0d5ff5721954fad8f2855c204301e59ef0b28a91d8d9bdbaf48cb659b,4,bm25,TN004,negative_out_of_scope,False,False,5,2,761b9529-5b18-4262-8174-6062c35fb31c,0.0,False,0.4896000009466661
transfusion-retrieval-v2,sha256:5fc6a9a0d5ff5721954fad8f2855c204301e59ef0b28a91d8d9bdbaf48cb659b,4,bm25,TN004,negative_out_of_scope,False,False,5,3,c78ff32d-ea17-41fd-98ef-2e8872f01df3,0.0,False,0.4896000009466661
transfusion-retrieval-v2,sha256:5fc6a9a0d5ff5721954fad8f2855c204301e59ef0b28a91d8d9bdbaf48cb659b,4,bm25,TN004,negative_out_of_scope,False,False,5,4,d9a4a9c8-fbd4-41f2-bab6-6abd72575204,0.0,False,0.4896000009466661
transfusion-retrieval-v2,sha256:5fc6a9a0d5ff5721954fad8f2855c204301e59ef0b28a91d8d9bdbaf48cb659b,4,bm25,TN004,negative_out_of_scope,False,False,5,5,ee8c2027-ad6d-4bb7-8077-5e4c42be1cc3,0.0,False,0.4896000009466661
transfusion-retrieval-v2,sha256:5fc6a9a0d5ff5721954fad8f2855c204301e59ef0b28a91d8d9bdbaf48cb659b,4,bm25,TN004,negative_out_of_scope,False,False,10,1,fb4884e3-8fea-42fa-b996-7e9c333e7fef,0.0,False,0.4896000009466661
transfusion-retrieval-v2,sha256:5fc6a9a0d5ff5721954fad8f2855c204301e59ef0b28a91d8d9bdbaf48cb659b,4,bm25,TN004,negative_out_of_scope,False,False,10,2,761b9529-5b18-4262-8174-6062c35fb31c,0.0,False,0.4896000009466661
transfusion-retrieval-v2,sha256:5fc6a9a0d5ff5721954fad8f2855c204301e59ef0b28a91d8d9bdbaf48cb659b,4,bm25,TN004,negative_out_of_scope,False,False,10,3,c78ff32d-ea17-41fd-98ef-2e8872f01df3,0.0,False,0.4896000009466661
transfusion-retrieval-v2,sha256:5fc6a9a0d5ff5721954fad8f2855c204301e59ef0b28a91d8d9bdbaf48cb659b,4,bm25,TN004,negative_out_of_scope,False,False,10,4,d9a4a9c8-fbd4-41f2-bab6-6abd72575204,0.0,False,0.4896000009466661
transfusion-retrieval-v2,sha256:5fc6a9a0d5ff5721954fad8f2855c204301e59ef0b28a91d8d9bdbaf48cb659b,4,bm25,TN004,negative_out_of_scope,False,False,10,5,ee8c2027-ad6d-4bb7-8077-5e4c42be1cc3,0.0,False,0.4896000009466661
transfusion-retrieval-v2,sha256:5fc6a9a0d5ff5721954fad8f2855c204301e59ef0b28a91d8d9bdbaf48cb659b,4,bm25,TN004,negative_out_of_scope,False,False,10,6,66dba192-bac5-4b3a-bd4d-77e9eacb4192,0.0,False,0.4896000009466661
transfusion-retrieval-v2,sha256:5fc6a9a0d5ff5721954fad8f2855c204301e59ef0b28a91d8d9bdbaf48cb659b,4,bm25,TN004,negative_out_of_scope,False,False,10,7,edd76252-eb29-4acf-9a31-735463528b7d,0.0,False,0.4896000009466661
transfusion-retrieval-v2,sha256:5fc6a9a0d5ff5721954fad8f2855c204301e59ef0b28a91d8d9bdbaf48cb659b,4,bm25,TN004,negative_out_of_scope,False,False,10,8,843aa4c8-3ffd-4747-97eb-8699b0a0eeaf,0.0,False,0.4896000009466661
transfusion-retrieval-v2,sha256:5fc6a9a0d5ff5721954fad8f2855c204301e59ef0b28a91d8d9bdbaf48cb659b,4,bm25,TN004,negative_out_of_scope,False,False,10,9,63e9db23-9c0a-4e6a-a272-3d118d242ca2,0.0,False,0.4896000009466661
transfusion-retrieval-v2,sha256:5fc6a9a0d5ff5721954fad8f2855c204301e59ef0b28a91d8d9bdbaf48cb659b,4,bm25,TN004,negative_out_of_scope,False,False,10,10,10537058-d160-4786-a6cf-95de46d7189c,0.0,False,0.4896000009466661
transfusion-retrieval-v2,sha256:5fc6a9a0d5ff5721954fad8f2855c204301e59ef0b28a91d8d9bdbaf48cb659b,4,bm25,TN005,negative_out_of_scope,False,False,1,1,b225ae64-72d2-4e59-81c0-57f5d8438666,3.417100429534912,False,0.5240999998932239
transfusion-retrieval-v2,sha256:5fc6a9a0d5ff5721954fad8f2855c204301e59ef0b28a91d8d9bdbaf48cb659b,4,bm25,TN005,negative_out_of_scope,False,False,3,1,b225ae64-72d2-4e59-81c0-57f5d8438666,3.417100429534912,False,0.5240999998932239
transfusion-retrieval-v2,sha256:5fc6a9a0d5ff5721954fad8f2855c204301e59ef0b28a91d8d9bdbaf48cb659b,4,bm25,TN005,negative_out_of_scope,False,False,3,2,eda54b74-cd2f-4808-8175-bcc5b916ce90,3.2731075286865234,False,0.5240999998932239
transfusion-retrieval-v2,sha256:5fc6a9a0d5ff5721954fad8f2855c204301e59ef0b28a91d8d9bdbaf48cb659b,4,bm25,TN005,negative_out_of_scope,False,False,3,3,7adacb8c-91c0-4ea7-8d82-7505eeac5042,3.242741823196411,False,0.5240999998932239
transfusion-retrieval-v2,sha256:5fc6a9a0d5ff5721954fad8f2855c204301e59ef0b28a91d8d9bdbaf48cb659b,4,bm25,TN005,negative_out_of_scope,False,False,5,1,b225ae64-72d2-4e59-81c0-57f5d8438666,3.417100429534912,False,0.5240999998932239
transfusion-retrieval-v2,sha256:5fc6a9a0d5ff5721954fad8f2855c204301e59ef0b28a91d8d9bdbaf48cb659b,4,bm25,TN005,negative_out_of_scope,False,False,5,2,eda54b74-cd2f-4808-8175-bcc5b916ce90,3.2731075286865234,False,0.5240999998932239
transfusion-retrieval-v2,sha256:5fc6a9a0d5ff5721954fad8f2855c204301e59ef0b28a91d8d9bdbaf48cb659b,4,bm25,TN005,negative_out_of_scope,False,False,5,3,7adacb8c-91c0-4ea7-8d82-7505eeac5042,3.242741823196411,False,0.5240999998932239
transfusion-retrieval-v2,sha256:5fc6a9a0d5ff5721954fad8f2855c204301e59ef0b28a91d8d9bdbaf48cb659b,4,bm25,TN005,negative_out_of_scope,False,False,5,4,22e6c188-2e4c-4029-b200-7770a3f00e6e,3.1836698055267334,False,0.5240999998932239
transfusion-retrieval-v2,sha256:5fc6a9a0d5ff5721954fad8f2855c204301e59ef0b28a91d8d9bdbaf48cb659b,4,bm25,TN005,negative_out_of_scope,False,False,5,5,3abbb958-eafe-4ffe-bcfc-dafa7349c15c,3.12671160697937,False,0.5240999998932239
transfusion-retrieval-v2,sha256:5fc6a9a0d5ff5721954fad8f2855c204301e59ef0b28a91d8d9bdbaf48cb659b,4,bm25,TN005,negative_out_of_scope,False,False,10,1,b225ae64-72d2-4e59-81c0-57f5d8438666,3.417100429534912,False,0.5240999998932239
transfusion-retrieval-v2,sha256:5fc6a9a0d5ff5721954fad8f2855c204301e59ef0b28a91d8d9bdbaf48cb659b,4,bm25,TN005,negative_out_of_scope,False,False,10,2,eda54b74-cd2f-4808-8175-bcc5b916ce90,3.2731075286865234,False,0.5240999998932239
transfusion-retrieval-v2,sha256:5fc6a9a0d5ff5721954fad8f2855c204301e59ef0b28a91d8d9bdbaf48cb659b,4,bm25,TN005,negative_out_of_scope,False,False,10,3,7adacb8c-91c0-4ea7-8d82-7505eeac5042,3.242741823196411,False,0.5240999998932239
transfusion-retrieval-v2,sha256:5fc6a9a0d5ff5721954fad8f2855c204301e59ef0b28a91d8d9bdbaf48cb659b,4,bm25,TN005,negative_out_of_scope,False,False,10,4,22e6c188-2e4c-4029-b200-7770a3f00e6e,3.1836698055267334,False,0.5240999998932239
transfusion-retrieval-v2,sha256:5fc6a9a0d5ff5721954fad8f2855c204301e59ef0b28a91d8d9bdbaf48cb659b,4,bm25,TN005,negative_out_of_scope,False,False,10,5,3abbb958-eafe-4ffe-bcfc-dafa7349c15c,3.12671160697937,False,0.5240999998932239
transfusion-retrieval-v2,sha256:5fc6a9a0d5ff5721954fad8f2855c204301e59ef0b28a91d8d9bdbaf48cb659b,4,bm25,TN005,negative_out_of_scope,False,False,10,6,fd678588-5ac2-400d-95c5-3309537781ec,3.0449960231781006,False,0.5240999998932239
transfusion-retrieval-v2,sha256:5fc6a9a0d5ff5721954fad8f2855c204301e59ef0b28a91d8d9bdbaf48cb659b,4,bm25,TN005,negative_out_of_scope,False,False,10,7,84c0a864-176f-4776-a15e-167fc2518e5d,2.724569082260132,False,0.5240999998932239
transfusion-retrieval-v2,sha256:5fc6a9a0d5ff5721954fad8f2855c204301e59ef0b28a91d8d9bdbaf48cb659b,4,bm25,TN005,negative_out_of_scope,False,False,10,8,9552a4ac-31b4-43a8-aa92-37bd3e89362a,2.6235361099243164,False,0.5240999998932239
transfusion-retrieval-v2,sha256:5fc6a9a0d5ff5721954fad8f2855c204301e59ef0b28a91d8d9bdbaf48cb659b,4,bm25,TN005,negative_out_of_scope,False,False,10,9,74c0eabe-77c7-4dbf-a321-27966a12fafb,2.3422484397888184,False,0.5240999998932239
transfusion-retrieval-v2,sha256:5fc6a9a0d5ff5721954fad8f2855c204301e59ef0b28a91d8d9bdbaf48cb659b,4,bm25,TN005,negative_out_of_scope,False,False,10,10,7e68f70a-ba74-4eb8-bbae-c7e9f7340567,2.1679201126098633,False,0.5240999998932239
