dataset_version,document_version,chunk_version,retriever,question_id,question_type,expected_answerable,needs_human_review,k,rank,retrieved_chunk_id,score,is_gold,latency_ms
transfusion-retrieval-v2,sha256:5fc6a9a0d5ff5721954fad8f2855c204301e59ef0b28a91d8d9bdbaf48cb659b,4,hybrid_rrf,TF001,fact_specific,True,False,1,1,c78ff32d-ea17-41fd-98ef-2e8872f01df3,0.01639344262295082,True,82.53100000001723
transfusion-retrieval-v2,sha256:5fc6a9a0d5ff5721954fad8f2855c204301e59ef0b28a91d8d9bdbaf48cb659b,4,hybrid_rrf,TF001,fact_specific,True,False,3,1,c78ff32d-ea17-41fd-98ef-2e8872f01df3,0.01639344262295082,True,82.53100000001723
transfusion-retrieval-v2,sha256:5fc6a9a0d5ff5721954fad8f2855c204301e59ef0b28a91d8d9bdbaf48cb659b,4,hybrid_rrf,TF001,fact_specific,True,False,3,2,63cb7040-3526-4f6f-9f88-e295bbe5edaf,0.01639344262295082,False,82.53100000001723
transfusion-retrieval-v2,sha256:5fc6a9a0d5ff5721954fad8f2855c204301e59ef0b28a91d8d9bdbaf48cb659b,4,hybrid_rrf,TF001,fact_specific,True,False,3,3,9131e9a9-eff3-4f4e-a20b-4bdd456c35bc,0.016129032258064516,False,82.53100000001723
transfusion-retrieval-v2,sha256:5fc6a9a0d5ff5721954fad8f2855c204301e59ef0b28a91d8d9bdbaf48cb659b,4,hybrid_rrf,TF001,fact_specific,True,False,5,1,c78ff32d-ea17-41fd-98ef-2e8872f01df3,0.01639344262295082,True,82.53100000001723
transfusion-retrieval-v2,sha256:5fc6a9a0d5ff5721954fad8f2855c204301e59ef0b28a91d8d9bdbaf48cb659b,4,hybrid_rrf,TF001,fact_specific,True,False,5,2,63cb7040-3526-4f6f-9f88-e295bbe5edaf,0.01639344262295082,False,82.53100000001723
transfusion-retrieval-v2,sha256:5fc6a9a0d5ff5721954fad8f2855c204301e59ef0b28a91d8d9bdbaf48cb659b,4,hybrid_rrf,TF001,fact_specific,True,False,5,3,9131e9a9-eff3-4f4e-a20b-4bdd456c35bc,0.016129032258064516,False,82.53100000001723
transfusion-retrieval-v2,sha256:5fc6a9a0d5ff5721954fad8f2855c204301e59ef0b28a91d8d9bdbaf48cb659b,4,hybrid_rrf,TF001,fact_specific,True,False,5,4,16efaa44-1554-4748-8407-48fac0bced94,0.016129032258064516,False,82.53100000001723
transfusion-retrieval-v2,sha256:5fc6a9a0d5ff5721954fad8f2855c204301e59ef0b28a91d8d9bdbaf48cb659b,4,hybrid_rrf,TF001,fact_specific,True,False,5,5,fb4884e3-8fea-42fa-b996-7e9c333e7fef,0.015873015873015872,False,82.53100000001723
transfusion-retrieval-v2,sha256:5fc6a9a0d5ff5721954fad8f2855c204301e59ef0b28a91d8d9bdbaf48cb659b,4,hybrid_rrf,TF001,fact_specific,True,False,10,1,c78ff32d-ea17-41fd-98ef-2e8872f01df3,0.01639344262295082,True,82.53100000001723
transfusion-retrieval-v2,sha256:5fc6a9a0d5ff5721954fad8f2855c204301e59ef0b28a91d8d9bdbaf48cb659b,4,hybrid_rrf,TF001,fact_specific,True,False,10,2,63cb7040-3526-4f6f-9f88-e295bbe5edaf,0.01639344262295082,False,82.53100000001723
transfusion-retrieval-v2,sha256:5fc6a9a0d5ff5721954fad8f2855c204301e59ef0b28a91d8d9bdbaf48cb659b,4,hybrid_rrf,TF001,fact_specific,True,False,10,3,9131e9a9-eff3-4f4e-a20b-4bdd456c35bc,0.016129032258064516,False,82.53100000001723
transfusion-retrieval-v2,sha256:5fc6a9a0d5ff5721954fad8f2855c204301e59ef0b28a91d8d9bdbaf48cb659b,4,hybrid_rrf,TF001,fact_specific,True,False,10,4,16efaa44-1554-4748-8407-48fac0bced94,0.016129032258064516,False,82.53100000001723
transfusion-retrieval-v2,sha256:5fc6a9a0d5ff5721954fad8f2855c204301e59ef0b28a91d8d9bdbaf48cb659b,4,hybrid_rrf,TF001,fact_specific,True,False,10,5,fb4884e3-8fea-42fa-b996-7e9c333e7fef,0.015873015873015872,False,82.53100000001723
transfusion-retrieval-v2,sha256:5fc6a9a0d5ff5721954fad8f2855c204301e59ef0b28a91d8d9bdbaf48cb659b,4,hybrid_rrf,TF001,fact_specific,True,False,10,6,b0b5bc4f-7d0b-4f56-8e37-84178d38637d,0.015873015873015872,False,82.53100000001723
transfusion-retrieval-v2,sha256:5fc6a9a0d5ff5721954fad8f2855c204301e59ef0b28a91d8d9bdbaf48cb659b,4,hybrid_rrf,TF001,fact_specific,True,False,10,7,eeb8db46-f757-41f1-9ca5-c022f3d4ea3e,0.015625,False,82.53100000001723
transfusion-retrieval-v2,sha256:5fc6a9a0d5ff5721954fad8f2855c204301e59ef0b28a91d8d9bdbaf48cb659b,4,hybrid_rrf,TF001,fact_specific,True,False,10,8,48b9789d-5088-4ba1-a82a-be3a6396ce85,0.015625,False,82.53100000001723
transfusion-retrieval-v2,sha256:5fc6a9a0d5ff5721954fad8f2855c204301e59ef0b28a91d8d9bdbaf48cb659b,4,hybrid_rrf,TF001,fact_specific,True,False,10,9,17e22a4e-78d9-4607-b75b-151e52cc4d20,0.015384615384615385,False,82.53100000001723
transfusion-retrieval-v2,sha256:5fc6a9a0d5ff5721954fad8f2855c204301e59ef0b28a91d8d9bdbaf48cb659b,4,hybrid_rrf,TF001,fact_specific,True,False,10,10,919e93ca-fed9-4dde-b9b8-f870e207a3f3,0.015384615384615385,False,82.53100000001723
transfusion-retrieval-v2,sha256:5fc6a9a0d5ff5721954fad8f2855c204301e59ef0b28a91d8d9bdbaf48cb659b,4,hybrid_rrf,TF002,paraphrase,True,False,1,1,16efaa44-1554-4748-8407-48fac0bced94,0.031054405392392875,False,52.63580000064394
transfusion-retrieval-v2,sha256:5fc6a9a0d5ff5721954fad8f2855c204301e59ef0b28a91d8d9bdbaf48cb659b,4,hybrid_rrf,TF002,paraphrase,True,False,3,1,16efaa44-1554-4748-8407-48fac0bced94,0.031054405392392875,False,52.63580000064394
transfusion-retrieval-v2,sha256:5fc6a9a0d5ff5721954fad8f2855c204301e59ef0b28a91d8d9bdbaf48cb659b,4,hybrid_rrf,TF002,paraphrase,True,False,3,2,c78ff32d-ea17-41fd-98ef-2e8872f01df3,0.01639344262295082,True,52.63580000064394
transfusion-retrieval-v2,sha256:5fc6a9a0d5ff5721954fad8f2855c204301e59ef0b28a91d8d9bdbaf48cb659b,4,hybrid_rrf,TF002,paraphrase,True,False,3,3,63cb7040-3526-4f6f-9f88-e295bbe5edaf,0.01639344262295082,False,52.63580000064394
transfusion-retrieval-v2,sha256:5fc6a9a0d5ff5721954fad8f2855c204301e59ef0b28a91d8d9bdbaf48cb659b,4,hybrid_rrf,TF002,paraphrase,True,False,5,1,16efaa44-1554-4748-8407-48fac0bced94,0.031054405392392875,False,52.63580000064394
transfusion-retrieval-v2,sha256:5fc6a9a0d5ff5721954fad8f2855c204301e59ef0b28a91d8d9bdbaf48cb659b,4,hybrid_rrf,TF002,paraphrase,True,False,5,2,c78ff32d-ea17-41fd-98ef-2e8872f01df3,0.01639344262295082,True,52.63580000064394
transfusion-retrieval-v2,sha256:5fc6a9a0d5ff5721954fad8f2855c204301e59ef0b28a91d8d9bdbaf48cb659b,4,hybrid_rrf,TF002,paraphrase,True,False,5,3,63cb7040-3526-4f6f-9f88-e295bbe5edaf,0.01639344262295082,False,52.63580000064394
transfusion-retrieval-v2,sha256:5fc6a9a0d5ff5721954fad8f2855c204301e59ef0b28a91d8d9bdbaf48cb659b,4,hybrid_rrf,TF002,paraphrase,True,False,5,4,7e5199d4-e5c9-40ca-a69f-ea37f52c6ce3,0.016129032258064516,False,52.63580000064394
transfusion-retrieval-v2,sha256:5fc6a9a0d5ff5721954fad8f2855c204301e59ef0b28a91d8d9bdbaf48cb659b,4,hybrid_rrf,TF002,paraphrase,True,False,5,5,a7cf71a5-8426-4d7c-8106-e0754e7cb4bf,0.015873015873015872,False,52.63580000064394
transfusion-retrieval-v2,sha256:5fc6a9a0d5ff5721954fad8f2855c204301e59ef0b28a91d8d9bdbaf48cb659b,4,hybrid_rrf,TF002,paraphrase,True,False,10,1,16efaa44-1554-4748-8407-48fac0bced94,0.031054405392392875,False,52.63580000064394
transfusion-retrieval-v2,sha256:5fc6a9a0d5ff5721954fad8f2855c204301e59ef0b28a91d8d9bdbaf48cb659b,4,hybrid_rrf,TF002,paraphrase,True,False,10,2,c78ff32d-ea17-41fd-98ef-2e8872f01df3,0.01639344262295082,True,52.63580000064394
transfusion-retrieval-v2,sha256:5fc6a9a0d5ff5721954fad8f2855c204301e59ef0b28a91d8d9bdbaf48cb659b,4,hybrid_rrf,TF002,paraphrase,True,False,10,3,63cb7040-3526-4f6f-9f88-e295bbe5edaf,0.01639344262295082,False,52.63580000064394
transfusion-retrieval-v2,sha256:5fc6a9a0d5ff5721954fad8f2855c204301e59ef0b28a91d8d9bdbaf48cb659b,4,hybrid_rrf,TF002,paraphrase,True,False,10,4,7e5199d4-e5c9-40ca-a69f-ea37f52c6ce3,0.016129032258064516,False,52.63580000064394
transfusion-retrieval-v2,sha256:5fc6a9a0d5ff5721954fad8f2855c204301e59ef0b28a91d8d9bdbaf48cb659b,4,hybrid_rrf,TF002,paraphrase,True,False,10,5,a7cf71a5-8426-4d7c-8106-e0754e7cb4bf,0.015873015873015872,False,52.63580000064394
transfusion-retrieval-v2,sha256:5fc6a9a0d5ff5721954fad8f2855c204301e59ef0b28a91d8d9bdbaf48cb659b,4,hybrid_rrf,TF002,paraphrase,True,False,10,6,602c933f-0b8f-4533-87a5-f27ecd5f2af9,0.015873015873015872,False,52.63580000064394
transfusion-retrieval-v2,sha256:5fc6a9a0d5ff5721954fad8f2855c204301e59ef0b28a91d8d9bdbaf48cb659b,4,hybrid_rrf,TF002,paraphrase,True,False,10,7,761b9529-5b18-4262-8174-6062c35fb31c,0.015625,False,52.63580000064394
transfusion-retrieval-v2,sha256:5fc6a9a0d5ff5721954fad8f2855c204301e59ef0b28a91d8d9bdbaf48cb659b,4,hybrid_rrf,TF002,paraphrase,True,False,10,8,5de4d74d-720e-4d86-a836-f946d70a2d32,0.015625,False,52.63580000064394
transfusion-retrieval-v2,sha256:5fc6a9a0d5ff5721954fad8f2855c204301e59ef0b28a91d8d9bdbaf48cb659b,4,hybrid_rrf,TF002,paraphrase,True,False,10,9,cfff9bf0-05e4-4179-a793-f3c705d04812,0.015384615384615385,False,52.63580000064394
transfusion-retrieval-v2,sha256:5fc6a9a0d5ff5721954fad8f2855c204301e59ef0b28a91d8d9bdbaf48cb659b,4,hybrid_rrf,TF002,paraphrase,True,False,10,10,c404e320-0bf2-4325-be92-7a0614f201ca,0.015384615384615385,False,52.63580000064394
transfusion-retrieval-v2,sha256:5fc6a9a0d5ff5721954fad8f2855c204301e59ef0b28a91d8d9bdbaf48cb659b,4,hybrid_rrf,TF003,product_specific,True,True,1,1,81a83ec4-b5d1-4305-9f44-93e5fa935ffe,0.029631255487269532,False,15.39260000208742
transfusion-retrieval-v2,sha256:5fc6a9a0d5ff5721954fad8f2855c204301e59ef0b28a91d8d9bdbaf48cb659b,4,hybrid_rrf,TF003,product_specific,True,True,3,1,81a83ec4-b5d1-4305-9f44-93e5fa935ffe,0.029631255487269532,False,15.39260000208742
transfusion-retrieval-v2,sha256:5fc6a9a0d5ff5721954fad8f2855c204301e59ef0b28a91d8d9bdbaf48cb659b,4,hybrid_rrf,TF003,product_specific,True,True,3,2,0f6b0fc1-9d70-479f-a87d-a26e954e2adb,0.01639344262295082,False,15.39260000208742
transfusion-retrieval-v2,sha256:5fc6a9a0d5ff5721954fad8f2855c204301e59ef0b28a91d8d9bdbaf48cb659b,4,hybrid_rrf,TF003,product_specific,True,True,3,3,63cb7040-3526-4f6f-9f88-e295bbe5edaf,0.01639344262295082,False,15.39260000208742
transfusion-retrieval-v2,sha256:5fc6a9a0d5ff5721954fad8f2855c204301e59ef0b28a91d8d9bdbaf48cb659b,4,hybrid_rrf,TF003,product_specific,True,True,5,1,81a83ec4-b5d1-4305-9f44-93e5fa935ffe,0.029631255487269532,False,15.39260000208742
transfusion-retrieval-v2,sha256:5fc6a9a0d5ff5721954fad8f2855c204301e59ef0b28a91d8d9bdbaf48cb659b,4,hybrid_rrf,TF003,product_specific,True,True,5,2,0f6b0fc1-9d70-479f-a87d-a26e954e2adb,0.01639344262295082,False,15.39260000208742
transfusion-retrieval-v2,sha256:5fc6a9a0d5ff5721954fad8f2855c204301e59ef0b28a91d8d9bdbaf48cb659b,4,hybrid_rrf,TF003,product_specific,True,True,5,3,63cb7040-3526-4f6f-9f88-e295bbe5edaf,0.01639344262295082,False,15.39260000208742
transfusion-retrieval-v2,sha256:5fc6a9a0d5ff5721954fad8f2855c204301e59ef0b28a91d8d9bdbaf48cb659b,4,hybrid_rrf,TF003,product_specific,True,True,5,4,10537058-d160-4786-a6cf-95de46d7189c,0.016129032258064516,False,15.39260000208742
transfusion-retrieval-v2,sha256:5fc6a9a0d5ff5721954fad8f2855c204301e59ef0b28a91d8d9bdbaf48cb659b,4,hybrid_rrf,TF003,product_specific,True,True,5,5,ba3d1d87-0c2d-4b67-a0c2-4615c8249c2a,0.016129032258064516,True,15.39260000208742
transfusion-retrieval-v2,sha256:5fc6a9a0d5ff5721954fad8f2855c204301e59ef0b28a91d8d9bdbaf48cb659b,4,hybrid_rrf,TF003,product_specific,True,True,10,1,81a83ec4-b5d1-4305-9f44-93e5fa935ffe,0.029631255487269532,False,15.39260000208742
transfusion-retrieval-v2,sha256:5fc6a9a0d5ff5721954fad8f2855c204301e59ef0b28a91d8d9bdbaf48cb659b,4,hybrid_rrf,TF003,product_specific,True,True,10,2,0f6b0fc1-9d70-479f-a87d-a26e954e2adb,0.01639344262295082,False,15.39260000208742
transfusion-retrieval-v2,sha256:5fc6a9a0d5ff5721954fad8f2855c204301e59ef0b28a91d8d9bdbaf48cb659b,4,hybrid_rrf,TF003,product_specific,True,True,10,3,63cb7040-3526-4f6f-9f88-e295bbe5edaf,0.01639344262295082,False,15.39260000208742
transfusion-retrieval-v2,sha256:5fc6a9a0d5ff5721954fad8f2855c204301e59ef0b28a91d8d9bdbaf48cb659b,4,hybrid_rrf,TF003,product_specific,True,True,10,4,10537058-d160-4786-a6cf-95de46d7189c,0.016129032258064516,False,15.39260000208742
transfusion-retrieval-v2,sha256:5fc6a9a0d5ff5721954fad8f2855c204301e59ef0b28a91d8d9bdbaf48cb659b,4,hybrid_rrf,TF003,product_specific,True,True,10,5,ba3d1d87-0c2d-4b67-a0c2-4615c8249c2a,0.016129032258064516,True,15.39260000208742
transfusion-retrieval-v2,sha256:5fc6a9a0d5ff5721954fad8f2855c204301e59ef0b28a91d8d9bdbaf48cb659b,4,hybrid_rrf,TF003,product_specific,True,True,10,6,9552a4ac-31b4-43a8-aa92-37bd3e89362a,0.015873015873015872,False,15.39260000208742
transfusion-retrieval-v2,sha256:5fc6a9a0d5ff5721954fad8f2855c204301e59ef0b28a91d8d9bdbaf48cb659b,4,hybrid_rrf,TF003,product_specific,True,True,10,7,16efaa44-1554-4748-8407-48fac0bced94,0.015873015873015872,False,15.39260000208742
transfusion-retrieval-v2,sha256:5fc6a9a0d5ff5721954fad8f2855c204301e59ef0b28a91d8d9bdbaf48cb659b,4,hybrid_rrf,TF003,product_specific,True,True,10,8,84c0a864-176f-4776-a15e-167fc2518e5d,0.015625,False,15.39260000208742
transfusion-retrieval-v2,sha256:5fc6a9a0d5ff5721954fad8f2855c204301e59ef0b28a91d8d9bdbaf48cb659b,4,hybrid_rrf,TF003,product_specific,True,True,10,9,4797ba3b-c3d9-4d11-be5f-86db44dbda83,0.015625,False,15.39260000208742
transfusion-retrieval-v2,sha256:5fc6a9a0d5ff5721954fad8f2855c204301e59ef0b28a91d8d9bdbaf48cb659b,4,hybrid_rrf,TF003,product_specific,True,True,10,10,66dba192-bac5-4b3a-bd4d-77e9eacb4192,0.015384615384615385,False,15.39260000208742
transfusion-retrieval-v2,sha256:5fc6a9a0d5ff5721954fad8f2855c204301e59ef0b28a91d8d9bdbaf48cb659b,4,hybrid_rrf,TF004,product_specific,True,True,1,1,63b53156-440d-40c1-bc88-5c07c23ae77f,0.01639344262295082,False,14.37679999799002
transfusion-retrieval-v2,sha256:5fc6a9a0d5ff5721954fad8f2855c204301e59ef0b28a91d8d9bdbaf48cb659b,4,hybrid_rrf,TF004,product_specific,True,True,3,1,63b53156-440d-40c1-bc88-5c07c23ae77f,0.01639344262295082,False,14.37679999799002
transfusion-retrieval-v2,sha256:5fc6a9a0d5ff5721954fad8f2855c204301e59ef0b28a91d8d9bdbaf48cb659b,4,hybrid_rrf,TF004,product_specific,True,True,3,2,63cb7040-3526-4f6f-9f88-e295bbe5edaf,0.01639344262295082,False,14.37679999799002
transfusion-retrieval-v2,sha256:5fc6a9a0d5ff5721954fad8f2855c204301e59ef0b28a91d8d9bdbaf48cb659b,4,hybrid_rrf,TF004,product_specific,True,True,3,3,a7cf71a5-8426-4d7c-8106-e0754e7cb4bf,0.016129032258064516,False,14.37679999799002
transfusion-retrieval-v2,sha256:5fc6a9a0d5ff5721954fad8f2855c204301e59ef0b28a91d8d9bdbaf48cb659b,4,hybrid_rrf,TF004,product_specific,True,True,5,1,63b53156-440d-40c1-bc88-5c07c23ae77f,0.01639344262295082,False,14.37679999799002
transfusion-retrieval-v2,sha256:5fc6a9a0d5ff5721954fad8f2855c204301e59ef0b28a91d8d9bdbaf48cb659b,4,hybrid_rrf,TF004,product_specific,True,True,5,2,63cb7040-3526-4f6f-9f88-e295bbe5edaf,0.01639344262295082,False,14.37679999799002
transfusion-retrieval-v2,sha256:5fc6a9a0d5ff5721954fad8f2855c204301e59ef0b28a91d8d9bdbaf48cb659b,4,hybrid_rrf,TF004,product_specific,True,True,5,3,a7cf71a5-8426-4d7c-8106-e0754e7cb4bf,0.016129032258064516,False,14.37679999799002
transfusion-retrieval-v2,sha256:5fc6a9a0d5ff5721954fad8f2855c204301e59ef0b28a91d8d9bdbaf48cb659b,4,hybrid_rrf,TF004,product_specific,True,True,5,4,16efaa44-1554-4748-8407-48fac0bced94,0.016129032258064516,False,14.37679999799002
transfusion-retrieval-v2,sha256:5fc6a9a0d5ff5721954fad8f2855c204301e59ef0b28a91d8d9bdbaf48cb659b,4,hybrid_rrf,TF004,product_specific,True,True,5,5,fb4884e3-8fea-42fa-b996-7e9c333e7fef,0.015873015873015872,False,14.37679999799002
transfusion-retrieval-v2,sha256:5fc6a9a0d5ff5721954fad8f2855c204301e59ef0b28a91d8d9bdbaf48cb659b,4,hybrid_rrf,TF004,product_specific,True,True,10,1,63b53156-440d-40c1-bc88-5c07c23ae77f,0.01639344262295082,False,14.37679999799002
transfusion-retrieval-v2,sha256:5fc6a9a0d5ff5721954fad8f2855c204301e59ef0b28a91d8d9bdbaf48cb659b,4,hybrid_rrf,TF004,product_specific,True,True,10,2,63cb7040-3526-4f6f-9f88-e295bbe5edaf,0.01639344262295082,False,14.37679999799002
transfusion-retrieval-v2,sha256:5fc6a9a0d5ff5721954fad8f2855c204301e59ef0b28a91d8d9bdbaf48cb659b,4,hybrid_rrf,TF004,product_specific,True,True,10,3,a7cf71a5-8426-4d7c-8106-e0754e7cb4bf,0.016129032258064516,False,14.37679999799002
transfusion-retrieval-v2,sha256:5fc6a9a0d5ff5721954fad8f2855c204301e59ef0b28a91d8d9bdbaf48cb659b,4,hybrid_rrf,TF004,product_specific,True,True,10,4,16efaa44-1554-4748-8407-48fac0bced94,0.016129032258064516,False,14.37679999799002
transfusion-retrieval-v2,sha256:5fc6a9a0d5ff5721954fad8f2855c204301e59ef0b28a91d8d9bdbaf48cb659b,4,hybrid_rrf,TF004,product_specific,True,True,10,5,fb4884e3-8fea-42fa-b996-7e9c333e7fef,0.015873015873015872,False,14.37679999799002
transfusion-retrieval-v2,sha256:5fc6a9a0d5ff5721954fad8f2855c204301e59ef0b28a91d8d9bdbaf48cb659b,4,hybrid_rrf,TF004,product_specific,True,True,10,6,71d2e37c-44e2-4972-8e6b-a6449c2f8404,0.015873015873015872,False,14.37679999799002
transfusion-retrieval-v2,sha256:5fc6a9a0d5ff5721954fad8f2855c204301e59ef0b28a91d8d9bdbaf48cb659b,4,hybrid_rrf,TF004,product_specific,True,True,10,7,eeb8db46-f757-41f1-9ca5-c022f3d4ea3e,0.015625,False,14.37679999799002
transfusion-retrieval-v2,sha256:5fc6a9a0d5ff5721954fad8f2855c204301e59ef0b28a91d8d9bdbaf48cb659b,4,hybrid_rrf,TF004,product_specific,True,True,10,8,ffcf7308-6e83-47bc-a519-0b4b7ba44562,0.015625,True,14.37679999799002
transfusion-retrieval-v2,sha256:5fc6a9a0d5ff5721954fad8f2855c204301e59ef0b28a91d8d9bdbaf48cb659b,4,hybrid_rrf,TF004,product_specific,True,True,10,9,e4892114-b8eb-4f39-a7c4-427217039236,0.015384615384615385,False,14.37679999799002
transfusion-retrieval-v2,sha256:5fc6a9a0d5ff5721954fad8f2855c204301e59ef0b28a91d8d9bdbaf48cb659b,4,hybrid_rrf,TF004,product_specific,True,True,10,10,d3b7d61b-50f0-4b96-a770-785a9f3c3886,0.015384615384615385,False,14.37679999799002
transfusion-retrieval-v2,sha256:5fc6a9a0d5ff5721954fad8f2855c204301e59ef0b28a91d8d9bdbaf48cb659b,4,hybrid_rrf,TF005,temporal,True,True,1,1,63b53156-440d-40c1-bc88-5c07c23ae77f,0.01639344262295082,True,13.971800002764212
transfusion-retrieval-v2,sha256:5fc6a9a0d5ff5721954fad8f2855c204301e59ef0b28a91d8d9bdbaf48cb659b,4,hybrid_rrf,TF005,temporal,True,True,3,1,63b53156-440d-40c1-bc88-5c07c23ae77f,0.01639344262295082,True,13.971800002764212
transfusion-retrieval-v2,sha256:5fc6a9a0d5ff5721954fad8f2855c204301e59ef0b28a91d8d9bdbaf48cb659b,4,hybrid_rrf,TF005,temporal,True,True,3,2,63cb7040-3526-4f6f-9f88-e295bbe5edaf,0.01639344262295082,False,13.971800002764212
transfusion-retrieval-v2,sha256:5fc6a9a0d5ff5721954fad8f2855c204301e59ef0b28a91d8d9bdbaf48cb659b,4,hybrid_rrf,TF005,temporal,True,True,3,3,4d18d11e-2a92-4690-8a64-46653931483e,0.016129032258064516,False,13.971800002764212
transfusion-retrieval-v2,sha256:5fc6a9a0d5ff5721954fad8f2855c204301e59ef0b28a91d8d9bdbaf48cb659b,4,hybrid_rrf,TF005,temporal,True,True,5,1,63b53156-440d-40c1-bc88-5c07c23ae77f,0.01639344262295082,True,13.971800002764212
transfusion-retrieval-v2,sha256:5fc6a9a0d5ff5721954fad8f2855c204301e59ef0b28a91d8d9bdbaf48cb659b,4,hybrid_rrf,TF005,temporal,True,True,5,2,63cb7040-3526-4f6f-9f88-e295bbe5edaf,0.01639344262295082,False,13.971800002764212
transfusion-retrieval-v2,sha256:5fc6a9a0d5ff5721954fad8f2855c204301e59ef0b28a91d8d9bdbaf48cb659b,4,hybrid_rrf,TF005,temporal,True,True,5,3,4d18d11e-2a92-4690-8a64-46653931483e,0.016129032258064516,False,13.971800002764212
transfusion-retrieval-v2,sha256:5fc6a9a0d5ff5721954fad8f2855c204301e59ef0b28a91d8d9bdbaf48cb659b,4,hybrid_rrf,TF005,temporal,True,True,5,4,16efaa44-1554-4748-8407-48fac0bced94,0.016129032258064516,False,13.971800002764212
transfusion-retrieval-v2,sha256:5fc6a9a0d5ff5721954fad8f2855c204301e59ef0b28a91d8d9bdbaf48cb659b,4,hybrid_rrf,TF005,temporal,True,True,5,5,fb4884e3-8fea-42fa-b996-7e9c333e7fef,0.015873015873015872,False,13.971800002764212
transfusion-retrieval-v2,sha256:5fc6a9a0d5ff5721954fad8f2855c204301e59ef0b28a91d8d9bdbaf48cb659b,4,hybrid_rrf,TF005,temporal,True,True,10,1,63b53156-440d-40c1-bc88-5c07c23ae77f,0.01639344262295082,True,13.971800002764212
transfusion-retrieval-v2,sha256:5fc6a9a0d5ff5721954fad8f2855c204301e59ef0b28a91d8d9bdbaf48cb659b,4,hybrid_rrf,TF005,temporal,True,True,10,2,63cb7040-3526-4f6f-9f88-e295bbe5edaf,0.01639344262295082,False,13.971800002764212
transfusion-retrieval-v2,sha256:5fc6a9a0d5ff5721954fad8f2855c204301e59ef0b28a91d8d9bdbaf48cb659b,4,hybrid_rrf,TF005,temporal,True,True,10,3,4d18d11e-2a92-4690-8a64-46653931483e,0.016129032258064516,False,13.971800002764212
transfusion-retrieval-v2,sha256:5fc6a9a0d5ff5721954fad8f2855c204301e59ef0b28a91d8d9bdbaf48cb659b,4,hybrid_rrf,TF005,temporal,True,True,10,4,16efaa44-1554-4748-8407-48fac0bced94,0.016129032258064516,False,13.971800002764212
transfusion-retrieval-v2,sha256:5fc6a9a0d5ff5721954fad8f2855c204301e59ef0b28a91d8d9bdbaf48cb659b,4,hybrid_rrf,TF005,temporal,True,True,10,5,fb4884e3-8fea-42fa-b996-7e9c333e7fef,0.015873015873015872,False,13.971800002764212
transfusion-retrieval-v2,sha256:5fc6a9a0d5ff5721954fad8f2855c204301e59ef0b28a91d8d9bdbaf48cb659b,4,hybrid_rrf,TF005,temporal,True,True,10,6,81a83ec4-b5d1-4305-9f44-93e5fa935ffe,0.015873015873015872,False,13.971800002764212
transfusion-retrieval-v2,sha256:5fc6a9a0d5ff5721954fad8f2855c204301e59ef0b28a91d8d9bdbaf48cb659b,4,hybrid_rrf,TF005,temporal,True,True,10,7,1033ac46-dec8-493e-b577-7f5ad80f8e86,0.015625,False,13.971800002764212
transfusion-retrieval-v2,sha256:5fc6a9a0d5ff5721954fad8f2855c204301e59ef0b28a91d8d9bdbaf48cb659b,4,hybrid_rrf,TF005,temporal,True,True,10,8,17e22a4e-78d9-4607-b75b-151e52cc4d20,0.015625,False,13.971800002764212
transfusion-retrieval-v2,sha256:5fc6a9a0d5ff5721954fad8f2855c204301e59ef0b28a91d8d9bdbaf48cb659b,4,hybrid_rrf,TF005,temporal,True,True,10,9,09f3c6d5-9e0c-4545-960f-b16c69abbeb1,0.015384615384615385,False,13.971800002764212
transfusion-retrieval-v2,sha256:5fc6a9a0d5ff5721954fad8f2855c204301e59ef0b28a91d8d9bdbaf48cb659b,4,hybrid_rrf,TF005,temporal,True,True,10,10,fbb0340e-b19d-43c3-a23a-5ee07899e8cd,0.015384615384615385,False,13.971800002764212
transfusion-retrieval-v2,sha256:5fc6a9a0d5ff5721954fad8f2855c204301e59ef0b28a91d8d9bdbaf48cb659b,4,hybrid_rrf,TF006,temporal,True,True,1,1,63b53156-440d-40c1-bc88-5c07c23ae77f,0.01639344262295082,True,14.809099999183672
transfusion-retrieval-v2,sha256:5fc6a9a0d5ff5721954fad8f2855c204301e59ef0b28a91d8d9bdbaf48cb659b,4,hybrid_rrf,TF006,temporal,True,True,3,1,63b53156-440d-40c1-bc88-5c07c23ae77f,0.01639344262295082,True,14.809099999183672
transfusion-retrieval-v2,sha256:5fc6a9a0d5ff5721954fad8f2855c204301e59ef0b28a91d8d9bdbaf48cb659b,4,hybrid_rrf,TF006,temporal,True,True,3,2,f1611d72-8c47-41f8-bfee-99d5ffdfe12a,0.01639344262295082,False,14.809099999183672
transfusion-retrieval-v2,sha256:5fc6a9a0d5ff5721954fad8f2855c204301e59ef0b28a91d8d9bdbaf48cb659b,4,hybrid_rrf,TF006,temporal,True,True,3,3,71d2e37c-44e2-4972-8e6b-a6449c2f8404,0.016129032258064516,True,14.809099999183672
transfusion-retrieval-v2,sha256:5fc6a9a0d5ff5721954fad8f2855c204301e59ef0b28a91d8d9bdbaf48cb659b,4,hybrid_rrf,TF006,temporal,True,True,5,1,63b53156-440d-40c1-bc88-5c07c23ae77f,0.01639344262295082,True,14.809099999183672
transfusion-retrieval-v2,sha256:5fc6a9a0d5ff5721954fad8f2855c204301e59ef0b28a91d8d9bdbaf48cb659b,4,hybrid_rrf,TF006,temporal,True,True,5,2,f1611d72-8c47-41f8-bfee-99d5ffdfe12a,0.01639344262295082,False,14.809099999183672
transfusion-retrieval-v2,sha256:5fc6a9a0d5ff5721954fad8f2855c204301e59ef0b28a91d8d9bdbaf48cb659b,4,hybrid_rrf,TF006,temporal,True,True,5,3,71d2e37c-44e2-4972-8e6b-a6449c2f8404,0.016129032258064516,True,14.809099999183672
transfusion-retrieval-v2,sha256:5fc6a9a0d5ff5721954fad8f2855c204301e59ef0b28a91d8d9bdbaf48cb659b,4,hybrid_rrf,TF006,temporal,True,True,5,4,64fa07b8-63c3-43c8-899e-5bd6282225ed,0.016129032258064516,False,14.809099999183672
transfusion-retrieval-v2,sha256:5fc6a9a0d5ff5721954fad8f2855c204301e59ef0b28a91d8d9bdbaf48cb659b,4,hybrid_rrf,TF006,temporal,True,True,5,5,ffcf7308-6e83-47bc-a519-0b4b7ba44562,0.015873015873015872,False,14.809099999183672
transfusion-retrieval-v2,sha256:5fc6a9a0d5ff5721954fad8f2855c204301e59ef0b28a91d8d9bdbaf48cb659b,4,hybrid_rrf,TF006,temporal,True,True,10,1,63b53156-440d-40c1-bc88-5c07c23ae77f,0.01639344262295082,True,14.809099999183672
transfusion-retrieval-v2,sha256:5fc6a9a0d5ff5721954fad8f2855c204301e59ef0b28a91d8d9bdbaf48cb659b,4,hybrid_rrf,TF006,temporal,True,True,10,2,f1611d72-8c47-41f8-bfee-99d5ffdfe12a,0.01639344262295082,False,14.809099999183672
transfusion-retrieval-v2,sha256:5fc6a9a0d5ff5721954fad8f2855c204301e59ef0b28a91d8d9bdbaf48cb659b,4,hybrid_rrf,TF006,temporal,True,True,10,3,71d2e37c-44e2-4972-8e6b-a6449c2f8404,0.016129032258064516,True,14.809099999183672
transfusion-retrieval-v2,sha256:5fc6a9a0d5ff5721954fad8f2855c204301e59ef0b28a91d8d9bdbaf48cb659b,4,hybrid_rrf,TF006,temporal,True,True,10,4,64fa07b8-63c3-43c8-899e-5bd6282225ed,0.016129032258064516,False,14.809099999183672
transfusion-retrieval-v2,sha256:5fc6a9a0d5ff5721954fad8f2855c204301e59ef0b28a91d8d9bdbaf48cb659b,4,hybrid_rrf,TF006,temporal,True,True,10,5,ffcf7308-6e83-47bc-a519-0b4b7ba44562,0.015873015873015872,False,14.809099999183672
transfusion-retrieval-v2,sha256:5fc6a9a0d5ff5721954fad8f2855c204301e59ef0b28a91d8d9bdbaf48cb659b,4,hybrid_rrf,TF006,temporal,True,True,10,6,63cb7040-3526-4f6f-9f88-e295bbe5edaf,0.015873015873015872,False,14.809099999183672
transfusion-retrieval-v2,sha256:5fc6a9a0d5ff5721954fad8f2855c204301e59ef0b28a91d8d9bdbaf48cb659b,4,hybrid_rrf,TF006,temporal,True,True,10,7,eeb8db46-f757-41f1-9ca5-c022f3d4ea3e,0.015625,False,14.809099999183672
transfusion-retrieval-v2,sha256:5fc6a9a0d5ff5721954fad8f2855c204301e59ef0b28a91d8d9bdbaf48cb659b,4,hybrid_rrf,TF006,temporal,True,True,10,8,3ecc27b9-634c-4026-b44e-e01123aa0467,0.015625,False,14.809099999183672
transfusion-retrieval-v2,sha256:5fc6a9a0d5ff5721954fad8f2855c204301e59ef0b28a91d8d9bdbaf48cb659b,4,hybrid_rrf,TF006,temporal,True,True,10,9,1033ac46-dec8-493e-b577-7f5ad80f8e86,0.015384615384615385,False,14.809099999183672
transfusion-retrieval-v2,sha256:5fc6a9a0d5ff5721954fad8f2855c204301e59ef0b28a91d8d9bdbaf48cb659b,4,hybrid_rrf,TF006,temporal,True,True,10,10,e4892114-b8eb-4f39-a7c4-427217039236,0.015384615384615385,False,14.809099999183672
transfusion-retrieval-v2,sha256:5fc6a9a0d5ff5721954fad8f2855c204301e59ef0b28a91d8d9bdbaf48cb659b,4,hybrid_rrf,TF007,temporal,True,True,1,1,5de4d74d-720e-4d86-a836-f946d70a2d32,0.01639344262295082,False,12.006200000541867
transfusion-retrieval-v2,sha256:5fc6a9a0d5ff5721954fad8f2855c204301e59ef0b28a91d8d9bdbaf48cb659b,4,hybrid_rrf,TF007,temporal,True,True,3,1,5de4d74d-720e-4d86-a836-f946d70a2d32,0.01639344262295082,False,12.006200000541867
transfusion-retrieval-v2,sha256:5fc6a9a0d5ff5721954fad8f2855c204301e59ef0b28a91d8d9bdbaf48cb659b,4,hybrid_rrf,TF007,temporal,True,True,3,2,63cb7040-3526-4f6f-9f88-e295bbe5edaf,0.01639344262295082,False,12.006200000541867
transfusion-retrieval-v2,sha256:5fc6a9a0d5ff5721954fad8f2855c204301e59ef0b28a91d8d9bdbaf48cb659b,4,hybrid_rrf,TF007,temporal,True,True,3,3,71d2e37c-44e2-4972-8e6b-a6449c2f8404,0.016129032258064516,False,12.006200000541867
transfusion-retrieval-v2,sha256:5fc6a9a0d5ff5721954fad8f2855c204301e59ef0b28a91d8d9bdbaf48cb659b,4,hybrid_rrf,TF007,temporal,True,True,5,1,5de4d74d-720e-4d86-a836-f946d70a2d32,0.01639344262295082,False,12.006200000541867
transfusion-retrieval-v2,sha256:5fc6a9a0d5ff5721954fad8f2855c204301e59ef0b28a91d8d9bdbaf48cb659b,4,hybrid_rrf,TF007,temporal,True,True,5,2,63cb7040-3526-4f6f-9f88-e295bbe5edaf,0.01639344262295082,False,12.006200000541867
transfusion-retrieval-v2,sha256:5fc6a9a0d5ff5721954fad8f2855c204301e59ef0b28a91d8d9bdbaf48cb659b,4,hybrid_rrf,TF007,temporal,True,True,5,3,71d2e37c-44e2-4972-8e6b-a6449c2f8404,0.016129032258064516,False,12.006200000541867
transfusion-retrieval-v2,sha256:5fc6a9a0d5ff5721954fad8f2855c204301e59ef0b28a91d8d9bdbaf48cb659b,4,hybrid_rrf,TF007,temporal,True,True,5,4,16efaa44-1554-4748-8407-48fac0bced94,0.016129032258064516,False,12.006200000541867
transfusion-retrieval-v2,sha256:5fc6a9a0d5ff5721954fad8f2855c204301e59ef0b28a91d8d9bdbaf48cb659b,4,hybrid_rrf,TF007,temporal,True,True,5,5,c404e320-0bf2-4325-be92-7a0614f201ca,0.015873015873015872,False,12.006200000541867
transfusion-retrieval-v2,sha256:5fc6a9a0d5ff5721954fad8f2855c204301e59ef0b28a91d8d9bdbaf48cb659b,4,hybrid_rrf,TF007,temporal,True,True,10,1,5de4d74d-720e-4d86-a836-f946d70a2d32,0.01639344262295082,False,12.006200000541867
transfusion-retrieval-v2,sha256:5fc6a9a0d5ff5721954fad8f2855c204301e59ef0b28a91d8d9bdbaf48cb659b,4,hybrid_rrf,TF007,temporal,True,True,10,2,63cb7040-3526-4f6f-9f88-e295bbe5edaf,0.01639344262295082,False,12.006200000541867
transfusion-retrieval-v2,sha256:5fc6a9a0d5ff5721954fad8f2855c204301e59ef0b28a91d8d9bdbaf48cb659b,4,hybrid_rrf,TF007,temporal,True,True,10,3,71d2e37c-44e2-4972-8e6b-a6449c2f8404,0.016129032258064516,False,12.006200000541867
transfusion-retrieval-v2,sha256:5fc6a9a0d5ff5721954fad8f2855c204301e59ef0b28a91d8d9bdbaf48cb659b,4,hybrid_rrf,TF007,temporal,True,True,10,4,16efaa44-1554-4748-8407-48fac0bced94,0.016129032258064516,False,12.006200000541867
transfusion-retrieval-v2,sha256:5fc6a9a0d5ff5721954fad8f2855c204301e59ef0b28a91d8d9bdbaf48cb659b,4,hybrid_rrf,TF007,temporal,True,True,10,5,c404e320-0bf2-4325-be92-7a0614f201ca,0.015873015873015872,False,12.006200000541867
transfusion-retrieval-v2,sha256:5fc6a9a0d5ff5721954fad8f2855c204301e59ef0b28a91d8d9bdbaf48cb659b,4,hybrid_rrf,TF007,temporal,True,True,10,6,59d57c8a-c9d7-4f8d-b9a1-a2816f1f01f7,0.015873015873015872,False,12.006200000541867
transfusion-retrieval-v2,sha256:5fc6a9a0d5ff5721954fad8f2855c204301e59ef0b28a91d8d9bdbaf48cb659b,4,hybrid_rrf,TF007,temporal,True,True,10,7,761b9529-5b18-4262-8174-6062c35fb31c,0.015625,False,12.006200000541867
transfusion-retrieval-v2,sha256:5fc6a9a0d5ff5721954fad8f2855c204301e59ef0b28a91d8d9bdbaf48cb659b,4,hybrid_rrf,TF007,temporal,True,True,10,8,ffcf7308-6e83-47bc-a519-0b4b7ba44562,0.015625,False,12.006200000541867
transfusion-retrieval-v2,sha256:5fc6a9a0d5ff5721954fad8f2855c204301e59ef0b28a91d8d9bdbaf48cb659b,4,hybrid_rrf,TF007,temporal,True,True,10,9,eeb8db46-f757-41f1-9ca5-c022f3d4ea3e,0.015384615384615385,False,12.006200000541867
transfusion-retrieval-v2,sha256:5fc6a9a0d5ff5721954fad8f2855c204301e59ef0b28a91d8d9bdbaf48cb659b,4,hybrid_rrf,TF007,temporal,True,True,10,10,8259ed27-8646-4502-a959-aab1e9f1770f,0.015384615384615385,False,12.006200000541867
transfusion-retrieval-v2,sha256:5fc6a9a0d5ff5721954fad8f2855c204301e59ef0b28a91d8d9bdbaf48cb659b,4,hybrid_rrf,TF008,product_specific,True,False,1,1,e96acbc9-66b4-4df4-953b-3f7b0a846bbc,0.03128054740957967,True,10.974299999361392
transfusion-retrieval-v2,sha256:5fc6a9a0d5ff5721954fad8f2855c204301e59ef0b28a91d8d9bdbaf48cb659b,4,hybrid_rrf,TF008,product_specific,True,False,3,1,e96acbc9-66b4-4df4-953b-3f7b0a846bbc,0.03128054740957967,True,10.974299999361392
transfusion-retrieval-v2,sha256:5fc6a9a0d5ff5721954fad8f2855c204301e59ef0b28a91d8d9bdbaf48cb659b,4,hybrid_rrf,TF008,product_specific,True,False,3,2,9131e9a9-eff3-4f4e-a20b-4bdd456c35bc,0.01639344262295082,False,10.974299999361392
transfusion-retrieval-v2,sha256:5fc6a9a0d5ff5721954fad8f2855c204301e59ef0b28a91d8d9bdbaf48cb659b,4,hybrid_rrf,TF008,product_specific,True,False,3,3,4797ba3b-c3d9-4d11-be5f-86db44dbda83,0.01639344262295082,False,10.974299999361392
transfusion-retrieval-v2,sha256:5fc6a9a0d5ff5721954fad8f2855c204301e59ef0b28a91d8d9bdbaf48cb659b,4,hybrid_rrf,TF008,product_specific,True,False,5,1,e96acbc9-66b4-4df4-953b-3f7b0a846bbc,0.03128054740957967,True,10.974299999361392
transfusion-retrieval-v2,sha256:5fc6a9a0d5ff5721954fad8f2855c204301e59ef0b28a91d8d9bdbaf48cb659b,4,hybrid_rrf,TF008,product_specific,True,False,5,2,9131e9a9-eff3-4f4e-a20b-4bdd456c35bc,0.01639344262295082,False,10.974299999361392
transfusion-retrieval-v2,sha256:5fc6a9a0d5ff5721954fad8f2855c204301e59ef0b28a91d8d9bdbaf48cb659b,4,hybrid_rrf,TF008,product_specific,True,False,5,3,4797ba3b-c3d9-4d11-be5f-86db44dbda83,0.01639344262295082,False,10.974299999361392
transfusion-retrieval-v2,sha256:5fc6a9a0d5ff5721954fad8f2855c204301e59ef0b28a91d8d9bdbaf48cb659b,4,hybrid_rrf,TF008,product_specific,True,False,5,4,10537058-d160-4786-a6cf-95de46d7189c,0.016129032258064516,False,10.974299999361392
transfusion-retrieval-v2,sha256:5fc6a9a0d5ff5721954fad8f2855c204301e59ef0b28a91d8d9bdbaf48cb659b,4,hybrid_rrf,TF008,product_specific,True,False,5,5,66dba192-bac5-4b3a-bd4d-77e9eacb4192,0.015873015873015872,False,10.974299999361392
transfusion-retrieval-v2,sha256:5fc6a9a0d5ff5721954fad8f2855c204301e59ef0b28a91d8d9bdbaf48cb659b,4,hybrid_rrf,TF008,product_specific,True,False,10,1,e96acbc9-66b4-4df4-953b-3f7b0a846bbc,0.03128054740957967,True,10.974299999361392
transfusion-retrieval-v2,sha256:5fc6a9a0d5ff5721954fad8f2855c204301e59ef0b28a91d8d9bdbaf48cb659b,4,hybrid_rrf,TF008,product_specific,True,False,10,2,9131e9a9-eff3-4f4e-a20b-4bdd456c35bc,0.01639344262295082,False,10.974299999361392
transfusion-retrieval-v2,sha256:5fc6a9a0d5ff5721954fad8f2855c204301e59ef0b28a91d8d9bdbaf48cb659b,4,hybrid_rrf,TF008,product_specific,True,False,10,3,4797ba3b-c3d9-4d11-be5f-86db44dbda83,0.01639344262295082,False,10.974299999361392
transfusion-retrieval-v2,sha256:5fc6a9a0d5ff5721954fad8f2855c204301e59ef0b28a91d8d9bdbaf48cb659b,4,hybrid_rrf,TF008,product_specific,True,False,10,4,10537058-d160-4786-a6cf-95de46d7189c,0.016129032258064516,False,10.974299999361392
transfusion-retrieval-v2,sha256:5fc6a9a0d5ff5721954fad8f2855c204301e59ef0b28a91d8d9bdbaf48cb659b,4,hybrid_rrf,TF008,product_specific,True,False,10,5,66dba192-bac5-4b3a-bd4d-77e9eacb4192,0.015873015873015872,False,10.974299999361392
transfusion-retrieval-v2,sha256:5fc6a9a0d5ff5721954fad8f2855c204301e59ef0b28a91d8d9bdbaf48cb659b,4,hybrid_rrf,TF008,product_specific,True,False,10,6,d4c1a9ca-23c5-4ae0-9a51-c56675b2e6d1,0.015873015873015872,False,10.974299999361392
transfusion-retrieval-v2,sha256:5fc6a9a0d5ff5721954fad8f2855c204301e59ef0b28a91d8d9bdbaf48cb659b,4,hybrid_rrf,TF008,product_specific,True,False,10,7,54fdf811-dedd-4016-b144-3e4bfdcd67c8,0.015625,False,10.974299999361392
transfusion-retrieval-v2,sha256:5fc6a9a0d5ff5721954fad8f2855c204301e59ef0b28a91d8d9bdbaf48cb659b,4,hybrid_rrf,TF008,product_specific,True,False,10,8,63cb7040-3526-4f6f-9f88-e295bbe5edaf,0.015625,False,10.974299999361392
transfusion-retrieval-v2,sha256:5fc6a9a0d5ff5721954fad8f2855c204301e59ef0b28a91d8d9bdbaf48cb659b,4,hybrid_rrf,TF008,product_specific,True,False,10,9,ee8c2027-ad6d-4bb7-8077-5e4c42be1cc3,0.015384615384615385,False,10.974299999361392
transfusion-retrieval-v2,sha256:5fc6a9a0d5ff5721954fad8f2855c204301e59ef0b28a91d8d9bdbaf48cb659b,4,hybrid_rrf,TF008,product_specific,True,False,10,10,4d18d11e-2a92-4690-8a64-46653931483e,0.015384615384615385,False,10.974299999361392
transfusion-retrieval-v2,sha256:5fc6a9a0d5ff5721954fad8f2855c204301e59ef0b28a91d8d9bdbaf48cb659b,4,hybrid_rrf,TF009,product_specific,True,False,1,1,e62b0c91-ff0c-43b2-9bd5-ff173d9f8bc0,0.029631255487269532,False,13.352199999644654
transfusion-retrieval-v2,sha256:5fc6a9a0d5ff5721954fad8f2855c204301e59ef0b28a91d8d9bdbaf48cb659b,4,hybrid_rrf,TF009,product_specific,True,False,3,1,e62b0c91-ff0c-43b2-9bd5-ff173d9f8bc0,0.029631255487269532,False,13.352199999644654
transfusion-retrieval-v2,sha256:5fc6a9a0d5ff5721954fad8f2855c204301e59ef0b28a91d8d9bdbaf48cb659b,4,hybrid_rrf,TF009,product_specific,True,False,3,2,66dba192-bac5-4b3a-bd4d-77e9eacb4192,0.01639344262295082,False,13.352199999644654
transfusion-retrieval-v2,sha256:5fc6a9a0d5ff5721954fad8f2855c204301e59ef0b28a91d8d9bdbaf48cb659b,4,hybrid_rrf,TF009,product_specific,True,False,3,3,9131e9a9-eff3-4f4e-a20b-4bdd456c35bc,0.01639344262295082,False,13.352199999644654
transfusion-retrieval-v2,sha256:5fc6a9a0d5ff5721954fad8f2855c204301e59ef0b28a91d8d9bdbaf48cb659b,4,hybrid_rrf,TF009,product_specific,True,False,5,1,e62b0c91-ff0c-43b2-9bd5-ff173d9f8bc0,0.029631255487269532,False,13.352199999644654
transfusion-retrieval-v2,sha256:5fc6a9a0d5ff5721954fad8f2855c204301e59ef0b28a91d8d9bdbaf48cb659b,4,hybrid_rrf,TF009,product_specific,True,False,5,2,66dba192-bac5-4b3a-bd4d-77e9eacb4192,0.01639344262295082,False,13.352199999644654
transfusion-retrieval-v2,sha256:5fc6a9a0d5ff5721954fad8f2855c204301e59ef0b28a91d8d9bdbaf48cb659b,4,hybrid_rrf,TF009,product_specific,True,False,5,3,9131e9a9-eff3-4f4e-a20b-4bdd456c35bc,0.01639344262295082,False,13.352199999644654
transfusion-retrieval-v2,sha256:5fc6a9a0d5ff5721954fad8f2855c204301e59ef0b28a91d8d9bdbaf48cb659b,4,hybrid_rrf,TF009,product_specific,True,False,5,4,d4c1a9ca-23c5-4ae0-9a51-c56675b2e6d1,0.016129032258064516,True,13.352199999644654
transfusion-retrieval-v2,sha256:5fc6a9a0d5ff5721954fad8f2855c204301e59ef0b28a91d8d9bdbaf48cb659b,4,hybrid_rrf,TF009,product_specific,True,False,5,5,4797ba3b-c3d9-4d11-be5f-86db44dbda83,0.016129032258064516,False,13.352199999644654
transfusion-retrieval-v2,sha256:5fc6a9a0d5ff5721954fad8f2855c204301e59ef0b28a91d8d9bdbaf48cb659b,4,hybrid_rrf,TF009,product_specific,True,False,10,1,e62b0c91-ff0c-43b2-9bd5-ff173d9f8bc0,0.029631255487269532,False,13.352199999644654
transfusion-retrieval-v2,sha256:5fc6a9a0d5ff5721954fad8f2855c204301e59ef0b28a91d8d9bdbaf48cb659b,4,hybrid_rrf,TF009,product_specific,True,False,10,2,66dba192-bac5-4b3a-bd4d-77e9eacb4192,0.01639344262295082,False,13.352199999644654
transfusion-retrieval-v2,sha256:5fc6a9a0d5ff5721954fad8f2855c204301e59ef0b28a91d8d9bdbaf48cb659b,4,hybrid_rrf,TF009,product_specific,True,False,10,3,9131e9a9-eff3-4f4e-a20b-4bdd456c35bc,0.01639344262295082,False,13.352199999644654
transfusion-retrieval-v2,sha256:5fc6a9a0d5ff5721954fad8f2855c204301e59ef0b28a91d8d9bdbaf48cb659b,4,hybrid_rrf,TF009,product_specific,True,False,10,4,d4c1a9ca-23c5-4ae0-9a51-c56675b2e6d1,0.016129032258064516,True,13.352199999644654
transfusion-retrieval-v2,sha256:5fc6a9a0d5ff5721954fad8f2855c204301e59ef0b28a91d8d9bdbaf48cb659b,4,hybrid_rrf,TF009,product_specific,True,False,10,5,4797ba3b-c3d9-4d11-be5f-86db44dbda83,0.016129032258064516,False,13.352199999644654
transfusion-retrieval-v2,sha256:5fc6a9a0d5ff5721954fad8f2855c204301e59ef0b28a91d8d9bdbaf48cb659b,4,hybrid_rrf,TF009,product_specific,True,False,10,6,fbf62ef9-25b7-437c-98d8-c4934fba0fe6,0.015873015873015872,False,13.352199999644654
transfusion-retrieval-v2,sha256:5fc6a9a0d5ff5721954fad8f2855c204301e59ef0b28a91d8d9bdbaf48cb659b,4,hybrid_rrf,TF009,product_specific,True,False,10,7,63cb7040-3526-4f6f-9f88-e295bbe5edaf,0.015873015873015872,False,13.352199999644654
transfusion-retrieval-v2,sha256:5fc6a9a0d5ff5721954fad8f2855c204301e59ef0b28a91d8d9bdbaf48cb659b,4,hybrid_rrf,TF009,product_specific,True,False,10,8,843aa4c8-3ffd-4747-97eb-8699b0a0eeaf,0.015625,False,13.352199999644654
transfusion-retrieval-v2,sha256:5fc6a9a0d5ff5721954fad8f2855c204301e59ef0b28a91d8d9bdbaf48cb659b,4,hybrid_rrf,TF009,product_specific,True,False,10,9,e96acbc9-66b4-4df4-953b-3f7b0a846bbc,0.015625,False,13.352199999644654
transfusion-retrieval-v2,sha256:5fc6a9a0d5ff5721954fad8f2855c204301e59ef0b28a91d8d9bdbaf48cb659b,4,hybrid_rrf,TF009,product_specific,True,False,10,10,10537058-d160-4786-a6cf-95de46d7189c,0.015384615384615385,False,13.352199999644654
transfusion-retrieval-v2,sha256:5fc6a9a0d5ff5721954fad8f2855c204301e59ef0b28a91d8d9bdbaf48cb659b,4,hybrid_rrf,TF010,product_specific,True,False,1,1,9131e9a9-eff3-4f4e-a20b-4bdd456c35bc,0.03149801587301587,True,14.64750000013737
transfusion-retrieval-v2,sha256:5fc6a9a0d5ff5721954fad8f2855c204301e59ef0b28a91d8d9bdbaf48cb659b,4,hybrid_rrf,TF010,product_specific,True,False,3,1,9131e9a9-eff3-4f4e-a20b-4bdd456c35bc,0.03149801587301587,True,14.64750000013737
transfusion-retrieval-v2,sha256:5fc6a9a0d5ff5721954fad8f2855c204301e59ef0b28a91d8d9bdbaf48cb659b,4,hybrid_rrf,TF010,product_specific,True,False,3,2,761b9529-5b18-4262-8174-6062c35fb31c,0.03036576949620428,False,14.64750000013737
transfusion-retrieval-v2,sha256:5fc6a9a0d5ff5721954fad8f2855c204301e59ef0b28a91d8d9bdbaf48cb659b,4,hybrid_rrf,TF010,product_specific,True,False,3,3,54fdf811-dedd-4016-b144-3e4bfdcd67c8,0.01639344262295082,True,14.64750000013737
transfusion-retrieval-v2,sha256:5fc6a9a0d5ff5721954fad8f2855c204301e59ef0b28a91d8d9bdbaf48cb659b,4,hybrid_rrf,TF010,product_specific,True,False,5,1,9131e9a9-eff3-4f4e-a20b-4bdd456c35bc,0.03149801587301587,True,14.64750000013737
transfusion-retrieval-v2,sha256:5fc6a9a0d5ff5721954fad8f2855c204301e59ef0b28a91d8d9bdbaf48cb659b,4,hybrid_rrf,TF010,product_specific,True,False,5,2,761b9529-5b18-4262-8174-6062c35fb31c,0.03036576949620428,False,14.64750000013737
transfusion-retrieval-v2,sha256:5fc6a9a0d5ff5721954fad8f2855c204301e59ef0b28a91d8d9bdbaf48cb659b,4,hybrid_rrf,TF010,product_specific,True,False,5,3,54fdf811-dedd-4016-b144-3e4bfdcd67c8,0.01639344262295082,True,14.64750000013737
transfusion-retrieval-v2,sha256:5fc6a9a0d5ff5721954fad8f2855c204301e59ef0b28a91d8d9bdbaf48cb659b,4,hybrid_rrf,TF010,product_specific,True,False,5,4,f1611d72-8c47-41f8-bfee-99d5ffdfe12a,0.01639344262295082,False,14.64750000013737
transfusion-retrieval-v2,sha256:5fc6a9a0d5ff5721954fad8f2855c204301e59ef0b28a91d8d9bdbaf48cb659b,4,hybrid_rrf,TF010,product_specific,True,False,5,5,d4c1a9ca-23c5-4ae0-9a51-c56675b2e6d1,0.016129032258064516,False,14.64750000013737
transfusion-retrieval-v2,sha256:5fc6a9a0d5ff5721954fad8f2855c204301e59ef0b28a91d8d9bdbaf48cb659b,4,hybrid_rrf,TF010,product_specific,True,False,10,1,9131e9a9-eff3-4f4e-a20b-4bdd456c35bc,0.03149801587301587,True,14.64750000013737
transfusion-retrieval-v2,sha256:5fc6a9a0d5ff5721954fad8f2855c204301e59ef0b28a91d8d9bdbaf48cb659b,4,hybrid_rrf,TF010,product_specific,True,False,10,2,761b9529-5b18-4262-8174-6062c35fb31c,0.03036576949620428,False,14.64750000013737
transfusion-retrieval-v2,sha256:5fc6a9a0d5ff5721954fad8f2855c204301e59ef0b28a91d8d9bdbaf48cb659b,4,hybrid_rrf,TF010,product_specific,True,False,10,3,54fdf811-dedd-4016-b144-3e4bfdcd67c8,0.01639344262295082,True,14.64750000013737
transfusion-retrieval-v2,sha256:5fc6a9a0d5ff5721954fad8f2855c204301e59ef0b28a91d8d9bdbaf48cb659b,4,hybrid_rrf,TF010,product_specific,True,False,10,4,f1611d72-8c47-41f8-bfee-99d5ffdfe12a,0.01639344262295082,False,14.64750000013737
transfusion-retrieval-v2,sha256:5fc6a9a0d5ff5721954fad8f2855c204301e59ef0b28a91d8d9bdbaf48cb659b,4,hybrid_rrf,TF010,product_specific,True,False,10,5,d4c1a9ca-23c5-4ae0-9a51-c56675b2e6d1,0.016129032258064516,False,14.64750000013737
transfusion-retrieval-v2,sha256:5fc6a9a0d5ff5721954fad8f2855c204301e59ef0b28a91d8d9bdbaf48cb659b,4,hybrid_rrf,TF010,product_specific,True,False,10,6,4797ba3b-c3d9-4d11-be5f-86db44dbda83,0.016129032258064516,False,14.64750000013737
transfusion-retrieval-v2,sha256:5fc6a9a0d5ff5721954fad8f2855c204301e59ef0b28a91d8d9bdbaf48cb659b,4,hybrid_rrf,TF010,product_specific,True,False,10,7,e96acbc9-66b4-4df4-953b-3f7b0a846bbc,0.015625,False,14.64750000013737
transfusion-retrieval-v2,sha256:5fc6a9a0d5ff5721954fad8f2855c204301e59ef0b28a91d8d9bdbaf48cb659b,4,hybrid_rrf,TF010,product_specific,True,False,10,8,d9a4a9c8-fbd4-41f2-bab6-6abd72575204,0.015384615384615385,False,14.64750000013737
transfusion-retrieval-v2,sha256:5fc6a9a0d5ff5721954fad8f2855c204301e59ef0b28a91d8d9bdbaf48cb659b,4,hybrid_rrf,TF010,product_specific,True,False,10,9,df699ccc-6f51-4281-b4a4-f3d2a20631e0,0.015384615384615385,False,14.64750000013737
transfusion-retrieval-v2,sha256:5fc6a9a0d5ff5721954fad8f2855c204301e59ef0b28a91d8d9bdbaf48cb659b,4,hybrid_rrf,TF010,product_specific,True,False,10,10,17e22a4e-78d9-4607-b75b-151e52cc4d20,0.015151515151515152,False,14.64750000013737
transfusion-retrieval-v2,sha256:5fc6a9a0d5ff5721954fad8f2855c204301e59ef0b28a91d8d9bdbaf48cb659b,4,hybrid_rrf,TF011,paraphrase,True,False,1,1,9131e9a9-eff3-4f4e-a20b-4bdd456c35bc,0.01639344262295082,False,16.576699999859557
transfusion-retrieval-v2,sha256:5fc6a9a0d5ff5721954fad8f2855c204301e59ef0b28a91d8d9bdbaf48cb659b,4,hybrid_rrf,TF011,paraphrase,True,False,3,1,9131e9a9-eff3-4f4e-a20b-4bdd456c35bc,0.01639344262295082,False,16.576699999859557
transfusion-retrieval-v2,sha256:5fc6a9a0d5ff5721954fad8f2855c204301e59ef0b28a91d8d9bdbaf48cb659b,4,hybrid_rrf,TF011,paraphrase,True,False,3,2,63cb7040-3526-4f6f-9f88-e295bbe5edaf,0.01639344262295082,False,16.576699999859557
transfusion-retrieval-v2,sha256:5fc6a9a0d5ff5721954fad8f2855c204301e59ef0b28a91d8d9bdbaf48cb659b,4,hybrid_rrf,TF011,paraphrase,True,False,3,3,d4c1a9ca-23c5-4ae0-9a51-c56675b2e6d1,0.016129032258064516,False,16.576699999859557
transfusion-retrieval-v2,sha256:5fc6a9a0d5ff5721954fad8f2855c204301e59ef0b28a91d8d9bdbaf48cb659b,4,hybrid_rrf,TF011,paraphrase,True,False,5,1,9131e9a9-eff3-4f4e-a20b-4bdd456c35bc,0.01639344262295082,False,16.576699999859557
transfusion-retrieval-v2,sha256:5fc6a9a0d5ff5721954fad8f2855c204301e59ef0b28a91d8d9bdbaf48cb659b,4,hybrid_rrf,TF011,paraphrase,True,False,5,2,63cb7040-3526-4f6f-9f88-e295bbe5edaf,0.01639344262295082,False,16.576699999859557
transfusion-retrieval-v2,sha256:5fc6a9a0d5ff5721954fad8f2855c204301e59ef0b28a91d8d9bdbaf48cb659b,4,hybrid_rrf,TF011,paraphrase,True,False,5,3,d4c1a9ca-23c5-4ae0-9a51-c56675b2e6d1,0.016129032258064516,False,16.576699999859557
transfusion-retrieval-v2,sha256:5fc6a9a0d5ff5721954fad8f2855c204301e59ef0b28a91d8d9bdbaf48cb659b,4,hybrid_rrf,TF011,paraphrase,True,False,5,4,16efaa44-1554-4748-8407-48fac0bced94,0.016129032258064516,False,16.576699999859557
transfusion-retrieval-v2,sha256:5fc6a9a0d5ff5721954fad8f2855c204301e59ef0b28a91d8d9bdbaf48cb659b,4,hybrid_rrf,TF011,paraphrase,True,False,5,5,fb4884e3-8fea-42fa-b996-7e9c333e7fef,0.015873015873015872,False,16.576699999859557
transfusion-retrieval-v2,sha256:5fc6a9a0d5ff5721954fad8f2855c204301e59ef0b28a91d8d9bdbaf48cb659b,4,hybrid_rrf,TF011,paraphrase,True,False,10,1,9131e9a9-eff3-4f4e-a20b-4bdd456c35bc,0.01639344262295082,False,16.576699999859557
transfusion-retrieval-v2,sha256:5fc6a9a0d5ff5721954fad8f2855c204301e59ef0b28a91d8d9bdbaf48cb659b,4,hybrid_rrf,TF011,paraphrase,True,False,10,2,63cb7040-3526-4f6f-9f88-e295bbe5edaf,0.01639344262295082,False,16.576699999859557
transfusion-retrieval-v2,sha256:5fc6a9a0d5ff5721954fad8f2855c204301e59ef0b28a91d8d9bdbaf48cb659b,4,hybrid_rrf,TF011,paraphrase,True,False,10,3,d4c1a9ca-23c5-4ae0-9a51-c56675b2e6d1,0.016129032258064516,False,16.576699999859557
transfusion-retrieval-v2,sha256:5fc6a9a0d5ff5721954fad8f2855c204301e59ef0b28a91d8d9bdbaf48cb659b,4,hybrid_rrf,TF011,paraphrase,True,False,10,4,16efaa44-1554-4748-8407-48fac0bced94,0.016129032258064516,False,16.576699999859557
transfusion-retrieval-v2,sha256:5fc6a9a0d5ff5721954fad8f2855c204301e59ef0b28a91d8d9bdbaf48cb659b,4,hybrid_rrf,TF011,paraphrase,True,False,10,5,fb4884e3-8fea-42fa-b996-7e9c333e7fef,0.015873015873015872,False,16.576699999859557
transfusion-retrieval-v2,sha256:5fc6a9a0d5ff5721954fad8f2855c204301e59ef0b28a91d8d9bdbaf48cb659b,4,hybrid_rrf,TF011,paraphrase,True,False,10,6,2cea4ea7-7aaf-4c54-ac4e-b660de52065d,0.015873015873015872,False,16.576699999859557
transfusion-retrieval-v2,sha256:5fc6a9a0d5ff5721954fad8f2855c204301e59ef0b28a91d8d9bdbaf48cb659b,4,hybrid_rrf,TF011,paraphrase,True,False,10,7,e4892114-b8eb-4f39-a7c4-427217039236,0.015625,False,16.576699999859557
transfusion-retrieval-v2,sha256:5fc6a9a0d5ff5721954fad8f2855c204301e59ef0b28a91d8d9bdbaf48cb659b,4,hybrid_rrf,TF011,paraphrase,True,False,10,8,fbf62ef9-25b7-437c-98d8-c4934fba0fe6,0.015625,False,16.576699999859557
transfusion-retrieval-v2,sha256:5fc6a9a0d5ff5721954fad8f2855c204301e59ef0b28a91d8d9bdbaf48cb659b,4,hybrid_rrf,TF011,paraphrase,True,False,10,9,e96acbc9-66b4-4df4-953b-3f7b0a846bbc,0.015384615384615385,False,16.576699999859557
transfusion-retrieval-v2,sha256:5fc6a9a0d5ff5721954fad8f2855c204301e59ef0b28a91d8d9bdbaf48cb659b,4,hybrid_rrf,TF011,paraphrase,True,False,10,10,9c5f18b5-9491-4cb2-9eba-9a0d2462f8bb,0.015384615384615385,False,16.576699999859557
transfusion-retrieval-v2,sha256:5fc6a9a0d5ff5721954fad8f2855c204301e59ef0b28a91d8d9bdbaf48cb659b,4,hybrid_rrf,TF012,product_specific,True,False,1,1,2cea4ea7-7aaf-4c54-ac4e-b660de52065d,0.032266458495966696,False,18.404399997962173
transfusion-retrieval-v2,sha256:5fc6a9a0d5ff5721954fad8f2855c204301e59ef0b28a91d8d9bdbaf48cb659b,4,hybrid_rrf,TF012,product_specific,True,False,3,1,2cea4ea7-7aaf-4c54-ac4e-b660de52065d,0.032266458495966696,False,18.404399997962173
transfusion-retrieval-v2,sha256:5fc6a9a0d5ff5721954fad8f2855c204301e59ef0b28a91d8d9bdbaf48cb659b,4,hybrid_rrf,TF012,product_specific,True,False,3,2,bc88f538-e881-4c81-85e9-fca20614315d,0.03128054740957967,True,18.404399997962173
transfusion-retrieval-v2,sha256:5fc6a9a0d5ff5721954fad8f2855c204301e59ef0b28a91d8d9bdbaf48cb659b,4,hybrid_rrf,TF012,product_specific,True,False,3,3,63cb7040-3526-4f6f-9f88-e295bbe5edaf,0.01639344262295082,False,18.404399997962173
transfusion-retrieval-v2,sha256:5fc6a9a0d5ff5721954fad8f2855c204301e59ef0b28a91d8d9bdbaf48cb659b,4,hybrid_rrf,TF012,product_specific,True,False,5,1,2cea4ea7-7aaf-4c54-ac4e-b660de52065d,0.032266458495966696,False,18.404399997962173
transfusion-retrieval-v2,sha256:5fc6a9a0d5ff5721954fad8f2855c204301e59ef0b28a91d8d9bdbaf48cb659b,4,hybrid_rrf,TF012,product_specific,True,False,5,2,bc88f538-e881-4c81-85e9-fca20614315d,0.03128054740957967,True,18.404399997962173
transfusion-retrieval-v2,sha256:5fc6a9a0d5ff5721954fad8f2855c204301e59ef0b28a91d8d9bdbaf48cb659b,4,hybrid_rrf,TF012,product_specific,True,False,5,3,63cb7040-3526-4f6f-9f88-e295bbe5edaf,0.01639344262295082,False,18.404399997962173
transfusion-retrieval-v2,sha256:5fc6a9a0d5ff5721954fad8f2855c204301e59ef0b28a91d8d9bdbaf48cb659b,4,hybrid_rrf,TF012,product_specific,True,False,5,4,16efaa44-1554-4748-8407-48fac0bced94,0.016129032258064516,False,18.404399997962173
transfusion-retrieval-v2,sha256:5fc6a9a0d5ff5721954fad8f2855c204301e59ef0b28a91d8d9bdbaf48cb659b,4,hybrid_rrf,TF012,product_specific,True,False,5,5,21efe016-3004-45f3-a070-29ce2ecb0019,0.015873015873015872,False,18.404399997962173
transfusion-retrieval-v2,sha256:5fc6a9a0d5ff5721954fad8f2855c204301e59ef0b28a91d8d9bdbaf48cb659b,4,hybrid_rrf,TF012,product_specific,True,False,10,1,2cea4ea7-7aaf-4c54-ac4e-b660de52065d,0.032266458495966696,False,18.404399997962173
transfusion-retrieval-v2,sha256:5fc6a9a0d5ff5721954fad8f2855c204301e59ef0b28a91d8d9bdbaf48cb659b,4,hybrid_rrf,TF012,product_specific,True,False,10,2,bc88f538-e881-4c81-85e9-fca20614315d,0.03128054740957967,True,18.404399997962173
transfusion-retrieval-v2,sha256:5fc6a9a0d5ff5721954fad8f2855c204301e59ef0b28a91d8d9bdbaf48cb659b,4,hybrid_rrf,TF012,product_specific,True,False,10,3,63cb7040-3526-4f6f-9f88-e295bbe5edaf,0.01639344262295082,False,18.404399997962173
transfusion-retrieval-v2,sha256:5fc6a9a0d5ff5721954fad8f2855c204301e59ef0b28a91d8d9bdbaf48cb659b,4,hybrid_rrf,TF012,product_specific,True,False,10,4,16efaa44-1554-4748-8407-48fac0bced94,0.016129032258064516,False,18.404399997962173
transfusion-retrieval-v2,sha256:5fc6a9a0d5ff5721954fad8f2855c204301e59ef0b28a91d8d9bdbaf48cb659b,4,hybrid_rrf,TF012,product_specific,True,False,10,5,21efe016-3004-45f3-a070-29ce2ecb0019,0.015873015873015872,False,18.404399997962173
transfusion-retrieval-v2,sha256:5fc6a9a0d5ff5721954fad8f2855c204301e59ef0b28a91d8d9bdbaf48cb659b,4,hybrid_rrf,TF012,product_specific,True,False,10,6,10537058-d160-4786-a6cf-95de46d7189c,0.015625,False,18.404399997962173
transfusion-retrieval-v2,sha256:5fc6a9a0d5ff5721954fad8f2855c204301e59ef0b28a91d8d9bdbaf48cb659b,4,hybrid_rrf,TF012,product_specific,True,False,10,7,9b6cc313-9a59-4387-a5ce-2ed14389a0a7,0.015625,False,18.404399997962173
transfusion-retrieval-v2,sha256:5fc6a9a0d5ff5721954fad8f2855c204301e59ef0b28a91d8d9bdbaf48cb659b,4,hybrid_rrf,TF012,product_specific,True,False,10,8,5de4d74d-720e-4d86-a836-f946d70a2d32,0.015384615384615385,False,18.404399997962173
transfusion-retrieval-v2,sha256:5fc6a9a0d5ff5721954fad8f2855c204301e59ef0b28a91d8d9bdbaf48cb659b,4,hybrid_rrf,TF012,product_specific,True,False,10,9,4797ba3b-c3d9-4d11-be5f-86db44dbda83,0.015384615384615385,False,18.404399997962173
transfusion-retrieval-v2,sha256:5fc6a9a0d5ff5721954fad8f2855c204301e59ef0b28a91d8d9bdbaf48cb659b,4,hybrid_rrf,TF012,product_specific,True,False,10,10,b66e5419-8a9c-47f4-866d-ebdb95b174b2,0.015151515151515152,False,18.404399997962173
transfusion-retrieval-v2,sha256:5fc6a9a0d5ff5721954fad8f2855c204301e59ef0b28a91d8d9bdbaf48cb659b,4,hybrid_rrf,TF013,product_specific,True,False,1,1,2cea4ea7-7aaf-4c54-ac4e-b660de52065d,0.03252247488101534,False,12.682399999903282
transfusion-retrieval-v2,sha256:5fc6a9a0d5ff5721954fad8f2855c204301e59ef0b28a91d8d9bdbaf48cb659b,4,hybrid_rrf,TF013,product_specific,True,False,3,1,2cea4ea7-7aaf-4c54-ac4e-b660de52065d,0.03252247488101534,False,12.682399999903282
transfusion-retrieval-v2,sha256:5fc6a9a0d5ff5721954fad8f2855c204301e59ef0b28a91d8d9bdbaf48cb659b,4,hybrid_rrf,TF013,product_specific,True,False,3,2,bc88f538-e881-4c81-85e9-fca20614315d,0.032266458495966696,False,12.682399999903282
transfusion-retrieval-v2,sha256:5fc6a9a0d5ff5721954fad8f2855c204301e59ef0b28a91d8d9bdbaf48cb659b,4,hybrid_rrf,TF013,product_specific,True,False,3,3,21efe016-3004-45f3-a070-29ce2ecb0019,0.03200204813108039,False,12.682399999903282
transfusion-retrieval-v2,sha256:5fc6a9a0d5ff5721954fad8f2855c204301e59ef0b28a91d8d9bdbaf48cb659b,4,hybrid_rrf,TF013,product_specific,True,False,5,1,2cea4ea7-7aaf-4c54-ac4e-b660de52065d,0.03252247488101534,False,12.682399999903282
transfusion-retrieval-v2,sha256:5fc6a9a0d5ff5721954fad8f2855c204301e59ef0b28a91d8d9bdbaf48cb659b,4,hybrid_rrf,TF013,product_specific,True,False,5,2,bc88f538-e881-4c81-85e9-fca20614315d,0.032266458495966696,False,12.682399999903282
transfusion-retrieval-v2,sha256:5fc6a9a0d5ff5721954fad8f2855c204301e59ef0b28a91d8d9bdbaf48cb659b,4,hybrid_rrf,TF013,product_specific,True,False,5,3,21efe016-3004-45f3-a070-29ce2ecb0019,0.03200204813108039,False,12.682399999903282
transfusion-retrieval-v2,sha256:5fc6a9a0d5ff5721954fad8f2855c204301e59ef0b28a91d8d9bdbaf48cb659b,4,hybrid_rrf,TF013,product_specific,True,False,5,4,b66e5419-8a9c-47f4-866d-ebdb95b174b2,0.030776515151515152,True,12.682399999903282
transfusion-retrieval-v2,sha256:5fc6a9a0d5ff5721954fad8f2855c204301e59ef0b28a91d8d9bdbaf48cb659b,4,hybrid_rrf,TF013,product_specific,True,False,5,5,16efaa44-1554-4748-8407-48fac0bced94,0.015625,False,12.682399999903282
transfusion-retrieval-v2,sha256:5fc6a9a0d5ff5721954fad8f2855c204301e59ef0b28a91d8d9bdbaf48cb659b,4,hybrid_rrf,TF013,product_specific,True,False,10,1,2cea4ea7-7aaf-4c54-ac4e-b660de52065d,0.03252247488101534,False,12.682399999903282
transfusion-retrieval-v2,sha256:5fc6a9a0d5ff5721954fad8f2855c204301e59ef0b28a91d8d9bdbaf48cb659b,4,hybrid_rrf,TF013,product_specific,True,False,10,2,bc88f538-e881-4c81-85e9-fca20614315d,0.032266458495966696,False,12.682399999903282
transfusion-retrieval-v2,sha256:5fc6a9a0d5ff5721954fad8f2855c204301e59ef0b28a91d8d9bdbaf48cb659b,4,hybrid_rrf,TF013,product_specific,True,False,10,3,21efe016-3004-45f3-a070-29ce2ecb0019,0.03200204813108039,False,12.682399999903282
transfusion-retrieval-v2,sha256:5fc6a9a0d5ff5721954fad8f2855c204301e59ef0b28a91d8d9bdbaf48cb659b,4,hybrid_rrf,TF013,product_specific,True,False,10,4,b66e5419-8a9c-47f4-866d-ebdb95b174b2,0.030776515151515152,True,12.682399999903282
transfusion-retrieval-v2,sha256:5fc6a9a0d5ff5721954fad8f2855c204301e59ef0b28a91d8d9bdbaf48cb659b,4,hybrid_rrf,TF013,product_specific,True,False,10,5,16efaa44-1554-4748-8407-48fac0bced94,0.015625,False,12.682399999903282
transfusion-retrieval-v2,sha256:5fc6a9a0d5ff5721954fad8f2855c204301e59ef0b28a91d8d9bdbaf48cb659b,4,hybrid_rrf,TF013,product_specific,True,False,10,6,66dba192-bac5-4b3a-bd4d-77e9eacb4192,0.015384615384615385,False,12.682399999903282
transfusion-retrieval-v2,sha256:5fc6a9a0d5ff5721954fad8f2855c204301e59ef0b28a91d8d9bdbaf48cb659b,4,hybrid_rrf,TF013,product_specific,True,False,10,7,3abbb958-eafe-4ffe-bcfc-dafa7349c15c,0.015384615384615385,False,12.682399999903282
transfusion-retrieval-v2,sha256:5fc6a9a0d5ff5721954fad8f2855c204301e59ef0b28a91d8d9bdbaf48cb659b,4,hybrid_rrf,TF013,product_specific,True,False,10,8,22e6c188-2e4c-4029-b200-7770a3f00e6e,0.015151515151515152,False,12.682399999903282
transfusion-retrieval-v2,sha256:5fc6a9a0d5ff5721954fad8f2855c204301e59ef0b28a91d8d9bdbaf48cb659b,4,hybrid_rrf,TF013,product_specific,True,False,10,9,4c0dde2a-0432-4cb2-ad33-987f5979ff76,0.014925373134328358,False,12.682399999903282
transfusion-retrieval-v2,sha256:5fc6a9a0d5ff5721954fad8f2855c204301e59ef0b28a91d8d9bdbaf48cb659b,4,hybrid_rrf,TF013,product_specific,True,False,10,10,63cb7040-3526-4f6f-9f88-e295bbe5edaf,0.014925373134328358,False,12.682399999903282
transfusion-retrieval-v2,sha256:5fc6a9a0d5ff5721954fad8f2855c204301e59ef0b28a91d8d9bdbaf48cb659b,4,hybrid_rrf,TF014,temporal,True,False,1,1,2cea4ea7-7aaf-4c54-ac4e-b660de52065d,0.03252247488101534,False,14.118399998551467
transfusion-retrieval-v2,sha256:5fc6a9a0d5ff5721954fad8f2855c204301e59ef0b28a91d8d9bdbaf48cb659b,4,hybrid_rrf,TF014,temporal,True,False,3,1,2cea4ea7-7aaf-4c54-ac4e-b660de52065d,0.03252247488101534,False,14.118399998551467
transfusion-retrieval-v2,sha256:5fc6a9a0d5ff5721954fad8f2855c204301e59ef0b28a91d8d9bdbaf48cb659b,4,hybrid_rrf,TF014,temporal,True,False,3,2,21efe016-3004-45f3-a070-29ce2ecb0019,0.03200204813108039,True,14.118399998551467
transfusion-retrieval-v2,sha256:5fc6a9a0d5ff5721954fad8f2855c204301e59ef0b28a91d8d9bdbaf48cb659b,4,hybrid_rrf,TF014,temporal,True,False,3,3,b66e5419-8a9c-47f4-866d-ebdb95b174b2,0.03177805800756621,True,14.118399998551467
transfusion-retrieval-v2,sha256:5fc6a9a0d5ff5721954fad8f2855c204301e59ef0b28a91d8d9bdbaf48cb659b,4,hybrid_rrf,TF014,temporal,True,False,5,1,2cea4ea7-7aaf-4c54-ac4e-b660de52065d,0.03252247488101534,False,14.118399998551467
transfusion-retrieval-v2,sha256:5fc6a9a0d5ff5721954fad8f2855c204301e59ef0b28a91d8d9bdbaf48cb659b,4,hybrid_rrf,TF014,temporal,True,False,5,2,21efe016-3004-45f3-a070-29ce2ecb0019,0.03200204813108039,True,14.118399998551467
transfusion-retrieval-v2,sha256:5fc6a9a0d5ff5721954fad8f2855c204301e59ef0b28a91d8d9bdbaf48cb659b,4,hybrid_rrf,TF014,temporal,True,False,5,3,b66e5419-8a9c-47f4-866d-ebdb95b174b2,0.03177805800756621,True,14.118399998551467
transfusion-retrieval-v2,sha256:5fc6a9a0d5ff5721954fad8f2855c204301e59ef0b28a91d8d9bdbaf48cb659b,4,hybrid_rrf,TF014,temporal,True,False,5,4,bc88f538-e881-4c81-85e9-fca20614315d,0.03125763125763126,False,14.118399998551467
transfusion-retrieval-v2,sha256:5fc6a9a0d5ff5721954fad8f2855c204301e59ef0b28a91d8d9bdbaf48cb659b,4,hybrid_rrf,TF014,temporal,True,False,5,5,9552a4ac-31b4-43a8-aa92-37bd3e89362a,0.015625,False,14.118399998551467
transfusion-retrieval-v2,sha256:5fc6a9a0d5ff5721954fad8f2855c204301e59ef0b28a91d8d9bdbaf48cb659b,4,hybrid_rrf,TF014,temporal,True,False,10,1,2cea4ea7-7aaf-4c54-ac4e-b660de52065d,0.03252247488101534,False,14.118399998551467
transfusion-retrieval-v2,sha256:5fc6a9a0d5ff5721954fad8f2855c204301e59ef0b28a91d8d9bdbaf48cb659b,4,hybrid_rrf,TF014,temporal,True,False,10,2,21efe016-3004-45f3-a070-29ce2ecb0019,0.03200204813108039,True,14.118399998551467
transfusion-retrieval-v2,sha256:5fc6a9a0d5ff5721954fad8f2855c204301e59ef0b28a91d8d9bdbaf48cb659b,4,hybrid_rrf,TF014,temporal,True,False,10,3,b66e5419-8a9c-47f4-866d-ebdb95b174b2,0.03177805800756621,True,14.118399998551467
transfusion-retrieval-v2,sha256:5fc6a9a0d5ff5721954fad8f2855c204301e59ef0b28a91d8d9bdbaf48cb659b,4,hybrid_rrf,TF014,temporal,True,False,10,4,bc88f538-e881-4c81-85e9-fca20614315d,0.03125763125763126,False,14.118399998551467
transfusion-retrieval-v2,sha256:5fc6a9a0d5ff5721954fad8f2855c204301e59ef0b28a91d8d9bdbaf48cb659b,4,hybrid_rrf,TF014,temporal,True,False,10,5,9552a4ac-31b4-43a8-aa92-37bd3e89362a,0.015625,False,14.118399998551467
transfusion-retrieval-v2,sha256:5fc6a9a0d5ff5721954fad8f2855c204301e59ef0b28a91d8d9bdbaf48cb659b,4,hybrid_rrf,TF014,temporal,True,False,10,6,16efaa44-1554-4748-8407-48fac0bced94,0.015625,False,14.118399998551467
transfusion-retrieval-v2,sha256:5fc6a9a0d5ff5721954fad8f2855c204301e59ef0b28a91d8d9bdbaf48cb659b,4,hybrid_rrf,TF014,temporal,True,False,10,7,4c0dde2a-0432-4cb2-ad33-987f5979ff76,0.015151515151515152,False,14.118399998551467
transfusion-retrieval-v2,sha256:5fc6a9a0d5ff5721954fad8f2855c204301e59ef0b28a91d8d9bdbaf48cb659b,4,hybrid_rrf,TF014,temporal,True,False,10,8,63cb7040-3526-4f6f-9f88-e295bbe5edaf,0.015151515151515152,False,14.118399998551467
transfusion-retrieval-v2,sha256:5fc6a9a0d5ff5721954fad8f2855c204301e59ef0b28a91d8d9bdbaf48cb659b,4,hybrid_rrf,TF014,temporal,True,False,10,9,84c0a864-176f-4776-a15e-167fc2518e5d,0.014925373134328358,False,14.118399998551467
transfusion-retrieval-v2,sha256:5fc6a9a0d5ff5721954fad8f2855c204301e59ef0b28a91d8d9bdbaf48cb659b,4,hybrid_rrf,TF014,temporal,True,False,10,10,59d57c8a-c9d7-4f8d-b9a1-a2816f1f01f7,0.014925373134328358,False,14.118399998551467
transfusion-retrieval-v2,sha256:5fc6a9a0d5ff5721954fad8f2855c204301e59ef0b28a91d8d9bdbaf48cb659b,4,hybrid_rrf,TF015,product_specific,True,False,1,1,2cea4ea7-7aaf-4c54-ac4e-b660de52065d,0.032266458495966696,False,13.62380000136909
transfusion-retrieval-v2,sha256:5fc6a9a0d5ff5721954fad8f2855c204301e59ef0b28a91d8d9bdbaf48cb659b,4,hybrid_rrf,TF015,product_specific,True,False,3,1,2cea4ea7-7aaf-4c54-ac4e-b660de52065d,0.032266458495966696,False,13.62380000136909
transfusion-retrieval-v2,sha256:5fc6a9a0d5ff5721954fad8f2855c204301e59ef0b28a91d8d9bdbaf48cb659b,4,hybrid_rrf,TF015,product_specific,True,False,3,2,16efaa44-1554-4748-8407-48fac0bced94,0.01639344262295082,False,13.62380000136909
transfusion-retrieval-v2,sha256:5fc6a9a0d5ff5721954fad8f2855c204301e59ef0b28a91d8d9bdbaf48cb659b,4,hybrid_rrf,TF015,product_specific,True,False,3,3,21efe016-3004-45f3-a070-29ce2ecb0019,0.016129032258064516,True,13.62380000136909
transfusion-retrieval-v2,sha256:5fc6a9a0d5ff5721954fad8f2855c204301e59ef0b28a91d8d9bdbaf48cb659b,4,hybrid_rrf,TF015,product_specific,True,False,5,1,2cea4ea7-7aaf-4c54-ac4e-b660de52065d,0.032266458495966696,False,13.62380000136909
transfusion-retrieval-v2,sha256:5fc6a9a0d5ff5721954fad8f2855c204301e59ef0b28a91d8d9bdbaf48cb659b,4,hybrid_rrf,TF015,product_specific,True,False,5,2,16efaa44-1554-4748-8407-48fac0bced94,0.01639344262295082,False,13.62380000136909
transfusion-retrieval-v2,sha256:5fc6a9a0d5ff5721954fad8f2855c204301e59ef0b28a91d8d9bdbaf48cb659b,4,hybrid_rrf,TF015,product_specific,True,False,5,3,21efe016-3004-45f3-a070-29ce2ecb0019,0.016129032258064516,True,13.62380000136909
transfusion-retrieval-v2,sha256:5fc6a9a0d5ff5721954fad8f2855c204301e59ef0b28a91d8d9bdbaf48cb659b,4,hybrid_rrf,TF015,product_specific,True,False,5,4,63cb7040-3526-4f6f-9f88-e295bbe5edaf,0.016129032258064516,False,13.62380000136909
transfusion-retrieval-v2,sha256:5fc6a9a0d5ff5721954fad8f2855c204301e59ef0b28a91d8d9bdbaf48cb659b,4,hybrid_rrf,TF015,product_specific,True,False,5,5,b66e5419-8a9c-47f4-866d-ebdb95b174b2,0.015873015873015872,False,13.62380000136909
transfusion-retrieval-v2,sha256:5fc6a9a0d5ff5721954fad8f2855c204301e59ef0b28a91d8d9bdbaf48cb659b,4,hybrid_rrf,TF015,product_specific,True,False,10,1,2cea4ea7-7aaf-4c54-ac4e-b660de52065d,0.032266458495966696,False,13.62380000136909
transfusion-retrieval-v2,sha256:5fc6a9a0d5ff5721954fad8f2855c204301e59ef0b28a91d8d9bdbaf48cb659b,4,hybrid_rrf,TF015,product_specific,True,False,10,2,16efaa44-1554-4748-8407-48fac0bced94,0.01639344262295082,False,13.62380000136909
transfusion-retrieval-v2,sha256:5fc6a9a0d5ff5721954fad8f2855c204301e59ef0b28a91d8d9bdbaf48cb659b,4,hybrid_rrf,TF015,product_specific,True,False,10,3,21efe016-3004-45f3-a070-29ce2ecb0019,0.016129032258064516,True,13.62380000136909
transfusion-retrieval-v2,sha256:5fc6a9a0d5ff5721954fad8f2855c204301e59ef0b28a91d8d9bdbaf48cb659b,4,hybrid_rrf,TF015,product_specific,True,False,10,4,63cb7040-3526-4f6f-9f88-e295bbe5edaf,0.016129032258064516,False,13.62380000136909
transfusion-retrieval-v2,sha256:5fc6a9a0d5ff5721954fad8f2855c204301e59ef0b28a91d8d9bdbaf48cb659b,4,hybrid_rrf,TF015,product_specific,True,False,10,5,b66e5419-8a9c-47f4-866d-ebdb95b174b2,0.015873015873015872,False,13.62380000136909
transfusion-retrieval-v2,sha256:5fc6a9a0d5ff5721954fad8f2855c204301e59ef0b28a91d8d9bdbaf48cb659b,4,hybrid_rrf,TF015,product_specific,True,False,10,6,bc88f538-e881-4c81-85e9-fca20614315d,0.015625,False,13.62380000136909
transfusion-retrieval-v2,sha256:5fc6a9a0d5ff5721954fad8f2855c204301e59ef0b28a91d8d9bdbaf48cb659b,4,hybrid_rrf,TF015,product_specific,True,False,10,7,59d57c8a-c9d7-4f8d-b9a1-a2816f1f01f7,0.015625,False,13.62380000136909
transfusion-retrieval-v2,sha256:5fc6a9a0d5ff5721954fad8f2855c204301e59ef0b28a91d8d9bdbaf48cb659b,4,hybrid_rrf,TF015,product_specific,True,False,10,8,eeb8db46-f757-41f1-9ca5-c022f3d4ea3e,0.015384615384615385,False,13.62380000136909
transfusion-retrieval-v2,sha256:5fc6a9a0d5ff5721954fad8f2855c204301e59ef0b28a91d8d9bdbaf48cb659b,4,hybrid_rrf,TF015,product_specific,True,False,10,9,4c0dde2a-0432-4cb2-ad33-987f5979ff76,0.015384615384615385,False,13.62380000136909
transfusion-retrieval-v2,sha256:5fc6a9a0d5ff5721954fad8f2855c204301e59ef0b28a91d8d9bdbaf48cb659b,4,hybrid_rrf,TF015,product_specific,True,False,10,10,fbb0340e-b19d-43c3-a23a-5ee07899e8cd,0.015151515151515152,False,13.62380000136909
transfusion-retrieval-v2,sha256:5fc6a9a0d5ff5721954fad8f2855c204301e59ef0b28a91d8d9bdbaf48cb659b,4,hybrid_rrf,TF016,paraphrase,True,False,1,1,2cea4ea7-7aaf-4c54-ac4e-b660de52065d,0.03278688524590164,False,11.368100000254344
transfusion-retrieval-v2,sha256:5fc6a9a0d5ff5721954fad8f2855c204301e59ef0b28a91d8d9bdbaf48cb659b,4,hybrid_rrf,TF016,paraphrase,True,False,3,1,2cea4ea7-7aaf-4c54-ac4e-b660de52065d,0.03278688524590164,False,11.368100000254344
transfusion-retrieval-v2,sha256:5fc6a9a0d5ff5721954fad8f2855c204301e59ef0b28a91d8d9bdbaf48cb659b,4,hybrid_rrf,TF016,paraphrase,True,False,3,2,21efe016-3004-45f3-a070-29ce2ecb0019,0.03200204813108039,False,11.368100000254344
transfusion-retrieval-v2,sha256:5fc6a9a0d5ff5721954fad8f2855c204301e59ef0b28a91d8d9bdbaf48cb659b,4,hybrid_rrf,TF016,paraphrase,True,False,3,3,bc88f538-e881-4c81-85e9-fca20614315d,0.031754032258064516,False,11.368100000254344
transfusion-retrieval-v2,sha256:5fc6a9a0d5ff5721954fad8f2855c204301e59ef0b28a91d8d9bdbaf48cb659b,4,hybrid_rrf,TF016,paraphrase,True,False,5,1,2cea4ea7-7aaf-4c54-ac4e-b660de52065d,0.03278688524590164,False,11.368100000254344
transfusion-retrieval-v2,sha256:5fc6a9a0d5ff5721954fad8f2855c204301e59ef0b28a91d8d9bdbaf48cb659b,4,hybrid_rrf,TF016,paraphrase,True,False,5,2,21efe016-3004-45f3-a070-29ce2ecb0019,0.03200204813108039,False,11.368100000254344
transfusion-retrieval-v2,sha256:5fc6a9a0d5ff5721954fad8f2855c204301e59ef0b28a91d8d9bdbaf48cb659b,4,hybrid_rrf,TF016,paraphrase,True,False,5,3,bc88f538-e881-4c81-85e9-fca20614315d,0.031754032258064516,False,11.368100000254344
transfusion-retrieval-v2,sha256:5fc6a9a0d5ff5721954fad8f2855c204301e59ef0b28a91d8d9bdbaf48cb659b,4,hybrid_rrf,TF016,paraphrase,True,False,5,4,b66e5419-8a9c-47f4-866d-ebdb95b174b2,0.03036576949620428,False,11.368100000254344
transfusion-retrieval-v2,sha256:5fc6a9a0d5ff5721954fad8f2855c204301e59ef0b28a91d8d9bdbaf48cb659b,4,hybrid_rrf,TF016,paraphrase,True,False,5,5,4c0dde2a-0432-4cb2-ad33-987f5979ff76,0.02967032967032967,True,11.368100000254344
transfusion-retrieval-v2,sha256:5fc6a9a0d5ff5721954fad8f2855c204301e59ef0b28a91d8d9bdbaf48cb659b,4,hybrid_rrf,TF016,paraphrase,True,False,10,1,2cea4ea7-7aaf-4c54-ac4e-b660de52065d,0.03278688524590164,False,11.368100000254344
transfusion-retrieval-v2,sha256:5fc6a9a0d5ff5721954fad8f2855c204301e59ef0b28a91d8d9bdbaf48cb659b,4,hybrid_rrf,TF016,paraphrase,True,False,10,2,21efe016-3004-45f3-a070-29ce2ecb0019,0.03200204813108039,False,11.368100000254344
transfusion-retrieval-v2,sha256:5fc6a9a0d5ff5721954fad8f2855c204301e59ef0b28a91d8d9bdbaf48cb659b,4,hybrid_rrf,TF016,paraphrase,True,False,10,3,bc88f538-e881-4c81-85e9-fca20614315d,0.031754032258064516,False,11.368100000254344
transfusion-retrieval-v2,sha256:5fc6a9a0d5ff5721954fad8f2855c204301e59ef0b28a91d8d9bdbaf48cb659b,4,hybrid_rrf,TF016,paraphrase,True,False,10,4,b66e5419-8a9c-47f4-866d-ebdb95b174b2,0.03036576949620428,False,11.368100000254344
transfusion-retrieval-v2,sha256:5fc6a9a0d5ff5721954fad8f2855c204301e59ef0b28a91d8d9bdbaf48cb659b,4,hybrid_rrf,TF016,paraphrase,True,False,10,5,4c0dde2a-0432-4cb2-ad33-987f5979ff76,0.02967032967032967,True,11.368100000254344
transfusion-retrieval-v2,sha256:5fc6a9a0d5ff5721954fad8f2855c204301e59ef0b28a91d8d9bdbaf48cb659b,4,hybrid_rrf,TF016,paraphrase,True,False,10,6,16efaa44-1554-4748-8407-48fac0bced94,0.015625,False,11.368100000254344
transfusion-retrieval-v2,sha256:5fc6a9a0d5ff5721954fad8f2855c204301e59ef0b28a91d8d9bdbaf48cb659b,4,hybrid_rrf,TF016,paraphrase,True,False,10,7,10537058-d160-4786-a6cf-95de46d7189c,0.015384615384615385,False,11.368100000254344
transfusion-retrieval-v2,sha256:5fc6a9a0d5ff5721954fad8f2855c204301e59ef0b28a91d8d9bdbaf48cb659b,4,hybrid_rrf,TF016,paraphrase,True,False,10,8,66dba192-bac5-4b3a-bd4d-77e9eacb4192,0.015151515151515152,False,11.368100000254344
transfusion-retrieval-v2,sha256:5fc6a9a0d5ff5721954fad8f2855c204301e59ef0b28a91d8d9bdbaf48cb659b,4,hybrid_rrf,TF016,paraphrase,True,False,10,9,fbf62ef9-25b7-437c-98d8-c4934fba0fe6,0.015151515151515152,False,11.368100000254344
transfusion-retrieval-v2,sha256:5fc6a9a0d5ff5721954fad8f2855c204301e59ef0b28a91d8d9bdbaf48cb659b,4,hybrid_rrf,TF016,paraphrase,True,False,10,10,4d18d11e-2a92-4690-8a64-46653931483e,0.014925373134328358,False,11.368100000254344
transfusion-retrieval-v2,sha256:5fc6a9a0d5ff5721954fad8f2855c204301e59ef0b28a91d8d9bdbaf48cb659b,4,hybrid_rrf,TF017,procedure,True,False,1,1,fd678588-5ac2-400d-95c5-3309537781ec,0.029910714285714284,False,11.934099999052705
transfusion-retrieval-v2,sha256:5fc6a9a0d5ff5721954fad8f2855c204301e59ef0b28a91d8d9bdbaf48cb659b,4,hybrid_rrf,TF017,procedure,True,False,3,1,fd678588-5ac2-400d-95c5-3309537781ec,0.029910714285714284,False,11.934099999052705
transfusion-retrieval-v2,sha256:5fc6a9a0d5ff5721954fad8f2855c204301e59ef0b28a91d8d9bdbaf48cb659b,4,hybrid_rrf,TF017,procedure,True,False,3,2,d4c1a9ca-23c5-4ae0-9a51-c56675b2e6d1,0.01639344262295082,False,11.934099999052705
transfusion-retrieval-v2,sha256:5fc6a9a0d5ff5721954fad8f2855c204301e59ef0b28a91d8d9bdbaf48cb659b,4,hybrid_rrf,TF017,procedure,True,False,3,3,16efaa44-1554-4748-8407-48fac0bced94,0.01639344262295082,False,11.934099999052705
transfusion-retrieval-v2,sha256:5fc6a9a0d5ff5721954fad8f2855c204301e59ef0b28a91d8d9bdbaf48cb659b,4,hybrid_rrf,TF017,procedure,True,False,5,1,fd678588-5ac2-400d-95c5-3309537781ec,0.029910714285714284,False,11.934099999052705
transfusion-retrieval-v2,sha256:5fc6a9a0d5ff5721954fad8f2855c204301e59ef0b28a91d8d9bdbaf48cb659b,4,hybrid_rrf,TF017,procedure,True,False,5,2,d4c1a9ca-23c5-4ae0-9a51-c56675b2e6d1,0.01639344262295082,False,11.934099999052705
transfusion-retrieval-v2,sha256:5fc6a9a0d5ff5721954fad8f2855c204301e59ef0b28a91d8d9bdbaf48cb659b,4,hybrid_rrf,TF017,procedure,True,False,5,3,16efaa44-1554-4748-8407-48fac0bced94,0.01639344262295082,False,11.934099999052705
transfusion-retrieval-v2,sha256:5fc6a9a0d5ff5721954fad8f2855c204301e59ef0b28a91d8d9bdbaf48cb659b,4,hybrid_rrf,TF017,procedure,True,False,5,4,d9a4a9c8-fbd4-41f2-bab6-6abd72575204,0.016129032258064516,False,11.934099999052705
transfusion-retrieval-v2,sha256:5fc6a9a0d5ff5721954fad8f2855c204301e59ef0b28a91d8d9bdbaf48cb659b,4,hybrid_rrf,TF017,procedure,True,False,5,5,22e6c188-2e4c-4029-b200-7770a3f00e6e,0.016129032258064516,True,11.934099999052705
transfusion-retrieval-v2,sha256:5fc6a9a0d5ff5721954fad8f2855c204301e59ef0b28a91d8d9bdbaf48cb659b,4,hybrid_rrf,TF017,procedure,True,False,10,1,fd678588-5ac2-400d-95c5-3309537781ec,0.029910714285714284,False,11.934099999052705
transfusion-retrieval-v2,sha256:5fc6a9a0d5ff5721954fad8f2855c204301e59ef0b28a91d8d9bdbaf48cb659b,4,hybrid_rrf,TF017,procedure,True,False,10,2,d4c1a9ca-23c5-4ae0-9a51-c56675b2e6d1,0.01639344262295082,False,11.934099999052705
transfusion-retrieval-v2,sha256:5fc6a9a0d5ff5721954fad8f2855c204301e59ef0b28a91d8d9bdbaf48cb659b,4,hybrid_rrf,TF017,procedure,True,False,10,3,16efaa44-1554-4748-8407-48fac0bced94,0.01639344262295082,False,11.934099999052705
transfusion-retrieval-v2,sha256:5fc6a9a0d5ff5721954fad8f2855c204301e59ef0b28a91d8d9bdbaf48cb659b,4,hybrid_rrf,TF017,procedure,True,False,10,4,d9a4a9c8-fbd4-41f2-bab6-6abd72575204,0.016129032258064516,False,11.934099999052705
transfusion-retrieval-v2,sha256:5fc6a9a0d5ff5721954fad8f2855c204301e59ef0b28a91d8d9bdbaf48cb659b,4,hybrid_rrf,TF017,procedure,True,False,10,5,22e6c188-2e4c-4029-b200-7770a3f00e6e,0.016129032258064516,True,11.934099999052705
transfusion-retrieval-v2,sha256:5fc6a9a0d5ff5721954fad8f2855c204301e59ef0b28a91d8d9bdbaf48cb659b,4,hybrid_rrf,TF017,procedure,True,False,10,6,761b9529-5b18-4262-8174-6062c35fb31c,0.015873015873015872,False,11.934099999052705
transfusion-retrieval-v2,sha256:5fc6a9a0d5ff5721954fad8f2855c204301e59ef0b28a91d8d9bdbaf48cb659b,4,hybrid_rrf,TF017,procedure,True,False,10,7,b225ae64-72d2-4e59-81c0-57f5d8438666,0.015873015873015872,True,11.934099999052705
transfusion-retrieval-v2,sha256:5fc6a9a0d5ff5721954fad8f2855c204301e59ef0b28a91d8d9bdbaf48cb659b,4,hybrid_rrf,TF017,procedure,True,False,10,8,63cb7040-3526-4f6f-9f88-e295bbe5edaf,0.015625,False,11.934099999052705
transfusion-retrieval-v2,sha256:5fc6a9a0d5ff5721954fad8f2855c204301e59ef0b28a91d8d9bdbaf48cb659b,4,hybrid_rrf,TF017,procedure,True,False,10,9,66dba192-bac5-4b3a-bd4d-77e9eacb4192,0.015384615384615385,False,11.934099999052705
transfusion-retrieval-v2,sha256:5fc6a9a0d5ff5721954fad8f2855c204301e59ef0b28a91d8d9bdbaf48cb659b,4,hybrid_rrf,TF017,procedure,True,False,10,10,eda54b74-cd2f-4808-8175-bcc5b916ce90,0.015384615384615385,False,11.934099999052705
transfusion-retrieval-v2,sha256:5fc6a9a0d5ff5721954fad8f2855c204301e59ef0b28a91d8d9bdbaf48cb659b,4,hybrid_rrf,TF018,temporal,True,False,1,1,30ce28cb-f702-4cce-8105-137e2f73af0d,0.01639344262295082,True,9.841400000368594
transfusion-retrieval-v2,sha256:5fc6a9a0d5ff5721954fad8f2855c204301e59ef0b28a91d8d9bdbaf48cb659b,4,hybrid_rrf,TF018,temporal,True,False,3,1,30ce28cb-f702-4cce-8105-137e2f73af0d,0.01639344262295082,True,9.841400000368594
transfusion-retrieval-v2,sha256:5fc6a9a0d5ff5721954fad8f2855c204301e59ef0b28a91d8d9bdbaf48cb659b,4,hybrid_rrf,TF018,temporal,True,False,3,2,63cb7040-3526-4f6f-9f88-e295bbe5edaf,0.01639344262295082,False,9.841400000368594
transfusion-retrieval-v2,sha256:5fc6a9a0d5ff5721954fad8f2855c204301e59ef0b28a91d8d9bdbaf48cb659b,4,hybrid_rrf,TF018,temporal,True,False,3,3,d3b7d61b-50f0-4b96-a770-785a9f3c3886,0.016129032258064516,False,9.841400000368594
transfusion-retrieval-v2,sha256:5fc6a9a0d5ff5721954fad8f2855c204301e59ef0b28a91d8d9bdbaf48cb659b,4,hybrid_rrf,TF018,temporal,True,False,5,1,30ce28cb-f702-4cce-8105-137e2f73af0d,0.01639344262295082,True,9.841400000368594
transfusion-retrieval-v2,sha256:5fc6a9a0d5ff5721954fad8f2855c204301e59ef0b28a91d8d9bdbaf48cb659b,4,hybrid_rrf,TF018,temporal,True,False,5,2,63cb7040-3526-4f6f-9f88-e295bbe5edaf,0.01639344262295082,False,9.841400000368594
transfusion-retrieval-v2,sha256:5fc6a9a0d5ff5721954fad8f2855c204301e59ef0b28a91d8d9bdbaf48cb659b,4,hybrid_rrf,TF018,temporal,True,False,5,3,d3b7d61b-50f0-4b96-a770-785a9f3c3886,0.016129032258064516,False,9.841400000368594
transfusion-retrieval-v2,sha256:5fc6a9a0d5ff5721954fad8f2855c204301e59ef0b28a91d8d9bdbaf48cb659b,4,hybrid_rrf,TF018,temporal,True,False,5,4,16efaa44-1554-4748-8407-48fac0bced94,0.016129032258064516,False,9.841400000368594
transfusion-retrieval-v2,sha256:5fc6a9a0d5ff5721954fad8f2855c204301e59ef0b28a91d8d9bdbaf48cb659b,4,hybrid_rrf,TF018,temporal,True,False,5,5,eeb8db46-f757-41f1-9ca5-c022f3d4ea3e,0.015873015873015872,False,9.841400000368594
transfusion-retrieval-v2,sha256:5fc6a9a0d5ff5721954fad8f2855c204301e59ef0b28a91d8d9bdbaf48cb659b,4,hybrid_rrf,TF018,temporal,True,False,10,1,30ce28cb-f702-4cce-8105-137e2f73af0d,0.01639344262295082,True,9.841400000368594
transfusion-retrieval-v2,sha256:5fc6a9a0d5ff5721954fad8f2855c204301e59ef0b28a91d8d9bdbaf48cb659b,4,hybrid_rrf,TF018,temporal,True,False,10,2,63cb7040-3526-4f6f-9f88-e295bbe5edaf,0.01639344262295082,False,9.841400000368594
transfusion-retrieval-v2,sha256:5fc6a9a0d5ff5721954fad8f2855c204301e59ef0b28a91d8d9bdbaf48cb659b,4,hybrid_rrf,TF018,temporal,True,False,10,3,d3b7d61b-50f0-4b96-a770-785a9f3c3886,0.016129032258064516,False,9.841400000368594
transfusion-retrieval-v2,sha256:5fc6a9a0d5ff5721954fad8f2855c204301e59ef0b28a91d8d9bdbaf48cb659b,4,hybrid_rrf,TF018,temporal,True,False,10,4,16efaa44-1554-4748-8407-48fac0bced94,0.016129032258064516,False,9.841400000368594
transfusion-retrieval-v2,sha256:5fc6a9a0d5ff5721954fad8f2855c204301e59ef0b28a91d8d9bdbaf48cb659b,4,hybrid_rrf,TF018,temporal,True,False,10,5,eeb8db46-f757-41f1-9ca5-c022f3d4ea3e,0.015873015873015872,False,9.841400000368594
transfusion-retrieval-v2,sha256:5fc6a9a0d5ff5721954fad8f2855c204301e59ef0b28a91d8d9bdbaf48cb659b,4,hybrid_rrf,TF018,temporal,True,False,10,6,70b95f72-95ec-43b5-b76f-657518103256,0.015873015873015872,False,9.841400000368594
transfusion-retrieval-v2,sha256:5fc6a9a0d5ff5721954fad8f2855c204301e59ef0b28a91d8d9bdbaf48cb659b,4,hybrid_rrf,TF018,temporal,True,False,10,7,17e22a4e-78d9-4607-b75b-151e52cc4d20,0.015625,False,9.841400000368594
transfusion-retrieval-v2,sha256:5fc6a9a0d5ff5721954fad8f2855c204301e59ef0b28a91d8d9bdbaf48cb659b,4,hybrid_rrf,TF018,temporal,True,False,10,8,0a4f11c7-39e8-41fe-bd14-48456671f531,0.015625,False,9.841400000368594
transfusion-retrieval-v2,sha256:5fc6a9a0d5ff5721954fad8f2855c204301e59ef0b28a91d8d9bdbaf48cb659b,4,hybrid_rrf,TF018,temporal,True,False,10,9,fbb0340e-b19d-43c3-a23a-5ee07899e8cd,0.015384615384615385,False,9.841400000368594
transfusion-retrieval-v2,sha256:5fc6a9a0d5ff5721954fad8f2855c204301e59ef0b28a91d8d9bdbaf48cb659b,4,hybrid_rrf,TF018,temporal,True,False,10,10,22e6c188-2e4c-4029-b200-7770a3f00e6e,0.015384615384615385,False,9.841400000368594
transfusion-retrieval-v2,sha256:5fc6a9a0d5ff5721954fad8f2855c204301e59ef0b28a91d8d9bdbaf48cb659b,4,hybrid_rrf,TF019,preparation,True,False,1,1,d3b7d61b-50f0-4b96-a770-785a9f3c3886,0.03278688524590164,True,41.21870000199124
transfusion-retrieval-v2,sha256:5fc6a9a0d5ff5721954fad8f2855c204301e59ef0b28a91d8d9bdbaf48cb659b,4,hybrid_rrf,TF019,preparation,True,False,3,1,d3b7d61b-50f0-4b96-a770-785a9f3c3886,0.03278688524590164,True,41.21870000199124
transfusion-retrieval-v2,sha256:5fc6a9a0d5ff5721954fad8f2855c204301e59ef0b28a91d8d9bdbaf48cb659b,4,hybrid_rrf,TF019,preparation,True,False,3,2,70b95f72-95ec-43b5-b76f-657518103256,0.030798389007344232,False,41.21870000199124
transfusion-retrieval-v2,sha256:5fc6a9a0d5ff5721954fad8f2855c204301e59ef0b28a91d8d9bdbaf48cb659b,4,hybrid_rrf,TF019,preparation,True,False,3,3,0a4f11c7-39e8-41fe-bd14-48456671f531,0.03007688828584351,False,41.21870000199124
transfusion-retrieval-v2,sha256:5fc6a9a0d5ff5721954fad8f2855c204301e59ef0b28a91d8d9bdbaf48cb659b,4,hybrid_rrf,TF019,preparation,True,False,5,1,d3b7d61b-50f0-4b96-a770-785a9f3c3886,0.03278688524590164,True,41.21870000199124
transfusion-retrieval-v2,sha256:5fc6a9a0d5ff5721954fad8f2855c204301e59ef0b28a91d8d9bdbaf48cb659b,4,hybrid_rrf,TF019,preparation,True,False,5,2,70b95f72-95ec-43b5-b76f-657518103256,0.030798389007344232,False,41.21870000199124
transfusion-retrieval-v2,sha256:5fc6a9a0d5ff5721954fad8f2855c204301e59ef0b28a91d8d9bdbaf48cb659b,4,hybrid_rrf,TF019,preparation,True,False,5,3,0a4f11c7-39e8-41fe-bd14-48456671f531,0.03007688828584351,False,41.21870000199124
transfusion-retrieval-v2,sha256:5fc6a9a0d5ff5721954fad8f2855c204301e59ef0b28a91d8d9bdbaf48cb659b,4,hybrid_rrf,TF019,preparation,True,False,5,4,66dba192-bac5-4b3a-bd4d-77e9eacb4192,0.016129032258064516,False,41.21870000199124
transfusion-retrieval-v2,sha256:5fc6a9a0d5ff5721954fad8f2855c204301e59ef0b28a91d8d9bdbaf48cb659b,4,hybrid_rrf,TF019,preparation,True,False,5,5,30ce28cb-f702-4cce-8105-137e2f73af0d,0.016129032258064516,False,41.21870000199124
transfusion-retrieval-v2,sha256:5fc6a9a0d5ff5721954fad8f2855c204301e59ef0b28a91d8d9bdbaf48cb659b,4,hybrid_rrf,TF019,preparation,True,False,10,1,d3b7d61b-50f0-4b96-a770-785a9f3c3886,0.03278688524590164,True,41.21870000199124
transfusion-retrieval-v2,sha256:5fc6a9a0d5ff5721954fad8f2855c204301e59ef0b28a91d8d9bdbaf48cb659b,4,hybrid_rrf,TF019,preparation,True,False,10,2,70b95f72-95ec-43b5-b76f-657518103256,0.030798389007344232,False,41.21870000199124
transfusion-retrieval-v2,sha256:5fc6a9a0d5ff5721954fad8f2855c204301e59ef0b28a91d8d9bdbaf48cb659b,4,hybrid_rrf,TF019,preparation,True,False,10,3,0a4f11c7-39e8-41fe-bd14-48456671f531,0.03007688828584351,False,41.21870000199124
transfusion-retrieval-v2,sha256:5fc6a9a0d5ff5721954fad8f2855c204301e59ef0b28a91d8d9bdbaf48cb659b,4,hybrid_rrf,TF019,preparation,True,False,10,4,66dba192-bac5-4b3a-bd4d-77e9eacb4192,0.016129032258064516,False,41.21870000199124
transfusion-retrieval-v2,sha256:5fc6a9a0d5ff5721954fad8f2855c204301e59ef0b28a91d8d9bdbaf48cb659b,4,hybrid_rrf,TF019,preparation,True,False,10,5,30ce28cb-f702-4cce-8105-137e2f73af0d,0.016129032258064516,False,41.21870000199124
transfusion-retrieval-v2,sha256:5fc6a9a0d5ff5721954fad8f2855c204301e59ef0b28a91d8d9bdbaf48cb659b,4,hybrid_rrf,TF019,preparation,True,False,10,6,22e6c188-2e4c-4029-b200-7770a3f00e6e,0.015873015873015872,False,41.21870000199124
transfusion-retrieval-v2,sha256:5fc6a9a0d5ff5721954fad8f2855c204301e59ef0b28a91d8d9bdbaf48cb659b,4,hybrid_rrf,TF019,preparation,True,False,10,7,9131e9a9-eff3-4f4e-a20b-4bdd456c35bc,0.015625,False,41.21870000199124
transfusion-retrieval-v2,sha256:5fc6a9a0d5ff5721954fad8f2855c204301e59ef0b28a91d8d9bdbaf48cb659b,4,hybrid_rrf,TF019,preparation,True,False,10,8,59d57c8a-c9d7-4f8d-b9a1-a2816f1f01f7,0.015625,False,41.21870000199124
transfusion-retrieval-v2,sha256:5fc6a9a0d5ff5721954fad8f2855c204301e59ef0b28a91d8d9bdbaf48cb659b,4,hybrid_rrf,TF019,preparation,True,False,10,9,9552a4ac-31b4-43a8-aa92-37bd3e89362a,0.015384615384615385,False,41.21870000199124
transfusion-retrieval-v2,sha256:5fc6a9a0d5ff5721954fad8f2855c204301e59ef0b28a91d8d9bdbaf48cb659b,4,hybrid_rrf,TF019,preparation,True,False,10,10,eda54b74-cd2f-4808-8175-bcc5b916ce90,0.015384615384615385,False,41.21870000199124
transfusion-retrieval-v2,sha256:5fc6a9a0d5ff5721954fad8f2855c204301e59ef0b28a91d8d9bdbaf48cb659b,4,hybrid_rrf,TF020,temporal,True,False,1,1,0a4f11c7-39e8-41fe-bd14-48456671f531,0.01639344262295082,True,15.100700000402867
transfusion-retrieval-v2,sha256:5fc6a9a0d5ff5721954fad8f2855c204301e59ef0b28a91d8d9bdbaf48cb659b,4,hybrid_rrf,TF020,temporal,True,False,3,1,0a4f11c7-39e8-41fe-bd14-48456671f531,0.01639344262295082,True,15.100700000402867
transfusion-retrieval-v2,sha256:5fc6a9a0d5ff5721954fad8f2855c204301e59ef0b28a91d8d9bdbaf48cb659b,4,hybrid_rrf,TF020,temporal,True,False,3,2,63cb7040-3526-4f6f-9f88-e295bbe5edaf,0.01639344262295082,False,15.100700000402867
transfusion-retrieval-v2,sha256:5fc6a9a0d5ff5721954fad8f2855c204301e59ef0b28a91d8d9bdbaf48cb659b,4,hybrid_rrf,TF020,temporal,True,False,3,3,48b9789d-5088-4ba1-a82a-be3a6396ce85,0.016129032258064516,False,15.100700000402867
transfusion-retrieval-v2,sha256:5fc6a9a0d5ff5721954fad8f2855c204301e59ef0b28a91d8d9bdbaf48cb659b,4,hybrid_rrf,TF020,temporal,True,False,5,1,0a4f11c7-39e8-41fe-bd14-48456671f531,0.01639344262295082,True,15.100700000402867
transfusion-retrieval-v2,sha256:5fc6a9a0d5ff5721954fad8f2855c204301e59ef0b28a91d8d9bdbaf48cb659b,4,hybrid_rrf,TF020,temporal,True,False,5,2,63cb7040-3526-4f6f-9f88-e295bbe5edaf,0.01639344262295082,False,15.100700000402867
transfusion-retrieval-v2,sha256:5fc6a9a0d5ff5721954fad8f2855c204301e59ef0b28a91d8d9bdbaf48cb659b,4,hybrid_rrf,TF020,temporal,True,False,5,3,48b9789d-5088-4ba1-a82a-be3a6396ce85,0.016129032258064516,False,15.100700000402867
transfusion-retrieval-v2,sha256:5fc6a9a0d5ff5721954fad8f2855c204301e59ef0b28a91d8d9bdbaf48cb659b,4,hybrid_rrf,TF020,temporal,True,False,5,4,16efaa44-1554-4748-8407-48fac0bced94,0.016129032258064516,False,15.100700000402867
transfusion-retrieval-v2,sha256:5fc6a9a0d5ff5721954fad8f2855c204301e59ef0b28a91d8d9bdbaf48cb659b,4,hybrid_rrf,TF020,temporal,True,False,5,5,fb4884e3-8fea-42fa-b996-7e9c333e7fef,0.015873015873015872,False,15.100700000402867
transfusion-retrieval-v2,sha256:5fc6a9a0d5ff5721954fad8f2855c204301e59ef0b28a91d8d9bdbaf48cb659b,4,hybrid_rrf,TF020,temporal,True,False,10,1,0a4f11c7-39e8-41fe-bd14-48456671f531,0.01639344262295082,True,15.100700000402867
transfusion-retrieval-v2,sha256:5fc6a9a0d5ff5721954fad8f2855c204301e59ef0b28a91d8d9bdbaf48cb659b,4,hybrid_rrf,TF020,temporal,True,False,10,2,63cb7040-3526-4f6f-9f88-e295bbe5edaf,0.01639344262295082,False,15.100700000402867
transfusion-retrieval-v2,sha256:5fc6a9a0d5ff5721954fad8f2855c204301e59ef0b28a91d8d9bdbaf48cb659b,4,hybrid_rrf,TF020,temporal,True,False,10,3,48b9789d-5088-4ba1-a82a-be3a6396ce85,0.016129032258064516,False,15.100700000402867
transfusion-retrieval-v2,sha256:5fc6a9a0d5ff5721954fad8f2855c204301e59ef0b28a91d8d9bdbaf48cb659b,4,hybrid_rrf,TF020,temporal,True,False,10,4,16efaa44-1554-4748-8407-48fac0bced94,0.016129032258064516,False,15.100700000402867
transfusion-retrieval-v2,sha256:5fc6a9a0d5ff5721954fad8f2855c204301e59ef0b28a91d8d9bdbaf48cb659b,4,hybrid_rrf,TF020,temporal,True,False,10,5,fb4884e3-8fea-42fa-b996-7e9c333e7fef,0.015873015873015872,False,15.100700000402867
transfusion-retrieval-v2,sha256:5fc6a9a0d5ff5721954fad8f2855c204301e59ef0b28a91d8d9bdbaf48cb659b,4,hybrid_rrf,TF020,temporal,True,False,10,6,d3b7d61b-50f0-4b96-a770-785a9f3c3886,0.015873015873015872,False,15.100700000402867
transfusion-retrieval-v2,sha256:5fc6a9a0d5ff5721954fad8f2855c204301e59ef0b28a91d8d9bdbaf48cb659b,4,hybrid_rrf,TF020,temporal,True,False,10,7,eeb8db46-f757-41f1-9ca5-c022f3d4ea3e,0.015625,False,15.100700000402867
transfusion-retrieval-v2,sha256:5fc6a9a0d5ff5721954fad8f2855c204301e59ef0b28a91d8d9bdbaf48cb659b,4,hybrid_rrf,TF020,temporal,True,False,10,8,cfff9bf0-05e4-4179-a793-f3c705d04812,0.015625,False,15.100700000402867
transfusion-retrieval-v2,sha256:5fc6a9a0d5ff5721954fad8f2855c204301e59ef0b28a91d8d9bdbaf48cb659b,4,hybrid_rrf,TF020,temporal,True,False,10,9,fbb0340e-b19d-43c3-a23a-5ee07899e8cd,0.015384615384615385,False,15.100700000402867
transfusion-retrieval-v2,sha256:5fc6a9a0d5ff5721954fad8f2855c204301e59ef0b28a91d8d9bdbaf48cb659b,4,hybrid_rrf,TF020,temporal,True,False,10,10,70b95f72-95ec-43b5-b76f-657518103256,0.015384615384615385,True,15.100700000402867
transfusion-retrieval-v2,sha256:5fc6a9a0d5ff5721954fad8f2855c204301e59ef0b28a91d8d9bdbaf48cb659b,4,hybrid_rrf,TF021,preparation,True,False,1,1,16efaa44-1554-4748-8407-48fac0bced94,0.031544957774465976,False,7.956299999932526
transfusion-retrieval-v2,sha256:5fc6a9a0d5ff5721954fad8f2855c204301e59ef0b28a91d8d9bdbaf48cb659b,4,hybrid_rrf,TF021,preparation,True,False,3,1,16efaa44-1554-4748-8407-48fac0bced94,0.031544957774465976,False,7.956299999932526
transfusion-retrieval-v2,sha256:5fc6a9a0d5ff5721954fad8f2855c204301e59ef0b28a91d8d9bdbaf48cb659b,4,hybrid_rrf,TF021,preparation,True,False,3,2,73735f01-c9d0-4dd5-8d46-c70045e4b334,0.01639344262295082,True,7.956299999932526
transfusion-retrieval-v2,sha256:5fc6a9a0d5ff5721954fad8f2855c204301e59ef0b28a91d8d9bdbaf48cb659b,4,hybrid_rrf,TF021,preparation,True,False,3,3,919e93ca-fed9-4dde-b9b8-f870e207a3f3,0.016129032258064516,False,7.956299999932526
transfusion-retrieval-v2,sha256:5fc6a9a0d5ff5721954fad8f2855c204301e59ef0b28a91d8d9bdbaf48cb659b,4,hybrid_rrf,TF021,preparation,True,False,5,1,16efaa44-1554-4748-8407-48fac0bced94,0.031544957774465976,False,7.956299999932526
transfusion-retrieval-v2,sha256:5fc6a9a0d5ff5721954fad8f2855c204301e59ef0b28a91d8d9bdbaf48cb659b,4,hybrid_rrf,TF021,preparation,True,False,5,2,73735f01-c9d0-4dd5-8d46-c70045e4b334,0.01639344262295082,True,7.956299999932526
transfusion-retrieval-v2,sha256:5fc6a9a0d5ff5721954fad8f2855c204301e59ef0b28a91d8d9bdbaf48cb659b,4,hybrid_rrf,TF021,preparation,True,False,5,3,919e93ca-fed9-4dde-b9b8-f870e207a3f3,0.016129032258064516,False,7.956299999932526
transfusion-retrieval-v2,sha256:5fc6a9a0d5ff5721954fad8f2855c204301e59ef0b28a91d8d9bdbaf48cb659b,4,hybrid_rrf,TF021,preparation,True,False,5,4,63cb7040-3526-4f6f-9f88-e295bbe5edaf,0.016129032258064516,False,7.956299999932526
transfusion-retrieval-v2,sha256:5fc6a9a0d5ff5721954fad8f2855c204301e59ef0b28a91d8d9bdbaf48cb659b,4,hybrid_rrf,TF021,preparation,True,False,5,5,761b9529-5b18-4262-8174-6062c35fb31c,0.015873015873015872,False,7.956299999932526
transfusion-retrieval-v2,sha256:5fc6a9a0d5ff5721954fad8f2855c204301e59ef0b28a91d8d9bdbaf48cb659b,4,hybrid_rrf,TF021,preparation,True,False,10,1,16efaa44-1554-4748-8407-48fac0bced94,0.031544957774465976,False,7.956299999932526
transfusion-retrieval-v2,sha256:5fc6a9a0d5ff5721954fad8f2855c204301e59ef0b28a91d8d9bdbaf48cb659b,4,hybrid_rrf,TF021,preparation,True,False,10,2,73735f01-c9d0-4dd5-8d46-c70045e4b334,0.01639344262295082,True,7.956299999932526
transfusion-retrieval-v2,sha256:5fc6a9a0d5ff5721954fad8f2855c204301e59ef0b28a91d8d9bdbaf48cb659b,4,hybrid_rrf,TF021,preparation,True,False,10,3,919e93ca-fed9-4dde-b9b8-f870e207a3f3,0.016129032258064516,False,7.956299999932526
transfusion-retrieval-v2,sha256:5fc6a9a0d5ff5721954fad8f2855c204301e59ef0b28a91d8d9bdbaf48cb659b,4,hybrid_rrf,TF021,preparation,True,False,10,4,63cb7040-3526-4f6f-9f88-e295bbe5edaf,0.016129032258064516,False,7.956299999932526
transfusion-retrieval-v2,sha256:5fc6a9a0d5ff5721954fad8f2855c204301e59ef0b28a91d8d9bdbaf48cb659b,4,hybrid_rrf,TF021,preparation,True,False,10,5,761b9529-5b18-4262-8174-6062c35fb31c,0.015873015873015872,False,7.956299999932526
transfusion-retrieval-v2,sha256:5fc6a9a0d5ff5721954fad8f2855c204301e59ef0b28a91d8d9bdbaf48cb659b,4,hybrid_rrf,TF021,preparation,True,False,10,6,e62b0c91-ff0c-43b2-9bd5-ff173d9f8bc0,0.015873015873015872,False,7.956299999932526
transfusion-retrieval-v2,sha256:5fc6a9a0d5ff5721954fad8f2855c204301e59ef0b28a91d8d9bdbaf48cb659b,4,hybrid_rrf,TF021,preparation,True,False,10,7,b7876bcb-b1d0-409a-831d-45e59e35a44e,0.015625,False,7.956299999932526
transfusion-retrieval-v2,sha256:5fc6a9a0d5ff5721954fad8f2855c204301e59ef0b28a91d8d9bdbaf48cb659b,4,hybrid_rrf,TF021,preparation,True,False,10,8,602c933f-0b8f-4533-87a5-f27ecd5f2af9,0.015625,False,7.956299999932526
transfusion-retrieval-v2,sha256:5fc6a9a0d5ff5721954fad8f2855c204301e59ef0b28a91d8d9bdbaf48cb659b,4,hybrid_rrf,TF021,preparation,True,False,10,9,fb4884e3-8fea-42fa-b996-7e9c333e7fef,0.015384615384615385,False,7.956299999932526
transfusion-retrieval-v2,sha256:5fc6a9a0d5ff5721954fad8f2855c204301e59ef0b28a91d8d9bdbaf48cb659b,4,hybrid_rrf,TF021,preparation,True,False,10,10,6ffcd319-e868-444b-b6fe-8d192a4de3ff,0.015384615384615385,False,7.956299999932526
transfusion-retrieval-v2,sha256:5fc6a9a0d5ff5721954fad8f2855c204301e59ef0b28a91d8d9bdbaf48cb659b,4,hybrid_rrf,TF022,preparation,True,False,1,1,9552a4ac-31b4-43a8-aa92-37bd3e89362a,0.01639344262295082,False,12.309499999901163
transfusion-retrieval-v2,sha256:5fc6a9a0d5ff5721954fad8f2855c204301e59ef0b28a91d8d9bdbaf48cb659b,4,hybrid_rrf,TF022,preparation,True,False,3,1,9552a4ac-31b4-43a8-aa92-37bd3e89362a,0.01639344262295082,False,12.309499999901163
transfusion-retrieval-v2,sha256:5fc6a9a0d5ff5721954fad8f2855c204301e59ef0b28a91d8d9bdbaf48cb659b,4,hybrid_rrf,TF022,preparation,True,False,3,2,63cb7040-3526-4f6f-9f88-e295bbe5edaf,0.01639344262295082,False,12.309499999901163
transfusion-retrieval-v2,sha256:5fc6a9a0d5ff5721954fad8f2855c204301e59ef0b28a91d8d9bdbaf48cb659b,4,hybrid_rrf,TF022,preparation,True,False,3,3,84c0a864-176f-4776-a15e-167fc2518e5d,0.016129032258064516,False,12.309499999901163
transfusion-retrieval-v2,sha256:5fc6a9a0d5ff5721954fad8f2855c204301e59ef0b28a91d8d9bdbaf48cb659b,4,hybrid_rrf,TF022,preparation,True,False,5,1,9552a4ac-31b4-43a8-aa92-37bd3e89362a,0.01639344262295082,False,12.309499999901163
transfusion-retrieval-v2,sha256:5fc6a9a0d5ff5721954fad8f2855c204301e59ef0b28a91d8d9bdbaf48cb659b,4,hybrid_rrf,TF022,preparation,True,False,5,2,63cb7040-3526-4f6f-9f88-e295bbe5edaf,0.01639344262295082,False,12.309499999901163
transfusion-retrieval-v2,sha256:5fc6a9a0d5ff5721954fad8f2855c204301e59ef0b28a91d8d9bdbaf48cb659b,4,hybrid_rrf,TF022,preparation,True,False,5,3,84c0a864-176f-4776-a15e-167fc2518e5d,0.016129032258064516,False,12.309499999901163
transfusion-retrieval-v2,sha256:5fc6a9a0d5ff5721954fad8f2855c204301e59ef0b28a91d8d9bdbaf48cb659b,4,hybrid_rrf,TF022,preparation,True,False,5,4,16efaa44-1554-4748-8407-48fac0bced94,0.016129032258064516,False,12.309499999901163
transfusion-retrieval-v2,sha256:5fc6a9a0d5ff5721954fad8f2855c204301e59ef0b28a91d8d9bdbaf48cb659b,4,hybrid_rrf,TF022,preparation,True,False,5,5,fb4884e3-8fea-42fa-b996-7e9c333e7fef,0.015873015873015872,False,12.309499999901163
transfusion-retrieval-v2,sha256:5fc6a9a0d5ff5721954fad8f2855c204301e59ef0b28a91d8d9bdbaf48cb659b,4,hybrid_rrf,TF022,preparation,True,False,10,1,9552a4ac-31b4-43a8-aa92-37bd3e89362a,0.01639344262295082,False,12.309499999901163
transfusion-retrieval-v2,sha256:5fc6a9a0d5ff5721954fad8f2855c204301e59ef0b28a91d8d9bdbaf48cb659b,4,hybrid_rrf,TF022,preparation,True,False,10,2,63cb7040-3526-4f6f-9f88-e295bbe5edaf,0.01639344262295082,False,12.309499999901163
transfusion-retrieval-v2,sha256:5fc6a9a0d5ff5721954fad8f2855c204301e59ef0b28a91d8d9bdbaf48cb659b,4,hybrid_rrf,TF022,preparation,True,False,10,3,84c0a864-176f-4776-a15e-167fc2518e5d,0.016129032258064516,False,12.309499999901163
transfusion-retrieval-v2,sha256:5fc6a9a0d5ff5721954fad8f2855c204301e59ef0b28a91d8d9bdbaf48cb659b,4,hybrid_rrf,TF022,preparation,True,False,10,4,16efaa44-1554-4748-8407-48fac0bced94,0.016129032258064516,False,12.309499999901163
transfusion-retrieval-v2,sha256:5fc6a9a0d5ff5721954fad8f2855c204301e59ef0b28a91d8d9bdbaf48cb659b,4,hybrid_rrf,TF022,preparation,True,False,10,5,fb4884e3-8fea-42fa-b996-7e9c333e7fef,0.015873015873015872,False,12.309499999901163
transfusion-retrieval-v2,sha256:5fc6a9a0d5ff5721954fad8f2855c204301e59ef0b28a91d8d9bdbaf48cb659b,4,hybrid_rrf,TF022,preparation,True,False,10,6,74c0eabe-77c7-4dbf-a321-27966a12fafb,0.015873015873015872,False,12.309499999901163
transfusion-retrieval-v2,sha256:5fc6a9a0d5ff5721954fad8f2855c204301e59ef0b28a91d8d9bdbaf48cb659b,4,hybrid_rrf,TF022,preparation,True,False,10,7,eeb8db46-f757-41f1-9ca5-c022f3d4ea3e,0.015625,False,12.309499999901163
transfusion-retrieval-v2,sha256:5fc6a9a0d5ff5721954fad8f2855c204301e59ef0b28a91d8d9bdbaf48cb659b,4,hybrid_rrf,TF022,preparation,True,False,10,8,36bac780-b1a2-42dc-8cca-3605f80c5521,0.015625,False,12.309499999901163
transfusion-retrieval-v2,sha256:5fc6a9a0d5ff5721954fad8f2855c204301e59ef0b28a91d8d9bdbaf48cb659b,4,hybrid_rrf,TF022,preparation,True,False,10,9,17e22a4e-78d9-4607-b75b-151e52cc4d20,0.015384615384615385,False,12.309499999901163
transfusion-retrieval-v2,sha256:5fc6a9a0d5ff5721954fad8f2855c204301e59ef0b28a91d8d9bdbaf48cb659b,4,hybrid_rrf,TF022,preparation,True,False,10,10,7e5199d4-e5c9-40ca-a69f-ea37f52c6ce3,0.015384615384615385,False,12.309499999901163
transfusion-retrieval-v2,sha256:5fc6a9a0d5ff5721954fad8f2855c204301e59ef0b28a91d8d9bdbaf48cb659b,4,hybrid_rrf,TF023,temporal,True,True,1,1,16efaa44-1554-4748-8407-48fac0bced94,0.031099324975891997,False,11.636000002908986
transfusion-retrieval-v2,sha256:5fc6a9a0d5ff5721954fad8f2855c204301e59ef0b28a91d8d9bdbaf48cb659b,4,hybrid_rrf,TF023,temporal,True,True,3,1,16efaa44-1554-4748-8407-48fac0bced94,0.031099324975891997,False,11.636000002908986
transfusion-retrieval-v2,sha256:5fc6a9a0d5ff5721954fad8f2855c204301e59ef0b28a91d8d9bdbaf48cb659b,4,hybrid_rrf,TF023,temporal,True,True,3,2,b66e5419-8a9c-47f4-866d-ebdb95b174b2,0.030621785881252923,False,11.636000002908986
transfusion-retrieval-v2,sha256:5fc6a9a0d5ff5721954fad8f2855c204301e59ef0b28a91d8d9bdbaf48cb659b,4,hybrid_rrf,TF023,temporal,True,True,3,3,919e93ca-fed9-4dde-b9b8-f870e207a3f3,0.030303030303030304,False,11.636000002908986
transfusion-retrieval-v2,sha256:5fc6a9a0d5ff5721954fad8f2855c204301e59ef0b28a91d8d9bdbaf48cb659b,4,hybrid_rrf,TF023,temporal,True,True,5,1,16efaa44-1554-4748-8407-48fac0bced94,0.031099324975891997,False,11.636000002908986
transfusion-retrieval-v2,sha256:5fc6a9a0d5ff5721954fad8f2855c204301e59ef0b28a91d8d9bdbaf48cb659b,4,hybrid_rrf,TF023,temporal,True,True,5,2,b66e5419-8a9c-47f4-866d-ebdb95b174b2,0.030621785881252923,False,11.636000002908986
transfusion-retrieval-v2,sha256:5fc6a9a0d5ff5721954fad8f2855c204301e59ef0b28a91d8d9bdbaf48cb659b,4,hybrid_rrf,TF023,temporal,True,True,5,3,919e93ca-fed9-4dde-b9b8-f870e207a3f3,0.030303030303030304,False,11.636000002908986
transfusion-retrieval-v2,sha256:5fc6a9a0d5ff5721954fad8f2855c204301e59ef0b28a91d8d9bdbaf48cb659b,4,hybrid_rrf,TF023,temporal,True,True,5,4,b0d368a1-d0fc-4b8b-8567-e190cf462986,0.030090497737556562,False,11.636000002908986
transfusion-retrieval-v2,sha256:5fc6a9a0d5ff5721954fad8f2855c204301e59ef0b28a91d8d9bdbaf48cb659b,4,hybrid_rrf,TF023,temporal,True,True,5,5,f7a9837d-f8db-4461-abd8-a3607db2276f,0.01639344262295082,False,11.636000002908986
transfusion-retrieval-v2,sha256:5fc6a9a0d5ff5721954fad8f2855c204301e59ef0b28a91d8d9bdbaf48cb659b,4,hybrid_rrf,TF023,temporal,True,True,10,1,16efaa44-1554-4748-8407-48fac0bced94,0.031099324975891997,False,11.636000002908986
transfusion-retrieval-v2,sha256:5fc6a9a0d5ff5721954fad8f2855c204301e59ef0b28a91d8d9bdbaf48cb659b,4,hybrid_rrf,TF023,temporal,True,True,10,2,b66e5419-8a9c-47f4-866d-ebdb95b174b2,0.030621785881252923,False,11.636000002908986
transfusion-retrieval-v2,sha256:5fc6a9a0d5ff5721954fad8f2855c204301e59ef0b28a91d8d9bdbaf48cb659b,4,hybrid_rrf,TF023,temporal,True,True,10,3,919e93ca-fed9-4dde-b9b8-f870e207a3f3,0.030303030303030304,False,11.636000002908986
transfusion-retrieval-v2,sha256:5fc6a9a0d5ff5721954fad8f2855c204301e59ef0b28a91d8d9bdbaf48cb659b,4,hybrid_rrf,TF023,temporal,True,True,10,4,b0d368a1-d0fc-4b8b-8567-e190cf462986,0.030090497737556562,False,11.636000002908986
transfusion-retrieval-v2,sha256:5fc6a9a0d5ff5721954fad8f2855c204301e59ef0b28a91d8d9bdbaf48cb659b,4,hybrid_rrf,TF023,temporal,True,True,10,5,f7a9837d-f8db-4461-abd8-a3607db2276f,0.01639344262295082,False,11.636000002908986
transfusion-retrieval-v2,sha256:5fc6a9a0d5ff5721954fad8f2855c204301e59ef0b28a91d8d9bdbaf48cb659b,4,hybrid_rrf,TF023,temporal,True,True,10,6,63cb7040-3526-4f6f-9f88-e295bbe5edaf,0.016129032258064516,False,11.636000002908986
transfusion-retrieval-v2,sha256:5fc6a9a0d5ff5721954fad8f2855c204301e59ef0b28a91d8d9bdbaf48cb659b,4,hybrid_rrf,TF023,temporal,True,True,10,7,c404e320-0bf2-4325-be92-7a0614f201ca,0.015873015873015872,True,11.636000002908986
transfusion-retrieval-v2,sha256:5fc6a9a0d5ff5721954fad8f2855c204301e59ef0b28a91d8d9bdbaf48cb659b,4,hybrid_rrf,TF023,temporal,True,True,10,8,59d57c8a-c9d7-4f8d-b9a1-a2816f1f01f7,0.015873015873015872,False,11.636000002908986
transfusion-retrieval-v2,sha256:5fc6a9a0d5ff5721954fad8f2855c204301e59ef0b28a91d8d9bdbaf48cb659b,4,hybrid_rrf,TF023,temporal,True,True,10,9,73735f01-c9d0-4dd5-8d46-c70045e4b334,0.015625,False,11.636000002908986
transfusion-retrieval-v2,sha256:5fc6a9a0d5ff5721954fad8f2855c204301e59ef0b28a91d8d9bdbaf48cb659b,4,hybrid_rrf,TF023,temporal,True,True,10,10,602c933f-0b8f-4533-87a5-f27ecd5f2af9,0.015625,False,11.636000002908986
transfusion-retrieval-v2,sha256:5fc6a9a0d5ff5721954fad8f2855c204301e59ef0b28a91d8d9bdbaf48cb659b,4,hybrid_rrf,TF024,temporal,True,True,1,1,16efaa44-1554-4748-8407-48fac0bced94,0.01639344262295082,False,9.860000000116997
transfusion-retrieval-v2,sha256:5fc6a9a0d5ff5721954fad8f2855c204301e59ef0b28a91d8d9bdbaf48cb659b,4,hybrid_rrf,TF024,temporal,True,True,3,1,16efaa44-1554-4748-8407-48fac0bced94,0.01639344262295082,False,9.860000000116997
transfusion-retrieval-v2,sha256:5fc6a9a0d5ff5721954fad8f2855c204301e59ef0b28a91d8d9bdbaf48cb659b,4,hybrid_rrf,TF024,temporal,True,True,3,2,b10b8f1c-ed17-44ca-8d7c-1a4f19a12c67,0.01639344262295082,False,9.860000000116997
transfusion-retrieval-v2,sha256:5fc6a9a0d5ff5721954fad8f2855c204301e59ef0b28a91d8d9bdbaf48cb659b,4,hybrid_rrf,TF024,temporal,True,True,3,3,63cb7040-3526-4f6f-9f88-e295bbe5edaf,0.016129032258064516,False,9.860000000116997
transfusion-retrieval-v2,sha256:5fc6a9a0d5ff5721954fad8f2855c204301e59ef0b28a91d8d9bdbaf48cb659b,4,hybrid_rrf,TF024,temporal,True,True,5,1,16efaa44-1554-4748-8407-48fac0bced94,0.01639344262295082,False,9.860000000116997
transfusion-retrieval-v2,sha256:5fc6a9a0d5ff5721954fad8f2855c204301e59ef0b28a91d8d9bdbaf48cb659b,4,hybrid_rrf,TF024,temporal,True,True,5,2,b10b8f1c-ed17-44ca-8d7c-1a4f19a12c67,0.01639344262295082,False,9.860000000116997
transfusion-retrieval-v2,sha256:5fc6a9a0d5ff5721954fad8f2855c204301e59ef0b28a91d8d9bdbaf48cb659b,4,hybrid_rrf,TF024,temporal,True,True,5,3,63cb7040-3526-4f6f-9f88-e295bbe5edaf,0.016129032258064516,False,9.860000000116997
transfusion-retrieval-v2,sha256:5fc6a9a0d5ff5721954fad8f2855c204301e59ef0b28a91d8d9bdbaf48cb659b,4,hybrid_rrf,TF024,temporal,True,True,5,4,a3d42ca5-54b5-4b8d-be4e-79337aaab880,0.016129032258064516,False,9.860000000116997
transfusion-retrieval-v2,sha256:5fc6a9a0d5ff5721954fad8f2855c204301e59ef0b28a91d8d9bdbaf48cb659b,4,hybrid_rrf,TF024,temporal,True,True,5,5,eeb8db46-f757-41f1-9ca5-c022f3d4ea3e,0.015873015873015872,False,9.860000000116997
transfusion-retrieval-v2,sha256:5fc6a9a0d5ff5721954fad8f2855c204301e59ef0b28a91d8d9bdbaf48cb659b,4,hybrid_rrf,TF024,temporal,True,True,10,1,16efaa44-1554-4748-8407-48fac0bced94,0.01639344262295082,False,9.860000000116997
transfusion-retrieval-v2,sha256:5fc6a9a0d5ff5721954fad8f2855c204301e59ef0b28a91d8d9bdbaf48cb659b,4,hybrid_rrf,TF024,temporal,True,True,10,2,b10b8f1c-ed17-44ca-8d7c-1a4f19a12c67,0.01639344262295082,False,9.860000000116997
transfusion-retrieval-v2,sha256:5fc6a9a0d5ff5721954fad8f2855c204301e59ef0b28a91d8d9bdbaf48cb659b,4,hybrid_rrf,TF024,temporal,True,True,10,3,63cb7040-3526-4f6f-9f88-e295bbe5edaf,0.016129032258064516,False,9.860000000116997
transfusion-retrieval-v2,sha256:5fc6a9a0d5ff5721954fad8f2855c204301e59ef0b28a91d8d9bdbaf48cb659b,4,hybrid_rrf,TF024,temporal,True,True,10,4,a3d42ca5-54b5-4b8d-be4e-79337aaab880,0.016129032258064516,False,9.860000000116997
transfusion-retrieval-v2,sha256:5fc6a9a0d5ff5721954fad8f2855c204301e59ef0b28a91d8d9bdbaf48cb659b,4,hybrid_rrf,TF024,temporal,True,True,10,5,eeb8db46-f757-41f1-9ca5-c022f3d4ea3e,0.015873015873015872,False,9.860000000116997
transfusion-retrieval-v2,sha256:5fc6a9a0d5ff5721954fad8f2855c204301e59ef0b28a91d8d9bdbaf48cb659b,4,hybrid_rrf,TF024,temporal,True,True,10,6,d3b7d61b-50f0-4b96-a770-785a9f3c3886,0.015873015873015872,False,9.860000000116997
transfusion-retrieval-v2,sha256:5fc6a9a0d5ff5721954fad8f2855c204301e59ef0b28a91d8d9bdbaf48cb659b,4,hybrid_rrf,TF024,temporal,True,True,10,7,17e22a4e-78d9-4607-b75b-151e52cc4d20,0.015625,False,9.860000000116997
transfusion-retrieval-v2,sha256:5fc6a9a0d5ff5721954fad8f2855c204301e59ef0b28a91d8d9bdbaf48cb659b,4,hybrid_rrf,TF024,temporal,True,True,10,8,b7876bcb-b1d0-409a-831d-45e59e35a44e,0.015625,False,9.860000000116997
transfusion-retrieval-v2,sha256:5fc6a9a0d5ff5721954fad8f2855c204301e59ef0b28a91d8d9bdbaf48cb659b,4,hybrid_rrf,TF024,temporal,True,True,10,9,fbb0340e-b19d-43c3-a23a-5ee07899e8cd,0.015384615384615385,False,9.860000000116997
transfusion-retrieval-v2,sha256:5fc6a9a0d5ff5721954fad8f2855c204301e59ef0b28a91d8d9bdbaf48cb659b,4,hybrid_rrf,TF024,temporal,True,True,10,10,919e93ca-fed9-4dde-b9b8-f870e207a3f3,0.015384615384615385,False,9.860000000116997
transfusion-retrieval-v2,sha256:5fc6a9a0d5ff5721954fad8f2855c204301e59ef0b28a91d8d9bdbaf48cb659b,4,hybrid_rrf,TF025,fact_specific,True,False,1,1,16efaa44-1554-4748-8407-48fac0bced94,0.030834914611005692,False,12.39470000109577
transfusion-retrieval-v2,sha256:5fc6a9a0d5ff5721954fad8f2855c204301e59ef0b28a91d8d9bdbaf48cb659b,4,hybrid_rrf,TF025,fact_specific,True,False,3,1,16efaa44-1554-4748-8407-48fac0bced94,0.030834914611005692,False,12.39470000109577
transfusion-retrieval-v2,sha256:5fc6a9a0d5ff5721954fad8f2855c204301e59ef0b28a91d8d9bdbaf48cb659b,4,hybrid_rrf,TF025,fact_specific,True,False,3,2,f7a9837d-f8db-4461-abd8-a3607db2276f,0.01639344262295082,False,12.39470000109577
transfusion-retrieval-v2,sha256:5fc6a9a0d5ff5721954fad8f2855c204301e59ef0b28a91d8d9bdbaf48cb659b,4,hybrid_rrf,TF025,fact_specific,True,False,3,3,63cb7040-3526-4f6f-9f88-e295bbe5edaf,0.01639344262295082,False,12.39470000109577
transfusion-retrieval-v2,sha256:5fc6a9a0d5ff5721954fad8f2855c204301e59ef0b28a91d8d9bdbaf48cb659b,4,hybrid_rrf,TF025,fact_specific,True,False,5,1,16efaa44-1554-4748-8407-48fac0bced94,0.030834914611005692,False,12.39470000109577
transfusion-retrieval-v2,sha256:5fc6a9a0d5ff5721954fad8f2855c204301e59ef0b28a91d8d9bdbaf48cb659b,4,hybrid_rrf,TF025,fact_specific,True,False,5,2,f7a9837d-f8db-4461-abd8-a3607db2276f,0.01639344262295082,False,12.39470000109577
transfusion-retrieval-v2,sha256:5fc6a9a0d5ff5721954fad8f2855c204301e59ef0b28a91d8d9bdbaf48cb659b,4,hybrid_rrf,TF025,fact_specific,True,False,5,3,63cb7040-3526-4f6f-9f88-e295bbe5edaf,0.01639344262295082,False,12.39470000109577
transfusion-retrieval-v2,sha256:5fc6a9a0d5ff5721954fad8f2855c204301e59ef0b28a91d8d9bdbaf48cb659b,4,hybrid_rrf,TF025,fact_specific,True,False,5,4,b0d368a1-d0fc-4b8b-8567-e190cf462986,0.016129032258064516,True,12.39470000109577
transfusion-retrieval-v2,sha256:5fc6a9a0d5ff5721954fad8f2855c204301e59ef0b28a91d8d9bdbaf48cb659b,4,hybrid_rrf,TF025,fact_specific,True,False,5,5,eeb8db46-f757-41f1-9ca5-c022f3d4ea3e,0.015873015873015872,False,12.39470000109577
transfusion-retrieval-v2,sha256:5fc6a9a0d5ff5721954fad8f2855c204301e59ef0b28a91d8d9bdbaf48cb659b,4,hybrid_rrf,TF025,fact_specific,True,False,10,1,16efaa44-1554-4748-8407-48fac0bced94,0.030834914611005692,False,12.39470000109577
transfusion-retrieval-v2,sha256:5fc6a9a0d5ff5721954fad8f2855c204301e59ef0b28a91d8d9bdbaf48cb659b,4,hybrid_rrf,TF025,fact_specific,True,False,10,2,f7a9837d-f8db-4461-abd8-a3607db2276f,0.01639344262295082,False,12.39470000109577
transfusion-retrieval-v2,sha256:5fc6a9a0d5ff5721954fad8f2855c204301e59ef0b28a91d8d9bdbaf48cb659b,4,hybrid_rrf,TF025,fact_specific,True,False,10,3,63cb7040-3526-4f6f-9f88-e295bbe5edaf,0.01639344262295082,False,12.39470000109577
transfusion-retrieval-v2,sha256:5fc6a9a0d5ff5721954fad8f2855c204301e59ef0b28a91d8d9bdbaf48cb659b,4,hybrid_rrf,TF025,fact_specific,True,False,10,4,b0d368a1-d0fc-4b8b-8567-e190cf462986,0.016129032258064516,True,12.39470000109577
transfusion-retrieval-v2,sha256:5fc6a9a0d5ff5721954fad8f2855c204301e59ef0b28a91d8d9bdbaf48cb659b,4,hybrid_rrf,TF025,fact_specific,True,False,10,5,eeb8db46-f757-41f1-9ca5-c022f3d4ea3e,0.015873015873015872,False,12.39470000109577
transfusion-retrieval-v2,sha256:5fc6a9a0d5ff5721954fad8f2855c204301e59ef0b28a91d8d9bdbaf48cb659b,4,hybrid_rrf,TF025,fact_specific,True,False,10,6,b7876bcb-b1d0-409a-831d-45e59e35a44e,0.015873015873015872,False,12.39470000109577
transfusion-retrieval-v2,sha256:5fc6a9a0d5ff5721954fad8f2855c204301e59ef0b28a91d8d9bdbaf48cb659b,4,hybrid_rrf,TF025,fact_specific,True,False,10,7,17e22a4e-78d9-4607-b75b-151e52cc4d20,0.015625,False,12.39470000109577
transfusion-retrieval-v2,sha256:5fc6a9a0d5ff5721954fad8f2855c204301e59ef0b28a91d8d9bdbaf48cb659b,4,hybrid_rrf,TF025,fact_specific,True,False,10,8,919e93ca-fed9-4dde-b9b8-f870e207a3f3,0.015625,True,12.39470000109577
transfusion-retrieval-v2,sha256:5fc6a9a0d5ff5721954fad8f2855c204301e59ef0b28a91d8d9bdbaf48cb659b,4,hybrid_rrf,TF025,fact_specific,True,False,10,9,fbb0340e-b19d-43c3-a23a-5ee07899e8cd,0.015384615384615385,False,12.39470000109577
transfusion-retrieval-v2,sha256:5fc6a9a0d5ff5721954fad8f2855c204301e59ef0b28a91d8d9bdbaf48cb659b,4,hybrid_rrf,TF025,fact_specific,True,False,10,10,73735f01-c9d0-4dd5-8d46-c70045e4b334,0.015384615384615385,False,12.39470000109577
transfusion-retrieval-v2,sha256:5fc6a9a0d5ff5721954fad8f2855c204301e59ef0b28a91d8d9bdbaf48cb659b,4,hybrid_rrf,TF026,fact_specific,True,False,1,1,16efaa44-1554-4748-8407-48fac0bced94,0.03200204813108039,False,10.197300000072573
transfusion-retrieval-v2,sha256:5fc6a9a0d5ff5721954fad8f2855c204301e59ef0b28a91d8d9bdbaf48cb659b,4,hybrid_rrf,TF026,fact_specific,True,False,3,1,16efaa44-1554-4748-8407-48fac0bced94,0.03200204813108039,False,10.197300000072573
transfusion-retrieval-v2,sha256:5fc6a9a0d5ff5721954fad8f2855c204301e59ef0b28a91d8d9bdbaf48cb659b,4,hybrid_rrf,TF026,fact_specific,True,False,3,2,b7876bcb-b1d0-409a-831d-45e59e35a44e,0.01639344262295082,True,10.197300000072573
transfusion-retrieval-v2,sha256:5fc6a9a0d5ff5721954fad8f2855c204301e59ef0b28a91d8d9bdbaf48cb659b,4,hybrid_rrf,TF026,fact_specific,True,False,3,3,63cb7040-3526-4f6f-9f88-e295bbe5edaf,0.01639344262295082,False,10.197300000072573
transfusion-retrieval-v2,sha256:5fc6a9a0d5ff5721954fad8f2855c204301e59ef0b28a91d8d9bdbaf48cb659b,4,hybrid_rrf,TF026,fact_specific,True,False,5,1,16efaa44-1554-4748-8407-48fac0bced94,0.03200204813108039,False,10.197300000072573
transfusion-retrieval-v2,sha256:5fc6a9a0d5ff5721954fad8f2855c204301e59ef0b28a91d8d9bdbaf48cb659b,4,hybrid_rrf,TF026,fact_specific,True,False,5,2,b7876bcb-b1d0-409a-831d-45e59e35a44e,0.01639344262295082,True,10.197300000072573
transfusion-retrieval-v2,sha256:5fc6a9a0d5ff5721954fad8f2855c204301e59ef0b28a91d8d9bdbaf48cb659b,4,hybrid_rrf,TF026,fact_specific,True,False,5,3,63cb7040-3526-4f6f-9f88-e295bbe5edaf,0.01639344262295082,False,10.197300000072573
transfusion-retrieval-v2,sha256:5fc6a9a0d5ff5721954fad8f2855c204301e59ef0b28a91d8d9bdbaf48cb659b,4,hybrid_rrf,TF026,fact_specific,True,False,5,4,919e93ca-fed9-4dde-b9b8-f870e207a3f3,0.016129032258064516,False,10.197300000072573
transfusion-retrieval-v2,sha256:5fc6a9a0d5ff5721954fad8f2855c204301e59ef0b28a91d8d9bdbaf48cb659b,4,hybrid_rrf,TF026,fact_specific,True,False,5,5,fb4884e3-8fea-42fa-b996-7e9c333e7fef,0.015873015873015872,False,10.197300000072573
transfusion-retrieval-v2,sha256:5fc6a9a0d5ff5721954fad8f2855c204301e59ef0b28a91d8d9bdbaf48cb659b,4,hybrid_rrf,TF026,fact_specific,True,False,10,1,16efaa44-1554-4748-8407-48fac0bced94,0.03200204813108039,False,10.197300000072573
transfusion-retrieval-v2,sha256:5fc6a9a0d5ff5721954fad8f2855c204301e59ef0b28a91d8d9bdbaf48cb659b,4,hybrid_rrf,TF026,fact_specific,True,False,10,2,b7876bcb-b1d0-409a-831d-45e59e35a44e,0.01639344262295082,True,10.197300000072573
transfusion-retrieval-v2,sha256:5fc6a9a0d5ff5721954fad8f2855c204301e59ef0b28a91d8d9bdbaf48cb659b,4,hybrid_rrf,TF026,fact_specific,True,False,10,3,63cb7040-3526-4f6f-9f88-e295bbe5edaf,0.01639344262295082,False,10.197300000072573
transfusion-retrieval-v2,sha256:5fc6a9a0d5ff5721954fad8f2855c204301e59ef0b28a91d8d9bdbaf48cb659b,4,hybrid_rrf,TF026,fact_specific,True,False,10,4,919e93ca-fed9-4dde-b9b8-f870e207a3f3,0.016129032258064516,False,10.197300000072573
transfusion-retrieval-v2,sha256:5fc6a9a0d5ff5721954fad8f2855c204301e59ef0b28a91d8d9bdbaf48cb659b,4,hybrid_rrf,TF026,fact_specific,True,False,10,5,fb4884e3-8fea-42fa-b996-7e9c333e7fef,0.015873015873015872,False,10.197300000072573
transfusion-retrieval-v2,sha256:5fc6a9a0d5ff5721954fad8f2855c204301e59ef0b28a91d8d9bdbaf48cb659b,4,hybrid_rrf,TF026,fact_specific,True,False,10,6,eeb8db46-f757-41f1-9ca5-c022f3d4ea3e,0.015625,False,10.197300000072573
transfusion-retrieval-v2,sha256:5fc6a9a0d5ff5721954fad8f2855c204301e59ef0b28a91d8d9bdbaf48cb659b,4,hybrid_rrf,TF026,fact_specific,True,False,10,7,74c0eabe-77c7-4dbf-a321-27966a12fafb,0.015625,False,10.197300000072573
transfusion-retrieval-v2,sha256:5fc6a9a0d5ff5721954fad8f2855c204301e59ef0b28a91d8d9bdbaf48cb659b,4,hybrid_rrf,TF026,fact_specific,True,False,10,8,17e22a4e-78d9-4607-b75b-151e52cc4d20,0.015384615384615385,False,10.197300000072573
transfusion-retrieval-v2,sha256:5fc6a9a0d5ff5721954fad8f2855c204301e59ef0b28a91d8d9bdbaf48cb659b,4,hybrid_rrf,TF026,fact_specific,True,False,10,9,b0d368a1-d0fc-4b8b-8567-e190cf462986,0.015384615384615385,False,10.197300000072573
transfusion-retrieval-v2,sha256:5fc6a9a0d5ff5721954fad8f2855c204301e59ef0b28a91d8d9bdbaf48cb659b,4,hybrid_rrf,TF026,fact_specific,True,False,10,10,fbb0340e-b19d-43c3-a23a-5ee07899e8cd,0.015151515151515152,False,10.197300000072573
transfusion-retrieval-v2,sha256:5fc6a9a0d5ff5721954fad8f2855c204301e59ef0b28a91d8d9bdbaf48cb659b,4,hybrid_rrf,TF027,procedure,True,True,1,1,16efaa44-1554-4748-8407-48fac0bced94,0.01639344262295082,False,17.88219999980356
transfusion-retrieval-v2,sha256:5fc6a9a0d5ff5721954fad8f2855c204301e59ef0b28a91d8d9bdbaf48cb659b,4,hybrid_rrf,TF027,procedure,True,True,3,1,16efaa44-1554-4748-8407-48fac0bced94,0.01639344262295082,False,17.88219999980356
transfusion-retrieval-v2,sha256:5fc6a9a0d5ff5721954fad8f2855c204301e59ef0b28a91d8d9bdbaf48cb659b,4,hybrid_rrf,TF027,procedure,True,True,3,2,3abbb958-eafe-4ffe-bcfc-dafa7349c15c,0.01639344262295082,False,17.88219999980356
transfusion-retrieval-v2,sha256:5fc6a9a0d5ff5721954fad8f2855c204301e59ef0b28a91d8d9bdbaf48cb659b,4,hybrid_rrf,TF027,procedure,True,True,3,3,eda54b74-cd2f-4808-8175-bcc5b916ce90,0.016129032258064516,False,17.88219999980356
transfusion-retrieval-v2,sha256:5fc6a9a0d5ff5721954fad8f2855c204301e59ef0b28a91d8d9bdbaf48cb659b,4,hybrid_rrf,TF027,procedure,True,True,5,1,16efaa44-1554-4748-8407-48fac0bced94,0.01639344262295082,False,17.88219999980356
transfusion-retrieval-v2,sha256:5fc6a9a0d5ff5721954fad8f2855c204301e59ef0b28a91d8d9bdbaf48cb659b,4,hybrid_rrf,TF027,procedure,True,True,5,2,3abbb958-eafe-4ffe-bcfc-dafa7349c15c,0.01639344262295082,False,17.88219999980356
transfusion-retrieval-v2,sha256:5fc6a9a0d5ff5721954fad8f2855c204301e59ef0b28a91d8d9bdbaf48cb659b,4,hybrid_rrf,TF027,procedure,True,True,5,3,eda54b74-cd2f-4808-8175-bcc5b916ce90,0.016129032258064516,False,17.88219999980356
transfusion-retrieval-v2,sha256:5fc6a9a0d5ff5721954fad8f2855c204301e59ef0b28a91d8d9bdbaf48cb659b,4,hybrid_rrf,TF027,procedure,True,True,5,4,63cb7040-3526-4f6f-9f88-e295bbe5edaf,0.016129032258064516,False,17.88219999980356
transfusion-retrieval-v2,sha256:5fc6a9a0d5ff5721954fad8f2855c204301e59ef0b28a91d8d9bdbaf48cb659b,4,hybrid_rrf,TF027,procedure,True,True,5,5,66dba192-bac5-4b3a-bd4d-77e9eacb4192,0.015873015873015872,False,17.88219999980356
transfusion-retrieval-v2,sha256:5fc6a9a0d5ff5721954fad8f2855c204301e59ef0b28a91d8d9bdbaf48cb659b,4,hybrid_rrf,TF027,procedure,True,True,10,1,16efaa44-1554-4748-8407-48fac0bced94,0.01639344262295082,False,17.88219999980356
transfusion-retrieval-v2,sha256:5fc6a9a0d5ff5721954fad8f2855c204301e59ef0b28a91d8d9bdbaf48cb659b,4,hybrid_rrf,TF027,procedure,True,True,10,2,3abbb958-eafe-4ffe-bcfc-dafa7349c15c,0.01639344262295082,False,17.88219999980356
transfusion-retrieval-v2,sha256:5fc6a9a0d5ff5721954fad8f2855c204301e59ef0b28a91d8d9bdbaf48cb659b,4,hybrid_rrf,TF027,procedure,True,True,10,3,eda54b74-cd2f-4808-8175-bcc5b916ce90,0.016129032258064516,False,17.88219999980356
transfusion-retrieval-v2,sha256:5fc6a9a0d5ff5721954fad8f2855c204301e59ef0b28a91d8d9bdbaf48cb659b,4,hybrid_rrf,TF027,procedure,True,True,10,4,63cb7040-3526-4f6f-9f88-e295bbe5edaf,0.016129032258064516,False,17.88219999980356
transfusion-retrieval-v2,sha256:5fc6a9a0d5ff5721954fad8f2855c204301e59ef0b28a91d8d9bdbaf48cb659b,4,hybrid_rrf,TF027,procedure,True,True,10,5,66dba192-bac5-4b3a-bd4d-77e9eacb4192,0.015873015873015872,False,17.88219999980356
transfusion-retrieval-v2,sha256:5fc6a9a0d5ff5721954fad8f2855c204301e59ef0b28a91d8d9bdbaf48cb659b,4,hybrid_rrf,TF027,procedure,True,True,10,6,7adacb8c-91c0-4ea7-8d82-7505eeac5042,0.015873015873015872,False,17.88219999980356
transfusion-retrieval-v2,sha256:5fc6a9a0d5ff5721954fad8f2855c204301e59ef0b28a91d8d9bdbaf48cb659b,4,hybrid_rrf,TF027,procedure,True,True,10,7,4797ba3b-c3d9-4d11-be5f-86db44dbda83,0.015625,False,17.88219999980356
transfusion-retrieval-v2,sha256:5fc6a9a0d5ff5721954fad8f2855c204301e59ef0b28a91d8d9bdbaf48cb659b,4,hybrid_rrf,TF027,procedure,True,True,10,8,dfb2693a-e821-4d6e-bbcc-0dbf3dc2a2ae,0.015625,False,17.88219999980356
transfusion-retrieval-v2,sha256:5fc6a9a0d5ff5721954fad8f2855c204301e59ef0b28a91d8d9bdbaf48cb659b,4,hybrid_rrf,TF027,procedure,True,True,10,9,761b9529-5b18-4262-8174-6062c35fb31c,0.015384615384615385,False,17.88219999980356
transfusion-retrieval-v2,sha256:5fc6a9a0d5ff5721954fad8f2855c204301e59ef0b28a91d8d9bdbaf48cb659b,4,hybrid_rrf,TF027,procedure,True,True,10,10,22e6c188-2e4c-4029-b200-7770a3f00e6e,0.015384615384615385,False,17.88219999980356
transfusion-retrieval-v2,sha256:5fc6a9a0d5ff5721954fad8f2855c204301e59ef0b28a91d8d9bdbaf48cb659b,4,hybrid_rrf,TF028,preparation,True,False,1,1,dfb2693a-e821-4d6e-bbcc-0dbf3dc2a2ae,0.01639344262295082,False,12.993700001970865
transfusion-retrieval-v2,sha256:5fc6a9a0d5ff5721954fad8f2855c204301e59ef0b28a91d8d9bdbaf48cb659b,4,hybrid_rrf,TF028,preparation,True,False,3,1,dfb2693a-e821-4d6e-bbcc-0dbf3dc2a2ae,0.01639344262295082,False,12.993700001970865
transfusion-retrieval-v2,sha256:5fc6a9a0d5ff5721954fad8f2855c204301e59ef0b28a91d8d9bdbaf48cb659b,4,hybrid_rrf,TF028,preparation,True,False,3,2,63cb7040-3526-4f6f-9f88-e295bbe5edaf,0.01639344262295082,False,12.993700001970865
transfusion-retrieval-v2,sha256:5fc6a9a0d5ff5721954fad8f2855c204301e59ef0b28a91d8d9bdbaf48cb659b,4,hybrid_rrf,TF028,preparation,True,False,3,3,2cea4ea7-7aaf-4c54-ac4e-b660de52065d,0.016129032258064516,False,12.993700001970865
transfusion-retrieval-v2,sha256:5fc6a9a0d5ff5721954fad8f2855c204301e59ef0b28a91d8d9bdbaf48cb659b,4,hybrid_rrf,TF028,preparation,True,False,5,1,dfb2693a-e821-4d6e-bbcc-0dbf3dc2a2ae,0.01639344262295082,False,12.993700001970865
transfusion-retrieval-v2,sha256:5fc6a9a0d5ff5721954fad8f2855c204301e59ef0b28a91d8d9bdbaf48cb659b,4,hybrid_rrf,TF028,preparation,True,False,5,2,63cb7040-3526-4f6f-9f88-e295bbe5edaf,0.01639344262295082,False,12.993700001970865
transfusion-retrieval-v2,sha256:5fc6a9a0d5ff5721954fad8f2855c204301e59ef0b28a91d8d9bdbaf48cb659b,4,hybrid_rrf,TF028,preparation,True,False,5,3,2cea4ea7-7aaf-4c54-ac4e-b660de52065d,0.016129032258064516,False,12.993700001970865
transfusion-retrieval-v2,sha256:5fc6a9a0d5ff5721954fad8f2855c204301e59ef0b28a91d8d9bdbaf48cb659b,4,hybrid_rrf,TF028,preparation,True,False,5,4,16efaa44-1554-4748-8407-48fac0bced94,0.016129032258064516,False,12.993700001970865
transfusion-retrieval-v2,sha256:5fc6a9a0d5ff5721954fad8f2855c204301e59ef0b28a91d8d9bdbaf48cb659b,4,hybrid_rrf,TF028,preparation,True,False,5,5,fb4884e3-8fea-42fa-b996-7e9c333e7fef,0.015873015873015872,False,12.993700001970865
transfusion-retrieval-v2,sha256:5fc6a9a0d5ff5721954fad8f2855c204301e59ef0b28a91d8d9bdbaf48cb659b,4,hybrid_rrf,TF028,preparation,True,False,10,1,dfb2693a-e821-4d6e-bbcc-0dbf3dc2a2ae,0.01639344262295082,False,12.993700001970865
transfusion-retrieval-v2,sha256:5fc6a9a0d5ff5721954fad8f2855c204301e59ef0b28a91d8d9bdbaf48cb659b,4,hybrid_rrf,TF028,preparation,True,False,10,2,63cb7040-3526-4f6f-9f88-e295bbe5edaf,0.01639344262295082,False,12.993700001970865
transfusion-retrieval-v2,sha256:5fc6a9a0d5ff5721954fad8f2855c204301e59ef0b28a91d8d9bdbaf48cb659b,4,hybrid_rrf,TF028,preparation,True,False,10,3,2cea4ea7-7aaf-4c54-ac4e-b660de52065d,0.016129032258064516,False,12.993700001970865
transfusion-retrieval-v2,sha256:5fc6a9a0d5ff5721954fad8f2855c204301e59ef0b28a91d8d9bdbaf48cb659b,4,hybrid_rrf,TF028,preparation,True,False,10,4,16efaa44-1554-4748-8407-48fac0bced94,0.016129032258064516,False,12.993700001970865
transfusion-retrieval-v2,sha256:5fc6a9a0d5ff5721954fad8f2855c204301e59ef0b28a91d8d9bdbaf48cb659b,4,hybrid_rrf,TF028,preparation,True,False,10,5,fb4884e3-8fea-42fa-b996-7e9c333e7fef,0.015873015873015872,False,12.993700001970865
transfusion-retrieval-v2,sha256:5fc6a9a0d5ff5721954fad8f2855c204301e59ef0b28a91d8d9bdbaf48cb659b,4,hybrid_rrf,TF028,preparation,True,False,10,6,fbf62ef9-25b7-437c-98d8-c4934fba0fe6,0.015873015873015872,False,12.993700001970865
transfusion-retrieval-v2,sha256:5fc6a9a0d5ff5721954fad8f2855c204301e59ef0b28a91d8d9bdbaf48cb659b,4,hybrid_rrf,TF028,preparation,True,False,10,7,eeb8db46-f757-41f1-9ca5-c022f3d4ea3e,0.015625,False,12.993700001970865
transfusion-retrieval-v2,sha256:5fc6a9a0d5ff5721954fad8f2855c204301e59ef0b28a91d8d9bdbaf48cb659b,4,hybrid_rrf,TF028,preparation,True,False,10,8,9131e9a9-eff3-4f4e-a20b-4bdd456c35bc,0.015625,False,12.993700001970865
transfusion-retrieval-v2,sha256:5fc6a9a0d5ff5721954fad8f2855c204301e59ef0b28a91d8d9bdbaf48cb659b,4,hybrid_rrf,TF028,preparation,True,False,10,9,fbb0340e-b19d-43c3-a23a-5ee07899e8cd,0.015384615384615385,False,12.993700001970865
transfusion-retrieval-v2,sha256:5fc6a9a0d5ff5721954fad8f2855c204301e59ef0b28a91d8d9bdbaf48cb659b,4,hybrid_rrf,TF028,preparation,True,False,10,10,3abbb958-eafe-4ffe-bcfc-dafa7349c15c,0.015384615384615385,False,12.993700001970865
transfusion-retrieval-v2,sha256:5fc6a9a0d5ff5721954fad8f2855c204301e59ef0b28a91d8d9bdbaf48cb659b,4,hybrid_rrf,TF029,preparation,True,False,1,1,7e5199d4-e5c9-40ca-a69f-ea37f52c6ce3,0.01639344262295082,False,10.177800000747084
transfusion-retrieval-v2,sha256:5fc6a9a0d5ff5721954fad8f2855c204301e59ef0b28a91d8d9bdbaf48cb659b,4,hybrid_rrf,TF029,preparation,True,False,3,1,7e5199d4-e5c9-40ca-a69f-ea37f52c6ce3,0.01639344262295082,False,10.177800000747084
transfusion-retrieval-v2,sha256:5fc6a9a0d5ff5721954fad8f2855c204301e59ef0b28a91d8d9bdbaf48cb659b,4,hybrid_rrf,TF029,preparation,True,False,3,2,63cb7040-3526-4f6f-9f88-e295bbe5edaf,0.01639344262295082,False,10.177800000747084
transfusion-retrieval-v2,sha256:5fc6a9a0d5ff5721954fad8f2855c204301e59ef0b28a91d8d9bdbaf48cb659b,4,hybrid_rrf,TF029,preparation,True,False,3,3,eeb8db46-f757-41f1-9ca5-c022f3d4ea3e,0.016129032258064516,False,10.177800000747084
transfusion-retrieval-v2,sha256:5fc6a9a0d5ff5721954fad8f2855c204301e59ef0b28a91d8d9bdbaf48cb659b,4,hybrid_rrf,TF029,preparation,True,False,5,1,7e5199d4-e5c9-40ca-a69f-ea37f52c6ce3,0.01639344262295082,False,10.177800000747084
transfusion-retrieval-v2,sha256:5fc6a9a0d5ff5721954fad8f2855c204301e59ef0b28a91d8d9bdbaf48cb659b,4,hybrid_rrf,TF029,preparation,True,False,5,2,63cb7040-3526-4f6f-9f88-e295bbe5edaf,0.01639344262295082,False,10.177800000747084
transfusion-retrieval-v2,sha256:5fc6a9a0d5ff5721954fad8f2855c204301e59ef0b28a91d8d9bdbaf48cb659b,4,hybrid_rrf,TF029,preparation,True,False,5,3,eeb8db46-f757-41f1-9ca5-c022f3d4ea3e,0.016129032258064516,False,10.177800000747084
transfusion-retrieval-v2,sha256:5fc6a9a0d5ff5721954fad8f2855c204301e59ef0b28a91d8d9bdbaf48cb659b,4,hybrid_rrf,TF029,preparation,True,False,5,4,9552a4ac-31b4-43a8-aa92-37bd3e89362a,0.016129032258064516,False,10.177800000747084
transfusion-retrieval-v2,sha256:5fc6a9a0d5ff5721954fad8f2855c204301e59ef0b28a91d8d9bdbaf48cb659b,4,hybrid_rrf,TF029,preparation,True,False,5,5,17e22a4e-78d9-4607-b75b-151e52cc4d20,0.015873015873015872,False,10.177800000747084
transfusion-retrieval-v2,sha256:5fc6a9a0d5ff5721954fad8f2855c204301e59ef0b28a91d8d9bdbaf48cb659b,4,hybrid_rrf,TF029,preparation,True,False,10,1,7e5199d4-e5c9-40ca-a69f-ea37f52c6ce3,0.01639344262295082,False,10.177800000747084
transfusion-retrieval-v2,sha256:5fc6a9a0d5ff5721954fad8f2855c204301e59ef0b28a91d8d9bdbaf48cb659b,4,hybrid_rrf,TF029,preparation,True,False,10,2,63cb7040-3526-4f6f-9f88-e295bbe5edaf,0.01639344262295082,False,10.177800000747084
transfusion-retrieval-v2,sha256:5fc6a9a0d5ff5721954fad8f2855c204301e59ef0b28a91d8d9bdbaf48cb659b,4,hybrid_rrf,TF029,preparation,True,False,10,3,eeb8db46-f757-41f1-9ca5-c022f3d4ea3e,0.016129032258064516,False,10.177800000747084
transfusion-retrieval-v2,sha256:5fc6a9a0d5ff5721954fad8f2855c204301e59ef0b28a91d8d9bdbaf48cb659b,4,hybrid_rrf,TF029,preparation,True,False,10,4,9552a4ac-31b4-43a8-aa92-37bd3e89362a,0.016129032258064516,False,10.177800000747084
transfusion-retrieval-v2,sha256:5fc6a9a0d5ff5721954fad8f2855c204301e59ef0b28a91d8d9bdbaf48cb659b,4,hybrid_rrf,TF029,preparation,True,False,10,5,17e22a4e-78d9-4607-b75b-151e52cc4d20,0.015873015873015872,False,10.177800000747084
transfusion-retrieval-v2,sha256:5fc6a9a0d5ff5721954fad8f2855c204301e59ef0b28a91d8d9bdbaf48cb659b,4,hybrid_rrf,TF029,preparation,True,False,10,6,36bac780-b1a2-42dc-8cca-3605f80c5521,0.015873015873015872,True,10.177800000747084
transfusion-retrieval-v2,sha256:5fc6a9a0d5ff5721954fad8f2855c204301e59ef0b28a91d8d9bdbaf48cb659b,4,hybrid_rrf,TF029,preparation,True,False,10,7,fbb0340e-b19d-43c3-a23a-5ee07899e8cd,0.015625,False,10.177800000747084
transfusion-retrieval-v2,sha256:5fc6a9a0d5ff5721954fad8f2855c204301e59ef0b28a91d8d9bdbaf48cb659b,4,hybrid_rrf,TF029,preparation,True,False,10,8,84c0a864-176f-4776-a15e-167fc2518e5d,0.015625,False,10.177800000747084
transfusion-retrieval-v2,sha256:5fc6a9a0d5ff5721954fad8f2855c204301e59ef0b28a91d8d9bdbaf48cb659b,4,hybrid_rrf,TF029,preparation,True,False,10,9,98d006ac-5212-4c8c-8a63-4cbd4d6caffc,0.015384615384615385,False,10.177800000747084
transfusion-retrieval-v2,sha256:5fc6a9a0d5ff5721954fad8f2855c204301e59ef0b28a91d8d9bdbaf48cb659b,4,hybrid_rrf,TF029,preparation,True,False,10,10,e4892114-b8eb-4f39-a7c4-427217039236,0.015384615384615385,False,10.177800000747084
transfusion-retrieval-v2,sha256:5fc6a9a0d5ff5721954fad8f2855c204301e59ef0b28a91d8d9bdbaf48cb659b,4,hybrid_rrf,TF030,temporal,True,False,1,1,d3b7d61b-50f0-4b96-a770-785a9f3c3886,0.01639344262295082,False,11.927600000490202
transfusion-retrieval-v2,sha256:5fc6a9a0d5ff5721954fad8f2855c204301e59ef0b28a91d8d9bdbaf48cb659b,4,hybrid_rrf,TF030,temporal,True,False,3,1,d3b7d61b-50f0-4b96-a770-785a9f3c3886,0.01639344262295082,False,11.927600000490202
transfusion-retrieval-v2,sha256:5fc6a9a0d5ff5721954fad8f2855c204301e59ef0b28a91d8d9bdbaf48cb659b,4,hybrid_rrf,TF030,temporal,True,False,3,2,63cb7040-3526-4f6f-9f88-e295bbe5edaf,0.01639344262295082,False,11.927600000490202
transfusion-retrieval-v2,sha256:5fc6a9a0d5ff5721954fad8f2855c204301e59ef0b28a91d8d9bdbaf48cb659b,4,hybrid_rrf,TF030,temporal,True,False,3,3,da79aa00-567d-434c-8441-915ac080f918,0.016129032258064516,False,11.927600000490202
transfusion-retrieval-v2,sha256:5fc6a9a0d5ff5721954fad8f2855c204301e59ef0b28a91d8d9bdbaf48cb659b,4,hybrid_rrf,TF030,temporal,True,False,5,1,d3b7d61b-50f0-4b96-a770-785a9f3c3886,0.01639344262295082,False,11.927600000490202
transfusion-retrieval-v2,sha256:5fc6a9a0d5ff5721954fad8f2855c204301e59ef0b28a91d8d9bdbaf48cb659b,4,hybrid_rrf,TF030,temporal,True,False,5,2,63cb7040-3526-4f6f-9f88-e295bbe5edaf,0.01639344262295082,False,11.927600000490202
transfusion-retrieval-v2,sha256:5fc6a9a0d5ff5721954fad8f2855c204301e59ef0b28a91d8d9bdbaf48cb659b,4,hybrid_rrf,TF030,temporal,True,False,5,3,da79aa00-567d-434c-8441-915ac080f918,0.016129032258064516,False,11.927600000490202
transfusion-retrieval-v2,sha256:5fc6a9a0d5ff5721954fad8f2855c204301e59ef0b28a91d8d9bdbaf48cb659b,4,hybrid_rrf,TF030,temporal,True,False,5,4,16efaa44-1554-4748-8407-48fac0bced94,0.016129032258064516,False,11.927600000490202
transfusion-retrieval-v2,sha256:5fc6a9a0d5ff5721954fad8f2855c204301e59ef0b28a91d8d9bdbaf48cb659b,4,hybrid_rrf,TF030,temporal,True,False,5,5,fb4884e3-8fea-42fa-b996-7e9c333e7fef,0.015873015873015872,False,11.927600000490202
transfusion-retrieval-v2,sha256:5fc6a9a0d5ff5721954fad8f2855c204301e59ef0b28a91d8d9bdbaf48cb659b,4,hybrid_rrf,TF030,temporal,True,False,10,1,d3b7d61b-50f0-4b96-a770-785a9f3c3886,0.01639344262295082,False,11.927600000490202
transfusion-retrieval-v2,sha256:5fc6a9a0d5ff5721954fad8f2855c204301e59ef0b28a91d8d9bdbaf48cb659b,4,hybrid_rrf,TF030,temporal,True,False,10,2,63cb7040-3526-4f6f-9f88-e295bbe5edaf,0.01639344262295082,False,11.927600000490202
transfusion-retrieval-v2,sha256:5fc6a9a0d5ff5721954fad8f2855c204301e59ef0b28a91d8d9bdbaf48cb659b,4,hybrid_rrf,TF030,temporal,True,False,10,3,da79aa00-567d-434c-8441-915ac080f918,0.016129032258064516,False,11.927600000490202
transfusion-retrieval-v2,sha256:5fc6a9a0d5ff5721954fad8f2855c204301e59ef0b28a91d8d9bdbaf48cb659b,4,hybrid_rrf,TF030,temporal,True,False,10,4,16efaa44-1554-4748-8407-48fac0bced94,0.016129032258064516,False,11.927600000490202
transfusion-retrieval-v2,sha256:5fc6a9a0d5ff5721954fad8f2855c204301e59ef0b28a91d8d9bdbaf48cb659b,4,hybrid_rrf,TF030,temporal,True,False,10,5,fb4884e3-8fea-42fa-b996-7e9c333e7fef,0.015873015873015872,False,11.927600000490202
transfusion-retrieval-v2,sha256:5fc6a9a0d5ff5721954fad8f2855c204301e59ef0b28a91d8d9bdbaf48cb659b,4,hybrid_rrf,TF030,temporal,True,False,10,6,324bc249-0e84-46e9-b77f-856c76cd5353,0.015873015873015872,False,11.927600000490202
transfusion-retrieval-v2,sha256:5fc6a9a0d5ff5721954fad8f2855c204301e59ef0b28a91d8d9bdbaf48cb659b,4,hybrid_rrf,TF030,temporal,True,False,10,7,17e22a4e-78d9-4607-b75b-151e52cc4d20,0.015625,False,11.927600000490202
transfusion-retrieval-v2,sha256:5fc6a9a0d5ff5721954fad8f2855c204301e59ef0b28a91d8d9bdbaf48cb659b,4,hybrid_rrf,TF030,temporal,True,False,10,8,73735f01-c9d0-4dd5-8d46-c70045e4b334,0.015625,False,11.927600000490202
transfusion-retrieval-v2,sha256:5fc6a9a0d5ff5721954fad8f2855c204301e59ef0b28a91d8d9bdbaf48cb659b,4,hybrid_rrf,TF030,temporal,True,False,10,9,b66e5419-8a9c-47f4-866d-ebdb95b174b2,0.015384615384615385,False,11.927600000490202
transfusion-retrieval-v2,sha256:5fc6a9a0d5ff5721954fad8f2855c204301e59ef0b28a91d8d9bdbaf48cb659b,4,hybrid_rrf,TF030,temporal,True,False,10,10,e4892114-b8eb-4f39-a7c4-427217039236,0.015384615384615385,False,11.927600000490202
transfusion-retrieval-v2,sha256:5fc6a9a0d5ff5721954fad8f2855c204301e59ef0b28a91d8d9bdbaf48cb659b,4,hybrid_rrf,TF031,procedure,True,False,1,1,b225ae64-72d2-4e59-81c0-57f5d8438666,0.029418126757516764,False,10.690199998862226
transfusion-retrieval-v2,sha256:5fc6a9a0d5ff5721954fad8f2855c204301e59ef0b28a91d8d9bdbaf48cb659b,4,hybrid_rrf,TF031,procedure,True,False,3,1,b225ae64-72d2-4e59-81c0-57f5d8438666,0.029418126757516764,False,10.690199998862226
transfusion-retrieval-v2,sha256:5fc6a9a0d5ff5721954fad8f2855c204301e59ef0b28a91d8d9bdbaf48cb659b,4,hybrid_rrf,TF031,procedure,True,False,3,2,9b6cc313-9a59-4387-a5ce-2ed14389a0a7,0.01639344262295082,False,10.690199998862226
transfusion-retrieval-v2,sha256:5fc6a9a0d5ff5721954fad8f2855c204301e59ef0b28a91d8d9bdbaf48cb659b,4,hybrid_rrf,TF031,procedure,True,False,3,3,16efaa44-1554-4748-8407-48fac0bced94,0.01639344262295082,False,10.690199998862226
transfusion-retrieval-v2,sha256:5fc6a9a0d5ff5721954fad8f2855c204301e59ef0b28a91d8d9bdbaf48cb659b,4,hybrid_rrf,TF031,procedure,True,False,5,1,b225ae64-72d2-4e59-81c0-57f5d8438666,0.029418126757516764,False,10.690199998862226
transfusion-retrieval-v2,sha256:5fc6a9a0d5ff5721954fad8f2855c204301e59ef0b28a91d8d9bdbaf48cb659b,4,hybrid_rrf,TF031,procedure,True,False,5,2,9b6cc313-9a59-4387-a5ce-2ed14389a0a7,0.01639344262295082,False,10.690199998862226
transfusion-retrieval-v2,sha256:5fc6a9a0d5ff5721954fad8f2855c204301e59ef0b28a91d8d9bdbaf48cb659b,4,hybrid_rrf,TF031,procedure,True,False,5,3,16efaa44-1554-4748-8407-48fac0bced94,0.01639344262295082,False,10.690199998862226
transfusion-retrieval-v2,sha256:5fc6a9a0d5ff5721954fad8f2855c204301e59ef0b28a91d8d9bdbaf48cb659b,4,hybrid_rrf,TF031,procedure,True,False,5,4,63cb7040-3526-4f6f-9f88-e295bbe5edaf,0.016129032258064516,False,10.690199998862226
transfusion-retrieval-v2,sha256:5fc6a9a0d5ff5721954fad8f2855c204301e59ef0b28a91d8d9bdbaf48cb659b,4,hybrid_rrf,TF031,procedure,True,False,5,5,f9cfc75b-a5e7-4633-a798-4b17ea462325,0.016129032258064516,False,10.690199998862226
transfusion-retrieval-v2,sha256:5fc6a9a0d5ff5721954fad8f2855c204301e59ef0b28a91d8d9bdbaf48cb659b,4,hybrid_rrf,TF031,procedure,True,False,10,1,b225ae64-72d2-4e59-81c0-57f5d8438666,0.029418126757516764,False,10.690199998862226
transfusion-retrieval-v2,sha256:5fc6a9a0d5ff5721954fad8f2855c204301e59ef0b28a91d8d9bdbaf48cb659b,4,hybrid_rrf,TF031,procedure,True,False,10,2,9b6cc313-9a59-4387-a5ce-2ed14389a0a7,0.01639344262295082,False,10.690199998862226
transfusion-retrieval-v2,sha256:5fc6a9a0d5ff5721954fad8f2855c204301e59ef0b28a91d8d9bdbaf48cb659b,4,hybrid_rrf,TF031,procedure,True,False,10,3,16efaa44-1554-4748-8407-48fac0bced94,0.01639344262295082,False,10.690199998862226
transfusion-retrieval-v2,sha256:5fc6a9a0d5ff5721954fad8f2855c204301e59ef0b28a91d8d9bdbaf48cb659b,4,hybrid_rrf,TF031,procedure,True,False,10,4,63cb7040-3526-4f6f-9f88-e295bbe5edaf,0.016129032258064516,False,10.690199998862226
transfusion-retrieval-v2,sha256:5fc6a9a0d5ff5721954fad8f2855c204301e59ef0b28a91d8d9bdbaf48cb659b,4,hybrid_rrf,TF031,procedure,True,False,10,5,f9cfc75b-a5e7-4633-a798-4b17ea462325,0.016129032258064516,False,10.690199998862226
transfusion-retrieval-v2,sha256:5fc6a9a0d5ff5721954fad8f2855c204301e59ef0b28a91d8d9bdbaf48cb659b,4,hybrid_rrf,TF031,procedure,True,False,10,6,d9a4a9c8-fbd4-41f2-bab6-6abd72575204,0.015873015873015872,False,10.690199998862226
transfusion-retrieval-v2,sha256:5fc6a9a0d5ff5721954fad8f2855c204301e59ef0b28a91d8d9bdbaf48cb659b,4,hybrid_rrf,TF031,procedure,True,False,10,7,5de4d74d-720e-4d86-a836-f946d70a2d32,0.015873015873015872,True,10.690199998862226
transfusion-retrieval-v2,sha256:5fc6a9a0d5ff5721954fad8f2855c204301e59ef0b28a91d8d9bdbaf48cb659b,4,hybrid_rrf,TF031,procedure,True,False,10,8,10537058-d160-4786-a6cf-95de46d7189c,0.015625,False,10.690199998862226
transfusion-retrieval-v2,sha256:5fc6a9a0d5ff5721954fad8f2855c204301e59ef0b28a91d8d9bdbaf48cb659b,4,hybrid_rrf,TF031,procedure,True,False,10,9,c404e320-0bf2-4325-be92-7a0614f201ca,0.015625,False,10.690199998862226
transfusion-retrieval-v2,sha256:5fc6a9a0d5ff5721954fad8f2855c204301e59ef0b28a91d8d9bdbaf48cb659b,4,hybrid_rrf,TF031,procedure,True,False,10,10,59d57c8a-c9d7-4f8d-b9a1-a2816f1f01f7,0.015384615384615385,False,10.690199998862226
transfusion-retrieval-v2,sha256:5fc6a9a0d5ff5721954fad8f2855c204301e59ef0b28a91d8d9bdbaf48cb659b,4,hybrid_rrf,TF032,fact_specific,True,False,1,1,5de4d74d-720e-4d86-a836-f946d70a2d32,0.01639344262295082,True,12.297299999772804
transfusion-retrieval-v2,sha256:5fc6a9a0d5ff5721954fad8f2855c204301e59ef0b28a91d8d9bdbaf48cb659b,4,hybrid_rrf,TF032,fact_specific,True,False,3,1,5de4d74d-720e-4d86-a836-f946d70a2d32,0.01639344262295082,True,12.297299999772804
transfusion-retrieval-v2,sha256:5fc6a9a0d5ff5721954fad8f2855c204301e59ef0b28a91d8d9bdbaf48cb659b,4,hybrid_rrf,TF032,fact_specific,True,False,3,2,63cb7040-3526-4f6f-9f88-e295bbe5edaf,0.01639344262295082,False,12.297299999772804
transfusion-retrieval-v2,sha256:5fc6a9a0d5ff5721954fad8f2855c204301e59ef0b28a91d8d9bdbaf48cb659b,4,hybrid_rrf,TF032,fact_specific,True,False,3,3,fb4884e3-8fea-42fa-b996-7e9c333e7fef,0.016129032258064516,False,12.297299999772804
transfusion-retrieval-v2,sha256:5fc6a9a0d5ff5721954fad8f2855c204301e59ef0b28a91d8d9bdbaf48cb659b,4,hybrid_rrf,TF032,fact_specific,True,False,5,1,5de4d74d-720e-4d86-a836-f946d70a2d32,0.01639344262295082,True,12.297299999772804
transfusion-retrieval-v2,sha256:5fc6a9a0d5ff5721954fad8f2855c204301e59ef0b28a91d8d9bdbaf48cb659b,4,hybrid_rrf,TF032,fact_specific,True,False,5,2,63cb7040-3526-4f6f-9f88-e295bbe5edaf,0.01639344262295082,False,12.297299999772804
transfusion-retrieval-v2,sha256:5fc6a9a0d5ff5721954fad8f2855c204301e59ef0b28a91d8d9bdbaf48cb659b,4,hybrid_rrf,TF032,fact_specific,True,False,5,3,fb4884e3-8fea-42fa-b996-7e9c333e7fef,0.016129032258064516,False,12.297299999772804
transfusion-retrieval-v2,sha256:5fc6a9a0d5ff5721954fad8f2855c204301e59ef0b28a91d8d9bdbaf48cb659b,4,hybrid_rrf,TF032,fact_specific,True,False,5,4,9552a4ac-31b4-43a8-aa92-37bd3e89362a,0.016129032258064516,False,12.297299999772804
transfusion-retrieval-v2,sha256:5fc6a9a0d5ff5721954fad8f2855c204301e59ef0b28a91d8d9bdbaf48cb659b,4,hybrid_rrf,TF032,fact_specific,True,False,5,5,eeb8db46-f757-41f1-9ca5-c022f3d4ea3e,0.015873015873015872,False,12.297299999772804
transfusion-retrieval-v2,sha256:5fc6a9a0d5ff5721954fad8f2855c204301e59ef0b28a91d8d9bdbaf48cb659b,4,hybrid_rrf,TF032,fact_specific,True,False,10,1,5de4d74d-720e-4d86-a836-f946d70a2d32,0.01639344262295082,True,12.297299999772804
transfusion-retrieval-v2,sha256:5fc6a9a0d5ff5721954fad8f2855c204301e59ef0b28a91d8d9bdbaf48cb659b,4,hybrid_rrf,TF032,fact_specific,True,False,10,2,63cb7040-3526-4f6f-9f88-e295bbe5edaf,0.01639344262295082,False,12.297299999772804
transfusion-retrieval-v2,sha256:5fc6a9a0d5ff5721954fad8f2855c204301e59ef0b28a91d8d9bdbaf48cb659b,4,hybrid_rrf,TF032,fact_specific,True,False,10,3,fb4884e3-8fea-42fa-b996-7e9c333e7fef,0.016129032258064516,False,12.297299999772804
transfusion-retrieval-v2,sha256:5fc6a9a0d5ff5721954fad8f2855c204301e59ef0b28a91d8d9bdbaf48cb659b,4,hybrid_rrf,TF032,fact_specific,True,False,10,4,9552a4ac-31b4-43a8-aa92-37bd3e89362a,0.016129032258064516,False,12.297299999772804
transfusion-retrieval-v2,sha256:5fc6a9a0d5ff5721954fad8f2855c204301e59ef0b28a91d8d9bdbaf48cb659b,4,hybrid_rrf,TF032,fact_specific,True,False,10,5,eeb8db46-f757-41f1-9ca5-c022f3d4ea3e,0.015873015873015872,False,12.297299999772804
transfusion-retrieval-v2,sha256:5fc6a9a0d5ff5721954fad8f2855c204301e59ef0b28a91d8d9bdbaf48cb659b,4,hybrid_rrf,TF032,fact_specific,True,False,10,6,84c0a864-176f-4776-a15e-167fc2518e5d,0.015873015873015872,False,12.297299999772804
transfusion-retrieval-v2,sha256:5fc6a9a0d5ff5721954fad8f2855c204301e59ef0b28a91d8d9bdbaf48cb659b,4,hybrid_rrf,TF032,fact_specific,True,False,10,7,17e22a4e-78d9-4607-b75b-151e52cc4d20,0.015625,False,12.297299999772804
transfusion-retrieval-v2,sha256:5fc6a9a0d5ff5721954fad8f2855c204301e59ef0b28a91d8d9bdbaf48cb659b,4,hybrid_rrf,TF032,fact_specific,True,False,10,8,df699ccc-6f51-4281-b4a4-f3d2a20631e0,0.015625,False,12.297299999772804
transfusion-retrieval-v2,sha256:5fc6a9a0d5ff5721954fad8f2855c204301e59ef0b28a91d8d9bdbaf48cb659b,4,hybrid_rrf,TF032,fact_specific,True,False,10,9,fbb0340e-b19d-43c3-a23a-5ee07899e8cd,0.015384615384615385,False,12.297299999772804
transfusion-retrieval-v2,sha256:5fc6a9a0d5ff5721954fad8f2855c204301e59ef0b28a91d8d9bdbaf48cb659b,4,hybrid_rrf,TF032,fact_specific,True,False,10,10,d3b7d61b-50f0-4b96-a770-785a9f3c3886,0.015384615384615385,False,12.297299999772804
transfusion-retrieval-v2,sha256:5fc6a9a0d5ff5721954fad8f2855c204301e59ef0b28a91d8d9bdbaf48cb659b,4,hybrid_rrf,TF033,fact_specific,True,False,1,1,e62b0c91-ff0c-43b2-9bd5-ff173d9f8bc0,0.032018442622950824,True,13.128999999025837
transfusion-retrieval-v2,sha256:5fc6a9a0d5ff5721954fad8f2855c204301e59ef0b28a91d8d9bdbaf48cb659b,4,hybrid_rrf,TF033,fact_specific,True,False,3,1,e62b0c91-ff0c-43b2-9bd5-ff173d9f8bc0,0.032018442622950824,True,13.128999999025837
transfusion-retrieval-v2,sha256:5fc6a9a0d5ff5721954fad8f2855c204301e59ef0b28a91d8d9bdbaf48cb659b,4,hybrid_rrf,TF033,fact_specific,True,False,3,2,9131e9a9-eff3-4f4e-a20b-4bdd456c35bc,0.03007688828584351,False,13.128999999025837
transfusion-retrieval-v2,sha256:5fc6a9a0d5ff5721954fad8f2855c204301e59ef0b28a91d8d9bdbaf48cb659b,4,hybrid_rrf,TF033,fact_specific,True,False,3,3,59d57c8a-c9d7-4f8d-b9a1-a2816f1f01f7,0.01639344262295082,False,13.128999999025837
transfusion-retrieval-v2,sha256:5fc6a9a0d5ff5721954fad8f2855c204301e59ef0b28a91d8d9bdbaf48cb659b,4,hybrid_rrf,TF033,fact_specific,True,False,5,1,e62b0c91-ff0c-43b2-9bd5-ff173d9f8bc0,0.032018442622950824,True,13.128999999025837
transfusion-retrieval-v2,sha256:5fc6a9a0d5ff5721954fad8f2855c204301e59ef0b28a91d8d9bdbaf48cb659b,4,hybrid_rrf,TF033,fact_specific,True,False,5,2,9131e9a9-eff3-4f4e-a20b-4bdd456c35bc,0.03007688828584351,False,13.128999999025837
transfusion-retrieval-v2,sha256:5fc6a9a0d5ff5721954fad8f2855c204301e59ef0b28a91d8d9bdbaf48cb659b,4,hybrid_rrf,TF033,fact_specific,True,False,5,3,59d57c8a-c9d7-4f8d-b9a1-a2816f1f01f7,0.01639344262295082,False,13.128999999025837
transfusion-retrieval-v2,sha256:5fc6a9a0d5ff5721954fad8f2855c204301e59ef0b28a91d8d9bdbaf48cb659b,4,hybrid_rrf,TF033,fact_specific,True,False,5,4,66dba192-bac5-4b3a-bd4d-77e9eacb4192,0.016129032258064516,False,13.128999999025837
transfusion-retrieval-v2,sha256:5fc6a9a0d5ff5721954fad8f2855c204301e59ef0b28a91d8d9bdbaf48cb659b,4,hybrid_rrf,TF033,fact_specific,True,False,5,5,df699ccc-6f51-4281-b4a4-f3d2a20631e0,0.016129032258064516,False,13.128999999025837
transfusion-retrieval-v2,sha256:5fc6a9a0d5ff5721954fad8f2855c204301e59ef0b28a91d8d9bdbaf48cb659b,4,hybrid_rrf,TF033,fact_specific,True,False,10,1,e62b0c91-ff0c-43b2-9bd5-ff173d9f8bc0,0.032018442622950824,True,13.128999999025837
transfusion-retrieval-v2,sha256:5fc6a9a0d5ff5721954fad8f2855c204301e59ef0b28a91d8d9bdbaf48cb659b,4,hybrid_rrf,TF033,fact_specific,True,False,10,2,9131e9a9-eff3-4f4e-a20b-4bdd456c35bc,0.03007688828584351,False,13.128999999025837
transfusion-retrieval-v2,sha256:5fc6a9a0d5ff5721954fad8f2855c204301e59ef0b28a91d8d9bdbaf48cb659b,4,hybrid_rrf,TF033,fact_specific,True,False,10,3,59d57c8a-c9d7-4f8d-b9a1-a2816f1f01f7,0.01639344262295082,False,13.128999999025837
transfusion-retrieval-v2,sha256:5fc6a9a0d5ff5721954fad8f2855c204301e59ef0b28a91d8d9bdbaf48cb659b,4,hybrid_rrf,TF033,fact_specific,True,False,10,4,66dba192-bac5-4b3a-bd4d-77e9eacb4192,0.016129032258064516,False,13.128999999025837
transfusion-retrieval-v2,sha256:5fc6a9a0d5ff5721954fad8f2855c204301e59ef0b28a91d8d9bdbaf48cb659b,4,hybrid_rrf,TF033,fact_specific,True,False,10,5,df699ccc-6f51-4281-b4a4-f3d2a20631e0,0.016129032258064516,False,13.128999999025837
transfusion-retrieval-v2,sha256:5fc6a9a0d5ff5721954fad8f2855c204301e59ef0b28a91d8d9bdbaf48cb659b,4,hybrid_rrf,TF033,fact_specific,True,False,10,6,10537058-d160-4786-a6cf-95de46d7189c,0.015873015873015872,False,13.128999999025837
transfusion-retrieval-v2,sha256:5fc6a9a0d5ff5721954fad8f2855c204301e59ef0b28a91d8d9bdbaf48cb659b,4,hybrid_rrf,TF033,fact_specific,True,False,10,7,23c6ca0d-04bf-4081-b90a-9819029dcd73,0.015873015873015872,False,13.128999999025837
transfusion-retrieval-v2,sha256:5fc6a9a0d5ff5721954fad8f2855c204301e59ef0b28a91d8d9bdbaf48cb659b,4,hybrid_rrf,TF033,fact_specific,True,False,10,8,9b6cc313-9a59-4387-a5ce-2ed14389a0a7,0.015625,False,13.128999999025837
transfusion-retrieval-v2,sha256:5fc6a9a0d5ff5721954fad8f2855c204301e59ef0b28a91d8d9bdbaf48cb659b,4,hybrid_rrf,TF033,fact_specific,True,False,10,9,d9a4a9c8-fbd4-41f2-bab6-6abd72575204,0.015384615384615385,False,13.128999999025837
transfusion-retrieval-v2,sha256:5fc6a9a0d5ff5721954fad8f2855c204301e59ef0b28a91d8d9bdbaf48cb659b,4,hybrid_rrf,TF033,fact_specific,True,False,10,10,3ecc27b9-634c-4026-b44e-e01123aa0467,0.015384615384615385,False,13.128999999025837
transfusion-retrieval-v2,sha256:5fc6a9a0d5ff5721954fad8f2855c204301e59ef0b28a91d8d9bdbaf48cb659b,4,hybrid_rrf,TF034,product_specific,True,False,1,1,59d57c8a-c9d7-4f8d-b9a1-a2816f1f01f7,0.03278688524590164,True,9.147799999482231
transfusion-retrieval-v2,sha256:5fc6a9a0d5ff5721954fad8f2855c204301e59ef0b28a91d8d9bdbaf48cb659b,4,hybrid_rrf,TF034,product_specific,True,False,3,1,59d57c8a-c9d7-4f8d-b9a1-a2816f1f01f7,0.03278688524590164,True,9.147799999482231
transfusion-retrieval-v2,sha256:5fc6a9a0d5ff5721954fad8f2855c204301e59ef0b28a91d8d9bdbaf48cb659b,4,hybrid_rrf,TF034,product_specific,True,False,3,2,e62b0c91-ff0c-43b2-9bd5-ff173d9f8bc0,0.03200204813108039,False,9.147799999482231
transfusion-retrieval-v2,sha256:5fc6a9a0d5ff5721954fad8f2855c204301e59ef0b28a91d8d9bdbaf48cb659b,4,hybrid_rrf,TF034,product_specific,True,False,3,3,7c33fbb7-e931-4f6b-9520-23875ec9ee5b,0.030330882352941176,False,9.147799999482231
transfusion-retrieval-v2,sha256:5fc6a9a0d5ff5721954fad8f2855c204301e59ef0b28a91d8d9bdbaf48cb659b,4,hybrid_rrf,TF034,product_specific,True,False,5,1,59d57c8a-c9d7-4f8d-b9a1-a2816f1f01f7,0.03278688524590164,True,9.147799999482231
transfusion-retrieval-v2,sha256:5fc6a9a0d5ff5721954fad8f2855c204301e59ef0b28a91d8d9bdbaf48cb659b,4,hybrid_rrf,TF034,product_specific,True,False,5,2,e62b0c91-ff0c-43b2-9bd5-ff173d9f8bc0,0.03200204813108039,False,9.147799999482231
transfusion-retrieval-v2,sha256:5fc6a9a0d5ff5721954fad8f2855c204301e59ef0b28a91d8d9bdbaf48cb659b,4,hybrid_rrf,TF034,product_specific,True,False,5,3,7c33fbb7-e931-4f6b-9520-23875ec9ee5b,0.030330882352941176,False,9.147799999482231
transfusion-retrieval-v2,sha256:5fc6a9a0d5ff5721954fad8f2855c204301e59ef0b28a91d8d9bdbaf48cb659b,4,hybrid_rrf,TF034,product_specific,True,False,5,4,9b6cc313-9a59-4387-a5ce-2ed14389a0a7,0.016129032258064516,False,9.147799999482231
transfusion-retrieval-v2,sha256:5fc6a9a0d5ff5721954fad8f2855c204301e59ef0b28a91d8d9bdbaf48cb659b,4,hybrid_rrf,TF034,product_specific,True,False,5,5,66dba192-bac5-4b3a-bd4d-77e9eacb4192,0.015873015873015872,False,9.147799999482231
transfusion-retrieval-v2,sha256:5fc6a9a0d5ff5721954fad8f2855c204301e59ef0b28a91d8d9bdbaf48cb659b,4,hybrid_rrf,TF034,product_specific,True,False,10,1,59d57c8a-c9d7-4f8d-b9a1-a2816f1f01f7,0.03278688524590164,True,9.147799999482231
transfusion-retrieval-v2,sha256:5fc6a9a0d5ff5721954fad8f2855c204301e59ef0b28a91d8d9bdbaf48cb659b,4,hybrid_rrf,TF034,product_specific,True,False,10,2,e62b0c91-ff0c-43b2-9bd5-ff173d9f8bc0,0.03200204813108039,False,9.147799999482231
transfusion-retrieval-v2,sha256:5fc6a9a0d5ff5721954fad8f2855c204301e59ef0b28a91d8d9bdbaf48cb659b,4,hybrid_rrf,TF034,product_specific,True,False,10,3,7c33fbb7-e931-4f6b-9520-23875ec9ee5b,0.030330882352941176,False,9.147799999482231
transfusion-retrieval-v2,sha256:5fc6a9a0d5ff5721954fad8f2855c204301e59ef0b28a91d8d9bdbaf48cb659b,4,hybrid_rrf,TF034,product_specific,True,False,10,4,9b6cc313-9a59-4387-a5ce-2ed14389a0a7,0.016129032258064516,False,9.147799999482231
transfusion-retrieval-v2,sha256:5fc6a9a0d5ff5721954fad8f2855c204301e59ef0b28a91d8d9bdbaf48cb659b,4,hybrid_rrf,TF034,product_specific,True,False,10,5,66dba192-bac5-4b3a-bd4d-77e9eacb4192,0.015873015873015872,False,9.147799999482231
transfusion-retrieval-v2,sha256:5fc6a9a0d5ff5721954fad8f2855c204301e59ef0b28a91d8d9bdbaf48cb659b,4,hybrid_rrf,TF034,product_specific,True,False,10,6,63cb7040-3526-4f6f-9f88-e295bbe5edaf,0.015625,False,9.147799999482231
transfusion-retrieval-v2,sha256:5fc6a9a0d5ff5721954fad8f2855c204301e59ef0b28a91d8d9bdbaf48cb659b,4,hybrid_rrf,TF034,product_specific,True,False,10,7,3ecc27b9-634c-4026-b44e-e01123aa0467,0.015384615384615385,False,9.147799999482231
transfusion-retrieval-v2,sha256:5fc6a9a0d5ff5721954fad8f2855c204301e59ef0b28a91d8d9bdbaf48cb659b,4,hybrid_rrf,TF034,product_specific,True,False,10,8,16efaa44-1554-4748-8407-48fac0bced94,0.015384615384615385,False,9.147799999482231
transfusion-retrieval-v2,sha256:5fc6a9a0d5ff5721954fad8f2855c204301e59ef0b28a91d8d9bdbaf48cb659b,4,hybrid_rrf,TF034,product_specific,True,False,10,9,4c0dde2a-0432-4cb2-ad33-987f5979ff76,0.015151515151515152,False,9.147799999482231
transfusion-retrieval-v2,sha256:5fc6a9a0d5ff5721954fad8f2855c204301e59ef0b28a91d8d9bdbaf48cb659b,4,hybrid_rrf,TF034,product_specific,True,False,10,10,4797ba3b-c3d9-4d11-be5f-86db44dbda83,0.015151515151515152,False,9.147799999482231
transfusion-retrieval-v2,sha256:5fc6a9a0d5ff5721954fad8f2855c204301e59ef0b28a91d8d9bdbaf48cb659b,4,hybrid_rrf,TF035,paraphrase,True,True,1,1,66dba192-bac5-4b3a-bd4d-77e9eacb4192,0.01639344262295082,False,13.11340000029304
transfusion-retrieval-v2,sha256:5fc6a9a0d5ff5721954fad8f2855c204301e59ef0b28a91d8d9bdbaf48cb659b,4,hybrid_rrf,TF035,paraphrase,True,True,3,1,66dba192-bac5-4b3a-bd4d-77e9eacb4192,0.01639344262295082,False,13.11340000029304
transfusion-retrieval-v2,sha256:5fc6a9a0d5ff5721954fad8f2855c204301e59ef0b28a91d8d9bdbaf48cb659b,4,hybrid_rrf,TF035,paraphrase,True,True,3,2,7c33fbb7-e931-4f6b-9520-23875ec9ee5b,0.01639344262295082,False,13.11340000029304
transfusion-retrieval-v2,sha256:5fc6a9a0d5ff5721954fad8f2855c204301e59ef0b28a91d8d9bdbaf48cb659b,4,hybrid_rrf,TF035,paraphrase,True,True,3,3,16efaa44-1554-4748-8407-48fac0bced94,0.016129032258064516,False,13.11340000029304
transfusion-retrieval-v2,sha256:5fc6a9a0d5ff5721954fad8f2855c204301e59ef0b28a91d8d9bdbaf48cb659b,4,hybrid_rrf,TF035,paraphrase,True,True,5,1,66dba192-bac5-4b3a-bd4d-77e9eacb4192,0.01639344262295082,False,13.11340000029304
transfusion-retrieval-v2,sha256:5fc6a9a0d5ff5721954fad8f2855c204301e59ef0b28a91d8d9bdbaf48cb659b,4,hybrid_rrf,TF035,paraphrase,True,True,5,2,7c33fbb7-e931-4f6b-9520-23875ec9ee5b,0.01639344262295082,False,13.11340000029304
transfusion-retrieval-v2,sha256:5fc6a9a0d5ff5721954fad8f2855c204301e59ef0b28a91d8d9bdbaf48cb659b,4,hybrid_rrf,TF035,paraphrase,True,True,5,3,16efaa44-1554-4748-8407-48fac0bced94,0.016129032258064516,False,13.11340000029304
transfusion-retrieval-v2,sha256:5fc6a9a0d5ff5721954fad8f2855c204301e59ef0b28a91d8d9bdbaf48cb659b,4,hybrid_rrf,TF035,paraphrase,True,True,5,4,b0b5bc4f-7d0b-4f56-8e37-84178d38637d,0.016129032258064516,True,13.11340000029304
transfusion-retrieval-v2,sha256:5fc6a9a0d5ff5721954fad8f2855c204301e59ef0b28a91d8d9bdbaf48cb659b,4,hybrid_rrf,TF035,paraphrase,True,True,5,5,4d18d11e-2a92-4690-8a64-46653931483e,0.015873015873015872,False,13.11340000029304
transfusion-retrieval-v2,sha256:5fc6a9a0d5ff5721954fad8f2855c204301e59ef0b28a91d8d9bdbaf48cb659b,4,hybrid_rrf,TF035,paraphrase,True,True,10,1,66dba192-bac5-4b3a-bd4d-77e9eacb4192,0.01639344262295082,False,13.11340000029304
transfusion-retrieval-v2,sha256:5fc6a9a0d5ff5721954fad8f2855c204301e59ef0b28a91d8d9bdbaf48cb659b,4,hybrid_rrf,TF035,paraphrase,True,True,10,2,7c33fbb7-e931-4f6b-9520-23875ec9ee5b,0.01639344262295082,False,13.11340000029304
transfusion-retrieval-v2,sha256:5fc6a9a0d5ff5721954fad8f2855c204301e59ef0b28a91d8d9bdbaf48cb659b,4,hybrid_rrf,TF035,paraphrase,True,True,10,3,16efaa44-1554-4748-8407-48fac0bced94,0.016129032258064516,False,13.11340000029304
transfusion-retrieval-v2,sha256:5fc6a9a0d5ff5721954fad8f2855c204301e59ef0b28a91d8d9bdbaf48cb659b,4,hybrid_rrf,TF035,paraphrase,True,True,10,4,b0b5bc4f-7d0b-4f56-8e37-84178d38637d,0.016129032258064516,True,13.11340000029304
transfusion-retrieval-v2,sha256:5fc6a9a0d5ff5721954fad8f2855c204301e59ef0b28a91d8d9bdbaf48cb659b,4,hybrid_rrf,TF035,paraphrase,True,True,10,5,4d18d11e-2a92-4690-8a64-46653931483e,0.015873015873015872,False,13.11340000029304
transfusion-retrieval-v2,sha256:5fc6a9a0d5ff5721954fad8f2855c204301e59ef0b28a91d8d9bdbaf48cb659b,4,hybrid_rrf,TF035,paraphrase,True,True,10,6,63cb7040-3526-4f6f-9f88-e295bbe5edaf,0.015873015873015872,False,13.11340000029304
transfusion-retrieval-v2,sha256:5fc6a9a0d5ff5721954fad8f2855c204301e59ef0b28a91d8d9bdbaf48cb659b,4,hybrid_rrf,TF035,paraphrase,True,True,10,7,da79aa00-567d-434c-8441-915ac080f918,0.015625,False,13.11340000029304
transfusion-retrieval-v2,sha256:5fc6a9a0d5ff5721954fad8f2855c204301e59ef0b28a91d8d9bdbaf48cb659b,4,hybrid_rrf,TF035,paraphrase,True,True,10,8,4797ba3b-c3d9-4d11-be5f-86db44dbda83,0.015625,False,13.11340000029304
transfusion-retrieval-v2,sha256:5fc6a9a0d5ff5721954fad8f2855c204301e59ef0b28a91d8d9bdbaf48cb659b,4,hybrid_rrf,TF035,paraphrase,True,True,10,9,1033ac46-dec8-493e-b577-7f5ad80f8e86,0.015384615384615385,False,13.11340000029304
transfusion-retrieval-v2,sha256:5fc6a9a0d5ff5721954fad8f2855c204301e59ef0b28a91d8d9bdbaf48cb659b,4,hybrid_rrf,TF035,paraphrase,True,True,10,10,59d57c8a-c9d7-4f8d-b9a1-a2816f1f01f7,0.015384615384615385,False,13.11340000029304
transfusion-retrieval-v2,sha256:5fc6a9a0d5ff5721954fad8f2855c204301e59ef0b28a91d8d9bdbaf48cb659b,4,hybrid_rrf,TF036,monitoring,True,False,1,1,a7cf71a5-8426-4d7c-8106-e0754e7cb4bf,0.031544957774465976,True,12.926500001412933
transfusion-retrieval-v2,sha256:5fc6a9a0d5ff5721954fad8f2855c204301e59ef0b28a91d8d9bdbaf48cb659b,4,hybrid_rrf,TF036,monitoring,True,False,3,1,a7cf71a5-8426-4d7c-8106-e0754e7cb4bf,0.031544957774465976,True,12.926500001412933
transfusion-retrieval-v2,sha256:5fc6a9a0d5ff5721954fad8f2855c204301e59ef0b28a91d8d9bdbaf48cb659b,4,hybrid_rrf,TF036,monitoring,True,False,3,2,8f3ed830-3a06-41c6-8b06-cfcf6d36a83c,0.031054405392392875,False,12.926500001412933
transfusion-retrieval-v2,sha256:5fc6a9a0d5ff5721954fad8f2855c204301e59ef0b28a91d8d9bdbaf48cb659b,4,hybrid_rrf,TF036,monitoring,True,False,3,3,7e5199d4-e5c9-40ca-a69f-ea37f52c6ce3,0.02877846790890269,False,12.926500001412933
transfusion-retrieval-v2,sha256:5fc6a9a0d5ff5721954fad8f2855c204301e59ef0b28a91d8d9bdbaf48cb659b,4,hybrid_rrf,TF036,monitoring,True,False,5,1,a7cf71a5-8426-4d7c-8106-e0754e7cb4bf,0.031544957774465976,True,12.926500001412933
transfusion-retrieval-v2,sha256:5fc6a9a0d5ff5721954fad8f2855c204301e59ef0b28a91d8d9bdbaf48cb659b,4,hybrid_rrf,TF036,monitoring,True,False,5,2,8f3ed830-3a06-41c6-8b06-cfcf6d36a83c,0.031054405392392875,False,12.926500001412933
transfusion-retrieval-v2,sha256:5fc6a9a0d5ff5721954fad8f2855c204301e59ef0b28a91d8d9bdbaf48cb659b,4,hybrid_rrf,TF036,monitoring,True,False,5,3,7e5199d4-e5c9-40ca-a69f-ea37f52c6ce3,0.02877846790890269,False,12.926500001412933
transfusion-retrieval-v2,sha256:5fc6a9a0d5ff5721954fad8f2855c204301e59ef0b28a91d8d9bdbaf48cb659b,4,hybrid_rrf,TF036,monitoring,True,False,5,4,16efaa44-1554-4748-8407-48fac0bced94,0.01639344262295082,False,12.926500001412933
transfusion-retrieval-v2,sha256:5fc6a9a0d5ff5721954fad8f2855c204301e59ef0b28a91d8d9bdbaf48cb659b,4,hybrid_rrf,TF036,monitoring,True,False,5,5,f9cfc75b-a5e7-4633-a798-4b17ea462325,0.016129032258064516,False,12.926500001412933
transfusion-retrieval-v2,sha256:5fc6a9a0d5ff5721954fad8f2855c204301e59ef0b28a91d8d9bdbaf48cb659b,4,hybrid_rrf,TF036,monitoring,True,False,10,1,a7cf71a5-8426-4d7c-8106-e0754e7cb4bf,0.031544957774465976,True,12.926500001412933
transfusion-retrieval-v2,sha256:5fc6a9a0d5ff5721954fad8f2855c204301e59ef0b28a91d8d9bdbaf48cb659b,4,hybrid_rrf,TF036,monitoring,True,False,10,2,8f3ed830-3a06-41c6-8b06-cfcf6d36a83c,0.031054405392392875,False,12.926500001412933
transfusion-retrieval-v2,sha256:5fc6a9a0d5ff5721954fad8f2855c204301e59ef0b28a91d8d9bdbaf48cb659b,4,hybrid_rrf,TF036,monitoring,True,False,10,3,7e5199d4-e5c9-40ca-a69f-ea37f52c6ce3,0.02877846790890269,False,12.926500001412933
transfusion-retrieval-v2,sha256:5fc6a9a0d5ff5721954fad8f2855c204301e59ef0b28a91d8d9bdbaf48cb659b,4,hybrid_rrf,TF036,monitoring,True,False,10,4,16efaa44-1554-4748-8407-48fac0bced94,0.01639344262295082,False,12.926500001412933
transfusion-retrieval-v2,sha256:5fc6a9a0d5ff5721954fad8f2855c204301e59ef0b28a91d8d9bdbaf48cb659b,4,hybrid_rrf,TF036,monitoring,True,False,10,5,f9cfc75b-a5e7-4633-a798-4b17ea462325,0.016129032258064516,False,12.926500001412933
transfusion-retrieval-v2,sha256:5fc6a9a0d5ff5721954fad8f2855c204301e59ef0b28a91d8d9bdbaf48cb659b,4,hybrid_rrf,TF036,monitoring,True,False,10,6,30ce28cb-f702-4cce-8105-137e2f73af0d,0.015873015873015872,False,12.926500001412933
transfusion-retrieval-v2,sha256:5fc6a9a0d5ff5721954fad8f2855c204301e59ef0b28a91d8d9bdbaf48cb659b,4,hybrid_rrf,TF036,monitoring,True,False,10,7,eda54b74-cd2f-4808-8175-bcc5b916ce90,0.015873015873015872,False,12.926500001412933
transfusion-retrieval-v2,sha256:5fc6a9a0d5ff5721954fad8f2855c204301e59ef0b28a91d8d9bdbaf48cb659b,4,hybrid_rrf,TF036,monitoring,True,False,10,8,22e6c188-2e4c-4029-b200-7770a3f00e6e,0.015625,False,12.926500001412933
transfusion-retrieval-v2,sha256:5fc6a9a0d5ff5721954fad8f2855c204301e59ef0b28a91d8d9bdbaf48cb659b,4,hybrid_rrf,TF036,monitoring,True,False,10,9,9b6cc313-9a59-4387-a5ce-2ed14389a0a7,0.015625,False,12.926500001412933
transfusion-retrieval-v2,sha256:5fc6a9a0d5ff5721954fad8f2855c204301e59ef0b28a91d8d9bdbaf48cb659b,4,hybrid_rrf,TF036,monitoring,True,False,10,10,7adacb8c-91c0-4ea7-8d82-7505eeac5042,0.015384615384615385,False,12.926500001412933
transfusion-retrieval-v2,sha256:5fc6a9a0d5ff5721954fad8f2855c204301e59ef0b28a91d8d9bdbaf48cb659b,4,hybrid_rrf,TF037,adverse_reaction,True,True,1,1,391ad5dc-0d1c-4350-85ba-5aa601d9ac0d,0.031009615384615385,False,12.042899999869405
transfusion-retrieval-v2,sha256:5fc6a9a0d5ff5721954fad8f2855c204301e59ef0b28a91d8d9bdbaf48cb659b,4,hybrid_rrf,TF037,adverse_reaction,True,True,3,1,391ad5dc-0d1c-4350-85ba-5aa601d9ac0d,0.031009615384615385,False,12.042899999869405
transfusion-retrieval-v2,sha256:5fc6a9a0d5ff5721954fad8f2855c204301e59ef0b28a91d8d9bdbaf48cb659b,4,hybrid_rrf,TF037,adverse_reaction,True,True,3,2,602c933f-0b8f-4533-87a5-f27ecd5f2af9,0.01639344262295082,False,12.042899999869405
transfusion-retrieval-v2,sha256:5fc6a9a0d5ff5721954fad8f2855c204301e59ef0b28a91d8d9bdbaf48cb659b,4,hybrid_rrf,TF037,adverse_reaction,True,True,3,3,15e829a9-a475-429d-b0e3-5c34bfbd3ab7,0.01639344262295082,True,12.042899999869405
transfusion-retrieval-v2,sha256:5fc6a9a0d5ff5721954fad8f2855c204301e59ef0b28a91d8d9bdbaf48cb659b,4,hybrid_rrf,TF037,adverse_reaction,True,True,5,1,391ad5dc-0d1c-4350-85ba-5aa601d9ac0d,0.031009615384615385,False,12.042899999869405
transfusion-retrieval-v2,sha256:5fc6a9a0d5ff5721954fad8f2855c204301e59ef0b28a91d8d9bdbaf48cb659b,4,hybrid_rrf,TF037,adverse_reaction,True,True,5,2,602c933f-0b8f-4533-87a5-f27ecd5f2af9,0.01639344262295082,False,12.042899999869405
transfusion-retrieval-v2,sha256:5fc6a9a0d5ff5721954fad8f2855c204301e59ef0b28a91d8d9bdbaf48cb659b,4,hybrid_rrf,TF037,adverse_reaction,True,True,5,3,15e829a9-a475-429d-b0e3-5c34bfbd3ab7,0.01639344262295082,True,12.042899999869405
transfusion-retrieval-v2,sha256:5fc6a9a0d5ff5721954fad8f2855c204301e59ef0b28a91d8d9bdbaf48cb659b,4,hybrid_rrf,TF037,adverse_reaction,True,True,5,4,324bc249-0e84-46e9-b77f-856c76cd5353,0.016129032258064516,False,12.042899999869405
transfusion-retrieval-v2,sha256:5fc6a9a0d5ff5721954fad8f2855c204301e59ef0b28a91d8d9bdbaf48cb659b,4,hybrid_rrf,TF037,adverse_reaction,True,True,5,5,63cb7040-3526-4f6f-9f88-e295bbe5edaf,0.016129032258064516,False,12.042899999869405
transfusion-retrieval-v2,sha256:5fc6a9a0d5ff5721954fad8f2855c204301e59ef0b28a91d8d9bdbaf48cb659b,4,hybrid_rrf,TF037,adverse_reaction,True,True,10,1,391ad5dc-0d1c-4350-85ba-5aa601d9ac0d,0.031009615384615385,False,12.042899999869405
transfusion-retrieval-v2,sha256:5fc6a9a0d5ff5721954fad8f2855c204301e59ef0b28a91d8d9bdbaf48cb659b,4,hybrid_rrf,TF037,adverse_reaction,True,True,10,2,602c933f-0b8f-4533-87a5-f27ecd5f2af9,0.01639344262295082,False,12.042899999869405
transfusion-retrieval-v2,sha256:5fc6a9a0d5ff5721954fad8f2855c204301e59ef0b28a91d8d9bdbaf48cb659b,4,hybrid_rrf,TF037,adverse_reaction,True,True,10,3,15e829a9-a475-429d-b0e3-5c34bfbd3ab7,0.01639344262295082,True,12.042899999869405
transfusion-retrieval-v2,sha256:5fc6a9a0d5ff5721954fad8f2855c204301e59ef0b28a91d8d9bdbaf48cb659b,4,hybrid_rrf,TF037,adverse_reaction,True,True,10,4,324bc249-0e84-46e9-b77f-856c76cd5353,0.016129032258064516,False,12.042899999869405
transfusion-retrieval-v2,sha256:5fc6a9a0d5ff5721954fad8f2855c204301e59ef0b28a91d8d9bdbaf48cb659b,4,hybrid_rrf,TF037,adverse_reaction,True,True,10,5,63cb7040-3526-4f6f-9f88-e295bbe5edaf,0.016129032258064516,False,12.042899999869405
transfusion-retrieval-v2,sha256:5fc6a9a0d5ff5721954fad8f2855c204301e59ef0b28a91d8d9bdbaf48cb659b,4,hybrid_rrf,TF037,adverse_reaction,True,True,10,6,16efaa44-1554-4748-8407-48fac0bced94,0.015873015873015872,False,12.042899999869405
transfusion-retrieval-v2,sha256:5fc6a9a0d5ff5721954fad8f2855c204301e59ef0b28a91d8d9bdbaf48cb659b,4,hybrid_rrf,TF037,adverse_reaction,True,True,10,7,8939253d-3272-4915-8c2b-c60062aeb818,0.015873015873015872,True,12.042899999869405
transfusion-retrieval-v2,sha256:5fc6a9a0d5ff5721954fad8f2855c204301e59ef0b28a91d8d9bdbaf48cb659b,4,hybrid_rrf,TF037,adverse_reaction,True,True,10,8,7abe62fa-6fdb-4466-a16b-73e1770f0c57,0.015625,False,12.042899999869405
transfusion-retrieval-v2,sha256:5fc6a9a0d5ff5721954fad8f2855c204301e59ef0b28a91d8d9bdbaf48cb659b,4,hybrid_rrf,TF037,adverse_reaction,True,True,10,9,761b9529-5b18-4262-8174-6062c35fb31c,0.015384615384615385,False,12.042899999869405
transfusion-retrieval-v2,sha256:5fc6a9a0d5ff5721954fad8f2855c204301e59ef0b28a91d8d9bdbaf48cb659b,4,hybrid_rrf,TF037,adverse_reaction,True,True,10,10,843aa4c8-3ffd-4747-97eb-8699b0a0eeaf,0.015151515151515152,False,12.042899999869405
transfusion-retrieval-v2,sha256:5fc6a9a0d5ff5721954fad8f2855c204301e59ef0b28a91d8d9bdbaf48cb659b,4,hybrid_rrf,TF038,adverse_reaction,True,True,1,1,391ad5dc-0d1c-4350-85ba-5aa601d9ac0d,0.0315136476426799,False,10.94559999910416
transfusion-retrieval-v2,sha256:5fc6a9a0d5ff5721954fad8f2855c204301e59ef0b28a91d8d9bdbaf48cb659b,4,hybrid_rrf,TF038,adverse_reaction,True,True,3,1,391ad5dc-0d1c-4350-85ba-5aa601d9ac0d,0.0315136476426799,False,10.94559999910416
transfusion-retrieval-v2,sha256:5fc6a9a0d5ff5721954fad8f2855c204301e59ef0b28a91d8d9bdbaf48cb659b,4,hybrid_rrf,TF038,adverse_reaction,True,True,3,2,8939253d-3272-4915-8c2b-c60062aeb818,0.0304147465437788,True,10.94559999910416
transfusion-retrieval-v2,sha256:5fc6a9a0d5ff5721954fad8f2855c204301e59ef0b28a91d8d9bdbaf48cb659b,4,hybrid_rrf,TF038,adverse_reaction,True,True,3,3,324bc249-0e84-46e9-b77f-856c76cd5353,0.01639344262295082,False,10.94559999910416
transfusion-retrieval-v2,sha256:5fc6a9a0d5ff5721954fad8f2855c204301e59ef0b28a91d8d9bdbaf48cb659b,4,hybrid_rrf,TF038,adverse_reaction,True,True,5,1,391ad5dc-0d1c-4350-85ba-5aa601d9ac0d,0.0315136476426799,False,10.94559999910416
transfusion-retrieval-v2,sha256:5fc6a9a0d5ff5721954fad8f2855c204301e59ef0b28a91d8d9bdbaf48cb659b,4,hybrid_rrf,TF038,adverse_reaction,True,True,5,2,8939253d-3272-4915-8c2b-c60062aeb818,0.0304147465437788,True,10.94559999910416
transfusion-retrieval-v2,sha256:5fc6a9a0d5ff5721954fad8f2855c204301e59ef0b28a91d8d9bdbaf48cb659b,4,hybrid_rrf,TF038,adverse_reaction,True,True,5,3,324bc249-0e84-46e9-b77f-856c76cd5353,0.01639344262295082,False,10.94559999910416
transfusion-retrieval-v2,sha256:5fc6a9a0d5ff5721954fad8f2855c204301e59ef0b28a91d8d9bdbaf48cb659b,4,hybrid_rrf,TF038,adverse_reaction,True,True,5,4,602c933f-0b8f-4533-87a5-f27ecd5f2af9,0.01639344262295082,False,10.94559999910416
transfusion-retrieval-v2,sha256:5fc6a9a0d5ff5721954fad8f2855c204301e59ef0b28a91d8d9bdbaf48cb659b,4,hybrid_rrf,TF038,adverse_reaction,True,True,5,5,843aa4c8-3ffd-4747-97eb-8699b0a0eeaf,0.015873015873015872,False,10.94559999910416
transfusion-retrieval-v2,sha256:5fc6a9a0d5ff5721954fad8f2855c204301e59ef0b28a91d8d9bdbaf48cb659b,4,hybrid_rrf,TF038,adverse_reaction,True,True,10,1,391ad5dc-0d1c-4350-85ba-5aa601d9ac0d,0.0315136476426799,False,10.94559999910416
transfusion-retrieval-v2,sha256:5fc6a9a0d5ff5721954fad8f2855c204301e59ef0b28a91d8d9bdbaf48cb659b,4,hybrid_rrf,TF038,adverse_reaction,True,True,10,2,8939253d-3272-4915-8c2b-c60062aeb818,0.0304147465437788,True,10.94559999910416
transfusion-retrieval-v2,sha256:5fc6a9a0d5ff5721954fad8f2855c204301e59ef0b28a91d8d9bdbaf48cb659b,4,hybrid_rrf,TF038,adverse_reaction,True,True,10,3,324bc249-0e84-46e9-b77f-856c76cd5353,0.01639344262295082,False,10.94559999910416
transfusion-retrieval-v2,sha256:5fc6a9a0d5ff5721954fad8f2855c204301e59ef0b28a91d8d9bdbaf48cb659b,4,hybrid_rrf,TF038,adverse_reaction,True,True,10,4,602c933f-0b8f-4533-87a5-f27ecd5f2af9,0.01639344262295082,False,10.94559999910416
transfusion-retrieval-v2,sha256:5fc6a9a0d5ff5721954fad8f2855c204301e59ef0b28a91d8d9bdbaf48cb659b,4,hybrid_rrf,TF038,adverse_reaction,True,True,10,5,843aa4c8-3ffd-4747-97eb-8699b0a0eeaf,0.015873015873015872,False,10.94559999910416
transfusion-retrieval-v2,sha256:5fc6a9a0d5ff5721954fad8f2855c204301e59ef0b28a91d8d9bdbaf48cb659b,4,hybrid_rrf,TF038,adverse_reaction,True,True,10,6,15e829a9-a475-429d-b0e3-5c34bfbd3ab7,0.015873015873015872,False,10.94559999910416
transfusion-retrieval-v2,sha256:5fc6a9a0d5ff5721954fad8f2855c204301e59ef0b28a91d8d9bdbaf48cb659b,4,hybrid_rrf,TF038,adverse_reaction,True,True,10,7,7abe62fa-6fdb-4466-a16b-73e1770f0c57,0.015625,True,10.94559999910416
transfusion-retrieval-v2,sha256:5fc6a9a0d5ff5721954fad8f2855c204301e59ef0b28a91d8d9bdbaf48cb659b,4,hybrid_rrf,TF038,adverse_reaction,True,True,10,8,4797ba3b-c3d9-4d11-be5f-86db44dbda83,0.015625,False,10.94559999910416
transfusion-retrieval-v2,sha256:5fc6a9a0d5ff5721954fad8f2855c204301e59ef0b28a91d8d9bdbaf48cb659b,4,hybrid_rrf,TF038,adverse_reaction,True,True,10,9,ee8c2027-ad6d-4bb7-8077-5e4c42be1cc3,0.015384615384615385,False,10.94559999910416
transfusion-retrieval-v2,sha256:5fc6a9a0d5ff5721954fad8f2855c204301e59ef0b28a91d8d9bdbaf48cb659b,4,hybrid_rrf,TF038,adverse_reaction,True,True,10,10,edd76252-eb29-4acf-9a31-735463528b7d,0.015151515151515152,False,10.94559999910416
transfusion-retrieval-v2,sha256:5fc6a9a0d5ff5721954fad8f2855c204301e59ef0b28a91d8d9bdbaf48cb659b,4,hybrid_rrf,TF039,adverse_reaction,True,True,1,1,7abe62fa-6fdb-4466-a16b-73e1770f0c57,0.03252247488101534,True,11.245400000916561
transfusion-retrieval-v2,sha256:5fc6a9a0d5ff5721954fad8f2855c204301e59ef0b28a91d8d9bdbaf48cb659b,4,hybrid_rrf,TF039,adverse_reaction,True,True,3,1,7abe62fa-6fdb-4466-a16b-73e1770f0c57,0.03252247488101534,True,11.245400000916561
transfusion-retrieval-v2,sha256:5fc6a9a0d5ff5721954fad8f2855c204301e59ef0b28a91d8d9bdbaf48cb659b,4,hybrid_rrf,TF039,adverse_reaction,True,True,3,2,2e55093d-0a0f-4fd9-954b-4fc72df9eac0,0.03200204813108039,True,11.245400000916561
transfusion-retrieval-v2,sha256:5fc6a9a0d5ff5721954fad8f2855c204301e59ef0b28a91d8d9bdbaf48cb659b,4,hybrid_rrf,TF039,adverse_reaction,True,True,3,3,391ad5dc-0d1c-4350-85ba-5aa601d9ac0d,0.030776515151515152,False,11.245400000916561
transfusion-retrieval-v2,sha256:5fc6a9a0d5ff5721954fad8f2855c204301e59ef0b28a91d8d9bdbaf48cb659b,4,hybrid_rrf,TF039,adverse_reaction,True,True,5,1,7abe62fa-6fdb-4466-a16b-73e1770f0c57,0.03252247488101534,True,11.245400000916561
transfusion-retrieval-v2,sha256:5fc6a9a0d5ff5721954fad8f2855c204301e59ef0b28a91d8d9bdbaf48cb659b,4,hybrid_rrf,TF039,adverse_reaction,True,True,5,2,2e55093d-0a0f-4fd9-954b-4fc72df9eac0,0.03200204813108039,True,11.245400000916561
transfusion-retrieval-v2,sha256:5fc6a9a0d5ff5721954fad8f2855c204301e59ef0b28a91d8d9bdbaf48cb659b,4,hybrid_rrf,TF039,adverse_reaction,True,True,5,3,391ad5dc-0d1c-4350-85ba-5aa601d9ac0d,0.030776515151515152,False,11.245400000916561
transfusion-retrieval-v2,sha256:5fc6a9a0d5ff5721954fad8f2855c204301e59ef0b28a91d8d9bdbaf48cb659b,4,hybrid_rrf,TF039,adverse_reaction,True,True,5,4,324bc249-0e84-46e9-b77f-856c76cd5353,0.01639344262295082,False,11.245400000916561
transfusion-retrieval-v2,sha256:5fc6a9a0d5ff5721954fad8f2855c204301e59ef0b28a91d8d9bdbaf48cb659b,4,hybrid_rrf,TF039,adverse_reaction,True,True,5,5,63cb7040-3526-4f6f-9f88-e295bbe5edaf,0.015873015873015872,False,11.245400000916561
transfusion-retrieval-v2,sha256:5fc6a9a0d5ff5721954fad8f2855c204301e59ef0b28a91d8d9bdbaf48cb659b,4,hybrid_rrf,TF039,adverse_reaction,True,True,10,1,7abe62fa-6fdb-4466-a16b-73e1770f0c57,0.03252247488101534,True,11.245400000916561
transfusion-retrieval-v2,sha256:5fc6a9a0d5ff5721954fad8f2855c204301e59ef0b28a91d8d9bdbaf48cb659b,4,hybrid_rrf,TF039,adverse_reaction,True,True,10,2,2e55093d-0a0f-4fd9-954b-4fc72df9eac0,0.03200204813108039,True,11.245400000916561
transfusion-retrieval-v2,sha256:5fc6a9a0d5ff5721954fad8f2855c204301e59ef0b28a91d8d9bdbaf48cb659b,4,hybrid_rrf,TF039,adverse_reaction,True,True,10,3,391ad5dc-0d1c-4350-85ba-5aa601d9ac0d,0.030776515151515152,False,11.245400000916561
transfusion-retrieval-v2,sha256:5fc6a9a0d5ff5721954fad8f2855c204301e59ef0b28a91d8d9bdbaf48cb659b,4,hybrid_rrf,TF039,adverse_reaction,True,True,10,4,324bc249-0e84-46e9-b77f-856c76cd5353,0.01639344262295082,False,11.245400000916561
transfusion-retrieval-v2,sha256:5fc6a9a0d5ff5721954fad8f2855c204301e59ef0b28a91d8d9bdbaf48cb659b,4,hybrid_rrf,TF039,adverse_reaction,True,True,10,5,63cb7040-3526-4f6f-9f88-e295bbe5edaf,0.015873015873015872,False,11.245400000916561
transfusion-retrieval-v2,sha256:5fc6a9a0d5ff5721954fad8f2855c204301e59ef0b28a91d8d9bdbaf48cb659b,4,hybrid_rrf,TF039,adverse_reaction,True,True,10,6,602c933f-0b8f-4533-87a5-f27ecd5f2af9,0.015625,False,11.245400000916561
transfusion-retrieval-v2,sha256:5fc6a9a0d5ff5721954fad8f2855c204301e59ef0b28a91d8d9bdbaf48cb659b,4,hybrid_rrf,TF039,adverse_reaction,True,True,10,7,da79aa00-567d-434c-8441-915ac080f918,0.015384615384615385,False,11.245400000916561
transfusion-retrieval-v2,sha256:5fc6a9a0d5ff5721954fad8f2855c204301e59ef0b28a91d8d9bdbaf48cb659b,4,hybrid_rrf,TF039,adverse_reaction,True,True,10,8,16efaa44-1554-4748-8407-48fac0bced94,0.015384615384615385,False,11.245400000916561
transfusion-retrieval-v2,sha256:5fc6a9a0d5ff5721954fad8f2855c204301e59ef0b28a91d8d9bdbaf48cb659b,4,hybrid_rrf,TF039,adverse_reaction,True,True,10,9,15e829a9-a475-429d-b0e3-5c34bfbd3ab7,0.015151515151515152,False,11.245400000916561
transfusion-retrieval-v2,sha256:5fc6a9a0d5ff5721954fad8f2855c204301e59ef0b28a91d8d9bdbaf48cb659b,4,hybrid_rrf,TF039,adverse_reaction,True,True,10,10,d4c1a9ca-23c5-4ae0-9a51-c56675b2e6d1,0.014925373134328358,False,11.245400000916561
transfusion-retrieval-v2,sha256:5fc6a9a0d5ff5721954fad8f2855c204301e59ef0b28a91d8d9bdbaf48cb659b,4,hybrid_rrf,TF040,adverse_reaction,True,True,1,1,391ad5dc-0d1c-4350-85ba-5aa601d9ac0d,0.031024531024531024,False,11.47820000005595
transfusion-retrieval-v2,sha256:5fc6a9a0d5ff5721954fad8f2855c204301e59ef0b28a91d8d9bdbaf48cb659b,4,hybrid_rrf,TF040,adverse_reaction,True,True,3,1,391ad5dc-0d1c-4350-85ba-5aa601d9ac0d,0.031024531024531024,False,11.47820000005595
transfusion-retrieval-v2,sha256:5fc6a9a0d5ff5721954fad8f2855c204301e59ef0b28a91d8d9bdbaf48cb659b,4,hybrid_rrf,TF040,adverse_reaction,True,True,3,2,16efaa44-1554-4748-8407-48fac0bced94,0.029211087420042643,False,11.47820000005595
transfusion-retrieval-v2,sha256:5fc6a9a0d5ff5721954fad8f2855c204301e59ef0b28a91d8d9bdbaf48cb659b,4,hybrid_rrf,TF040,adverse_reaction,True,True,3,3,602c933f-0b8f-4533-87a5-f27ecd5f2af9,0.01639344262295082,False,11.47820000005595
transfusion-retrieval-v2,sha256:5fc6a9a0d5ff5721954fad8f2855c204301e59ef0b28a91d8d9bdbaf48cb659b,4,hybrid_rrf,TF040,adverse_reaction,True,True,5,1,391ad5dc-0d1c-4350-85ba-5aa601d9ac0d,0.031024531024531024,False,11.47820000005595
transfusion-retrieval-v2,sha256:5fc6a9a0d5ff5721954fad8f2855c204301e59ef0b28a91d8d9bdbaf48cb659b,4,hybrid_rrf,TF040,adverse_reaction,True,True,5,2,16efaa44-1554-4748-8407-48fac0bced94,0.029211087420042643,False,11.47820000005595
transfusion-retrieval-v2,sha256:5fc6a9a0d5ff5721954fad8f2855c204301e59ef0b28a91d8d9bdbaf48cb659b,4,hybrid_rrf,TF040,adverse_reaction,True,True,5,3,602c933f-0b8f-4533-87a5-f27ecd5f2af9,0.01639344262295082,False,11.47820000005595
transfusion-retrieval-v2,sha256:5fc6a9a0d5ff5721954fad8f2855c204301e59ef0b28a91d8d9bdbaf48cb659b,4,hybrid_rrf,TF040,adverse_reaction,True,True,5,4,f4580736-a09e-471f-93d2-8089c695eb67,0.01639344262295082,True,11.47820000005595
transfusion-retrieval-v2,sha256:5fc6a9a0d5ff5721954fad8f2855c204301e59ef0b28a91d8d9bdbaf48cb659b,4,hybrid_rrf,TF040,adverse_reaction,True,True,5,5,843aa4c8-3ffd-4747-97eb-8699b0a0eeaf,0.016129032258064516,False,11.47820000005595
transfusion-retrieval-v2,sha256:5fc6a9a0d5ff5721954fad8f2855c204301e59ef0b28a91d8d9bdbaf48cb659b,4,hybrid_rrf,TF040,adverse_reaction,True,True,10,1,391ad5dc-0d1c-4350-85ba-5aa601d9ac0d,0.031024531024531024,False,11.47820000005595
transfusion-retrieval-v2,sha256:5fc6a9a0d5ff5721954fad8f2855c204301e59ef0b28a91d8d9bdbaf48cb659b,4,hybrid_rrf,TF040,adverse_reaction,True,True,10,2,16efaa44-1554-4748-8407-48fac0bced94,0.029211087420042643,False,11.47820000005595
transfusion-retrieval-v2,sha256:5fc6a9a0d5ff5721954fad8f2855c204301e59ef0b28a91d8d9bdbaf48cb659b,4,hybrid_rrf,TF040,adverse_reaction,True,True,10,3,602c933f-0b8f-4533-87a5-f27ecd5f2af9,0.01639344262295082,False,11.47820000005595
transfusion-retrieval-v2,sha256:5fc6a9a0d5ff5721954fad8f2855c204301e59ef0b28a91d8d9bdbaf48cb659b,4,hybrid_rrf,TF040,adverse_reaction,True,True,10,4,f4580736-a09e-471f-93d2-8089c695eb67,0.01639344262295082,True,11.47820000005595
transfusion-retrieval-v2,sha256:5fc6a9a0d5ff5721954fad8f2855c204301e59ef0b28a91d8d9bdbaf48cb659b,4,hybrid_rrf,TF040,adverse_reaction,True,True,10,5,843aa4c8-3ffd-4747-97eb-8699b0a0eeaf,0.016129032258064516,False,11.47820000005595
transfusion-retrieval-v2,sha256:5fc6a9a0d5ff5721954fad8f2855c204301e59ef0b28a91d8d9bdbaf48cb659b,4,hybrid_rrf,TF040,adverse_reaction,True,True,10,6,2e55093d-0a0f-4fd9-954b-4fc72df9eac0,0.016129032258064516,True,11.47820000005595
transfusion-retrieval-v2,sha256:5fc6a9a0d5ff5721954fad8f2855c204301e59ef0b28a91d8d9bdbaf48cb659b,4,hybrid_rrf,TF040,adverse_reaction,True,True,10,7,66dba192-bac5-4b3a-bd4d-77e9eacb4192,0.015873015873015872,False,11.47820000005595
transfusion-retrieval-v2,sha256:5fc6a9a0d5ff5721954fad8f2855c204301e59ef0b28a91d8d9bdbaf48cb659b,4,hybrid_rrf,TF040,adverse_reaction,True,True,10,8,ee8c2027-ad6d-4bb7-8077-5e4c42be1cc3,0.015625,False,11.47820000005595
transfusion-retrieval-v2,sha256:5fc6a9a0d5ff5721954fad8f2855c204301e59ef0b28a91d8d9bdbaf48cb659b,4,hybrid_rrf,TF040,adverse_reaction,True,True,10,9,b0d368a1-d0fc-4b8b-8567-e190cf462986,0.015625,False,11.47820000005595
transfusion-retrieval-v2,sha256:5fc6a9a0d5ff5721954fad8f2855c204301e59ef0b28a91d8d9bdbaf48cb659b,4,hybrid_rrf,TF040,adverse_reaction,True,True,10,10,edd76252-eb29-4acf-9a31-735463528b7d,0.015384615384615385,False,11.47820000005595
transfusion-retrieval-v2,sha256:5fc6a9a0d5ff5721954fad8f2855c204301e59ef0b28a91d8d9bdbaf48cb659b,4,hybrid_rrf,TF041,adverse_reaction,True,True,1,1,5e7838ae-0b80-4d05-b266-deb52de7b401,0.01639344262295082,True,12.22579999921436
transfusion-retrieval-v2,sha256:5fc6a9a0d5ff5721954fad8f2855c204301e59ef0b28a91d8d9bdbaf48cb659b,4,hybrid_rrf,TF041,adverse_reaction,True,True,3,1,5e7838ae-0b80-4d05-b266-deb52de7b401,0.01639344262295082,True,12.22579999921436
transfusion-retrieval-v2,sha256:5fc6a9a0d5ff5721954fad8f2855c204301e59ef0b28a91d8d9bdbaf48cb659b,4,hybrid_rrf,TF041,adverse_reaction,True,True,3,2,63cb7040-3526-4f6f-9f88-e295bbe5edaf,0.01639344262295082,False,12.22579999921436
transfusion-retrieval-v2,sha256:5fc6a9a0d5ff5721954fad8f2855c204301e59ef0b28a91d8d9bdbaf48cb659b,4,hybrid_rrf,TF041,adverse_reaction,True,True,3,3,16efaa44-1554-4748-8407-48fac0bced94,0.016129032258064516,False,12.22579999921436
transfusion-retrieval-v2,sha256:5fc6a9a0d5ff5721954fad8f2855c204301e59ef0b28a91d8d9bdbaf48cb659b,4,hybrid_rrf,TF041,adverse_reaction,True,True,5,1,5e7838ae-0b80-4d05-b266-deb52de7b401,0.01639344262295082,True,12.22579999921436
transfusion-retrieval-v2,sha256:5fc6a9a0d5ff5721954fad8f2855c204301e59ef0b28a91d8d9bdbaf48cb659b,4,hybrid_rrf,TF041,adverse_reaction,True,True,5,2,63cb7040-3526-4f6f-9f88-e295bbe5edaf,0.01639344262295082,False,12.22579999921436
transfusion-retrieval-v2,sha256:5fc6a9a0d5ff5721954fad8f2855c204301e59ef0b28a91d8d9bdbaf48cb659b,4,hybrid_rrf,TF041,adverse_reaction,True,True,5,3,16efaa44-1554-4748-8407-48fac0bced94,0.016129032258064516,False,12.22579999921436
transfusion-retrieval-v2,sha256:5fc6a9a0d5ff5721954fad8f2855c204301e59ef0b28a91d8d9bdbaf48cb659b,4,hybrid_rrf,TF041,adverse_reaction,True,True,5,4,7abe62fa-6fdb-4466-a16b-73e1770f0c57,0.016129032258064516,False,12.22579999921436
transfusion-retrieval-v2,sha256:5fc6a9a0d5ff5721954fad8f2855c204301e59ef0b28a91d8d9bdbaf48cb659b,4,hybrid_rrf,TF041,adverse_reaction,True,True,5,5,602c933f-0b8f-4533-87a5-f27ecd5f2af9,0.015873015873015872,False,12.22579999921436
transfusion-retrieval-v2,sha256:5fc6a9a0d5ff5721954fad8f2855c204301e59ef0b28a91d8d9bdbaf48cb659b,4,hybrid_rrf,TF041,adverse_reaction,True,True,10,1,5e7838ae-0b80-4d05-b266-deb52de7b401,0.01639344262295082,True,12.22579999921436
transfusion-retrieval-v2,sha256:5fc6a9a0d5ff5721954fad8f2855c204301e59ef0b28a91d8d9bdbaf48cb659b,4,hybrid_rrf,TF041,adverse_reaction,True,True,10,2,63cb7040-3526-4f6f-9f88-e295bbe5edaf,0.01639344262295082,False,12.22579999921436
transfusion-retrieval-v2,sha256:5fc6a9a0d5ff5721954fad8f2855c204301e59ef0b28a91d8d9bdbaf48cb659b,4,hybrid_rrf,TF041,adverse_reaction,True,True,10,3,16efaa44-1554-4748-8407-48fac0bced94,0.016129032258064516,False,12.22579999921436
transfusion-retrieval-v2,sha256:5fc6a9a0d5ff5721954fad8f2855c204301e59ef0b28a91d8d9bdbaf48cb659b,4,hybrid_rrf,TF041,adverse_reaction,True,True,10,4,7abe62fa-6fdb-4466-a16b-73e1770f0c57,0.016129032258064516,False,12.22579999921436
transfusion-retrieval-v2,sha256:5fc6a9a0d5ff5721954fad8f2855c204301e59ef0b28a91d8d9bdbaf48cb659b,4,hybrid_rrf,TF041,adverse_reaction,True,True,10,5,602c933f-0b8f-4533-87a5-f27ecd5f2af9,0.015873015873015872,False,12.22579999921436
transfusion-retrieval-v2,sha256:5fc6a9a0d5ff5721954fad8f2855c204301e59ef0b28a91d8d9bdbaf48cb659b,4,hybrid_rrf,TF041,adverse_reaction,True,True,10,6,f4580736-a09e-471f-93d2-8089c695eb67,0.015873015873015872,True,12.22579999921436
transfusion-retrieval-v2,sha256:5fc6a9a0d5ff5721954fad8f2855c204301e59ef0b28a91d8d9bdbaf48cb659b,4,hybrid_rrf,TF041,adverse_reaction,True,True,10,7,761b9529-5b18-4262-8174-6062c35fb31c,0.015625,False,12.22579999921436
transfusion-retrieval-v2,sha256:5fc6a9a0d5ff5721954fad8f2855c204301e59ef0b28a91d8d9bdbaf48cb659b,4,hybrid_rrf,TF041,adverse_reaction,True,True,10,8,324bc249-0e84-46e9-b77f-856c76cd5353,0.015625,False,12.22579999921436
transfusion-retrieval-v2,sha256:5fc6a9a0d5ff5721954fad8f2855c204301e59ef0b28a91d8d9bdbaf48cb659b,4,hybrid_rrf,TF041,adverse_reaction,True,True,10,9,eeb8db46-f757-41f1-9ca5-c022f3d4ea3e,0.015384615384615385,False,12.22579999921436
transfusion-retrieval-v2,sha256:5fc6a9a0d5ff5721954fad8f2855c204301e59ef0b28a91d8d9bdbaf48cb659b,4,hybrid_rrf,TF041,adverse_reaction,True,True,10,10,391ad5dc-0d1c-4350-85ba-5aa601d9ac0d,0.015384615384615385,False,12.22579999921436
transfusion-retrieval-v2,sha256:5fc6a9a0d5ff5721954fad8f2855c204301e59ef0b28a91d8d9bdbaf48cb659b,4,hybrid_rrf,TF042,procedure,True,False,1,1,fbf62ef9-25b7-437c-98d8-c4934fba0fe6,0.01639344262295082,False,11.627599997154903
transfusion-retrieval-v2,sha256:5fc6a9a0d5ff5721954fad8f2855c204301e59ef0b28a91d8d9bdbaf48cb659b,4,hybrid_rrf,TF042,procedure,True,False,3,1,fbf62ef9-25b7-437c-98d8-c4934fba0fe6,0.01639344262295082,False,11.627599997154903
transfusion-retrieval-v2,sha256:5fc6a9a0d5ff5721954fad8f2855c204301e59ef0b28a91d8d9bdbaf48cb659b,4,hybrid_rrf,TF042,procedure,True,False,3,2,63cb7040-3526-4f6f-9f88-e295bbe5edaf,0.01639344262295082,False,11.627599997154903
transfusion-retrieval-v2,sha256:5fc6a9a0d5ff5721954fad8f2855c204301e59ef0b28a91d8d9bdbaf48cb659b,4,hybrid_rrf,TF042,procedure,True,False,3,3,9552a4ac-31b4-43a8-aa92-37bd3e89362a,0.016129032258064516,False,11.627599997154903
transfusion-retrieval-v2,sha256:5fc6a9a0d5ff5721954fad8f2855c204301e59ef0b28a91d8d9bdbaf48cb659b,4,hybrid_rrf,TF042,procedure,True,False,5,1,fbf62ef9-25b7-437c-98d8-c4934fba0fe6,0.01639344262295082,False,11.627599997154903
transfusion-retrieval-v2,sha256:5fc6a9a0d5ff5721954fad8f2855c204301e59ef0b28a91d8d9bdbaf48cb659b,4,hybrid_rrf,TF042,procedure,True,False,5,2,63cb7040-3526-4f6f-9f88-e295bbe5edaf,0.01639344262295082,False,11.627599997154903
transfusion-retrieval-v2,sha256:5fc6a9a0d5ff5721954fad8f2855c204301e59ef0b28a91d8d9bdbaf48cb659b,4,hybrid_rrf,TF042,procedure,True,False,5,3,9552a4ac-31b4-43a8-aa92-37bd3e89362a,0.016129032258064516,False,11.627599997154903
transfusion-retrieval-v2,sha256:5fc6a9a0d5ff5721954fad8f2855c204301e59ef0b28a91d8d9bdbaf48cb659b,4,hybrid_rrf,TF042,procedure,True,False,5,4,16efaa44-1554-4748-8407-48fac0bced94,0.016129032258064516,False,11.627599997154903
transfusion-retrieval-v2,sha256:5fc6a9a0d5ff5721954fad8f2855c204301e59ef0b28a91d8d9bdbaf48cb659b,4,hybrid_rrf,TF042,procedure,True,False,5,5,2cea4ea7-7aaf-4c54-ac4e-b660de52065d,0.015873015873015872,False,11.627599997154903
transfusion-retrieval-v2,sha256:5fc6a9a0d5ff5721954fad8f2855c204301e59ef0b28a91d8d9bdbaf48cb659b,4,hybrid_rrf,TF042,procedure,True,False,10,1,fbf62ef9-25b7-437c-98d8-c4934fba0fe6,0.01639344262295082,False,11.627599997154903
transfusion-retrieval-v2,sha256:5fc6a9a0d5ff5721954fad8f2855c204301e59ef0b28a91d8d9bdbaf48cb659b,4,hybrid_rrf,TF042,procedure,True,False,10,2,63cb7040-3526-4f6f-9f88-e295bbe5edaf,0.01639344262295082,False,11.627599997154903
transfusion-retrieval-v2,sha256:5fc6a9a0d5ff5721954fad8f2855c204301e59ef0b28a91d8d9bdbaf48cb659b,4,hybrid_rrf,TF042,procedure,True,False,10,3,9552a4ac-31b4-43a8-aa92-37bd3e89362a,0.016129032258064516,False,11.627599997154903
transfusion-retrieval-v2,sha256:5fc6a9a0d5ff5721954fad8f2855c204301e59ef0b28a91d8d9bdbaf48cb659b,4,hybrid_rrf,TF042,procedure,True,False,10,4,16efaa44-1554-4748-8407-48fac0bced94,0.016129032258064516,False,11.627599997154903
transfusion-retrieval-v2,sha256:5fc6a9a0d5ff5721954fad8f2855c204301e59ef0b28a91d8d9bdbaf48cb659b,4,hybrid_rrf,TF042,procedure,True,False,10,5,2cea4ea7-7aaf-4c54-ac4e-b660de52065d,0.015873015873015872,False,11.627599997154903
transfusion-retrieval-v2,sha256:5fc6a9a0d5ff5721954fad8f2855c204301e59ef0b28a91d8d9bdbaf48cb659b,4,hybrid_rrf,TF042,procedure,True,False,10,6,4797ba3b-c3d9-4d11-be5f-86db44dbda83,0.015873015873015872,False,11.627599997154903
transfusion-retrieval-v2,sha256:5fc6a9a0d5ff5721954fad8f2855c204301e59ef0b28a91d8d9bdbaf48cb659b,4,hybrid_rrf,TF042,procedure,True,False,10,7,eeb8db46-f757-41f1-9ca5-c022f3d4ea3e,0.015625,False,11.627599997154903
transfusion-retrieval-v2,sha256:5fc6a9a0d5ff5721954fad8f2855c204301e59ef0b28a91d8d9bdbaf48cb659b,4,hybrid_rrf,TF042,procedure,True,False,10,8,dfb2693a-e821-4d6e-bbcc-0dbf3dc2a2ae,0.015625,True,11.627599997154903
transfusion-retrieval-v2,sha256:5fc6a9a0d5ff5721954fad8f2855c204301e59ef0b28a91d8d9bdbaf48cb659b,4,hybrid_rrf,TF042,procedure,True,False,10,9,17e22a4e-78d9-4607-b75b-151e52cc4d20,0.015384615384615385,False,11.627599997154903
transfusion-retrieval-v2,sha256:5fc6a9a0d5ff5721954fad8f2855c204301e59ef0b28a91d8d9bdbaf48cb659b,4,hybrid_rrf,TF042,procedure,True,False,10,10,84c0a864-176f-4776-a15e-167fc2518e5d,0.015384615384615385,False,11.627599997154903
transfusion-retrieval-v2,sha256:5fc6a9a0d5ff5721954fad8f2855c204301e59ef0b28a91d8d9bdbaf48cb659b,4,hybrid_rrf,TF043,procedure,True,False,1,1,9552a4ac-31b4-43a8-aa92-37bd3e89362a,0.01639344262295082,False,11.856499999339576
transfusion-retrieval-v2,sha256:5fc6a9a0d5ff5721954fad8f2855c204301e59ef0b28a91d8d9bdbaf48cb659b,4,hybrid_rrf,TF043,procedure,True,False,3,1,9552a4ac-31b4-43a8-aa92-37bd3e89362a,0.01639344262295082,False,11.856499999339576
transfusion-retrieval-v2,sha256:5fc6a9a0d5ff5721954fad8f2855c204301e59ef0b28a91d8d9bdbaf48cb659b,4,hybrid_rrf,TF043,procedure,True,False,3,2,63cb7040-3526-4f6f-9f88-e295bbe5edaf,0.01639344262295082,False,11.856499999339576
transfusion-retrieval-v2,sha256:5fc6a9a0d5ff5721954fad8f2855c204301e59ef0b28a91d8d9bdbaf48cb659b,4,hybrid_rrf,TF043,procedure,True,False,3,3,84c0a864-176f-4776-a15e-167fc2518e5d,0.016129032258064516,False,11.856499999339576
transfusion-retrieval-v2,sha256:5fc6a9a0d5ff5721954fad8f2855c204301e59ef0b28a91d8d9bdbaf48cb659b,4,hybrid_rrf,TF043,procedure,True,False,5,1,9552a4ac-31b4-43a8-aa92-37bd3e89362a,0.01639344262295082,False,11.856499999339576
transfusion-retrieval-v2,sha256:5fc6a9a0d5ff5721954fad8f2855c204301e59ef0b28a91d8d9bdbaf48cb659b,4,hybrid_rrf,TF043,procedure,True,False,5,2,63cb7040-3526-4f6f-9f88-e295bbe5edaf,0.01639344262295082,False,11.856499999339576
transfusion-retrieval-v2,sha256:5fc6a9a0d5ff5721954fad8f2855c204301e59ef0b28a91d8d9bdbaf48cb659b,4,hybrid_rrf,TF043,procedure,True,False,5,3,84c0a864-176f-4776-a15e-167fc2518e5d,0.016129032258064516,False,11.856499999339576
transfusion-retrieval-v2,sha256:5fc6a9a0d5ff5721954fad8f2855c204301e59ef0b28a91d8d9bdbaf48cb659b,4,hybrid_rrf,TF043,procedure,True,False,5,4,16efaa44-1554-4748-8407-48fac0bced94,0.016129032258064516,False,11.856499999339576
transfusion-retrieval-v2,sha256:5fc6a9a0d5ff5721954fad8f2855c204301e59ef0b28a91d8d9bdbaf48cb659b,4,hybrid_rrf,TF043,procedure,True,False,5,5,eeb8db46-f757-41f1-9ca5-c022f3d4ea3e,0.015873015873015872,False,11.856499999339576
transfusion-retrieval-v2,sha256:5fc6a9a0d5ff5721954fad8f2855c204301e59ef0b28a91d8d9bdbaf48cb659b,4,hybrid_rrf,TF043,procedure,True,False,10,1,9552a4ac-31b4-43a8-aa92-37bd3e89362a,0.01639344262295082,False,11.856499999339576
transfusion-retrieval-v2,sha256:5fc6a9a0d5ff5721954fad8f2855c204301e59ef0b28a91d8d9bdbaf48cb659b,4,hybrid_rrf,TF043,procedure,True,False,10,2,63cb7040-3526-4f6f-9f88-e295bbe5edaf,0.01639344262295082,False,11.856499999339576
transfusion-retrieval-v2,sha256:5fc6a9a0d5ff5721954fad8f2855c204301e59ef0b28a91d8d9bdbaf48cb659b,4,hybrid_rrf,TF043,procedure,True,False,10,3,84c0a864-176f-4776-a15e-167fc2518e5d,0.016129032258064516,False,11.856499999339576
transfusion-retrieval-v2,sha256:5fc6a9a0d5ff5721954fad8f2855c204301e59ef0b28a91d8d9bdbaf48cb659b,4,hybrid_rrf,TF043,procedure,True,False,10,4,16efaa44-1554-4748-8407-48fac0bced94,0.016129032258064516,False,11.856499999339576
transfusion-retrieval-v2,sha256:5fc6a9a0d5ff5721954fad8f2855c204301e59ef0b28a91d8d9bdbaf48cb659b,4,hybrid_rrf,TF043,procedure,True,False,10,5,eeb8db46-f757-41f1-9ca5-c022f3d4ea3e,0.015873015873015872,False,11.856499999339576
transfusion-retrieval-v2,sha256:5fc6a9a0d5ff5721954fad8f2855c204301e59ef0b28a91d8d9bdbaf48cb659b,4,hybrid_rrf,TF043,procedure,True,False,10,6,59d57c8a-c9d7-4f8d-b9a1-a2816f1f01f7,0.015873015873015872,False,11.856499999339576
transfusion-retrieval-v2,sha256:5fc6a9a0d5ff5721954fad8f2855c204301e59ef0b28a91d8d9bdbaf48cb659b,4,hybrid_rrf,TF043,procedure,True,False,10,7,17e22a4e-78d9-4607-b75b-151e52cc4d20,0.015625,False,11.856499999339576
transfusion-retrieval-v2,sha256:5fc6a9a0d5ff5721954fad8f2855c204301e59ef0b28a91d8d9bdbaf48cb659b,4,hybrid_rrf,TF043,procedure,True,False,10,8,f9cfc75b-a5e7-4633-a798-4b17ea462325,0.015625,False,11.856499999339576
transfusion-retrieval-v2,sha256:5fc6a9a0d5ff5721954fad8f2855c204301e59ef0b28a91d8d9bdbaf48cb659b,4,hybrid_rrf,TF043,procedure,True,False,10,9,e4892114-b8eb-4f39-a7c4-427217039236,0.015384615384615385,False,11.856499999339576
transfusion-retrieval-v2,sha256:5fc6a9a0d5ff5721954fad8f2855c204301e59ef0b28a91d8d9bdbaf48cb659b,4,hybrid_rrf,TF043,procedure,True,False,10,10,e62b0c91-ff0c-43b2-9bd5-ff173d9f8bc0,0.015384615384615385,False,11.856499999339576
transfusion-retrieval-v2,sha256:5fc6a9a0d5ff5721954fad8f2855c204301e59ef0b28a91d8d9bdbaf48cb659b,4,hybrid_rrf,TF044,fact_specific,True,False,1,1,3abbb958-eafe-4ffe-bcfc-dafa7349c15c,0.029910714285714284,False,12.257300000783289
transfusion-retrieval-v2,sha256:5fc6a9a0d5ff5721954fad8f2855c204301e59ef0b28a91d8d9bdbaf48cb659b,4,hybrid_rrf,TF044,fact_specific,True,False,3,1,3abbb958-eafe-4ffe-bcfc-dafa7349c15c,0.029910714285714284,False,12.257300000783289
transfusion-retrieval-v2,sha256:5fc6a9a0d5ff5721954fad8f2855c204301e59ef0b28a91d8d9bdbaf48cb659b,4,hybrid_rrf,TF044,fact_specific,True,False,3,2,09f3c6d5-9e0c-4545-960f-b16c69abbeb1,0.01639344262295082,False,12.257300000783289
transfusion-retrieval-v2,sha256:5fc6a9a0d5ff5721954fad8f2855c204301e59ef0b28a91d8d9bdbaf48cb659b,4,hybrid_rrf,TF044,fact_specific,True,False,3,3,4797ba3b-c3d9-4d11-be5f-86db44dbda83,0.01639344262295082,False,12.257300000783289
transfusion-retrieval-v2,sha256:5fc6a9a0d5ff5721954fad8f2855c204301e59ef0b28a91d8d9bdbaf48cb659b,4,hybrid_rrf,TF044,fact_specific,True,False,5,1,3abbb958-eafe-4ffe-bcfc-dafa7349c15c,0.029910714285714284,False,12.257300000783289
transfusion-retrieval-v2,sha256:5fc6a9a0d5ff5721954fad8f2855c204301e59ef0b28a91d8d9bdbaf48cb659b,4,hybrid_rrf,TF044,fact_specific,True,False,5,2,09f3c6d5-9e0c-4545-960f-b16c69abbeb1,0.01639344262295082,False,12.257300000783289
transfusion-retrieval-v2,sha256:5fc6a9a0d5ff5721954fad8f2855c204301e59ef0b28a91d8d9bdbaf48cb659b,4,hybrid_rrf,TF044,fact_specific,True,False,5,3,4797ba3b-c3d9-4d11-be5f-86db44dbda83,0.01639344262295082,False,12.257300000783289
transfusion-retrieval-v2,sha256:5fc6a9a0d5ff5721954fad8f2855c204301e59ef0b28a91d8d9bdbaf48cb659b,4,hybrid_rrf,TF044,fact_specific,True,False,5,4,dfb2693a-e821-4d6e-bbcc-0dbf3dc2a2ae,0.016129032258064516,False,12.257300000783289
transfusion-retrieval-v2,sha256:5fc6a9a0d5ff5721954fad8f2855c204301e59ef0b28a91d8d9bdbaf48cb659b,4,hybrid_rrf,TF044,fact_specific,True,False,5,5,63cb7040-3526-4f6f-9f88-e295bbe5edaf,0.016129032258064516,False,12.257300000783289
transfusion-retrieval-v2,sha256:5fc6a9a0d5ff5721954fad8f2855c204301e59ef0b28a91d8d9bdbaf48cb659b,4,hybrid_rrf,TF044,fact_specific,True,False,10,1,3abbb958-eafe-4ffe-bcfc-dafa7349c15c,0.029910714285714284,False,12.257300000783289
transfusion-retrieval-v2,sha256:5fc6a9a0d5ff5721954fad8f2855c204301e59ef0b28a91d8d9bdbaf48cb659b,4,hybrid_rrf,TF044,fact_specific,True,False,10,2,09f3c6d5-9e0c-4545-960f-b16c69abbeb1,0.01639344262295082,False,12.257300000783289
transfusion-retrieval-v2,sha256:5fc6a9a0d5ff5721954fad8f2855c204301e59ef0b28a91d8d9bdbaf48cb659b,4,hybrid_rrf,TF044,fact_specific,True,False,10,3,4797ba3b-c3d9-4d11-be5f-86db44dbda83,0.01639344262295082,False,12.257300000783289
transfusion-retrieval-v2,sha256:5fc6a9a0d5ff5721954fad8f2855c204301e59ef0b28a91d8d9bdbaf48cb659b,4,hybrid_rrf,TF044,fact_specific,True,False,10,4,dfb2693a-e821-4d6e-bbcc-0dbf3dc2a2ae,0.016129032258064516,False,12.257300000783289
transfusion-retrieval-v2,sha256:5fc6a9a0d5ff5721954fad8f2855c204301e59ef0b28a91d8d9bdbaf48cb659b,4,hybrid_rrf,TF044,fact_specific,True,False,10,5,63cb7040-3526-4f6f-9f88-e295bbe5edaf,0.016129032258064516,False,12.257300000783289
transfusion-retrieval-v2,sha256:5fc6a9a0d5ff5721954fad8f2855c204301e59ef0b28a91d8d9bdbaf48cb659b,4,hybrid_rrf,TF044,fact_specific,True,False,10,6,919e93ca-fed9-4dde-b9b8-f870e207a3f3,0.015873015873015872,False,12.257300000783289
transfusion-retrieval-v2,sha256:5fc6a9a0d5ff5721954fad8f2855c204301e59ef0b28a91d8d9bdbaf48cb659b,4,hybrid_rrf,TF044,fact_specific,True,False,10,7,fd678588-5ac2-400d-95c5-3309537781ec,0.015873015873015872,False,12.257300000783289
transfusion-retrieval-v2,sha256:5fc6a9a0d5ff5721954fad8f2855c204301e59ef0b28a91d8d9bdbaf48cb659b,4,hybrid_rrf,TF044,fact_specific,True,False,10,8,66dba192-bac5-4b3a-bd4d-77e9eacb4192,0.015625,False,12.257300000783289
transfusion-retrieval-v2,sha256:5fc6a9a0d5ff5721954fad8f2855c204301e59ef0b28a91d8d9bdbaf48cb659b,4,hybrid_rrf,TF044,fact_specific,True,False,10,9,3ecc27b9-634c-4026-b44e-e01123aa0467,0.015384615384615385,False,12.257300000783289
transfusion-retrieval-v2,sha256:5fc6a9a0d5ff5721954fad8f2855c204301e59ef0b28a91d8d9bdbaf48cb659b,4,hybrid_rrf,TF044,fact_specific,True,False,10,10,16efaa44-1554-4748-8407-48fac0bced94,0.015384615384615385,False,12.257300000783289
transfusion-retrieval-v2,sha256:5fc6a9a0d5ff5721954fad8f2855c204301e59ef0b28a91d8d9bdbaf48cb659b,4,hybrid_rrf,TF045,paraphrase,True,False,1,1,fd678588-5ac2-400d-95c5-3309537781ec,0.028991596638655463,True,9.121799999775249
transfusion-retrieval-v2,sha256:5fc6a9a0d5ff5721954fad8f2855c204301e59ef0b28a91d8d9bdbaf48cb659b,4,hybrid_rrf,TF045,paraphrase,True,False,3,1,fd678588-5ac2-400d-95c5-3309537781ec,0.028991596638655463,True,9.121799999775249
transfusion-retrieval-v2,sha256:5fc6a9a0d5ff5721954fad8f2855c204301e59ef0b28a91d8d9bdbaf48cb659b,4,hybrid_rrf,TF045,paraphrase,True,False,3,2,3abbb958-eafe-4ffe-bcfc-dafa7349c15c,0.01639344262295082,False,9.121799999775249
transfusion-retrieval-v2,sha256:5fc6a9a0d5ff5721954fad8f2855c204301e59ef0b28a91d8d9bdbaf48cb659b,4,hybrid_rrf,TF045,paraphrase,True,False,3,3,63cb7040-3526-4f6f-9f88-e295bbe5edaf,0.01639344262295082,False,9.121799999775249
transfusion-retrieval-v2,sha256:5fc6a9a0d5ff5721954fad8f2855c204301e59ef0b28a91d8d9bdbaf48cb659b,4,hybrid_rrf,TF045,paraphrase,True,False,5,1,fd678588-5ac2-400d-95c5-3309537781ec,0.028991596638655463,True,9.121799999775249
transfusion-retrieval-v2,sha256:5fc6a9a0d5ff5721954fad8f2855c204301e59ef0b28a91d8d9bdbaf48cb659b,4,hybrid_rrf,TF045,paraphrase,True,False,5,2,3abbb958-eafe-4ffe-bcfc-dafa7349c15c,0.01639344262295082,False,9.121799999775249
transfusion-retrieval-v2,sha256:5fc6a9a0d5ff5721954fad8f2855c204301e59ef0b28a91d8d9bdbaf48cb659b,4,hybrid_rrf,TF045,paraphrase,True,False,5,3,63cb7040-3526-4f6f-9f88-e295bbe5edaf,0.01639344262295082,False,9.121799999775249
transfusion-retrieval-v2,sha256:5fc6a9a0d5ff5721954fad8f2855c204301e59ef0b28a91d8d9bdbaf48cb659b,4,hybrid_rrf,TF045,paraphrase,True,False,5,4,eda54b74-cd2f-4808-8175-bcc5b916ce90,0.016129032258064516,False,9.121799999775249
transfusion-retrieval-v2,sha256:5fc6a9a0d5ff5721954fad8f2855c204301e59ef0b28a91d8d9bdbaf48cb659b,4,hybrid_rrf,TF045,paraphrase,True,False,5,5,4797ba3b-c3d9-4d11-be5f-86db44dbda83,0.016129032258064516,False,9.121799999775249
transfusion-retrieval-v2,sha256:5fc6a9a0d5ff5721954fad8f2855c204301e59ef0b28a91d8d9bdbaf48cb659b,4,hybrid_rrf,TF045,paraphrase,True,False,10,1,fd678588-5ac2-400d-95c5-3309537781ec,0.028991596638655463,True,9.121799999775249
transfusion-retrieval-v2,sha256:5fc6a9a0d5ff5721954fad8f2855c204301e59ef0b28a91d8d9bdbaf48cb659b,4,hybrid_rrf,TF045,paraphrase,True,False,10,2,3abbb958-eafe-4ffe-bcfc-dafa7349c15c,0.01639344262295082,False,9.121799999775249
transfusion-retrieval-v2,sha256:5fc6a9a0d5ff5721954fad8f2855c204301e59ef0b28a91d8d9bdbaf48cb659b,4,hybrid_rrf,TF045,paraphrase,True,False,10,3,63cb7040-3526-4f6f-9f88-e295bbe5edaf,0.01639344262295082,False,9.121799999775249
transfusion-retrieval-v2,sha256:5fc6a9a0d5ff5721954fad8f2855c204301e59ef0b28a91d8d9bdbaf48cb659b,4,hybrid_rrf,TF045,paraphrase,True,False,10,4,eda54b74-cd2f-4808-8175-bcc5b916ce90,0.016129032258064516,False,9.121799999775249
transfusion-retrieval-v2,sha256:5fc6a9a0d5ff5721954fad8f2855c204301e59ef0b28a91d8d9bdbaf48cb659b,4,hybrid_rrf,TF045,paraphrase,True,False,10,5,4797ba3b-c3d9-4d11-be5f-86db44dbda83,0.016129032258064516,False,9.121799999775249
transfusion-retrieval-v2,sha256:5fc6a9a0d5ff5721954fad8f2855c204301e59ef0b28a91d8d9bdbaf48cb659b,4,hybrid_rrf,TF045,paraphrase,True,False,10,6,7adacb8c-91c0-4ea7-8d82-7505eeac5042,0.015873015873015872,False,9.121799999775249
transfusion-retrieval-v2,sha256:5fc6a9a0d5ff5721954fad8f2855c204301e59ef0b28a91d8d9bdbaf48cb659b,4,hybrid_rrf,TF045,paraphrase,True,False,10,7,16efaa44-1554-4748-8407-48fac0bced94,0.015873015873015872,False,9.121799999775249
transfusion-retrieval-v2,sha256:5fc6a9a0d5ff5721954fad8f2855c204301e59ef0b28a91d8d9bdbaf48cb659b,4,hybrid_rrf,TF045,paraphrase,True,False,10,8,602c933f-0b8f-4533-87a5-f27ecd5f2af9,0.015625,False,9.121799999775249
transfusion-retrieval-v2,sha256:5fc6a9a0d5ff5721954fad8f2855c204301e59ef0b28a91d8d9bdbaf48cb659b,4,hybrid_rrf,TF045,paraphrase,True,False,10,9,dfb2693a-e821-4d6e-bbcc-0dbf3dc2a2ae,0.015625,False,9.121799999775249
transfusion-retrieval-v2,sha256:5fc6a9a0d5ff5721954fad8f2855c204301e59ef0b28a91d8d9bdbaf48cb659b,4,hybrid_rrf,TF045,paraphrase,True,False,10,10,66dba192-bac5-4b3a-bd4d-77e9eacb4192,0.015384615384615385,False,9.121799999775249
transfusion-retrieval-v2,sha256:5fc6a9a0d5ff5721954fad8f2855c204301e59ef0b28a91d8d9bdbaf48cb659b,4,hybrid_rrf,TN001,negative_out_of_scope,False,False,1,1,fb4884e3-8fea-42fa-b996-7e9c333e7fef,0.01639344262295082,False,35.78729999935604
transfusion-retrieval-v2,sha256:5fc6a9a0d5ff5721954fad8f2855c204301e59ef0b28a91d8d9bdbaf48cb659b,4,hybrid_rrf,TN001,negative_out_of_scope,False,False,3,1,fb4884e3-8fea-42fa-b996-7e9c333e7fef,0.01639344262295082,False,35.78729999935604
transfusion-retrieval-v2,sha256:5fc6a9a0d5ff5721954fad8f2855c204301e59ef0b28a91d8d9bdbaf48cb659b,4,hybrid_rrf,TN001,negative_out_of_scope,False,False,3,2,64fa07b8-63c3-43c8-899e-5bd6282225ed,0.01639344262295082,False,35.78729999935604
transfusion-retrieval-v2,sha256:5fc6a9a0d5ff5721954fad8f2855c204301e59ef0b28a91d8d9bdbaf48cb659b,4,hybrid_rrf,TN001,negative_out_of_scope,False,False,3,3,761b9529-5b18-4262-8174-6062c35fb31c,0.016129032258064516,False,35.78729999935604
transfusion-retrieval-v2,sha256:5fc6a9a0d5ff5721954fad8f2855c204301e59ef0b28a91d8d9bdbaf48cb659b,4,hybrid_rrf,TN001,negative_out_of_scope,False,False,5,1,fb4884e3-8fea-42fa-b996-7e9c333e7fef,0.01639344262295082,False,35.78729999935604
transfusion-retrieval-v2,sha256:5fc6a9a0d5ff5721954fad8f2855c204301e59ef0b28a91d8d9bdbaf48cb659b,4,hybrid_rrf,TN001,negative_out_of_scope,False,False,5,2,64fa07b8-63c3-43c8-899e-5bd6282225ed,0.01639344262295082,False,35.78729999935604
transfusion-retrieval-v2,sha256:5fc6a9a0d5ff5721954fad8f2855c204301e59ef0b28a91d8d9bdbaf48cb659b,4,hybrid_rrf,TN001,negative_out_of_scope,False,False,5,3,761b9529-5b18-4262-8174-6062c35fb31c,0.016129032258064516,False,35.78729999935604
transfusion-retrieval-v2,sha256:5fc6a9a0d5ff5721954fad8f2855c204301e59ef0b28a91d8d9bdbaf48cb659b,4,hybrid_rrf,TN001,negative_out_of_scope,False,False,5,4,f1611d72-8c47-41f8-bfee-99d5ffdfe12a,0.016129032258064516,False,35.78729999935604
transfusion-retrieval-v2,sha256:5fc6a9a0d5ff5721954fad8f2855c204301e59ef0b28a91d8d9bdbaf48cb659b,4,hybrid_rrf,TN001,negative_out_of_scope,False,False,5,5,c78ff32d-ea17-41fd-98ef-2e8872f01df3,0.015873015873015872,False,35.78729999935604
transfusion-retrieval-v2,sha256:5fc6a9a0d5ff5721954fad8f2855c204301e59ef0b28a91d8d9bdbaf48cb659b,4,hybrid_rrf,TN001,negative_out_of_scope,False,False,10,1,fb4884e3-8fea-42fa-b996-7e9c333e7fef,0.01639344262295082,False,35.78729999935604
transfusion-retrieval-v2,sha256:5fc6a9a0d5ff5721954fad8f2855c204301e59ef0b28a91d8d9bdbaf48cb659b,4,hybrid_rrf,TN001,negative_out_of_scope,False,False,10,2,64fa07b8-63c3-43c8-899e-5bd6282225ed,0.01639344262295082,False,35.78729999935604
transfusion-retrieval-v2,sha256:5fc6a9a0d5ff5721954fad8f2855c204301e59ef0b28a91d8d9bdbaf48cb659b,4,hybrid_rrf,TN001,negative_out_of_scope,False,False,10,3,761b9529-5b18-4262-8174-6062c35fb31c,0.016129032258064516,False,35.78729999935604
transfusion-retrieval-v2,sha256:5fc6a9a0d5ff5721954fad8f2855c204301e59ef0b28a91d8d9bdbaf48cb659b,4,hybrid_rrf,TN001,negative_out_of_scope,False,False,10,4,f1611d72-8c47-41f8-bfee-99d5ffdfe12a,0.016129032258064516,False,35.78729999935604
transfusion-retrieval-v2,sha256:5fc6a9a0d5ff5721954fad8f2855c204301e59ef0b28a91d8d9bdbaf48cb659b,4,hybrid_rrf,TN001,negative_out_of_scope,False,False,10,5,c78ff32d-ea17-41fd-98ef-2e8872f01df3,0.015873015873015872,False,35.78729999935604
transfusion-retrieval-v2,sha256:5fc6a9a0d5ff5721954fad8f2855c204301e59ef0b28a91d8d9bdbaf48cb659b,4,hybrid_rrf,TN001,negative_out_of_scope,False,False,10,6,16efaa44-1554-4748-8407-48fac0bced94,0.015873015873015872,False,35.78729999935604
transfusion-retrieval-v2,sha256:5fc6a9a0d5ff5721954fad8f2855c204301e59ef0b28a91d8d9bdbaf48cb659b,4,hybrid_rrf,TN001,negative_out_of_scope,False,False,10,7,d9a4a9c8-fbd4-41f2-bab6-6abd72575204,0.015625,False,35.78729999935604
transfusion-retrieval-v2,sha256:5fc6a9a0d5ff5721954fad8f2855c204301e59ef0b28a91d8d9bdbaf48cb659b,4,hybrid_rrf,TN001,negative_out_of_scope,False,False,10,8,63cb7040-3526-4f6f-9f88-e295bbe5edaf,0.015625,False,35.78729999935604
transfusion-retrieval-v2,sha256:5fc6a9a0d5ff5721954fad8f2855c204301e59ef0b28a91d8d9bdbaf48cb659b,4,hybrid_rrf,TN001,negative_out_of_scope,False,False,10,9,ee8c2027-ad6d-4bb7-8077-5e4c42be1cc3,0.015384615384615385,False,35.78729999935604
transfusion-retrieval-v2,sha256:5fc6a9a0d5ff5721954fad8f2855c204301e59ef0b28a91d8d9bdbaf48cb659b,4,hybrid_rrf,TN001,negative_out_of_scope,False,False,10,10,2cea4ea7-7aaf-4c54-ac4e-b660de52065d,0.015384615384615385,False,35.78729999935604
transfusion-retrieval-v2,sha256:5fc6a9a0d5ff5721954fad8f2855c204301e59ef0b28a91d8d9bdbaf48cb659b,4,hybrid_rrf,TN002,negative_out_of_scope,False,False,1,1,fb4884e3-8fea-42fa-b996-7e9c333e7fef,0.03252247488101534,False,15.786500000103842
transfusion-retrieval-v2,sha256:5fc6a9a0d5ff5721954fad8f2855c204301e59ef0b28a91d8d9bdbaf48cb659b,4,hybrid_rrf,TN002,negative_out_of_scope,False,False,3,1,fb4884e3-8fea-42fa-b996-7e9c333e7fef,0.03252247488101534,False,15.786500000103842
transfusion-retrieval-v2,sha256:5fc6a9a0d5ff5721954fad8f2855c204301e59ef0b28a91d8d9bdbaf48cb659b,4,hybrid_rrf,TN002,negative_out_of_scope,False,False,3,2,c78ff32d-ea17-41fd-98ef-2e8872f01df3,0.01639344262295082,False,15.786500000103842
transfusion-retrieval-v2,sha256:5fc6a9a0d5ff5721954fad8f2855c204301e59ef0b28a91d8d9bdbaf48cb659b,4,hybrid_rrf,TN002,negative_out_of_scope,False,False,3,3,eeb8db46-f757-41f1-9ca5-c022f3d4ea3e,0.016129032258064516,False,15.786500000103842
transfusion-retrieval-v2,sha256:5fc6a9a0d5ff5721954fad8f2855c204301e59ef0b28a91d8d9bdbaf48cb659b,4,hybrid_rrf,TN002,negative_out_of_scope,False,False,5,1,fb4884e3-8fea-42fa-b996-7e9c333e7fef,0.03252247488101534,False,15.786500000103842
transfusion-retrieval-v2,sha256:5fc6a9a0d5ff5721954fad8f2855c204301e59ef0b28a91d8d9bdbaf48cb659b,4,hybrid_rrf,TN002,negative_out_of_scope,False,False,5,2,c78ff32d-ea17-41fd-98ef-2e8872f01df3,0.01639344262295082,False,15.786500000103842
transfusion-retrieval-v2,sha256:5fc6a9a0d5ff5721954fad8f2855c204301e59ef0b28a91d8d9bdbaf48cb659b,4,hybrid_rrf,TN002,negative_out_of_scope,False,False,5,3,eeb8db46-f757-41f1-9ca5-c022f3d4ea3e,0.016129032258064516,False,15.786500000103842
transfusion-retrieval-v2,sha256:5fc6a9a0d5ff5721954fad8f2855c204301e59ef0b28a91d8d9bdbaf48cb659b,4,hybrid_rrf,TN002,negative_out_of_scope,False,False,5,4,761b9529-5b18-4262-8174-6062c35fb31c,0.015873015873015872,False,15.786500000103842
transfusion-retrieval-v2,sha256:5fc6a9a0d5ff5721954fad8f2855c204301e59ef0b28a91d8d9bdbaf48cb659b,4,hybrid_rrf,TN002,negative_out_of_scope,False,False,5,5,17e22a4e-78d9-4607-b75b-151e52cc4d20,0.015873015873015872,False,15.786500000103842
transfusion-retrieval-v2,sha256:5fc6a9a0d5ff5721954fad8f2855c204301e59ef0b28a91d8d9bdbaf48cb659b,4,hybrid_rrf,TN002,negative_out_of_scope,False,False,10,1,fb4884e3-8fea-42fa-b996-7e9c333e7fef,0.03252247488101534,False,15.786500000103842
transfusion-retrieval-v2,sha256:5fc6a9a0d5ff5721954fad8f2855c204301e59ef0b28a91d8d9bdbaf48cb659b,4,hybrid_rrf,TN002,negative_out_of_scope,False,False,10,2,c78ff32d-ea17-41fd-98ef-2e8872f01df3,0.01639344262295082,False,15.786500000103842
transfusion-retrieval-v2,sha256:5fc6a9a0d5ff5721954fad8f2855c204301e59ef0b28a91d8d9bdbaf48cb659b,4,hybrid_rrf,TN002,negative_out_of_scope,False,False,10,3,eeb8db46-f757-41f1-9ca5-c022f3d4ea3e,0.016129032258064516,False,15.786500000103842
transfusion-retrieval-v2,sha256:5fc6a9a0d5ff5721954fad8f2855c204301e59ef0b28a91d8d9bdbaf48cb659b,4,hybrid_rrf,TN002,negative_out_of_scope,False,False,10,4,761b9529-5b18-4262-8174-6062c35fb31c,0.015873015873015872,False,15.786500000103842
transfusion-retrieval-v2,sha256:5fc6a9a0d5ff5721954fad8f2855c204301e59ef0b28a91d8d9bdbaf48cb659b,4,hybrid_rrf,TN002,negative_out_of_scope,False,False,10,5,17e22a4e-78d9-4607-b75b-151e52cc4d20,0.015873015873015872,False,15.786500000103842
transfusion-retrieval-v2,sha256:5fc6a9a0d5ff5721954fad8f2855c204301e59ef0b28a91d8d9bdbaf48cb659b,4,hybrid_rrf,TN002,negative_out_of_scope,False,False,10,6,d9a4a9c8-fbd4-41f2-bab6-6abd72575204,0.015625,False,15.786500000103842
transfusion-retrieval-v2,sha256:5fc6a9a0d5ff5721954fad8f2855c204301e59ef0b28a91d8d9bdbaf48cb659b,4,hybrid_rrf,TN002,negative_out_of_scope,False,False,10,7,fbb0340e-b19d-43c3-a23a-5ee07899e8cd,0.015625,False,15.786500000103842
transfusion-retrieval-v2,sha256:5fc6a9a0d5ff5721954fad8f2855c204301e59ef0b28a91d8d9bdbaf48cb659b,4,hybrid_rrf,TN002,negative_out_of_scope,False,False,10,8,ee8c2027-ad6d-4bb7-8077-5e4c42be1cc3,0.015384615384615385,False,15.786500000103842
transfusion-retrieval-v2,sha256:5fc6a9a0d5ff5721954fad8f2855c204301e59ef0b28a91d8d9bdbaf48cb659b,4,hybrid_rrf,TN002,negative_out_of_scope,False,False,10,9,e4892114-b8eb-4f39-a7c4-427217039236,0.015384615384615385,False,15.786500000103842
transfusion-retrieval-v2,sha256:5fc6a9a0d5ff5721954fad8f2855c204301e59ef0b28a91d8d9bdbaf48cb659b,4,hybrid_rrf,TN002,negative_out_of_scope,False,False,10,10,66dba192-bac5-4b3a-bd4d-77e9eacb4192,0.015151515151515152,False,15.786500000103842
transfusion-retrieval-v2,sha256:5fc6a9a0d5ff5721954fad8f2855c204301e59ef0b28a91d8d9bdbaf48cb659b,4,hybrid_rrf,TN003,negative_out_of_scope,False,False,1,1,fb4884e3-8fea-42fa-b996-7e9c333e7fef,0.031754032258064516,False,14.944600001399522
transfusion-retrieval-v2,sha256:5fc6a9a0d5ff5721954fad8f2855c204301e59ef0b28a91d8d9bdbaf48cb659b,4,hybrid_rrf,TN003,negative_out_of_scope,False,False,3,1,fb4884e3-8fea-42fa-b996-7e9c333e7fef,0.031754032258064516,False,14.944600001399522
transfusion-retrieval-v2,sha256:5fc6a9a0d5ff5721954fad8f2855c204301e59ef0b28a91d8d9bdbaf48cb659b,4,hybrid_rrf,TN003,negative_out_of_scope,False,False,3,2,f1611d72-8c47-41f8-bfee-99d5ffdfe12a,0.01639344262295082,False,14.944600001399522
transfusion-retrieval-v2,sha256:5fc6a9a0d5ff5721954fad8f2855c204301e59ef0b28a91d8d9bdbaf48cb659b,4,hybrid_rrf,TN003,negative_out_of_scope,False,False,3,3,6ffcd319-e868-444b-b6fe-8d192a4de3ff,0.01639344262295082,False,14.944600001399522
transfusion-retrieval-v2,sha256:5fc6a9a0d5ff5721954fad8f2855c204301e59ef0b28a91d8d9bdbaf48cb659b,4,hybrid_rrf,TN003,negative_out_of_scope,False,False,5,1,fb4884e3-8fea-42fa-b996-7e9c333e7fef,0.031754032258064516,False,14.944600001399522
transfusion-retrieval-v2,sha256:5fc6a9a0d5ff5721954fad8f2855c204301e59ef0b28a91d8d9bdbaf48cb659b,4,hybrid_rrf,TN003,negative_out_of_scope,False,False,5,2,f1611d72-8c47-41f8-bfee-99d5ffdfe12a,0.01639344262295082,False,14.944600001399522
transfusion-retrieval-v2,sha256:5fc6a9a0d5ff5721954fad8f2855c204301e59ef0b28a91d8d9bdbaf48cb659b,4,hybrid_rrf,TN003,negative_out_of_scope,False,False,5,3,6ffcd319-e868-444b-b6fe-8d192a4de3ff,0.01639344262295082,False,14.944600001399522
transfusion-retrieval-v2,sha256:5fc6a9a0d5ff5721954fad8f2855c204301e59ef0b28a91d8d9bdbaf48cb659b,4,hybrid_rrf,TN003,negative_out_of_scope,False,False,5,4,f7a9837d-f8db-4461-abd8-a3607db2276f,0.016129032258064516,False,14.944600001399522
transfusion-retrieval-v2,sha256:5fc6a9a0d5ff5721954fad8f2855c204301e59ef0b28a91d8d9bdbaf48cb659b,4,hybrid_rrf,TN003,negative_out_of_scope,False,False,5,5,17e22a4e-78d9-4607-b75b-151e52cc4d20,0.015873015873015872,False,14.944600001399522
transfusion-retrieval-v2,sha256:5fc6a9a0d5ff5721954fad8f2855c204301e59ef0b28a91d8d9bdbaf48cb659b,4,hybrid_rrf,TN003,negative_out_of_scope,False,False,10,1,fb4884e3-8fea-42fa-b996-7e9c333e7fef,0.031754032258064516,False,14.944600001399522
transfusion-retrieval-v2,sha256:5fc6a9a0d5ff5721954fad8f2855c204301e59ef0b28a91d8d9bdbaf48cb659b,4,hybrid_rrf,TN003,negative_out_of_scope,False,False,10,2,f1611d72-8c47-41f8-bfee-99d5ffdfe12a,0.01639344262295082,False,14.944600001399522
transfusion-retrieval-v2,sha256:5fc6a9a0d5ff5721954fad8f2855c204301e59ef0b28a91d8d9bdbaf48cb659b,4,hybrid_rrf,TN003,negative_out_of_scope,False,False,10,3,6ffcd319-e868-444b-b6fe-8d192a4de3ff,0.01639344262295082,False,14.944600001399522
transfusion-retrieval-v2,sha256:5fc6a9a0d5ff5721954fad8f2855c204301e59ef0b28a91d8d9bdbaf48cb659b,4,hybrid_rrf,TN003,negative_out_of_scope,False,False,10,4,f7a9837d-f8db-4461-abd8-a3607db2276f,0.016129032258064516,False,14.944600001399522
transfusion-retrieval-v2,sha256:5fc6a9a0d5ff5721954fad8f2855c204301e59ef0b28a91d8d9bdbaf48cb659b,4,hybrid_rrf,TN003,negative_out_of_scope,False,False,10,5,17e22a4e-78d9-4607-b75b-151e52cc4d20,0.015873015873015872,False,14.944600001399522
transfusion-retrieval-v2,sha256:5fc6a9a0d5ff5721954fad8f2855c204301e59ef0b28a91d8d9bdbaf48cb659b,4,hybrid_rrf,TN003,negative_out_of_scope,False,False,10,6,fbf62ef9-25b7-437c-98d8-c4934fba0fe6,0.015873015873015872,False,14.944600001399522
transfusion-retrieval-v2,sha256:5fc6a9a0d5ff5721954fad8f2855c204301e59ef0b28a91d8d9bdbaf48cb659b,4,hybrid_rrf,TN003,negative_out_of_scope,False,False,10,7,fbb0340e-b19d-43c3-a23a-5ee07899e8cd,0.015625,False,14.944600001399522
transfusion-retrieval-v2,sha256:5fc6a9a0d5ff5721954fad8f2855c204301e59ef0b28a91d8d9bdbaf48cb659b,4,hybrid_rrf,TN003,negative_out_of_scope,False,False,10,8,761b9529-5b18-4262-8174-6062c35fb31c,0.015384615384615385,False,14.944600001399522
transfusion-retrieval-v2,sha256:5fc6a9a0d5ff5721954fad8f2855c204301e59ef0b28a91d8d9bdbaf48cb659b,4,hybrid_rrf,TN003,negative_out_of_scope,False,False,10,9,e4892114-b8eb-4f39-a7c4-427217039236,0.015384615384615385,False,14.944600001399522
transfusion-retrieval-v2,sha256:5fc6a9a0d5ff5721954fad8f2855c204301e59ef0b28a91d8d9bdbaf48cb659b,4,hybrid_rrf,TN003,negative_out_of_scope,False,False,10,10,c78ff32d-ea17-41fd-98ef-2e8872f01df3,0.015151515151515152,False,14.944600001399522
transfusion-retrieval-v2,sha256:5fc6a9a0d5ff5721954fad8f2855c204301e59ef0b28a91d8d9bdbaf48cb659b,4,hybrid_rrf,TN004,negative_out_of_scope,False,False,1,1,fb4884e3-8fea-42fa-b996-7e9c333e7fef,0.03252247488101534,False,13.922799998908886
transfusion-retrieval-v2,sha256:5fc6a9a0d5ff5721954fad8f2855c204301e59ef0b28a91d8d9bdbaf48cb659b,4,hybrid_rrf,TN004,negative_out_of_scope,False,False,3,1,fb4884e3-8fea-42fa-b996-7e9c333e7fef,0.03252247488101534,False,13.922799998908886
transfusion-retrieval-v2,sha256:5fc6a9a0d5ff5721954fad8f2855c204301e59ef0b28a91d8d9bdbaf48cb659b,4,hybrid_rrf,TN004,negative_out_of_scope,False,False,3,2,63cb7040-3526-4f6f-9f88-e295bbe5edaf,0.01639344262295082,False,13.922799998908886
transfusion-retrieval-v2,sha256:5fc6a9a0d5ff5721954fad8f2855c204301e59ef0b28a91d8d9bdbaf48cb659b,4,hybrid_rrf,TN004,negative_out_of_scope,False,False,3,3,761b9529-5b18-4262-8174-6062c35fb31c,0.016129032258064516,False,13.922799998908886
transfusion-retrieval-v2,sha256:5fc6a9a0d5ff5721954fad8f2855c204301e59ef0b28a91d8d9bdbaf48cb659b,4,hybrid_rrf,TN004,negative_out_of_scope,False,False,5,1,fb4884e3-8fea-42fa-b996-7e9c333e7fef,0.03252247488101534,False,13.922799998908886
transfusion-retrieval-v2,sha256:5fc6a9a0d5ff5721954fad8f2855c204301e59ef0b28a91d8d9bdbaf48cb659b,4,hybrid_rrf,TN004,negative_out_of_scope,False,False,5,2,63cb7040-3526-4f6f-9f88-e295bbe5edaf,0.01639344262295082,False,13.922799998908886
transfusion-retrieval-v2,sha256:5fc6a9a0d5ff5721954fad8f2855c204301e59ef0b28a91d8d9bdbaf48cb659b,4,hybrid_rrf,TN004,negative_out_of_scope,False,False,5,3,761b9529-5b18-4262-8174-6062c35fb31c,0.016129032258064516,False,13.922799998908886
transfusion-retrieval-v2,sha256:5fc6a9a0d5ff5721954fad8f2855c204301e59ef0b28a91d8d9bdbaf48cb659b,4,hybrid_rrf,TN004,negative_out_of_scope,False,False,5,4,c78ff32d-ea17-41fd-98ef-2e8872f01df3,0.015873015873015872,False,13.922799998908886
transfusion-retrieval-v2,sha256:5fc6a9a0d5ff5721954fad8f2855c204301e59ef0b28a91d8d9bdbaf48cb659b,4,hybrid_rrf,TN004,negative_out_of_scope,False,False,5,5,fbb0340e-b19d-43c3-a23a-5ee07899e8cd,0.015873015873015872,False,13.922799998908886
transfusion-retrieval-v2,sha256:5fc6a9a0d5ff5721954fad8f2855c204301e59ef0b28a91d8d9bdbaf48cb659b,4,hybrid_rrf,TN004,negative_out_of_scope,False,False,10,1,fb4884e3-8fea-42fa-b996-7e9c333e7fef,0.03252247488101534,False,13.922799998908886
transfusion-retrieval-v2,sha256:5fc6a9a0d5ff5721954fad8f2855c204301e59ef0b28a91d8d9bdbaf48cb659b,4,hybrid_rrf,TN004,negative_out_of_scope,False,False,10,2,63cb7040-3526-4f6f-9f88-e295bbe5edaf,0.01639344262295082,False,13.922799998908886
transfusion-retrieval-v2,sha256:5fc6a9a0d5ff5721954fad8f2855c204301e59ef0b28a91d8d9bdbaf48cb659b,4,hybrid_rrf,TN004,negative_out_of_scope,False,False,10,3,761b9529-5b18-4262-8174-6062c35fb31c,0.016129032258064516,False,13.922799998908886
transfusion-retrieval-v2,sha256:5fc6a9a0d5ff5721954fad8f2855c204301e59ef0b28a91d8d9bdbaf48cb659b,4,hybrid_rrf,TN004,negative_out_of_scope,False,False,10,4,c78ff32d-ea17-41fd-98ef-2e8872f01df3,0.015873015873015872,False,13.922799998908886
transfusion-retrieval-v2,sha256:5fc6a9a0d5ff5721954fad8f2855c204301e59ef0b28a91d8d9bdbaf48cb659b,4,hybrid_rrf,TN004,negative_out_of_scope,False,False,10,5,fbb0340e-b19d-43c3-a23a-5ee07899e8cd,0.015873015873015872,False,13.922799998908886
transfusion-retrieval-v2,sha256:5fc6a9a0d5ff5721954fad8f2855c204301e59ef0b28a91d8d9bdbaf48cb659b,4,hybrid_rrf,TN004,negative_out_of_scope,False,False,10,6,d9a4a9c8-fbd4-41f2-bab6-6abd72575204,0.015625,False,13.922799998908886
transfusion-retrieval-v2,sha256:5fc6a9a0d5ff5721954fad8f2855c204301e59ef0b28a91d8d9bdbaf48cb659b,4,hybrid_rrf,TN004,negative_out_of_scope,False,False,10,7,e4892114-b8eb-4f39-a7c4-427217039236,0.015625,False,13.922799998908886
transfusion-retrieval-v2,sha256:5fc6a9a0d5ff5721954fad8f2855c204301e59ef0b28a91d8d9bdbaf48cb659b,4,hybrid_rrf,TN004,negative_out_of_scope,False,False,10,8,ee8c2027-ad6d-4bb7-8077-5e4c42be1cc3,0.015384615384615385,False,13.922799998908886
transfusion-retrieval-v2,sha256:5fc6a9a0d5ff5721954fad8f2855c204301e59ef0b28a91d8d9bdbaf48cb659b,4,hybrid_rrf,TN004,negative_out_of_scope,False,False,10,9,9c5f18b5-9491-4cb2-9eba-9a0d2462f8bb,0.015384615384615385,False,13.922799998908886
transfusion-retrieval-v2,sha256:5fc6a9a0d5ff5721954fad8f2855c204301e59ef0b28a91d8d9bdbaf48cb659b,4,hybrid_rrf,TN004,negative_out_of_scope,False,False,10,10,66dba192-bac5-4b3a-bd4d-77e9eacb4192,0.015151515151515152,False,13.922799998908886
transfusion-retrieval-v2,sha256:5fc6a9a0d5ff5721954fad8f2855c204301e59ef0b28a91d8d9bdbaf48cb659b,4,hybrid_rrf,TN005,negative_out_of_scope,False,False,1,1,3abbb958-eafe-4ffe-bcfc-dafa7349c15c,0.03177805800756621,False,15.199600000414648
transfusion-retrieval-v2,sha256:5fc6a9a0d5ff5721954fad8f2855c204301e59ef0b28a91d8d9bdbaf48cb659b,4,hybrid_rrf,TN005,negative_out_of_scope,False,False,3,1,3abbb958-eafe-4ffe-bcfc-dafa7349c15c,0.03177805800756621,False,15.199600000414648
transfusion-retrieval-v2,sha256:5fc6a9a0d5ff5721954fad8f2855c204301e59ef0b28a91d8d9bdbaf48cb659b,4,hybrid_rrf,TN005,negative_out_of_scope,False,False,3,2,fd678588-5ac2-400d-95c5-3309537781ec,0.031024531024531024,False,15.199600000414648
transfusion-retrieval-v2,sha256:5fc6a9a0d5ff5721954fad8f2855c204301e59ef0b28a91d8d9bdbaf48cb659b,4,hybrid_rrf,TN005,negative_out_of_scope,False,False,3,3,b225ae64-72d2-4e59-81c0-57f5d8438666,0.01639344262295082,False,15.199600000414648
transfusion-retrieval-v2,sha256:5fc6a9a0d5ff5721954fad8f2855c204301e59ef0b28a91d8d9bdbaf48cb659b,4,hybrid_rrf,TN005,negative_out_of_scope,False,False,5,1,3abbb958-eafe-4ffe-bcfc-dafa7349c15c,0.03177805800756621,False,15.199600000414648
transfusion-retrieval-v2,sha256:5fc6a9a0d5ff5721954fad8f2855c204301e59ef0b28a91d8d9bdbaf48cb659b,4,hybrid_rrf,TN005,negative_out_of_scope,False,False,5,2,fd678588-5ac2-400d-95c5-3309537781ec,0.031024531024531024,False,15.199600000414648
transfusion-retrieval-v2,sha256:5fc6a9a0d5ff5721954fad8f2855c204301e59ef0b28a91d8d9bdbaf48cb659b,4,hybrid_rrf,TN005,negative_out_of_scope,False,False,5,3,b225ae64-72d2-4e59-81c0-57f5d8438666,0.01639344262295082,False,15.199600000414648
transfusion-retrieval-v2,sha256:5fc6a9a0d5ff5721954fad8f2855c204301e59ef0b28a91d8d9bdbaf48cb659b,4,hybrid_rrf,TN005,negative_out_of_scope,False,False,5,4,70b95f72-95ec-43b5-b76f-657518103256,0.016129032258064516,False,15.199600000414648
transfusion-retrieval-v2,sha256:5fc6a9a0d5ff5721954fad8f2855c204301e59ef0b28a91d8d9bdbaf48cb659b,4,hybrid_rrf,TN005,negative_out_of_scope,False,False,5,5,eda54b74-cd2f-4808-8175-bcc5b916ce90,0.016129032258064516,False,15.199600000414648
transfusion-retrieval-v2,sha256:5fc6a9a0d5ff5721954fad8f2855c204301e59ef0b28a91d8d9bdbaf48cb659b,4,hybrid_rrf,TN005,negative_out_of_scope,False,False,10,1,3abbb958-eafe-4ffe-bcfc-dafa7349c15c,0.03177805800756621,False,15.199600000414648
transfusion-retrieval-v2,sha256:5fc6a9a0d5ff5721954fad8f2855c204301e59ef0b28a91d8d9bdbaf48cb659b,4,hybrid_rrf,TN005,negative_out_of_scope,False,False,10,2,fd678588-5ac2-400d-95c5-3309537781ec,0.031024531024531024,False,15.199600000414648
transfusion-retrieval-v2,sha256:5fc6a9a0d5ff5721954fad8f2855c204301e59ef0b28a91d8d9bdbaf48cb659b,4,hybrid_rrf,TN005,negative_out_of_scope,False,False,10,3,b225ae64-72d2-4e59-81c0-57f5d8438666,0.01639344262295082,False,15.199600000414648
transfusion-retrieval-v2,sha256:5fc6a9a0d5ff5721954fad8f2855c204301e59ef0b28a91d8d9bdbaf48cb659b,4,hybrid_rrf,TN005,negative_out_of_scope,False,False,10,4,70b95f72-95ec-43b5-b76f-657518103256,0.016129032258064516,False,15.199600000414648
transfusion-retrieval-v2,sha256:5fc6a9a0d5ff5721954fad8f2855c204301e59ef0b28a91d8d9bdbaf48cb659b,4,hybrid_rrf,TN005,negative_out_of_scope,False,False,10,5,eda54b74-cd2f-4808-8175-bcc5b916ce90,0.016129032258064516,False,15.199600000414648
transfusion-retrieval-v2,sha256:5fc6a9a0d5ff5721954fad8f2855c204301e59ef0b28a91d8d9bdbaf48cb659b,4,hybrid_rrf,TN005,negative_out_of_scope,False,False,10,6,7adacb8c-91c0-4ea7-8d82-7505eeac5042,0.015873015873015872,False,15.199600000414648
transfusion-retrieval-v2,sha256:5fc6a9a0d5ff5721954fad8f2855c204301e59ef0b28a91d8d9bdbaf48cb659b,4,hybrid_rrf,TN005,negative_out_of_scope,False,False,10,7,22e6c188-2e4c-4029-b200-7770a3f00e6e,0.015625,False,15.199600000414648
transfusion-retrieval-v2,sha256:5fc6a9a0d5ff5721954fad8f2855c204301e59ef0b28a91d8d9bdbaf48cb659b,4,hybrid_rrf,TN005,negative_out_of_scope,False,False,10,8,cfff9bf0-05e4-4179-a793-f3c705d04812,0.015625,False,15.199600000414648
transfusion-retrieval-v2,sha256:5fc6a9a0d5ff5721954fad8f2855c204301e59ef0b28a91d8d9bdbaf48cb659b,4,hybrid_rrf,TN005,negative_out_of_scope,False,False,10,9,a3d42ca5-54b5-4b8d-be4e-79337aaab880,0.015384615384615385,False,15.199600000414648
transfusion-retrieval-v2,sha256:5fc6a9a0d5ff5721954fad8f2855c204301e59ef0b28a91d8d9bdbaf48cb659b,4,hybrid_rrf,TN005,negative_out_of_scope,False,False,10,10,8f3ed830-3a06-41c6-8b06-cfcf6d36a83c,0.015151515151515152,False,15.199600000414648
