retriever,question_id,question_type,rank,retrieved_chunk_id,score,is_gold,latency_ms
bm25_current,TF001,fact_specific,1,c78ff32d-ea17-41fd-98ef-2e8872f01df3,4.710935592651367,True,1.6564999996262486
bm25_current,TF001,fact_specific,2,9131e9a9-eff3-4f4e-a20b-4bdd456c35bc,4.693674087524414,False,1.6564999996262486
bm25_current,TF001,fact_specific,3,b0b5bc4f-7d0b-4f56-8e37-84178d38637d,4.191636562347412,False,1.6564999996262486
bm25_current,TF001,fact_specific,4,48b9789d-5088-4ba1-a82a-be3a6396ce85,3.7632017135620117,False,1.6564999996262486
bm25_current,TF001,fact_specific,5,919e93ca-fed9-4dde-b9b8-f870e207a3f3,1.8727848529815674,False,1.6564999996262486
bm25_current,TF001,fact_specific,6,30ce28cb-f702-4cce-8105-137e2f73af0d,1.6620256900787354,False,1.6564999996262486
bm25_current,TF001,fact_specific,7,22e6c188-2e4c-4029-b200-7770a3f00e6e,1.6404465436935425,False,1.6564999996262486
bm25_current,TF001,fact_specific,8,7e5199d4-e5c9-40ca-a69f-ea37f52c6ce3,0.9198150634765625,False,1.6564999996262486
bm25_current,TF001,fact_specific,9,a7cf71a5-8426-4d7c-8106-e0754e7cb4bf,0.9092135429382324,False,1.6564999996262486
bm25_current,TF001,fact_specific,10,5de4d74d-720e-4d86-a836-f946d70a2d32,0.901841402053833,False,1.6564999996262486
bm25_current,TF002,paraphrase,1,c78ff32d-ea17-41fd-98ef-2e8872f01df3,5.964251518249512,True,2.835199999935867
bm25_current,TF002,paraphrase,2,7e5199d4-e5c9-40ca-a69f-ea37f52c6ce3,0.9198150634765625,False,2.835199999935867
bm25_current,TF002,paraphrase,3,a7cf71a5-8426-4d7c-8106-e0754e7cb4bf,0.9092135429382324,False,2.835199999935867
bm25_current,TF002,paraphrase,4,5de4d74d-720e-4d86-a836-f946d70a2d32,0.901841402053833,False,2.835199999935867
bm25_current,TF002,paraphrase,5,c404e320-0bf2-4325-be92-7a0614f201ca,0.8950620293617249,False,2.835199999935867
bm25_current,TF002,paraphrase,6,73735f01-c9d0-4dd5-8d46-c70045e4b334,0.8702232837677002,False,2.835199999935867
bm25_current,TF002,paraphrase,7,16efaa44-1554-4748-8407-48fac0bced94,0.8496715426445007,False,2.835199999935867
bm25_current,TF002,paraphrase,8,30ce28cb-f702-4cce-8105-137e2f73af0d,0.8492841124534607,False,2.835199999935867
bm25_current,TF002,paraphrase,9,22e6c188-2e4c-4029-b200-7770a3f00e6e,0.8428277373313904,False,2.835199999935867
bm25_current,TF002,paraphrase,10,70b95f72-95ec-43b5-b76f-657518103256,0.842285692691803,False,2.835199999935867
bm25_current,TF003,product_specific,1,0f6b0fc1-9d70-479f-a87d-a26e954e2adb,6.894256114959717,False,1.0642999995980063
bm25_current,TF003,product_specific,2,ba3d1d87-0c2d-4b67-a0c2-4615c8249c2a,5.875611782073975,True,1.0642999995980063
bm25_current,TF003,product_specific,3,9552a4ac-31b4-43a8-aa92-37bd3e89362a,5.7914910316467285,False,1.0642999995980063
bm25_current,TF003,product_specific,4,84c0a864-176f-4776-a15e-167fc2518e5d,4.635169506072998,False,1.0642999995980063
bm25_current,TF003,product_specific,5,324bc249-0e84-46e9-b77f-856c76cd5353,1.3938252925872803,False,1.0642999995980063
bm25_current,TF003,product_specific,6,4d18d11e-2a92-4690-8a64-46653931483e,0.8981029391288757,False,1.0642999995980063
bm25_current,TF003,product_specific,7,81a83ec4-b5d1-4305-9f44-93e5fa935ffe,0.8182902336120605,False,1.0642999995980063
bm25_current,TF003,product_specific,8,b66e5419-8a9c-47f4-866d-ebdb95b174b2,0.7539885640144348,False,1.0642999995980063
bm25_current,TF003,product_specific,9,1b376f6f-5ee5-4d05-a585-f3aa6b7ee824,0.7415080070495605,False,1.0642999995980063
bm25_current,TF003,product_specific,10,b7876bcb-b1d0-409a-831d-45e59e35a44e,0.7230057716369629,False,1.0642999995980063
bm25_current,TF004,product_specific,1,63b53156-440d-40c1-bc88-5c07c23ae77f,5.776729106903076,False,1.0419000000183587
bm25_current,TF004,product_specific,2,a7cf71a5-8426-4d7c-8106-e0754e7cb4bf,4.858514785766602,False,1.0419000000183587
bm25_current,TF004,product_specific,3,71d2e37c-44e2-4972-8e6b-a6449c2f8404,2.6328694820404053,False,1.0419000000183587
bm25_current,TF004,product_specific,4,ffcf7308-6e83-47bc-a519-0b4b7ba44562,2.3771347999572754,True,1.0419000000183587
bm25_current,TF004,product_specific,5,d3b7d61b-50f0-4b96-a770-785a9f3c3886,1.2342151403427124,False,1.0419000000183587
bm25_current,TF004,product_specific,6,4d18d11e-2a92-4690-8a64-46653931483e,1.1490838527679443,False,1.0419000000183587
bm25_current,TF004,product_specific,7,81a83ec4-b5d1-4305-9f44-93e5fa935ffe,1.0469669103622437,False,1.0419000000183587
bm25_current,TF004,product_specific,8,7c33fbb7-e931-4f6b-9520-23875ec9ee5b,0.9736436009407043,False,1.0419000000183587
bm25_current,TF004,product_specific,9,1b376f6f-5ee5-4d05-a585-f3aa6b7ee824,0.9487273693084717,False,1.0419000000183587
bm25_current,TF004,product_specific,10,23c6ca0d-04bf-4081-b90a-9819029dcd73,0.9099183082580566,True,1.0419000000183587
bm25_current,TF005,temporal,1,63b53156-440d-40c1-bc88-5c07c23ae77f,12.474305152893066,True,0.9655999992901343
bm25_current,TF005,temporal,2,4d18d11e-2a92-4690-8a64-46653931483e,5.747880935668945,False,0.9655999992901343
bm25_current,TF005,temporal,3,81a83ec4-b5d1-4305-9f44-93e5fa935ffe,5.261360168457031,False,0.9655999992901343
bm25_current,TF005,temporal,4,1033ac46-dec8-493e-b577-7f5ad80f8e86,5.13101863861084,False,0.9655999992901343
bm25_current,TF005,temporal,5,09f3c6d5-9e0c-4545-960f-b16c69abbeb1,5.051819801330566,False,0.9655999992901343
bm25_current,TF005,temporal,6,1b376f6f-5ee5-4d05-a585-f3aa6b7ee824,4.790327072143555,False,0.9655999992901343
bm25_current,TF005,temporal,7,23c6ca0d-04bf-4081-b90a-9819029dcd73,4.603373050689697,False,0.9655999992901343
bm25_current,TF005,temporal,8,ba3d1d87-0c2d-4b67-a0c2-4615c8249c2a,4.5326690673828125,False,0.9655999992901343
bm25_current,TF005,temporal,9,646d4165-73db-4f69-84da-5f393cd81988,4.5326690673828125,False,0.9655999992901343
bm25_current,TF005,temporal,10,0f6b0fc1-9d70-479f-a87d-a26e954e2adb,4.430646896362305,False,0.9655999992901343
bm25_current,TF006,temporal,1,63b53156-440d-40c1-bc88-5c07c23ae77f,14.478358268737793,True,1.2514000000010128
bm25_current,TF006,temporal,2,71d2e37c-44e2-4972-8e6b-a6449c2f8404,10.167869567871094,True,1.2514000000010128
bm25_current,TF006,temporal,3,ffcf7308-6e83-47bc-a519-0b4b7ba44562,9.29672908782959,False,1.2514000000010128
bm25_current,TF006,temporal,4,3ecc27b9-634c-4026-b44e-e01123aa0467,7.5415730476379395,False,1.2514000000010128
bm25_current,TF006,temporal,5,1033ac46-dec8-493e-b577-7f5ad80f8e86,7.459507465362549,False,1.2514000000010128
bm25_current,TF006,temporal,6,09f3c6d5-9e0c-4545-960f-b16c69abbeb1,7.369271755218506,False,1.2514000000010128
bm25_current,TF006,temporal,7,4d18d11e-2a92-4690-8a64-46653931483e,6.227200508117676,False,1.2514000000010128
bm25_current,TF006,temporal,8,81a83ec4-b5d1-4305-9f44-93e5fa935ffe,5.167898178100586,False,1.2514000000010128
bm25_current,TF006,temporal,9,1b376f6f-5ee5-4d05-a585-f3aa6b7ee824,4.722105503082275,False,1.2514000000010128
bm25_current,TF006,temporal,10,23c6ca0d-04bf-4081-b90a-9819029dcd73,4.544641017913818,False,1.2514000000010128
bm25_current,TF007,temporal,1,5de4d74d-720e-4d86-a836-f946d70a2d32,7.858088493347168,False,1.294900000175403
bm25_current,TF007,temporal,2,71d2e37c-44e2-4972-8e6b-a6449c2f8404,6.282154083251953,False,1.294900000175403
bm25_current,TF007,temporal,3,c404e320-0bf2-4325-be92-7a0614f201ca,5.218914031982422,False,1.294900000175403
bm25_current,TF007,temporal,4,ffcf7308-6e83-47bc-a519-0b4b7ba44562,5.140227794647217,False,1.294900000175403
bm25_current,TF007,temporal,5,8259ed27-8646-4502-a959-aab1e9f1770f,4.400979995727539,False,1.294900000175403
bm25_current,TF007,temporal,6,15e829a9-a475-429d-b0e3-5c34bfbd3ab7,3.977898597717285,False,1.294900000175403
bm25_current,TF007,temporal,7,f4580736-a09e-471f-93d2-8089c695eb67,3.7442657947540283,False,1.294900000175403
bm25_current,TF007,temporal,8,b10b8f1c-ed17-44ca-8d7c-1a4f19a12c67,3.6728756427764893,False,1.294900000175403
bm25_current,TF007,temporal,9,b66e5419-8a9c-47f4-866d-ebdb95b174b2,2.1072568893432617,False,1.294900000175403
bm25_current,TF007,temporal,10,0a4f11c7-39e8-41fe-bd14-48456671f531,1.4438905715942383,False,1.294900000175403
bm25_current,TF008,product_specific,1,9131e9a9-eff3-4f4e-a20b-4bdd456c35bc,6.0372209548950195,False,0.5060000003140885
bm25_current,TF008,product_specific,2,e96acbc9-66b4-4df4-953b-3f7b0a846bbc,5.671143531799316,True,0.5060000003140885
bm25_current,TF008,product_specific,3,d4c1a9ca-23c5-4ae0-9a51-c56675b2e6d1,5.000271320343018,False,0.5060000003140885
bm25_current,TF008,product_specific,4,54fdf811-dedd-4016-b144-3e4bfdcd67c8,4.9512457847595215,False,0.5060000003140885
bm25_current,TF008,product_specific,5,4d18d11e-2a92-4690-8a64-46653931483e,3.196270704269409,False,0.5060000003140885
bm25_current,TF008,product_specific,6,3abbb958-eafe-4ffe-bcfc-dafa7349c15c,3.0214383602142334,False,0.5060000003140885
bm25_current,TF008,product_specific,7,81a83ec4-b5d1-4305-9f44-93e5fa935ffe,2.912224054336548,False,0.5060000003140885
bm25_current,TF008,product_specific,8,1b376f6f-5ee5-4d05-a585-f3aa6b7ee824,2.638962745666504,False,0.5060000003140885
bm25_current,TF008,product_specific,9,b7876bcb-b1d0-409a-831d-45e59e35a44e,2.5731148719787598,False,0.5060000003140885
bm25_current,TF008,product_specific,10,23c6ca0d-04bf-4081-b90a-9819029dcd73,2.5310120582580566,False,0.5060000003140885
bm25_current,TF009,product_specific,1,9131e9a9-eff3-4f4e-a20b-4bdd456c35bc,8.340327262878418,False,0.44629999956669053
bm25_current,TF009,product_specific,2,d4c1a9ca-23c5-4ae0-9a51-c56675b2e6d1,5.195579528808594,True,0.44629999956669053
bm25_current,TF009,product_specific,3,fbf62ef9-25b7-437c-98d8-c4934fba0fe6,4.584576606750488,False,0.44629999956669053
bm25_current,TF009,product_specific,4,e96acbc9-66b4-4df4-953b-3f7b0a846bbc,4.372694969177246,False,0.44629999956669053
bm25_current,TF009,product_specific,5,2cea4ea7-7aaf-4c54-ac4e-b660de52065d,4.310486316680908,False,0.44629999956669053
bm25_current,TF009,product_specific,6,3abbb958-eafe-4ffe-bcfc-dafa7349c15c,4.2608842849731445,False,0.44629999956669053
bm25_current,TF009,product_specific,7,b66e5419-8a9c-47f4-866d-ebdb95b174b2,4.247298717498779,False,0.44629999956669053
bm25_current,TF009,product_specific,8,e62b0c91-ff0c-43b2-9bd5-ff173d9f8bc0,4.069652080535889,False,0.44629999956669053
bm25_current,TF009,product_specific,9,4c0dde2a-0432-4cb2-ad33-987f5979ff76,3.84786319732666,False,0.44629999956669053
bm25_current,TF009,product_specific,10,dfb2693a-e821-4d6e-bbcc-0dbf3dc2a2ae,3.7838845252990723,False,0.44629999956669053
bm25_current,TF010,product_specific,1,54fdf811-dedd-4016-b144-3e4bfdcd67c8,9.561454772949219,True,1.0497000002942514
bm25_current,TF010,product_specific,2,d4c1a9ca-23c5-4ae0-9a51-c56675b2e6d1,9.034183502197266,False,1.0497000002942514
bm25_current,TF010,product_specific,3,9131e9a9-eff3-4f4e-a20b-4bdd456c35bc,7.510224342346191,True,1.0497000002942514
bm25_current,TF010,product_specific,4,e96acbc9-66b4-4df4-953b-3f7b0a846bbc,4.620869159698486,False,1.0497000002942514
bm25_current,TF010,product_specific,5,df699ccc-6f51-4281-b4a4-f3d2a20631e0,4.1182122230529785,False,1.0497000002942514
bm25_current,TF010,product_specific,6,3abbb958-eafe-4ffe-bcfc-dafa7349c15c,3.0214383602142334,False,1.0497000002942514
bm25_current,TF010,product_specific,7,919e93ca-fed9-4dde-b9b8-f870e207a3f3,1.8727848529815674,False,1.0497000002942514
bm25_current,TF010,product_specific,8,fb4884e3-8fea-42fa-b996-7e9c333e7fef,0.0,False,1.0497000002942514
bm25_current,TF010,product_specific,9,761b9529-5b18-4262-8174-6062c35fb31c,0.0,False,1.0497000002942514
bm25_current,TF010,product_specific,10,c78ff32d-ea17-41fd-98ef-2e8872f01df3,0.0,False,1.0497000002942514
bm25_current,TF011,paraphrase,1,9131e9a9-eff3-4f4e-a20b-4bdd456c35bc,7.8806376457214355,False,0.5148000000190223
bm25_current,TF011,paraphrase,2,d4c1a9ca-23c5-4ae0-9a51-c56675b2e6d1,5.195580005645752,False,0.5148000000190223
bm25_current,TF011,paraphrase,3,2cea4ea7-7aaf-4c54-ac4e-b660de52065d,5.016517639160156,False,0.5148000000190223
bm25_current,TF011,paraphrase,4,fbf62ef9-25b7-437c-98d8-c4934fba0fe6,4.652316093444824,False,0.5148000000190223
bm25_current,TF011,paraphrase,5,e96acbc9-66b4-4df4-953b-3f7b0a846bbc,4.372694492340088,False,0.5148000000190223
bm25_current,TF011,paraphrase,6,d3b7d61b-50f0-4b96-a770-785a9f3c3886,4.369418144226074,False,0.5148000000190223
bm25_current,TF011,paraphrase,7,dfb2693a-e821-4d6e-bbcc-0dbf3dc2a2ae,4.246716499328613,False,0.5148000000190223
bm25_current,TF011,paraphrase,8,e62b0c91-ff0c-43b2-9bd5-ff173d9f8bc0,4.0696516036987305,False,0.5148000000190223
bm25_current,TF011,paraphrase,9,4c0dde2a-0432-4cb2-ad33-987f5979ff76,3.84786319732666,False,0.5148000000190223
bm25_current,TF011,paraphrase,10,b66e5419-8a9c-47f4-866d-ebdb95b174b2,3.783297300338745,False,0.5148000000190223
bm25_current,TF012,product_specific,1,2cea4ea7-7aaf-4c54-ac4e-b660de52065d,10.292104721069336,False,1.0189000004174886
bm25_current,TF012,product_specific,2,bc88f538-e881-4c81-85e9-fca20614315d,8.61343002319336,True,1.0189000004174886
bm25_current,TF012,product_specific,3,21efe016-3004-45f3-a070-29ce2ecb0019,8.397098541259766,False,1.0189000004174886
bm25_current,TF012,product_specific,4,9b6cc313-9a59-4387-a5ce-2ed14389a0a7,7.561144828796387,False,1.0189000004174886
bm25_current,TF012,product_specific,5,5de4d74d-720e-4d86-a836-f946d70a2d32,7.242742538452148,False,1.0189000004174886
bm25_current,TF012,product_specific,6,b66e5419-8a9c-47f4-866d-ebdb95b174b2,6.799587249755859,False,1.0189000004174886
bm25_current,TF012,product_specific,7,e62b0c91-ff0c-43b2-9bd5-ff173d9f8bc0,5.039976596832275,False,1.0189000004174886
bm25_current,TF012,product_specific,8,23c6ca0d-04bf-4081-b90a-9819029dcd73,4.163450241088867,False,1.0189000004174886
bm25_current,TF012,product_specific,9,4c0dde2a-0432-4cb2-ad33-987f5979ff76,3.1096293926239014,False,1.0189000004174886
bm25_current,TF012,product_specific,10,73735f01-c9d0-4dd5-8d46-c70045e4b334,2.873859405517578,False,1.0189000004174886
bm25_current,TF013,product_specific,1,2cea4ea7-7aaf-4c54-ac4e-b660de52065d,16.646203994750977,False,1.2965999994776212
bm25_current,TF013,product_specific,2,21efe016-3004-45f3-a070-29ce2ecb0019,14.344087600708008,False,1.2965999994776212
bm25_current,TF013,product_specific,3,bc88f538-e881-4c81-85e9-fca20614315d,10.155176162719727,False,1.2965999994776212
bm25_current,TF013,product_specific,4,b66e5419-8a9c-47f4-866d-ebdb95b174b2,9.404409408569336,True,1.2965999994776212
bm25_current,TF013,product_specific,5,3abbb958-eafe-4ffe-bcfc-dafa7349c15c,7.678774356842041,False,1.2965999994776212
bm25_current,TF013,product_specific,6,22e6c188-2e4c-4029-b200-7770a3f00e6e,6.105709552764893,False,1.2965999994776212
bm25_current,TF013,product_specific,7,4c0dde2a-0432-4cb2-ad33-987f5979ff76,4.8308916091918945,False,1.2965999994776212
bm25_current,TF013,product_specific,8,fbf62ef9-25b7-437c-98d8-c4934fba0fe6,3.7905306816101074,False,1.2965999994776212
bm25_current,TF013,product_specific,9,48b9789d-5088-4ba1-a82a-be3a6396ce85,3.5334229469299316,False,1.2965999994776212
bm25_current,TF013,product_specific,10,dfb2693a-e821-4d6e-bbcc-0dbf3dc2a2ae,3.319882869720459,False,1.2965999994776212
bm25_current,TF014,temporal,1,b66e5419-8a9c-47f4-866d-ebdb95b174b2,20.310565948486328,True,0.751499999751104
bm25_current,TF014,temporal,2,2cea4ea7-7aaf-4c54-ac4e-b660de52065d,16.02041244506836,False,0.751499999751104
bm25_current,TF014,temporal,3,21efe016-3004-45f3-a070-29ce2ecb0019,14.604875564575195,True,0.751499999751104
bm25_current,TF014,temporal,4,9552a4ac-31b4-43a8-aa92-37bd3e89362a,5.974932670593262,False,0.751499999751104
bm25_current,TF014,temporal,5,bc88f538-e881-4c81-85e9-fca20614315d,5.920633316040039,False,0.751499999751104
bm25_current,TF014,temporal,6,4c0dde2a-0432-4cb2-ad33-987f5979ff76,4.8308916091918945,False,0.751499999751104
bm25_current,TF014,temporal,7,84c0a864-176f-4776-a15e-167fc2518e5d,4.772139549255371,False,0.751499999751104
bm25_current,TF014,temporal,8,fbf62ef9-25b7-437c-98d8-c4934fba0fe6,4.584576606750488,False,0.751499999751104
bm25_current,TF014,temporal,9,3abbb958-eafe-4ffe-bcfc-dafa7349c15c,4.2608842849731445,False,0.751499999751104
bm25_current,TF014,temporal,10,dfb2693a-e821-4d6e-bbcc-0dbf3dc2a2ae,3.7838845252990723,False,0.751499999751104
bm25_current,TF015,product_specific,1,2cea4ea7-7aaf-4c54-ac4e-b660de52065d,13.16294002532959,False,0.7623000001331093
bm25_current,TF015,product_specific,2,21efe016-3004-45f3-a070-29ce2ecb0019,12.845809936523438,True,0.7623000001331093
bm25_current,TF015,product_specific,3,b66e5419-8a9c-47f4-866d-ebdb95b174b2,6.1967058181762695,False,0.7623000001331093
bm25_current,TF015,product_specific,4,bc88f538-e881-4c81-85e9-fca20614315d,4.458576202392578,False,0.7623000001331093
bm25_current,TF015,product_specific,5,4c0dde2a-0432-4cb2-ad33-987f5979ff76,2.52020001411438,False,0.7623000001331093
bm25_current,TF015,product_specific,6,f7a9837d-f8db-4461-abd8-a3607db2276f,2.028798818588257,False,0.7623000001331093
bm25_current,TF015,product_specific,7,22e6c188-2e4c-4029-b200-7770a3f00e6e,1.379338264465332,False,0.7623000001331093
bm25_current,TF015,product_specific,8,48b9789d-5088-4ba1-a82a-be3a6396ce85,1.0481468439102173,False,0.7623000001331093
bm25_current,TF015,product_specific,9,9b6cc313-9a59-4387-a5ce-2ed14389a0a7,0.9718410968780518,False,0.7623000001331093
bm25_current,TF015,product_specific,10,5de4d74d-720e-4d86-a836-f946d70a2d32,0.9309166073799133,False,0.7623000001331093
bm25_current,TF016,paraphrase,1,2cea4ea7-7aaf-4c54-ac4e-b660de52065d,16.02041244506836,False,0.9464000004300033
bm25_current,TF016,paraphrase,2,21efe016-3004-45f3-a070-29ce2ecb0019,14.604875564575195,False,0.9464000004300033
bm25_current,TF016,paraphrase,3,b66e5419-8a9c-47f4-866d-ebdb95b174b2,13.2290620803833,False,0.9464000004300033
bm25_current,TF016,paraphrase,4,bc88f538-e881-4c81-85e9-fca20614315d,5.920632839202881,False,0.9464000004300033
bm25_current,TF016,paraphrase,5,4c0dde2a-0432-4cb2-ad33-987f5979ff76,4.830891132354736,True,0.9464000004300033
bm25_current,TF016,paraphrase,6,fbf62ef9-25b7-437c-98d8-c4934fba0fe6,4.584576606750488,False,0.9464000004300033
bm25_current,TF016,paraphrase,7,4d18d11e-2a92-4690-8a64-46653931483e,4.343789577484131,False,0.9464000004300033
bm25_current,TF016,paraphrase,8,3abbb958-eafe-4ffe-bcfc-dafa7349c15c,4.2608842849731445,False,0.9464000004300033
bm25_current,TF016,paraphrase,9,eda54b74-cd2f-4808-8175-bcc5b916ce90,3.9129605293273926,False,0.9464000004300033
bm25_current,TF016,paraphrase,10,e62b0c91-ff0c-43b2-9bd5-ff173d9f8bc0,3.839207172393799,False,0.9464000004300033
bm25_current,TF017,procedure,1,d4c1a9ca-23c5-4ae0-9a51-c56675b2e6d1,6.5267109870910645,False,1.2152000008427422
bm25_current,TF017,procedure,2,22e6c188-2e4c-4029-b200-7770a3f00e6e,4.547313690185547,True,1.2152000008427422
bm25_current,TF017,procedure,3,b225ae64-72d2-4e59-81c0-57f5d8438666,4.067415237426758,True,1.2152000008427422
bm25_current,TF017,procedure,4,fd678588-5ac2-400d-95c5-3309537781ec,3.923881769180298,False,1.2152000008427422
bm25_current,TF017,procedure,5,eda54b74-cd2f-4808-8175-bcc5b916ce90,3.8960189819335938,False,1.2152000008427422
bm25_current,TF017,procedure,6,7adacb8c-91c0-4ea7-8d82-7505eeac5042,3.8598742485046387,True,1.2152000008427422
bm25_current,TF017,procedure,7,3abbb958-eafe-4ffe-bcfc-dafa7349c15c,3.721762180328369,False,1.2152000008427422
bm25_current,TF017,procedure,8,9552a4ac-31b4-43a8-aa92-37bd3e89362a,3.317979335784912,False,1.2152000008427422
bm25_current,TF017,procedure,9,7e68f70a-ba74-4eb8-bbae-c7e9f7340567,3.1289350986480713,True,1.2152000008427422
bm25_current,TF017,procedure,10,74c0eabe-77c7-4dbf-a321-27966a12fafb,3.0926811695098877,True,1.2152000008427422
bm25_current,TF018,temporal,1,30ce28cb-f702-4cce-8105-137e2f73af0d,6.516515254974365,True,0.8290999994642334
bm25_current,TF018,temporal,2,d3b7d61b-50f0-4b96-a770-785a9f3c3886,6.205209732055664,False,0.8290999994642334
bm25_current,TF018,temporal,3,70b95f72-95ec-43b5-b76f-657518103256,6.130585193634033,False,0.8290999994642334
bm25_current,TF018,temporal,4,0a4f11c7-39e8-41fe-bd14-48456671f531,6.049788475036621,False,0.8290999994642334
bm25_current,TF018,temporal,5,22e6c188-2e4c-4029-b200-7770a3f00e6e,5.939718723297119,False,0.8290999994642334
bm25_current,TF018,temporal,6,48b9789d-5088-4ba1-a82a-be3a6396ce85,5.870181083679199,False,0.8290999994642334
bm25_current,TF018,temporal,7,f1611d72-8c47-41f8-bfee-99d5ffdfe12a,5.778292179107666,False,0.8290999994642334
bm25_current,TF018,temporal,8,cfff9bf0-05e4-4179-a793-f3c705d04812,5.397531986236572,False,0.8290999994642334
bm25_current,TF018,temporal,9,a952e706-800e-493c-886a-8f06602fb2be,4.3017683029174805,False,0.8290999994642334
bm25_current,TF018,temporal,10,b8c70ff9-e1b2-40ce-9a0a-f65a53899d13,1.5362286567687988,False,0.8290999994642334
bm25_current,TF019,preparation,1,d3b7d61b-50f0-4b96-a770-785a9f3c3886,11.401407241821289,True,1.6018000005715294
bm25_current,TF019,preparation,2,30ce28cb-f702-4cce-8105-137e2f73af0d,7.857677936553955,False,1.6018000005715294
bm25_current,TF019,preparation,3,22e6c188-2e4c-4029-b200-7770a3f00e6e,7.219790458679199,False,1.6018000005715294
bm25_current,TF019,preparation,4,9131e9a9-eff3-4f4e-a20b-4bdd456c35bc,7.155525207519531,False,1.6018000005715294
bm25_current,TF019,preparation,5,9552a4ac-31b4-43a8-aa92-37bd3e89362a,6.074146747589111,False,1.6018000005715294
bm25_current,TF019,preparation,6,0a4f11c7-39e8-41fe-bd14-48456671f531,5.4441328048706055,False,1.6018000005715294
bm25_current,TF019,preparation,7,70b95f72-95ec-43b5-b76f-657518103256,5.40863561630249,False,1.6018000005715294
bm25_current,TF019,preparation,8,48b9789d-5088-4ba1-a82a-be3a6396ce85,5.307383060455322,False,1.6018000005715294
bm25_current,TF019,preparation,9,f1611d72-8c47-41f8-bfee-99d5ffdfe12a,5.166721343994141,False,1.6018000005715294
bm25_current,TF019,preparation,10,f9cfc75b-a5e7-4633-a798-4b17ea462325,4.900941848754883,False,1.6018000005715294
bm25_current,TF020,temporal,1,0a4f11c7-39e8-41fe-bd14-48456671f531,13.441629409790039,True,1.3017000001127599
bm25_current,TF020,temporal,2,48b9789d-5088-4ba1-a82a-be3a6396ce85,11.625682830810547,False,1.3017000001127599
bm25_current,TF020,temporal,3,d3b7d61b-50f0-4b96-a770-785a9f3c3886,8.911781311035156,False,1.3017000001127599
bm25_current,TF020,temporal,4,cfff9bf0-05e4-4179-a793-f3c705d04812,6.723996639251709,False,1.3017000001127599
bm25_current,TF020,temporal,5,70b95f72-95ec-43b5-b76f-657518103256,6.627815246582031,True,1.3017000001127599
bm25_current,TF020,temporal,6,30ce28cb-f702-4cce-8105-137e2f73af0d,6.516515254974365,False,1.3017000001127599
bm25_current,TF020,temporal,7,22e6c188-2e4c-4029-b200-7770a3f00e6e,5.939718723297119,False,1.3017000001127599
bm25_current,TF020,temporal,8,f1611d72-8c47-41f8-bfee-99d5ffdfe12a,5.778292179107666,False,1.3017000001127599
bm25_current,TF020,temporal,9,a952e706-800e-493c-886a-8f06602fb2be,4.3017683029174805,False,1.3017000001127599
bm25_current,TF020,temporal,10,b8c70ff9-e1b2-40ce-9a0a-f65a53899d13,2.589033365249634,False,1.3017000001127599
bm25_current,TF021,preparation,1,73735f01-c9d0-4dd5-8d46-c70045e4b334,8.644279479980469,True,1.0078000004796195
bm25_current,TF021,preparation,2,919e93ca-fed9-4dde-b9b8-f870e207a3f3,5.588634490966797,False,1.0078000004796195
bm25_current,TF021,preparation,3,e62b0c91-ff0c-43b2-9bd5-ff173d9f8bc0,5.015397548675537,False,1.0078000004796195
bm25_current,TF021,preparation,4,b7876bcb-b1d0-409a-831d-45e59e35a44e,4.509583473205566,False,1.0078000004796195
bm25_current,TF021,preparation,5,6ffcd319-e868-444b-b6fe-8d192a4de3ff,4.417672634124756,False,1.0078000004796195
bm25_current,TF021,preparation,6,16efaa44-1554-4748-8407-48fac0bced94,4.405827045440674,False,1.0078000004796195
bm25_current,TF021,preparation,7,cfff9bf0-05e4-4179-a793-f3c705d04812,4.048162460327148,False,1.0078000004796195
bm25_current,TF021,preparation,8,b0d368a1-d0fc-4b8b-8567-e190cf462986,4.019526481628418,False,1.0078000004796195
bm25_current,TF021,preparation,9,74c0eabe-77c7-4dbf-a321-27966a12fafb,3.957832098007202,False,1.0078000004796195
bm25_current,TF021,preparation,10,23c6ca0d-04bf-4081-b90a-9819029dcd73,3.8351571559906006,False,1.0078000004796195
bm25_current,TF022,preparation,1,9552a4ac-31b4-43a8-aa92-37bd3e89362a,10.136932373046875,False,1.5770999998494517
bm25_current,TF022,preparation,2,84c0a864-176f-4776-a15e-167fc2518e5d,9.774297714233398,False,1.5770999998494517
bm25_current,TF022,preparation,3,74c0eabe-77c7-4dbf-a321-27966a12fafb,8.958414077758789,False,1.5770999998494517
bm25_current,TF022,preparation,4,36bac780-b1a2-42dc-8cca-3605f80c5521,5.997069358825684,False,1.5770999998494517
bm25_current,TF022,preparation,5,7e5199d4-e5c9-40ca-a69f-ea37f52c6ce3,5.834932804107666,False,1.5770999998494517
bm25_current,TF022,preparation,6,8f3ed830-3a06-41c6-8b06-cfcf6d36a83c,5.681776523590088,False,1.5770999998494517
bm25_current,TF022,preparation,7,b0d368a1-d0fc-4b8b-8567-e190cf462986,5.508952617645264,False,1.5770999998494517
bm25_current,TF022,preparation,8,6ffcd319-e868-444b-b6fe-8d192a4de3ff,4.947652339935303,True,1.5770999998494517
bm25_current,TF022,preparation,9,eda54b74-cd2f-4808-8175-bcc5b916ce90,4.899249076843262,False,1.5770999998494517
bm25_current,TF022,preparation,10,a7cf71a5-8426-4d7c-8106-e0754e7cb4bf,4.116937637329102,False,1.5770999998494517
bm25_current,TF023,temporal,1,f7a9837d-f8db-4461-abd8-a3607db2276f,8.460973739624023,False,0.7709000001341337
bm25_current,TF023,temporal,2,b66e5419-8a9c-47f4-866d-ebdb95b174b2,7.0815043449401855,False,0.7709000001341337
bm25_current,TF023,temporal,3,c404e320-0bf2-4325-be92-7a0614f201ca,1.8160502910614014,True,0.7709000001341337
bm25_current,TF023,temporal,4,73735f01-c9d0-4dd5-8d46-c70045e4b334,1.6709109544754028,False,0.7709000001341337
bm25_current,TF023,temporal,5,b0d368a1-d0fc-4b8b-8567-e190cf462986,1.4178316593170166,False,0.7709000001341337
bm25_current,TF023,temporal,6,919e93ca-fed9-4dde-b9b8-f870e207a3f3,1.4114233255386353,False,0.7709000001341337
bm25_current,TF023,temporal,7,b7876bcb-b1d0-409a-831d-45e59e35a44e,0.8736749887466431,False,0.7709000001341337
bm25_current,TF023,temporal,8,16efaa44-1554-4748-8407-48fac0bced94,0.8237892985343933,False,0.7709000001341337
bm25_current,TF023,temporal,9,5e7838ae-0b80-4d05-b266-deb52de7b401,0.7666929960250854,False,0.7709000001341337
bm25_current,TF023,temporal,10,6ffcd319-e868-444b-b6fe-8d192a4de3ff,0.7619568109512329,False,0.7709000001341337
bm25_current,TF024,temporal,1,b10b8f1c-ed17-44ca-8d7c-1a4f19a12c67,1.5606176853179932,False,0.5744999998569256
bm25_current,TF024,temporal,2,a3d42ca5-54b5-4b8d-be4e-79337aaab880,1.3263585567474365,False,0.5744999998569256
bm25_current,TF024,temporal,3,d3b7d61b-50f0-4b96-a770-785a9f3c3886,1.2342151403427124,False,0.5744999998569256
bm25_current,TF024,temporal,4,b7876bcb-b1d0-409a-831d-45e59e35a44e,1.2111810445785522,False,0.5744999998569256
bm25_current,TF024,temporal,5,919e93ca-fed9-4dde-b9b8-f870e207a3f3,1.164312720298767,False,0.5744999998569256
bm25_current,TF024,temporal,6,f9cfc75b-a5e7-4633-a798-4b17ea462325,1.038439154624939,False,0.5744999998569256
bm25_current,TF024,temporal,7,15e829a9-a475-429d-b0e3-5c34bfbd3ab7,1.027919888496399,False,0.5744999998569256
bm25_current,TF024,temporal,8,b0d368a1-d0fc-4b8b-8567-e190cf462986,0.9320894479751587,False,0.5744999998569256
bm25_current,TF024,temporal,9,84c0a864-176f-4776-a15e-167fc2518e5d,0.7427181005477905,False,0.5744999998569256
bm25_current,TF024,temporal,10,6ffcd319-e868-444b-b6fe-8d192a4de3ff,0.6127641797065735,False,0.5744999998569256
bm25_current,TF025,fact_specific,1,f7a9837d-f8db-4461-abd8-a3607db2276f,10.36142349243164,False,1.1543999999048538
bm25_current,TF025,fact_specific,2,b0d368a1-d0fc-4b8b-8567-e190cf462986,4.658625602722168,True,1.1543999999048538
bm25_current,TF025,fact_specific,3,b7876bcb-b1d0-409a-831d-45e59e35a44e,4.509583473205566,False,1.1543999999048538
bm25_current,TF025,fact_specific,4,919e93ca-fed9-4dde-b9b8-f870e207a3f3,4.350883960723877,True,1.1543999999048538
bm25_current,TF025,fact_specific,5,73735f01-c9d0-4dd5-8d46-c70045e4b334,4.134036540985107,False,1.1543999999048538
bm25_current,TF025,fact_specific,6,6ffcd319-e868-444b-b6fe-8d192a4de3ff,3.932936191558838,False,1.1543999999048538
bm25_current,TF025,fact_specific,7,74c0eabe-77c7-4dbf-a321-27966a12fafb,3.925515651702881,False,1.1543999999048538
bm25_current,TF025,fact_specific,8,16efaa44-1554-4748-8407-48fac0bced94,3.5561554431915283,False,1.1543999999048538
bm25_current,TF025,fact_specific,9,cfff9bf0-05e4-4179-a793-f3c705d04812,3.2247838973999023,False,1.1543999999048538
bm25_current,TF025,fact_specific,10,22e6c188-2e4c-4029-b200-7770a3f00e6e,2.7293875217437744,False,1.1543999999048538
bm25_current,TF026,fact_specific,1,b7876bcb-b1d0-409a-831d-45e59e35a44e,12.085392951965332,True,1.1367999995854916
bm25_current,TF026,fact_specific,2,919e93ca-fed9-4dde-b9b8-f870e207a3f3,10.648041725158691,False,1.1367999995854916
bm25_current,TF026,fact_specific,3,16efaa44-1554-4748-8407-48fac0bced94,9.473323822021484,False,1.1367999995854916
bm25_current,TF026,fact_specific,4,74c0eabe-77c7-4dbf-a321-27966a12fafb,7.7976861000061035,False,1.1367999995854916
bm25_current,TF026,fact_specific,5,b0d368a1-d0fc-4b8b-8567-e190cf462986,7.680944442749023,False,1.1367999995854916
bm25_current,TF026,fact_specific,6,6ffcd319-e868-444b-b6fe-8d192a4de3ff,7.129397869110107,False,1.1367999995854916
bm25_current,TF026,fact_specific,7,9552a4ac-31b4-43a8-aa92-37bd3e89362a,6.16940975189209,False,1.1367999995854916
bm25_current,TF026,fact_specific,8,84c0a864-176f-4776-a15e-167fc2518e5d,5.551422119140625,False,1.1367999995854916
bm25_current,TF026,fact_specific,9,f7a9837d-f8db-4461-abd8-a3607db2276f,5.268797874450684,False,1.1367999995854916
bm25_current,TF026,fact_specific,10,73735f01-c9d0-4dd5-8d46-c70045e4b334,4.554635524749756,False,1.1367999995854916
bm25_current,TF027,procedure,1,3abbb958-eafe-4ffe-bcfc-dafa7349c15c,6.537220001220703,False,0.5848000000696629
bm25_current,TF027,procedure,2,eda54b74-cd2f-4808-8175-bcc5b916ce90,5.9001030921936035,False,0.5848000000696629
bm25_current,TF027,procedure,3,7adacb8c-91c0-4ea7-8d82-7505eeac5042,5.8308305740356445,False,0.5848000000696629
bm25_current,TF027,procedure,4,dfb2693a-e821-4d6e-bbcc-0dbf3dc2a2ae,5.8133440017700195,False,0.5848000000696629
bm25_current,TF027,procedure,5,22e6c188-2e4c-4029-b200-7770a3f00e6e,5.186156272888184,False,0.5848000000696629
bm25_current,TF027,procedure,6,fd678588-5ac2-400d-95c5-3309537781ec,4.4097089767456055,False,0.5848000000696629
bm25_current,TF027,procedure,7,fbf62ef9-25b7-437c-98d8-c4934fba0fe6,4.2219672203063965,False,0.5848000000696629
bm25_current,TF027,procedure,8,b225ae64-72d2-4e59-81c0-57f5d8438666,4.156677722930908,False,0.5848000000696629
bm25_current,TF027,procedure,9,2cea4ea7-7aaf-4c54-ac4e-b660de52065d,3.7989649772644043,False,0.5848000000696629
bm25_current,TF027,procedure,10,b66e5419-8a9c-47f4-866d-ebdb95b174b2,3.479185104370117,False,0.5848000000696629
bm25_current,TF028,preparation,1,dfb2693a-e821-4d6e-bbcc-0dbf3dc2a2ae,4.276747703552246,False,1.254200000403216
bm25_current,TF028,preparation,2,2cea4ea7-7aaf-4c54-ac4e-b660de52065d,4.030678749084473,False,1.254200000403216
bm25_current,TF028,preparation,3,fbf62ef9-25b7-437c-98d8-c4934fba0fe6,3.7905306816101074,False,1.254200000403216
bm25_current,TF028,preparation,4,9131e9a9-eff3-4f4e-a20b-4bdd456c35bc,3.7254445552825928,False,1.254200000403216
bm25_current,TF028,preparation,5,3abbb958-eafe-4ffe-bcfc-dafa7349c15c,3.629601240158081,False,1.254200000403216
bm25_current,TF028,preparation,6,d3b7d61b-50f0-4b96-a770-785a9f3c3886,3.241227149963379,False,1.254200000403216
bm25_current,TF028,preparation,7,eda54b74-cd2f-4808-8175-bcc5b916ce90,3.0654232501983643,True,1.254200000403216
bm25_current,TF028,preparation,8,7adacb8c-91c0-4ea7-8d82-7505eeac5042,2.9845499992370605,False,1.254200000403216
bm25_current,TF028,preparation,9,bc88f538-e881-4c81-85e9-fca20614315d,2.961879253387451,False,1.254200000403216
bm25_current,TF028,preparation,10,21efe016-3004-45f3-a070-29ce2ecb0019,2.884079694747925,False,1.254200000403216
bm25_current,TF029,preparation,1,7e5199d4-e5c9-40ca-a69f-ea37f52c6ce3,10.472630500793457,False,1.4929999997548293
bm25_current,TF029,preparation,2,9552a4ac-31b4-43a8-aa92-37bd3e89362a,9.22361946105957,False,1.4929999997548293
bm25_current,TF029,preparation,3,36bac780-b1a2-42dc-8cca-3605f80c5521,9.049737930297852,True,1.4929999997548293
bm25_current,TF029,preparation,4,84c0a864-176f-4776-a15e-167fc2518e5d,8.359821319580078,False,1.4929999997548293
bm25_current,TF029,preparation,5,98d006ac-5212-4c8c-8a63-4cbd4d6caffc,7.574398040771484,False,1.4929999997548293
bm25_current,TF029,preparation,6,8f3ed830-3a06-41c6-8b06-cfcf6d36a83c,3.7762579917907715,False,1.4929999997548293
bm25_current,TF029,preparation,7,74c0eabe-77c7-4dbf-a321-27966a12fafb,3.43363356590271,False,1.4929999997548293
bm25_current,TF029,preparation,8,48b9789d-5088-4ba1-a82a-be3a6396ce85,3.2934343814849854,False,1.4929999997548293
bm25_current,TF029,preparation,9,a7cf71a5-8426-4d7c-8106-e0754e7cb4bf,2.8844265937805176,False,1.4929999997548293
bm25_current,TF029,preparation,10,b0b5bc4f-7d0b-4f56-8e37-84178d38637d,2.8099758625030518,False,1.4929999997548293
bm25_current,TF030,temporal,1,d3b7d61b-50f0-4b96-a770-785a9f3c3886,1.8082045316696167,False,0.5695999998351908
bm25_current,TF030,temporal,2,da79aa00-567d-434c-8441-915ac080f918,1.4931167364120483,False,0.5695999998351908
bm25_current,TF030,temporal,3,324bc249-0e84-46e9-b77f-856c76cd5353,1.4890623092651367,False,0.5695999998351908
bm25_current,TF030,temporal,4,73735f01-c9d0-4dd5-8d46-c70045e4b334,1.3838852643966675,False,0.5695999998351908
bm25_current,TF030,temporal,5,b66e5419-8a9c-47f4-866d-ebdb95b174b2,1.3309744596481323,False,0.5695999998351908
bm25_current,TF030,temporal,6,3ecc27b9-634c-4026-b44e-e01123aa0467,1.312160849571228,False,0.5695999998351908
bm25_current,TF030,temporal,7,df699ccc-6f51-4281-b4a4-f3d2a20631e0,1.3037042617797852,False,0.5695999998351908
bm25_current,TF030,temporal,8,1033ac46-dec8-493e-b577-7f5ad80f8e86,1.2829042673110962,False,0.5695999998351908
bm25_current,TF030,temporal,9,dfb2693a-e821-4d6e-bbcc-0dbf3dc2a2ae,1.1329069137573242,False,0.5695999998351908
bm25_current,TF030,temporal,10,f9eb1471-4566-4c09-a18e-9f3d84a47e9c,1.0969891548156738,False,0.5695999998351908
bm25_current,TF031,procedure,1,9b6cc313-9a59-4387-a5ce-2ed14389a0a7,5.570442199707031,False,0.835900000311085
bm25_current,TF031,procedure,2,f9cfc75b-a5e7-4633-a798-4b17ea462325,5.496946334838867,False,0.835900000311085
bm25_current,TF031,procedure,3,5de4d74d-720e-4d86-a836-f946d70a2d32,5.293661594390869,True,0.835900000311085
bm25_current,TF031,procedure,4,c404e320-0bf2-4325-be92-7a0614f201ca,5.218914031982422,False,0.835900000311085
bm25_current,TF031,procedure,5,59d57c8a-c9d7-4f8d-b9a1-a2816f1f01f7,4.6752777099609375,False,0.835900000311085
bm25_current,TF031,procedure,6,3ecc27b9-634c-4026-b44e-e01123aa0467,4.455739974975586,False,0.835900000311085
bm25_current,TF031,procedure,7,e62b0c91-ff0c-43b2-9bd5-ff173d9f8bc0,4.448533058166504,False,0.835900000311085
bm25_current,TF031,procedure,8,8259ed27-8646-4502-a959-aab1e9f1770f,4.400979995727539,False,0.835900000311085
bm25_current,TF031,procedure,9,b225ae64-72d2-4e59-81c0-57f5d8438666,4.067415237426758,False,0.835900000311085
bm25_current,TF031,procedure,10,22e6c188-2e4c-4029-b200-7770a3f00e6e,4.0264973640441895,False,0.835900000311085
bm25_current,TF032,fact_specific,1,5de4d74d-720e-4d86-a836-f946d70a2d32,11.056583404541016,True,1.1856999999508844
bm25_current,TF032,fact_specific,2,9552a4ac-31b4-43a8-aa92-37bd3e89362a,6.485934734344482,False,1.1856999999508844
bm25_current,TF032,fact_specific,3,84c0a864-176f-4776-a15e-167fc2518e5d,4.970741271972656,False,1.1856999999508844
bm25_current,TF032,fact_specific,4,df699ccc-6f51-4281-b4a4-f3d2a20631e0,4.395046710968018,False,1.1856999999508844
bm25_current,TF032,fact_specific,5,d3b7d61b-50f0-4b96-a770-785a9f3c3886,1.8082045316696167,False,1.1856999999508844
bm25_current,TF032,fact_specific,6,73735f01-c9d0-4dd5-8d46-c70045e4b334,1.6301363706588745,False,1.1856999999508844
bm25_current,TF032,fact_specific,7,27025cb7-0eea-4e71-b338-65cf293e45ee,1.533604383468628,False,1.1856999999508844
bm25_current,TF032,fact_specific,8,7e5199d4-e5c9-40ca-a69f-ea37f52c6ce3,0.9198150634765625,False,1.1856999999508844
bm25_current,TF032,fact_specific,9,a7cf71a5-8426-4d7c-8106-e0754e7cb4bf,0.9092135429382324,False,1.1856999999508844
bm25_current,TF032,fact_specific,10,c404e320-0bf2-4325-be92-7a0614f201ca,0.8950620293617249,False,1.1856999999508844
bm25_current,TF033,fact_specific,1,e62b0c91-ff0c-43b2-9bd5-ff173d9f8bc0,10.024563789367676,True,1.2464000001273234
bm25_current,TF033,fact_specific,2,df699ccc-6f51-4281-b4a4-f3d2a20631e0,6.9492082595825195,False,1.2464000001273234
bm25_current,TF033,fact_specific,3,23c6ca0d-04bf-4081-b90a-9819029dcd73,4.1220011711120605,False,1.2464000001273234
bm25_current,TF033,fact_specific,4,9b6cc313-9a59-4387-a5ce-2ed14389a0a7,4.104635715484619,False,1.2464000001273234
bm25_current,TF033,fact_specific,5,3ecc27b9-634c-4026-b44e-e01123aa0467,3.6088390350341797,False,1.2464000001273234
bm25_current,TF033,fact_specific,6,9131e9a9-eff3-4f4e-a20b-4bdd456c35bc,3.5404720306396484,False,1.2464000001273234
bm25_current,TF033,fact_specific,7,5de4d74d-720e-4d86-a836-f946d70a2d32,3.3876965045928955,False,1.2464000001273234
bm25_current,TF033,fact_specific,8,73735f01-c9d0-4dd5-8d46-c70045e4b334,3.1053051948547363,False,1.2464000001273234
bm25_current,TF033,fact_specific,9,bc88f538-e881-4c81-85e9-fca20614315d,3.061352491378784,False,1.2464000001273234
bm25_current,TF033,fact_specific,10,7c33fbb7-e931-4f6b-9520-23875ec9ee5b,3.0084354877471924,False,1.2464000001273234
bm25_current,TF034,product_specific,1,59d57c8a-c9d7-4f8d-b9a1-a2816f1f01f7,8.857224464416504,True,0.9348000003228663
bm25_current,TF034,product_specific,2,9b6cc313-9a59-4387-a5ce-2ed14389a0a7,7.293910980224609,False,0.9348000003228663
bm25_current,TF034,product_specific,3,e62b0c91-ff0c-43b2-9bd5-ff173d9f8bc0,7.234122276306152,False,0.9348000003228663
bm25_current,TF034,product_specific,4,7c33fbb7-e931-4f6b-9520-23875ec9ee5b,6.044244289398193,False,0.9348000003228663
bm25_current,TF034,product_specific,5,3ecc27b9-634c-4026-b44e-e01123aa0467,6.001184463500977,False,0.9348000003228663
bm25_current,TF034,product_specific,6,4c0dde2a-0432-4cb2-ad33-987f5979ff76,4.898802280426025,False,0.9348000003228663
bm25_current,TF034,product_specific,7,d4c1a9ca-23c5-4ae0-9a51-c56675b2e6d1,4.80902624130249,False,0.9348000003228663
bm25_current,TF034,product_specific,8,9131e9a9-eff3-4f4e-a20b-4bdd456c35bc,4.687402725219727,False,0.9348000003228663
bm25_current,TF034,product_specific,9,a7cf71a5-8426-4d7c-8106-e0754e7cb4bf,4.556581497192383,False,0.9348000003228663
bm25_current,TF034,product_specific,10,5de4d74d-720e-4d86-a836-f946d70a2d32,4.42374849319458,False,0.9348000003228663
bm25_current,TF035,paraphrase,1,7c33fbb7-e931-4f6b-9520-23875ec9ee5b,6.9332594871521,False,1.2093999994249316
bm25_current,TF035,paraphrase,2,b0b5bc4f-7d0b-4f56-8e37-84178d38637d,4.386571884155273,True,1.2093999994249316
bm25_current,TF035,paraphrase,3,4d18d11e-2a92-4690-8a64-46653931483e,3.619680881500244,False,1.2093999994249316
bm25_current,TF035,paraphrase,4,da79aa00-567d-434c-8441-915ac080f918,3.5315003395080566,False,1.2093999994249316
bm25_current,TF035,paraphrase,5,1033ac46-dec8-493e-b577-7f5ad80f8e86,3.4380242824554443,False,1.2093999994249316
bm25_current,TF035,paraphrase,6,81a83ec4-b5d1-4305-9f44-93e5fa935ffe,3.298006534576416,False,1.2093999994249316
bm25_current,TF035,paraphrase,7,1b376f6f-5ee5-4d05-a585-f3aa6b7ee824,2.988546371459961,False,1.2093999994249316
bm25_current,TF035,paraphrase,8,3ecc27b9-634c-4026-b44e-e01123aa0467,2.89589786529541,False,1.2093999994249316
bm25_current,TF035,paraphrase,9,23c6ca0d-04bf-4081-b90a-9819029dcd73,2.866295576095581,False,1.2093999994249316
bm25_current,TF035,paraphrase,10,ba3d1d87-0c2d-4b67-a0c2-4615c8249c2a,2.82015061378479,False,1.2093999994249316
bm25_current,TF036,monitoring,1,a7cf71a5-8426-4d7c-8106-e0754e7cb4bf,10.132375717163086,True,1.1527999995450955
bm25_current,TF036,monitoring,2,f9cfc75b-a5e7-4633-a798-4b17ea462325,8.370214462280273,False,1.1527999995450955
bm25_current,TF036,monitoring,3,30ce28cb-f702-4cce-8105-137e2f73af0d,4.835442543029785,False,1.1527999995450955
bm25_current,TF036,monitoring,4,22e6c188-2e4c-4029-b200-7770a3f00e6e,4.754816055297852,False,1.1527999995450955
bm25_current,TF036,monitoring,5,36bac780-b1a2-42dc-8cca-3605f80c5521,3.5937914848327637,False,1.1527999995450955
bm25_current,TF036,monitoring,6,8259ed27-8646-4502-a959-aab1e9f1770f,3.4005348682403564,False,1.1527999995450955
bm25_current,TF036,monitoring,7,8f3ed830-3a06-41c6-8b06-cfcf6d36a83c,3.3961188793182373,False,1.1527999995450955
bm25_current,TF036,monitoring,8,98d006ac-5212-4c8c-8a63-4cbd4d6caffc,3.356285572052002,False,1.1527999995450955
bm25_current,TF036,monitoring,9,7e5199d4-e5c9-40ca-a69f-ea37f52c6ce3,3.2616989612579346,False,1.1527999995450955
bm25_current,TF036,monitoring,10,6ffcd319-e868-444b-b6fe-8d192a4de3ff,3.187786102294922,False,1.1527999995450955
bm25_current,TF037,adverse_reaction,1,15e829a9-a475-429d-b0e3-5c34bfbd3ab7,11.560527801513672,True,0.8660000003146706
bm25_current,TF037,adverse_reaction,2,324bc249-0e84-46e9-b77f-856c76cd5353,7.553943634033203,False,0.8660000003146706
bm25_current,TF037,adverse_reaction,3,8939253d-3272-4915-8c2b-c60062aeb818,1.9931259155273438,True,0.8660000003146706
bm25_current,TF037,adverse_reaction,4,7abe62fa-6fdb-4466-a16b-73e1770f0c57,1.600231409072876,False,0.8660000003146706
bm25_current,TF037,adverse_reaction,5,391ad5dc-0d1c-4350-85ba-5aa601d9ac0d,1.3353826999664307,False,0.8660000003146706
bm25_current,TF037,adverse_reaction,6,2e55093d-0a0f-4fd9-954b-4fc72df9eac0,0.949152946472168,False,0.8660000003146706
bm25_current,TF037,adverse_reaction,7,da79aa00-567d-434c-8441-915ac080f918,0.8504177927970886,False,0.8660000003146706
bm25_current,TF037,adverse_reaction,8,5de4d74d-720e-4d86-a836-f946d70a2d32,0.773520827293396,False,0.8660000003146706
bm25_current,TF037,adverse_reaction,9,d4c1a9ca-23c5-4ae0-9a51-c56675b2e6d1,0.6956260800361633,False,0.8660000003146706
bm25_current,TF037,adverse_reaction,10,7e5199d4-e5c9-40ca-a69f-ea37f52c6ce3,0.1314123421907425,False,0.8660000003146706
bm25_current,TF038,adverse_reaction,1,324bc249-0e84-46e9-b77f-856c76cd5353,7.7097554206848145,False,0.8993999999802327
bm25_current,TF038,adverse_reaction,2,8939253d-3272-4915-8c2b-c60062aeb818,5.776628017425537,True,0.8993999999802327
bm25_current,TF038,adverse_reaction,3,15e829a9-a475-429d-b0e3-5c34bfbd3ab7,2.2149574756622314,False,0.8993999999802327
bm25_current,TF038,adverse_reaction,4,7abe62fa-6fdb-4466-a16b-73e1770f0c57,1.5427136421203613,True,0.8993999999802327
bm25_current,TF038,adverse_reaction,5,391ad5dc-0d1c-4350-85ba-5aa601d9ac0d,1.2345267534255981,False,0.8993999999802327
bm25_current,TF038,adverse_reaction,6,2e55093d-0a0f-4fd9-954b-4fc72df9eac0,0.8617947697639465,False,0.8993999999802327
bm25_current,TF038,adverse_reaction,7,e62b0c91-ff0c-43b2-9bd5-ff173d9f8bc0,0.823145866394043,False,0.8993999999802327
bm25_current,TF038,adverse_reaction,8,da79aa00-567d-434c-8441-915ac080f918,0.7254837155342102,False,0.8993999999802327
bm25_current,TF038,adverse_reaction,9,d4c1a9ca-23c5-4ae0-9a51-c56675b2e6d1,0.6956260800361633,False,0.8993999999802327
bm25_current,TF038,adverse_reaction,10,5de4d74d-720e-4d86-a836-f946d70a2d32,0.6446763873100281,False,0.8993999999802327
bm25_current,TF039,adverse_reaction,1,324bc249-0e84-46e9-b77f-856c76cd5353,5.971460819244385,False,1.0401999998066458
bm25_current,TF039,adverse_reaction,2,7abe62fa-6fdb-4466-a16b-73e1770f0c57,5.051360607147217,True,1.0401999998066458
bm25_current,TF039,adverse_reaction,3,2e55093d-0a0f-4fd9-954b-4fc72df9eac0,3.3720645904541016,True,1.0401999998066458
bm25_current,TF039,adverse_reaction,4,391ad5dc-0d1c-4350-85ba-5aa601d9ac0d,1.3353826999664307,False,1.0401999998066458
bm25_current,TF039,adverse_reaction,5,da79aa00-567d-434c-8441-915ac080f918,0.8504177927970886,False,1.0401999998066458
bm25_current,TF039,adverse_reaction,6,15e829a9-a475-429d-b0e3-5c34bfbd3ab7,0.7488635182380676,False,1.0401999998066458
bm25_current,TF039,adverse_reaction,7,d4c1a9ca-23c5-4ae0-9a51-c56675b2e6d1,0.6956260800361633,False,1.0401999998066458
bm25_current,TF039,adverse_reaction,8,8939253d-3272-4915-8c2b-c60062aeb818,0.6486386656761169,False,1.0401999998066458
bm25_current,TF039,adverse_reaction,9,7e5199d4-e5c9-40ca-a69f-ea37f52c6ce3,0.1314123421907425,False,1.0401999998066458
bm25_current,TF039,adverse_reaction,10,a7cf71a5-8426-4d7c-8106-e0754e7cb4bf,0.12989771366119385,False,1.0401999998066458
bm25_current,TF040,adverse_reaction,1,f4580736-a09e-471f-93d2-8089c695eb67,5.533454895019531,True,1.1771999998018146
bm25_current,TF040,adverse_reaction,2,2e55093d-0a0f-4fd9-954b-4fc72df9eac0,5.291259765625,True,1.1771999998018146
bm25_current,TF040,adverse_reaction,3,391ad5dc-0d1c-4350-85ba-5aa601d9ac0d,1.3353826999664307,False,1.1771999998018146
bm25_current,TF040,adverse_reaction,4,b0d368a1-d0fc-4b8b-8567-e190cf462986,0.9423860907554626,False,1.1771999998018146
bm25_current,TF040,adverse_reaction,5,7e5199d4-e5c9-40ca-a69f-ea37f52c6ce3,0.9198150634765625,False,1.1771999998018146
bm25_current,TF040,adverse_reaction,6,a7cf71a5-8426-4d7c-8106-e0754e7cb4bf,0.9092135429382324,False,1.1771999998018146
bm25_current,TF040,adverse_reaction,7,5de4d74d-720e-4d86-a836-f946d70a2d32,0.901841402053833,False,1.1771999998018146
bm25_current,TF040,adverse_reaction,8,c404e320-0bf2-4325-be92-7a0614f201ca,0.8950620293617249,False,1.1771999998018146
bm25_current,TF040,adverse_reaction,9,73735f01-c9d0-4dd5-8d46-c70045e4b334,0.8702232837677002,False,1.1771999998018146
bm25_current,TF040,adverse_reaction,10,16efaa44-1554-4748-8407-48fac0bced94,0.8496715426445007,False,1.1771999998018146
bm25_current,TF041,adverse_reaction,1,5e7838ae-0b80-4d05-b266-deb52de7b401,8.112334251403809,True,0.7987999997567385
bm25_current,TF041,adverse_reaction,2,7abe62fa-6fdb-4466-a16b-73e1770f0c57,7.936646461486816,False,0.7987999997567385
bm25_current,TF041,adverse_reaction,3,f4580736-a09e-471f-93d2-8089c695eb67,6.967788219451904,True,0.7987999997567385
bm25_current,TF041,adverse_reaction,4,324bc249-0e84-46e9-b77f-856c76cd5353,5.971460819244385,False,0.7987999997567385
bm25_current,TF041,adverse_reaction,5,391ad5dc-0d1c-4350-85ba-5aa601d9ac0d,1.3353826999664307,False,0.7987999997567385
bm25_current,TF041,adverse_reaction,6,2e55093d-0a0f-4fd9-954b-4fc72df9eac0,0.949152946472168,False,0.7987999997567385
bm25_current,TF041,adverse_reaction,7,da79aa00-567d-434c-8441-915ac080f918,0.8504177927970886,False,0.7987999997567385
bm25_current,TF041,adverse_reaction,8,15e829a9-a475-429d-b0e3-5c34bfbd3ab7,0.7488635182380676,False,0.7987999997567385
bm25_current,TF041,adverse_reaction,9,d4c1a9ca-23c5-4ae0-9a51-c56675b2e6d1,0.6956260800361633,False,0.7987999997567385
bm25_current,TF041,adverse_reaction,10,8939253d-3272-4915-8c2b-c60062aeb818,0.6486386656761169,False,0.7987999997567385
bm25_current,TF042,procedure,1,fbf62ef9-25b7-437c-98d8-c4934fba0fe6,9.348983764648438,False,0.6268999995882041
bm25_current,TF042,procedure,2,9552a4ac-31b4-43a8-aa92-37bd3e89362a,5.974932670593262,False,0.6268999995882041
bm25_current,TF042,procedure,3,2cea4ea7-7aaf-4c54-ac4e-b660de52065d,5.450984001159668,False,0.6268999995882041
bm25_current,TF042,procedure,4,dfb2693a-e821-4d6e-bbcc-0dbf3dc2a2ae,5.0552825927734375,True,0.6268999995882041
bm25_current,TF042,procedure,5,84c0a864-176f-4776-a15e-167fc2518e5d,4.772139549255371,False,0.6268999995882041
bm25_current,TF042,procedure,6,3abbb958-eafe-4ffe-bcfc-dafa7349c15c,4.684035301208496,True,0.6268999995882041
bm25_current,TF042,procedure,7,21efe016-3004-45f3-a070-29ce2ecb0019,4.681832790374756,False,0.6268999995882041
bm25_current,TF042,procedure,8,d3b7d61b-50f0-4b96-a770-785a9f3c3886,3.241227149963379,False,0.6268999995882041
bm25_current,TF042,procedure,9,4c0dde2a-0432-4cb2-ad33-987f5979ff76,3.2006609439849854,False,0.6268999995882041
bm25_current,TF042,procedure,10,9131e9a9-eff3-4f4e-a20b-4bdd456c35bc,3.0297956466674805,False,0.6268999995882041
bm25_current,TF043,procedure,1,9552a4ac-31b4-43a8-aa92-37bd3e89362a,6.669375896453857,False,0.8563000001231558
bm25_current,TF043,procedure,2,84c0a864-176f-4776-a15e-167fc2518e5d,5.107710838317871,False,0.8563000001231558
bm25_current,TF043,procedure,3,59d57c8a-c9d7-4f8d-b9a1-a2816f1f01f7,4.804263591766357,False,0.8563000001231558
bm25_current,TF043,procedure,4,f9cfc75b-a5e7-4633-a798-4b17ea462325,4.705187797546387,False,0.8563000001231558
bm25_current,TF043,procedure,5,e62b0c91-ff0c-43b2-9bd5-ff173d9f8bc0,4.6416802406311035,False,0.8563000001231558
bm25_current,TF043,procedure,6,3ecc27b9-634c-4026-b44e-e01123aa0467,4.619518756866455,False,0.8563000001231558
bm25_current,TF043,procedure,7,9b6cc313-9a59-4387-a5ce-2ed14389a0a7,4.2461018562316895,False,0.8563000001231558
bm25_current,TF043,procedure,8,df699ccc-6f51-4281-b4a4-f3d2a20631e0,4.123198509216309,False,0.8563000001231558
bm25_current,TF043,procedure,9,d3b7d61b-50f0-4b96-a770-785a9f3c3886,1.9555081129074097,False,0.8563000001231558
bm25_current,TF043,procedure,10,b0b5bc4f-7d0b-4f56-8e37-84178d38637d,1.9025700092315674,False,0.8563000001231558
bm25_current,TF044,fact_specific,1,09f3c6d5-9e0c-4545-960f-b16c69abbeb1,6.416562557220459,False,0.9328000005552894
bm25_current,TF044,fact_specific,2,dfb2693a-e821-4d6e-bbcc-0dbf3dc2a2ae,5.222231864929199,False,0.9328000005552894
bm25_current,TF044,fact_specific,3,919e93ca-fed9-4dde-b9b8-f870e207a3f3,4.688266754150391,False,0.9328000005552894
bm25_current,TF044,fact_specific,4,3abbb958-eafe-4ffe-bcfc-dafa7349c15c,4.684035301208496,False,0.9328000005552894
bm25_current,TF044,fact_specific,5,3ecc27b9-634c-4026-b44e-e01123aa0467,4.577188014984131,False,0.9328000005552894
bm25_current,TF044,fact_specific,6,9131e9a9-eff3-4f4e-a20b-4bdd456c35bc,4.499397277832031,False,0.9328000005552894
bm25_current,TF044,fact_specific,7,2cea4ea7-7aaf-4c54-ac4e-b660de52065d,4.399069309234619,False,0.9328000005552894
bm25_current,TF044,fact_specific,8,fbf62ef9-25b7-437c-98d8-c4934fba0fe6,4.2966814041137695,False,0.9328000005552894
bm25_current,TF044,fact_specific,9,1033ac46-dec8-493e-b577-7f5ad80f8e86,4.093734264373779,False,0.9328000005552894
bm25_current,TF044,fact_specific,10,9552a4ac-31b4-43a8-aa92-37bd3e89362a,3.5061025619506836,False,0.9328000005552894
bm25_current,TF045,paraphrase,1,3abbb958-eafe-4ffe-bcfc-dafa7349c15c,6.537220001220703,False,1.0015000007115304
bm25_current,TF045,paraphrase,2,eda54b74-cd2f-4808-8175-bcc5b916ce90,5.430171489715576,False,1.0015000007115304
bm25_current,TF045,paraphrase,3,7adacb8c-91c0-4ea7-8d82-7505eeac5042,5.366875648498535,False,1.0015000007115304
bm25_current,TF045,paraphrase,4,dfb2693a-e821-4d6e-bbcc-0dbf3dc2a2ae,5.349342346191406,False,1.0015000007115304
bm25_current,TF045,paraphrase,5,22e6c188-2e4c-4029-b200-7770a3f00e6e,5.186156272888184,False,1.0015000007115304
bm25_current,TF045,paraphrase,6,2cea4ea7-7aaf-4c54-ac4e-b660de52065d,3.7989649772644043,False,1.0015000007115304
bm25_current,TF045,paraphrase,7,fbf62ef9-25b7-437c-98d8-c4934fba0fe6,3.7905306816101074,False,1.0015000007115304
bm25_current,TF045,paraphrase,8,b225ae64-72d2-4e59-81c0-57f5d8438666,3.657823085784912,False,1.0015000007115304
bm25_current,TF045,paraphrase,9,9131e9a9-eff3-4f4e-a20b-4bdd456c35bc,3.4647159576416016,False,1.0015000007115304
bm25_current,TF045,paraphrase,10,fd678588-5ac2-400d-95c5-3309537781ec,3.287501573562622,True,1.0015000007115304
bm25_current,TN001,negative_out_of_scope,1,fb4884e3-8fea-42fa-b996-7e9c333e7fef,0.0,False,0.8486000006087124
bm25_current,TN001,negative_out_of_scope,2,761b9529-5b18-4262-8174-6062c35fb31c,0.0,False,0.8486000006087124
bm25_current,TN001,negative_out_of_scope,3,c78ff32d-ea17-41fd-98ef-2e8872f01df3,0.0,False,0.8486000006087124
bm25_current,TN001,negative_out_of_scope,4,d9a4a9c8-fbd4-41f2-bab6-6abd72575204,0.0,False,0.8486000006087124
bm25_current,TN001,negative_out_of_scope,5,ee8c2027-ad6d-4bb7-8077-5e4c42be1cc3,0.0,False,0.8486000006087124
bm25_current,TN001,negative_out_of_scope,6,66dba192-bac5-4b3a-bd4d-77e9eacb4192,0.0,False,0.8486000006087124
bm25_current,TN001,negative_out_of_scope,7,edd76252-eb29-4acf-9a31-735463528b7d,0.0,False,0.8486000006087124
bm25_current,TN001,negative_out_of_scope,8,843aa4c8-3ffd-4747-97eb-8699b0a0eeaf,0.0,False,0.8486000006087124
bm25_current,TN001,negative_out_of_scope,9,63e9db23-9c0a-4e6a-a272-3d118d242ca2,0.0,False,0.8486000006087124
bm25_current,TN001,negative_out_of_scope,10,10537058-d160-4786-a6cf-95de46d7189c,0.0,False,0.8486000006087124
bm25_current,TN002,negative_out_of_scope,1,c78ff32d-ea17-41fd-98ef-2e8872f01df3,3.995793342590332,False,0.8837000004859874
bm25_current,TN002,negative_out_of_scope,2,fb4884e3-8fea-42fa-b996-7e9c333e7fef,0.0,False,0.8837000004859874
bm25_current,TN002,negative_out_of_scope,3,761b9529-5b18-4262-8174-6062c35fb31c,0.0,False,0.8837000004859874
bm25_current,TN002,negative_out_of_scope,4,d9a4a9c8-fbd4-41f2-bab6-6abd72575204,0.0,False,0.8837000004859874
bm25_current,TN002,negative_out_of_scope,5,ee8c2027-ad6d-4bb7-8077-5e4c42be1cc3,0.0,False,0.8837000004859874
bm25_current,TN002,negative_out_of_scope,6,66dba192-bac5-4b3a-bd4d-77e9eacb4192,0.0,False,0.8837000004859874
bm25_current,TN002,negative_out_of_scope,7,edd76252-eb29-4acf-9a31-735463528b7d,0.0,False,0.8837000004859874
bm25_current,TN002,negative_out_of_scope,8,843aa4c8-3ffd-4747-97eb-8699b0a0eeaf,0.0,False,0.8837000004859874
bm25_current,TN002,negative_out_of_scope,9,63e9db23-9c0a-4e6a-a272-3d118d242ca2,0.0,False,0.8837000004859874
bm25_current,TN002,negative_out_of_scope,10,10537058-d160-4786-a6cf-95de46d7189c,0.0,False,0.8837000004859874
bm25_current,TN003,negative_out_of_scope,1,6ffcd319-e868-444b-b6fe-8d192a4de3ff,5.228564262390137,False,0.841000000036729
bm25_current,TN003,negative_out_of_scope,2,f7a9837d-f8db-4461-abd8-a3607db2276f,0.9105718731880188,False,0.841000000036729
bm25_current,TN003,negative_out_of_scope,3,fbf62ef9-25b7-437c-98d8-c4934fba0fe6,0.7948442697525024,False,0.841000000036729
bm25_current,TN003,negative_out_of_scope,4,fb4884e3-8fea-42fa-b996-7e9c333e7fef,0.0,False,0.841000000036729
bm25_current,TN003,negative_out_of_scope,5,761b9529-5b18-4262-8174-6062c35fb31c,0.0,False,0.841000000036729
bm25_current,TN003,negative_out_of_scope,6,c78ff32d-ea17-41fd-98ef-2e8872f01df3,0.0,False,0.841000000036729
bm25_current,TN003,negative_out_of_scope,7,d9a4a9c8-fbd4-41f2-bab6-6abd72575204,0.0,False,0.841000000036729
bm25_current,TN003,negative_out_of_scope,8,ee8c2027-ad6d-4bb7-8077-5e4c42be1cc3,0.0,False,0.841000000036729
bm25_current,TN003,negative_out_of_scope,9,66dba192-bac5-4b3a-bd4d-77e9eacb4192,0.0,False,0.841000000036729
bm25_current,TN003,negative_out_of_scope,10,edd76252-eb29-4acf-9a31-735463528b7d,0.0,False,0.841000000036729
bm25_current,TN004,negative_out_of_scope,1,fb4884e3-8fea-42fa-b996-7e9c333e7fef,0.0,False,0.5853000002389308
bm25_current,TN004,negative_out_of_scope,2,761b9529-5b18-4262-8174-6062c35fb31c,0.0,False,0.5853000002389308
bm25_current,TN004,negative_out_of_scope,3,c78ff32d-ea17-41fd-98ef-2e8872f01df3,0.0,False,0.5853000002389308
bm25_current,TN004,negative_out_of_scope,4,d9a4a9c8-fbd4-41f2-bab6-6abd72575204,0.0,False,0.5853000002389308
bm25_current,TN004,negative_out_of_scope,5,ee8c2027-ad6d-4bb7-8077-5e4c42be1cc3,0.0,False,0.5853000002389308
bm25_current,TN004,negative_out_of_scope,6,66dba192-bac5-4b3a-bd4d-77e9eacb4192,0.0,False,0.5853000002389308
bm25_current,TN004,negative_out_of_scope,7,edd76252-eb29-4acf-9a31-735463528b7d,0.0,False,0.5853000002389308
bm25_current,TN004,negative_out_of_scope,8,843aa4c8-3ffd-4747-97eb-8699b0a0eeaf,0.0,False,0.5853000002389308
bm25_current,TN004,negative_out_of_scope,9,63e9db23-9c0a-4e6a-a272-3d118d242ca2,0.0,False,0.5853000002389308
bm25_current,TN004,negative_out_of_scope,10,10537058-d160-4786-a6cf-95de46d7189c,0.0,False,0.5853000002389308
bm25_current,TN005,negative_out_of_scope,1,b225ae64-72d2-4e59-81c0-57f5d8438666,3.417100429534912,False,0.8583999997426872
bm25_current,TN005,negative_out_of_scope,2,eda54b74-cd2f-4808-8175-bcc5b916ce90,3.2731075286865234,False,0.8583999997426872
bm25_current,TN005,negative_out_of_scope,3,7adacb8c-91c0-4ea7-8d82-7505eeac5042,3.242741823196411,False,0.8583999997426872
bm25_current,TN005,negative_out_of_scope,4,22e6c188-2e4c-4029-b200-7770a3f00e6e,3.1836698055267334,False,0.8583999997426872
bm25_current,TN005,negative_out_of_scope,5,3abbb958-eafe-4ffe-bcfc-dafa7349c15c,3.12671160697937,False,0.8583999997426872
bm25_current,TN005,negative_out_of_scope,6,fd678588-5ac2-400d-95c5-3309537781ec,3.0449960231781006,False,0.8583999997426872
bm25_current,TN005,negative_out_of_scope,7,84c0a864-176f-4776-a15e-167fc2518e5d,2.724569082260132,False,0.8583999997426872
bm25_current,TN005,negative_out_of_scope,8,9552a4ac-31b4-43a8-aa92-37bd3e89362a,2.6235361099243164,False,0.8583999997426872
bm25_current,TN005,negative_out_of_scope,9,74c0eabe-77c7-4dbf-a321-27966a12fafb,2.3422484397888184,False,0.8583999997426872
bm25_current,TN005,negative_out_of_scope,10,7e68f70a-ba74-4eb8-bbae-c7e9f7340567,2.1679201126098633,False,0.8583999997426872
bm25_current,TP001,product_specific,1,0f6b0fc1-9d70-479f-a87d-a26e954e2adb,6.211029052734375,False,0.3764000002774992
bm25_current,TP001,product_specific,2,9552a4ac-31b4-43a8-aa92-37bd3e89362a,5.7914910316467285,False,0.3764000002774992
bm25_current,TP001,product_specific,3,54fdf811-dedd-4016-b144-3e4bfdcd67c8,5.593297481536865,False,0.3764000002774992
bm25_current,TP001,product_specific,4,ba3d1d87-0c2d-4b67-a0c2-4615c8249c2a,5.1758856773376465,True,0.3764000002774992
bm25_current,TP001,product_specific,5,84c0a864-176f-4776-a15e-167fc2518e5d,3.892451524734497,False,0.3764000002774992
bm25_current,TP001,product_specific,6,fb4884e3-8fea-42fa-b996-7e9c333e7fef,0.0,False,0.3764000002774992
bm25_current,TP001,product_specific,7,761b9529-5b18-4262-8174-6062c35fb31c,0.0,False,0.3764000002774992
bm25_current,TP001,product_specific,8,c78ff32d-ea17-41fd-98ef-2e8872f01df3,0.0,False,0.3764000002774992
bm25_current,TP001,product_specific,9,d9a4a9c8-fbd4-41f2-bab6-6abd72575204,0.0,False,0.3764000002774992
bm25_current,TP001,product_specific,10,ee8c2027-ad6d-4bb7-8077-5e4c42be1cc3,0.0,False,0.3764000002774992
bm25_current,TP002,product_specific,1,4c0dde2a-0432-4cb2-ad33-987f5979ff76,4.5704240798950195,False,0.6235999999262276
bm25_current,TP002,product_specific,2,f7a9837d-f8db-4461-abd8-a3607db2276f,4.295620918273926,False,0.6235999999262276
bm25_current,TP002,product_specific,3,b0b5bc4f-7d0b-4f56-8e37-84178d38637d,3.8005127906799316,False,0.6235999999262276
bm25_current,TP002,product_specific,4,c404e320-0bf2-4325-be92-7a0614f201ca,3.50697922706604,False,0.6235999999262276
bm25_current,TP002,product_specific,5,a3d42ca5-54b5-4b8d-be4e-79337aaab880,2.6698713302612305,False,0.6235999999262276
bm25_current,TP002,product_specific,6,7adacb8c-91c0-4ea7-8d82-7505eeac5042,0.9279085397720337,False,0.6235999999262276
bm25_current,TP002,product_specific,7,7e68f70a-ba74-4eb8-bbae-c7e9f7340567,0.9048877954483032,False,0.6235999999262276
bm25_current,TP002,product_specific,8,17abd2d4-27a2-40ba-a55b-0b3ceee19005,0.8584475517272949,False,0.6235999999262276
bm25_current,TP002,product_specific,9,21d38039-895b-46a4-8902-96e380ce41aa,0.7931140065193176,False,0.6235999999262276
bm25_current,TP002,product_specific,10,b10b8f1c-ed17-44ca-8d7c-1a4f19a12c67,0.7817808985710144,False,0.6235999999262276
bm25_current,TP003,temporal,1,63b53156-440d-40c1-bc88-5c07c23ae77f,7.014914035797119,True,0.6530999999085907
bm25_current,TP003,temporal,2,c404e320-0bf2-4325-be92-7a0614f201ca,6.746158599853516,False,0.6530999999085907
bm25_current,TP003,temporal,3,9131e9a9-eff3-4f4e-a20b-4bdd456c35bc,5.673131942749023,False,0.6530999999085907
bm25_current,TP003,temporal,4,59d57c8a-c9d7-4f8d-b9a1-a2816f1f01f7,5.521611213684082,False,0.6530999999085907
bm25_current,TP003,temporal,5,ffcf7308-6e83-47bc-a519-0b4b7ba44562,5.474223613739014,False,0.6530999999085907
bm25_current,TP003,temporal,6,d2e0fc0a-bf0e-4226-abbf-e9f3dea2fce8,5.082720756530762,False,0.6530999999085907
bm25_current,TP003,temporal,7,21efe016-3004-45f3-a070-29ce2ecb0019,5.051664352416992,False,0.6530999999085907
bm25_current,TP003,temporal,8,f7a9837d-f8db-4461-abd8-a3607db2276f,4.295620918273926,False,0.6530999999085907
bm25_current,TP003,temporal,9,3ecc27b9-634c-4026-b44e-e01123aa0467,3.9162402153015137,False,0.6530999999085907
bm25_current,TP003,temporal,10,23c6ca0d-04bf-4081-b90a-9819029dcd73,3.50697922706604,False,0.6530999999085907
bm25_current,TP004,temporal,1,63b53156-440d-40c1-bc88-5c07c23ae77f,8.07597541809082,True,1.03190000027098
bm25_current,TP004,temporal,2,f7a9837d-f8db-4461-abd8-a3607db2276f,4.295620918273926,False,1.03190000027098
bm25_current,TP004,temporal,3,23c6ca0d-04bf-4081-b90a-9819029dcd73,3.50697922706604,False,1.03190000027098
bm25_current,TP004,temporal,4,c404e320-0bf2-4325-be92-7a0614f201ca,3.50697922706604,False,1.03190000027098
bm25_current,TP004,temporal,5,21efe016-3004-45f3-a070-29ce2ecb0019,2.6260993480682373,False,1.03190000027098
bm25_current,TP004,temporal,6,71d2e37c-44e2-4972-8e6b-a6449c2f8404,1.058933973312378,True,1.03190000027098
bm25_current,TP004,temporal,7,a7cf71a5-8426-4d7c-8106-e0754e7cb4bf,0.7901211380958557,False,1.03190000027098
bm25_current,TP004,temporal,8,ffcf7308-6e83-47bc-a519-0b4b7ba44562,0.7786510586738586,False,1.03190000027098
bm25_current,TP004,temporal,9,15e829a9-a475-429d-b0e3-5c34bfbd3ab7,0.6971055865287781,False,1.03190000027098
bm25_current,TP004,temporal,10,b66e5419-8a9c-47f4-866d-ebdb95b174b2,0.6754313707351685,False,1.03190000027098
bm25_current,TP005,temporal,1,da79aa00-567d-434c-8441-915ac080f918,8.468080520629883,True,0.8509999997841078
bm25_current,TP005,temporal,2,ba3d1d87-0c2d-4b67-a0c2-4615c8249c2a,5.760707378387451,False,0.8509999997841078
bm25_current,TP005,temporal,3,0f6b0fc1-9d70-479f-a87d-a26e954e2adb,5.537386417388916,False,0.8509999997841078
bm25_current,TP005,temporal,4,54fdf811-dedd-4016-b144-3e4bfdcd67c8,4.545566082000732,False,0.8509999997841078
bm25_current,TP005,temporal,5,e96acbc9-66b4-4df4-953b-3f7b0a846bbc,3.0434024333953857,False,0.8509999997841078
bm25_current,TP005,temporal,6,c404e320-0bf2-4325-be92-7a0614f201ca,1.71193528175354,False,0.8509999997841078
bm25_current,TP005,temporal,7,5de4d74d-720e-4d86-a836-f946d70a2d32,1.5024938583374023,False,0.8509999997841078
bm25_current,TP005,temporal,8,8259ed27-8646-4502-a959-aab1e9f1770f,1.4493985176086426,False,0.8509999997841078
bm25_current,TP005,temporal,9,9b6cc313-9a59-4387-a5ce-2ed14389a0a7,1.36068856716156,False,0.8509999997841078
bm25_current,TP005,temporal,10,b10b8f1c-ed17-44ca-8d7c-1a4f19a12c67,1.046776294708252,False,0.8509999997841078
bm25_current,TP006,product_specific,1,e96acbc9-66b4-4df4-953b-3f7b0a846bbc,13.520915031433105,True,0.7735999997748877
bm25_current,TP006,product_specific,2,9131e9a9-eff3-4f4e-a20b-4bdd456c35bc,7.239568710327148,False,0.7735999997748877
bm25_current,TP006,product_specific,3,54fdf811-dedd-4016-b144-3e4bfdcd67c8,6.474274635314941,False,0.7735999997748877
bm25_current,TP006,product_specific,4,d4c1a9ca-23c5-4ae0-9a51-c56675b2e6d1,5.540075778961182,False,0.7735999997748877
bm25_current,TP006,product_specific,5,e62b0c91-ff0c-43b2-9bd5-ff173d9f8bc0,4.853871822357178,False,0.7735999997748877
bm25_current,TP006,product_specific,6,73735f01-c9d0-4dd5-8d46-c70045e4b334,4.753549098968506,False,0.7735999997748877
bm25_current,TP006,product_specific,7,7c33fbb7-e931-4f6b-9520-23875ec9ee5b,4.394296646118164,False,0.7735999997748877
bm25_current,TP006,product_specific,8,324bc249-0e84-46e9-b77f-856c76cd5353,3.799816370010376,False,0.7735999997748877
bm25_current,TP006,product_specific,9,48b9789d-5088-4ba1-a82a-be3a6396ce85,3.434281349182129,False,0.7735999997748877
bm25_current,TP006,product_specific,10,3abbb958-eafe-4ffe-bcfc-dafa7349c15c,3.0214383602142334,False,0.7735999997748877
bm25_current,TP007,product_specific,1,e62b0c91-ff0c-43b2-9bd5-ff173d9f8bc0,10.254488945007324,False,1.2285999991945573
bm25_current,TP007,product_specific,2,7c33fbb7-e931-4f6b-9520-23875ec9ee5b,9.132205963134766,False,1.2285999991945573
bm25_current,TP007,product_specific,3,4c0dde2a-0432-4cb2-ad33-987f5979ff76,7.46903657913208,False,1.2285999991945573
bm25_current,TP007,product_specific,4,e96acbc9-66b4-4df4-953b-3f7b0a846bbc,7.376331806182861,False,1.2285999991945573
bm25_current,TP007,product_specific,5,3ecc27b9-634c-4026-b44e-e01123aa0467,6.703591346740723,False,1.2285999991945573
bm25_current,TP007,product_specific,6,7abe62fa-6fdb-4466-a16b-73e1770f0c57,5.780395984649658,False,1.2285999991945573
bm25_current,TP007,product_specific,7,9131e9a9-eff3-4f4e-a20b-4bdd456c35bc,5.747225761413574,False,1.2285999991945573
bm25_current,TP007,product_specific,8,f9cfc75b-a5e7-4633-a798-4b17ea462325,5.744747638702393,False,1.2285999991945573
bm25_current,TP007,product_specific,9,df699ccc-6f51-4281-b4a4-f3d2a20631e0,4.723957061767578,False,1.2285999991945573
bm25_current,TP007,product_specific,10,54fdf811-dedd-4016-b144-3e4bfdcd67c8,4.067595481872559,False,1.2285999991945573
bm25_current,TP008,product_specific,1,df699ccc-6f51-4281-b4a4-f3d2a20631e0,6.729313373565674,False,1.2243000001035398
bm25_current,TP008,product_specific,2,7c33fbb7-e931-4f6b-9520-23875ec9ee5b,5.272154808044434,False,1.2243000001035398
bm25_current,TP008,product_specific,3,a3d42ca5-54b5-4b8d-be4e-79337aaab880,5.092217922210693,False,1.2243000001035398
bm25_current,TP008,product_specific,4,e62b0c91-ff0c-43b2-9bd5-ff173d9f8bc0,5.087080955505371,False,1.2243000001035398
bm25_current,TP008,product_specific,5,09f3c6d5-9e0c-4545-960f-b16c69abbeb1,4.50029993057251,False,1.2243000001035398
bm25_current,TP008,product_specific,6,9131e9a9-eff3-4f4e-a20b-4bdd456c35bc,3.660259962081909,True,1.2243000001035398
bm25_current,TP008,product_specific,7,4c0dde2a-0432-4cb2-ad33-987f5979ff76,3.5203280448913574,False,1.2243000001035398
bm25_current,TP008,product_specific,8,3ecc27b9-634c-4026-b44e-e01123aa0467,3.278834104537964,False,1.2243000001035398
bm25_current,TP008,product_specific,9,fd678588-5ac2-400d-95c5-3309537781ec,3.265038013458252,False,1.2243000001035398
bm25_current,TP008,product_specific,10,54fdf811-dedd-4016-b144-3e4bfdcd67c8,0.8447748422622681,True,1.2243000001035398
bm25_current,TP009,product_specific,1,2cea4ea7-7aaf-4c54-ac4e-b660de52065d,12.369556427001953,False,1.0646999999153195
bm25_current,TP009,product_specific,2,21efe016-3004-45f3-a070-29ce2ecb0019,11.879400253295898,False,1.0646999999153195
bm25_current,TP009,product_specific,3,b66e5419-8a9c-47f4-866d-ebdb95b174b2,10.143758773803711,False,1.0646999999153195
bm25_current,TP009,product_specific,4,bc88f538-e881-4c81-85e9-fca20614315d,7.267630100250244,True,1.0646999999153195
bm25_current,TP009,product_specific,5,59d57c8a-c9d7-4f8d-b9a1-a2816f1f01f7,4.848947048187256,False,1.0646999999153195
bm25_current,TP009,product_specific,6,0a4f11c7-39e8-41fe-bd14-48456671f531,3.344679832458496,False,1.0646999999153195
bm25_current,TP009,product_specific,7,4c0dde2a-0432-4cb2-ad33-987f5979ff76,2.5322296619415283,False,1.0646999999153195
bm25_current,TP009,product_specific,8,22e6c188-2e4c-4029-b200-7770a3f00e6e,0.9576684236526489,False,1.0646999999153195
bm25_current,TP009,product_specific,9,6ffcd319-e868-444b-b6fe-8d192a4de3ff,0.937113344669342,False,1.0646999999153195
bm25_current,TP009,product_specific,10,a3d42ca5-54b5-4b8d-be4e-79337aaab880,0.8593719601631165,False,1.0646999999153195
bm25_current,TP010,product_specific,1,2cea4ea7-7aaf-4c54-ac4e-b660de52065d,13.960373878479004,False,0.4966000005879323
bm25_current,TP010,product_specific,2,21efe016-3004-45f3-a070-29ce2ecb0019,12.33632755279541,False,0.4966000005879323
bm25_current,TP010,product_specific,3,b66e5419-8a9c-47f4-866d-ebdb95b174b2,6.799587249755859,True,0.4966000005879323
bm25_current,TP010,product_specific,4,9b6cc313-9a59-4387-a5ce-2ed14389a0a7,4.617155075073242,False,0.4966000005879323
bm25_current,TP010,product_specific,5,5de4d74d-720e-4d86-a836-f946d70a2d32,4.422725200653076,False,0.4966000005879323
bm25_current,TP010,product_specific,6,bc88f538-e881-4c81-85e9-fca20614315d,4.358898639678955,False,0.4966000005879323
bm25_current,TP010,product_specific,7,4c0dde2a-0432-4cb2-ad33-987f5979ff76,3.1096293926239014,False,0.4966000005879323
bm25_current,TP010,product_specific,8,fbf62ef9-25b7-437c-98d8-c4934fba0fe6,1.1337631940841675,False,0.4966000005879323
bm25_current,TP010,product_specific,9,22e6c188-2e4c-4029-b200-7770a3f00e6e,1.1185088157653809,False,0.4966000005879323
bm25_current,TP010,product_specific,10,3abbb958-eafe-4ffe-bcfc-dafa7349c15c,1.0435376167297363,False,0.4966000005879323
bm25_current,TP011,temporal,1,b66e5419-8a9c-47f4-866d-ebdb95b174b2,6.226665019989014,True,0.3644999997050036
bm25_current,TP011,temporal,2,23c6ca0d-04bf-4081-b90a-9819029dcd73,4.8180952072143555,False,0.3644999997050036
bm25_current,TP011,temporal,3,c404e320-0bf2-4325-be92-7a0614f201ca,1.2884047031402588,False,0.3644999997050036
bm25_current,TP011,temporal,4,d3b7d61b-50f0-4b96-a770-785a9f3c3886,0.6454505324363708,False,0.3644999997050036
bm25_current,TP011,temporal,5,fb4884e3-8fea-42fa-b996-7e9c333e7fef,0.0,False,0.3644999997050036
bm25_current,TP011,temporal,6,761b9529-5b18-4262-8174-6062c35fb31c,0.0,False,0.3644999997050036
bm25_current,TP011,temporal,7,c78ff32d-ea17-41fd-98ef-2e8872f01df3,0.0,False,0.3644999997050036
bm25_current,TP011,temporal,8,d9a4a9c8-fbd4-41f2-bab6-6abd72575204,0.0,False,0.3644999997050036
bm25_current,TP011,temporal,9,ee8c2027-ad6d-4bb7-8077-5e4c42be1cc3,0.0,False,0.3644999997050036
bm25_current,TP011,temporal,10,66dba192-bac5-4b3a-bd4d-77e9eacb4192,0.0,False,0.3644999997050036
bm25_current,TP012,product_specific,1,21efe016-3004-45f3-a070-29ce2ecb0019,10.14687728881836,True,0.576800000089861
bm25_current,TP012,product_specific,2,2cea4ea7-7aaf-4c54-ac4e-b660de52065d,8.7315092086792,False,0.576800000089861
bm25_current,TP012,product_specific,3,d3b7d61b-50f0-4b96-a770-785a9f3c3886,6.171075820922852,False,0.576800000089861
bm25_current,TP012,product_specific,4,b66e5419-8a9c-47f4-866d-ebdb95b174b2,5.925224781036377,False,0.576800000089861
bm25_current,TP012,product_specific,5,f7a9837d-f8db-4461-abd8-a3607db2276f,4.295620918273926,False,0.576800000089861
bm25_current,TP012,product_specific,6,23c6ca0d-04bf-4081-b90a-9819029dcd73,3.50697922706604,False,0.576800000089861
bm25_current,TP012,product_specific,7,c404e320-0bf2-4325-be92-7a0614f201ca,3.50697922706604,False,0.576800000089861
bm25_current,TP012,product_specific,8,bc88f538-e881-4c81-85e9-fca20614315d,2.9587535858154297,False,0.576800000089861
bm25_current,TP012,product_specific,9,4c0dde2a-0432-4cb2-ad33-987f5979ff76,2.3178772926330566,False,0.576800000089861
bm25_current,TP012,product_specific,10,fb4884e3-8fea-42fa-b996-7e9c333e7fef,0.0,False,0.576800000089861
bm25_current,TP013,procedure,1,d4c1a9ca-23c5-4ae0-9a51-c56675b2e6d1,6.5267109870910645,False,0.434099999438331
bm25_current,TP013,procedure,2,a7cf71a5-8426-4d7c-8106-e0754e7cb4bf,1.699334740638733,False,0.434099999438331
bm25_current,TP013,procedure,3,5de4d74d-720e-4d86-a836-f946d70a2d32,1.675468921661377,False,0.434099999438331
bm25_current,TP013,procedure,4,9b6cc313-9a59-4387-a5ce-2ed14389a0a7,1.5412678718566895,True,0.434099999438331
bm25_current,TP013,procedure,5,d3b7d61b-50f0-4b96-a770-785a9f3c3886,1.3908843994140625,False,0.434099999438331
bm25_current,TP013,procedure,6,b66e5419-8a9c-47f4-866d-ebdb95b174b2,1.2524173259735107,False,0.434099999438331
bm25_current,TP013,procedure,7,84c0a864-176f-4776-a15e-167fc2518e5d,1.0782902240753174,False,0.434099999438331
bm25_current,TP013,procedure,8,7e5199d4-e5c9-40ca-a69f-ea37f52c6ce3,0.9198150634765625,False,0.434099999438331
bm25_current,TP013,procedure,9,c404e320-0bf2-4325-be92-7a0614f201ca,0.8950620293617249,False,0.434099999438331
bm25_current,TP013,procedure,10,73735f01-c9d0-4dd5-8d46-c70045e4b334,0.8702232837677002,False,0.434099999438331
bm25_current,TP014,temporal,1,6ffcd319-e868-444b-b6fe-8d192a4de3ff,6.696747779846191,False,0.6224999997357372
bm25_current,TP014,temporal,2,b0d368a1-d0fc-4b8b-8567-e190cf462986,4.711930274963379,False,0.6224999997357372
bm25_current,TP014,temporal,3,30ce28cb-f702-4cce-8105-137e2f73af0d,2.4998116493225098,True,0.6224999997357372
bm25_current,TP014,temporal,4,22e6c188-2e4c-4029-b200-7770a3f00e6e,2.3875579833984375,False,0.6224999997357372
bm25_current,TP014,temporal,5,0a4f11c7-39e8-41fe-bd14-48456671f531,1.7343227863311768,False,0.6224999997357372
bm25_current,TP014,temporal,6,70b95f72-95ec-43b5-b76f-657518103256,1.6964178085327148,False,0.6224999997357372
bm25_current,TP014,temporal,7,cfff9bf0-05e4-4179-a793-f3c705d04812,1.562166690826416,False,0.6224999997357372
bm25_current,TP014,temporal,8,f1611d72-8c47-41f8-bfee-99d5ffdfe12a,1.531539797782898,False,0.6224999997357372
bm25_current,TP014,temporal,9,48b9789d-5088-4ba1-a82a-be3a6396ce85,1.4986698627471924,False,0.6224999997357372
bm25_current,TP014,temporal,10,d3b7d61b-50f0-4b96-a770-785a9f3c3886,1.4326435327529907,False,0.6224999997357372
bm25_current,TP015,preparation,1,30ce28cb-f702-4cce-8105-137e2f73af0d,5.832472801208496,False,0.5333999997674255
bm25_current,TP015,preparation,2,70b95f72-95ec-43b5-b76f-657518103256,5.288299560546875,False,0.5333999997674255
bm25_current,TP015,preparation,3,22e6c188-2e4c-4029-b200-7770a3f00e6e,5.259057998657227,False,0.5333999997674255
bm25_current,TP015,preparation,4,0a4f11c7-39e8-41fe-bd14-48456671f531,5.24180793762207,False,0.5333999997674255
bm25_current,TP015,preparation,5,48b9789d-5088-4ba1-a82a-be3a6396ce85,5.2135748863220215,False,0.5333999997674255
bm25_current,TP015,preparation,6,f1611d72-8c47-41f8-bfee-99d5ffdfe12a,5.064783573150635,False,0.5333999997674255
bm25_current,TP015,preparation,7,b0d368a1-d0fc-4b8b-8567-e190cf462986,4.711930274963379,False,0.5333999997674255
bm25_current,TP015,preparation,8,d3b7d61b-50f0-4b96-a770-785a9f3c3886,4.616187572479248,True,0.5333999997674255
bm25_current,TP015,preparation,9,cfff9bf0-05e4-4179-a793-f3c705d04812,4.574153423309326,False,0.5333999997674255
bm25_current,TP015,preparation,10,a952e706-800e-493c-886a-8f06602fb2be,3.7705821990966797,False,0.5333999997674255
bm25_current,TP016,temporal,1,0a4f11c7-39e8-41fe-bd14-48456671f531,9.35996150970459,True,1.1279999998805579
bm25_current,TP016,temporal,2,48b9789d-5088-4ba1-a82a-be3a6396ce85,7.533435821533203,False,1.1279999998805579
bm25_current,TP016,temporal,3,b8c70ff9-e1b2-40ce-9a0a-f65a53899d13,7.136985778808594,False,1.1279999998805579
bm25_current,TP016,temporal,4,d3b7d61b-50f0-4b96-a770-785a9f3c3886,5.822196960449219,False,1.1279999998805579
bm25_current,TP016,temporal,5,cfff9bf0-05e4-4179-a793-f3c705d04812,2.921675205230713,False,1.1279999998805579
bm25_current,TP016,temporal,6,70b95f72-95ec-43b5-b76f-657518103256,2.3258304595947266,True,1.1279999998805579
bm25_current,TP016,temporal,7,30ce28cb-f702-4cce-8105-137e2f73af0d,1.9520052671432495,False,1.1279999998805579
bm25_current,TP016,temporal,8,22e6c188-2e4c-4029-b200-7770a3f00e6e,1.7668474912643433,False,1.1279999998805579
bm25_current,TP016,temporal,9,f1611d72-8c47-41f8-bfee-99d5ffdfe12a,1.7380001544952393,False,1.1279999998805579
bm25_current,TP016,temporal,10,d4c1a9ca-23c5-4ae0-9a51-c56675b2e6d1,1.4104297161102295,False,1.1279999998805579
bm25_current,TP017,preparation,1,b7876bcb-b1d0-409a-831d-45e59e35a44e,5.091025352478027,False,1.2383000002955669
bm25_current,TP017,preparation,2,73735f01-c9d0-4dd5-8d46-c70045e4b334,5.004260063171387,True,1.2383000002955669
bm25_current,TP017,preparation,3,e96acbc9-66b4-4df4-953b-3f7b0a846bbc,4.899796485900879,False,1.2383000002955669
bm25_current,TP017,preparation,4,74c0eabe-77c7-4dbf-a321-27966a12fafb,4.675948619842529,False,1.2383000002955669
bm25_current,TP017,preparation,5,b0d368a1-d0fc-4b8b-8567-e190cf462986,4.671097278594971,False,1.2383000002955669
bm25_current,TP017,preparation,6,48b9789d-5088-4ba1-a82a-be3a6396ce85,4.464261531829834,False,1.2383000002955669
bm25_current,TP017,preparation,7,6ffcd319-e868-444b-b6fe-8d192a4de3ff,4.417672634124756,False,1.2383000002955669
bm25_current,TP017,preparation,8,16efaa44-1554-4748-8407-48fac0bced94,4.405827045440674,False,1.2383000002955669
bm25_current,TP017,preparation,9,919e93ca-fed9-4dde-b9b8-f870e207a3f3,4.160463809967041,False,1.2383000002955669
bm25_current,TP017,preparation,10,cfff9bf0-05e4-4179-a793-f3c705d04812,4.048162460327148,False,1.2383000002955669
bm25_current,TP018,preparation,1,9552a4ac-31b4-43a8-aa92-37bd3e89362a,9.442490577697754,False,1.0383000008005183
bm25_current,TP018,preparation,2,6ffcd319-e868-444b-b6fe-8d192a4de3ff,8.2786226272583,True,1.0383000008005183
bm25_current,TP018,preparation,3,84c0a864-176f-4776-a15e-167fc2518e5d,8.223052024841309,False,1.0383000008005183
bm25_current,TP018,preparation,4,73735f01-c9d0-4dd5-8d46-c70045e4b334,5.698094844818115,True,1.0383000008005183
bm25_current,TP018,preparation,5,36bac780-b1a2-42dc-8cca-3605f80c5521,5.455326080322266,False,1.0383000008005183
bm25_current,TP018,preparation,6,8f3ed830-3a06-41c6-8b06-cfcf6d36a83c,4.959287643432617,False,1.0383000008005183
bm25_current,TP018,preparation,7,7e5199d4-e5c9-40ca-a69f-ea37f52c6ce3,4.9151177406311035,False,1.0383000008005183
bm25_current,TP018,preparation,8,919e93ca-fed9-4dde-b9b8-f870e207a3f3,4.756850719451904,False,1.0383000008005183
bm25_current,TP018,preparation,9,b0d368a1-d0fc-4b8b-8567-e190cf462986,4.516320705413818,False,1.0383000008005183
bm25_current,TP018,preparation,10,eda54b74-cd2f-4808-8175-bcc5b916ce90,4.276338577270508,False,1.0383000008005183
bm25_current,TP019,temporal,1,b0d368a1-d0fc-4b8b-8567-e190cf462986,9.466052055358887,False,1.340899999377143
bm25_current,TP019,temporal,2,c404e320-0bf2-4325-be92-7a0614f201ca,9.00384521484375,True,1.340899999377143
bm25_current,TP019,temporal,3,919e93ca-fed9-4dde-b9b8-f870e207a3f3,6.4468278884887695,False,1.340899999377143
bm25_current,TP019,temporal,4,16efaa44-1554-4748-8407-48fac0bced94,5.454773902893066,False,1.340899999377143
bm25_current,TP019,temporal,5,b7876bcb-b1d0-409a-831d-45e59e35a44e,4.456645965576172,False,1.340899999377143
bm25_current,TP019,temporal,6,74c0eabe-77c7-4dbf-a321-27966a12fafb,2.872466564178467,False,1.340899999377143
bm25_current,TP019,temporal,7,b66e5419-8a9c-47f4-866d-ebdb95b174b2,1.350862741470337,False,1.340899999377143
bm25_current,TP019,temporal,8,a7cf71a5-8426-4d7c-8106-e0754e7cb4bf,0.7901211380958557,False,1.340899999377143
bm25_current,TP019,temporal,9,63b53156-440d-40c1-bc88-5c07c23ae77f,0.7743428945541382,False,1.340899999377143
bm25_current,TP019,temporal,10,d3b7d61b-50f0-4b96-a770-785a9f3c3886,0.6454505324363708,False,1.340899999377143
bm25_current,TP020,temporal,1,c404e320-0bf2-4325-be92-7a0614f201ca,8.193949699401855,True,1.0872000002564164
bm25_current,TP020,temporal,2,6ffcd319-e868-444b-b6fe-8d192a4de3ff,6.3165483474731445,False,1.0872000002564164
bm25_current,TP020,temporal,3,b0d368a1-d0fc-4b8b-8567-e190cf462986,5.487527370452881,False,1.0872000002564164
bm25_current,TP020,temporal,4,919e93ca-fed9-4dde-b9b8-f870e207a3f3,5.4526262283325195,False,1.0872000002564164
bm25_current,TP020,temporal,5,a7cf71a5-8426-4d7c-8106-e0754e7cb4bf,1.003361463546753,False,1.0872000002564164
bm25_current,TP020,temporal,6,7e5199d4-e5c9-40ca-a69f-ea37f52c6ce3,0.1314123421907425,False,1.0872000002564164
bm25_current,TP020,temporal,7,5de4d74d-720e-4d86-a836-f946d70a2d32,0.1288444697856903,False,1.0872000002564164
bm25_current,TP020,temporal,8,73735f01-c9d0-4dd5-8d46-c70045e4b334,0.1281001716852188,False,1.0872000002564164
bm25_current,TP020,temporal,9,da79aa00-567d-434c-8441-915ac080f918,0.12493409961462021,False,1.0872000002564164
bm25_current,TP020,temporal,10,8f3ed830-3a06-41c6-8b06-cfcf6d36a83c,0.12376230210065842,False,1.0872000002564164
bm25_current,TP021,fact_specific,1,f7a9837d-f8db-4461-abd8-a3607db2276f,10.361422538757324,False,1.1036999994757934
bm25_current,TP021,fact_specific,2,919e93ca-fed9-4dde-b9b8-f870e207a3f3,9.123147964477539,True,1.1036999994757934
bm25_current,TP021,fact_specific,3,b0d368a1-d0fc-4b8b-8567-e190cf462986,7.95120906829834,True,1.1036999994757934
bm25_current,TP021,fact_specific,4,74c0eabe-77c7-4dbf-a321-27966a12fafb,7.1537628173828125,False,1.1036999994757934
bm25_current,TP021,fact_specific,5,6ffcd319-e868-444b-b6fe-8d192a4de3ff,4.870049476623535,False,1.1036999994757934
bm25_current,TP021,fact_specific,6,b7876bcb-b1d0-409a-831d-45e59e35a44e,4.509583473205566,False,1.1036999994757934
bm25_current,TP021,fact_specific,7,73735f01-c9d0-4dd5-8d46-c70045e4b334,4.134036540985107,False,1.1036999994757934
bm25_current,TP021,fact_specific,8,16efaa44-1554-4748-8407-48fac0bced94,3.5561554431915283,False,1.1036999994757934
bm25_current,TP021,fact_specific,9,cfff9bf0-05e4-4179-a793-f3c705d04812,3.2247838973999023,False,1.1036999994757934
bm25_current,TP021,fact_specific,10,22e6c188-2e4c-4029-b200-7770a3f00e6e,2.862337589263916,False,1.1036999994757934
bm25_current,TP022,fact_specific,1,b7876bcb-b1d0-409a-831d-45e59e35a44e,11.854276657104492,True,0.8804000008240109
bm25_current,TP022,fact_specific,2,919e93ca-fed9-4dde-b9b8-f870e207a3f3,11.108168601989746,False,0.8804000008240109
bm25_current,TP022,fact_specific,3,16efaa44-1554-4748-8407-48fac0bced94,5.917168140411377,False,0.8804000008240109
bm25_current,TP022,fact_specific,4,74c0eabe-77c7-4dbf-a321-27966a12fafb,3.962033748626709,False,0.8804000008240109
bm25_current,TP022,fact_specific,5,b0d368a1-d0fc-4b8b-8567-e190cf462986,3.6614186763763428,False,0.8804000008240109
bm25_current,TP022,fact_specific,6,6ffcd319-e868-444b-b6fe-8d192a4de3ff,3.1964619159698486,False,0.8804000008240109
bm25_current,TP022,fact_specific,7,f7a9837d-f8db-4461-abd8-a3607db2276f,2.9116885662078857,False,0.8804000008240109
bm25_current,TP022,fact_specific,8,15e829a9-a475-429d-b0e3-5c34bfbd3ab7,2.618285894393921,False,0.8804000008240109
bm25_current,TP022,fact_specific,9,7abe62fa-6fdb-4466-a16b-73e1770f0c57,0.8910548090934753,False,0.8804000008240109
bm25_current,TP022,fact_specific,10,7e5199d4-e5c9-40ca-a69f-ea37f52c6ce3,0.4702845513820648,False,0.8804000008240109
bm25_current,TP023,preparation,1,eda54b74-cd2f-4808-8175-bcc5b916ce90,2.492544174194336,True,0.9500999994997983
bm25_current,TP023,preparation,2,fd678588-5ac2-400d-95c5-3309537781ec,2.46142315864563,False,0.9500999994997983
bm25_current,TP023,preparation,3,21d38039-895b-46a4-8902-96e380ce41aa,2.307420015335083,False,0.9500999994997983
bm25_current,TP023,preparation,4,b0d368a1-d0fc-4b8b-8567-e190cf462986,2.2435519695281982,False,0.9500999994997983
bm25_current,TP023,preparation,5,b8c70ff9-e1b2-40ce-9a0a-f65a53899d13,2.108513116836548,False,0.9500999994997983
bm25_current,TP023,preparation,6,b225ae64-72d2-4e59-81c0-57f5d8438666,2.056248426437378,False,0.9500999994997983
bm25_current,TP023,preparation,7,7adacb8c-91c0-4ea7-8d82-7505eeac5042,2.0183284282684326,False,0.9500999994997983
bm25_current,TP023,preparation,8,7e68f70a-ba74-4eb8-bbae-c7e9f7340567,1.924254059791565,False,0.9500999994997983
bm25_current,TP023,preparation,9,a3d42ca5-54b5-4b8d-be4e-79337aaab880,1.836457371711731,False,0.9500999994997983
bm25_current,TP023,preparation,10,30ce28cb-f702-4cce-8105-137e2f73af0d,1.8011651039123535,False,0.9500999994997983
bm25_current,TP024,preparation,1,eda54b74-cd2f-4808-8175-bcc5b916ce90,7.792858600616455,False,1.1986999998043757
bm25_current,TP024,preparation,2,84c0a864-176f-4776-a15e-167fc2518e5d,7.192139148712158,False,1.1986999998043757
bm25_current,TP024,preparation,3,9552a4ac-31b4-43a8-aa92-37bd3e89362a,6.906689167022705,False,1.1986999998043757
bm25_current,TP024,preparation,4,63b53156-440d-40c1-bc88-5c07c23ae77f,6.220160484313965,False,1.1986999998043757
bm25_current,TP024,preparation,5,36bac780-b1a2-42dc-8cca-3605f80c5521,5.983499526977539,True,1.1986999998043757
bm25_current,TP024,preparation,6,b225ae64-72d2-4e59-81c0-57f5d8438666,5.9340081214904785,False,1.1986999998043757
bm25_current,TP024,preparation,7,d4c1a9ca-23c5-4ae0-9a51-c56675b2e6d1,5.856475353240967,False,1.1986999998043757
bm25_current,TP024,preparation,8,98d006ac-5212-4c8c-8a63-4cbd4d6caffc,5.782294750213623,False,1.1986999998043757
bm25_current,TP024,preparation,9,74c0eabe-77c7-4dbf-a321-27966a12fafb,5.61318826675415,False,1.1986999998043757
bm25_current,TP024,preparation,10,7adacb8c-91c0-4ea7-8d82-7505eeac5042,5.281603813171387,False,1.1986999998043757
bm25_current,TP025,temporal,1,f9cfc75b-a5e7-4633-a798-4b17ea462325,6.9508376121521,False,2.152099999875645
bm25_current,TP025,temporal,2,54fdf811-dedd-4016-b144-3e4bfdcd67c8,5.593297481536865,False,2.152099999875645
bm25_current,TP025,temporal,3,f4580736-a09e-471f-93d2-8089c695eb67,4.74151611328125,False,2.152099999875645
bm25_current,TP025,temporal,4,5e7838ae-0b80-4d05-b266-deb52de7b401,3.833465099334717,False,2.152099999875645
bm25_current,TP025,temporal,5,2e55093d-0a0f-4fd9-954b-4fc72df9eac0,3.1352901458740234,False,2.152099999875645
bm25_current,TP025,temporal,6,8939253d-3272-4915-8c2b-c60062aeb818,3.0032620429992676,False,2.152099999875645
bm25_current,TP025,temporal,7,d3b7d61b-50f0-4b96-a770-785a9f3c3886,2.7699732780456543,False,2.152099999875645
bm25_current,TP025,temporal,8,a7cf71a5-8426-4d7c-8106-e0754e7cb4bf,2.620391368865967,False,2.152099999875645
bm25_current,TP025,temporal,9,fb4884e3-8fea-42fa-b996-7e9c333e7fef,0.0,False,2.152099999875645
bm25_current,TP025,temporal,10,761b9529-5b18-4262-8174-6062c35fb31c,0.0,False,2.152099999875645
bm25_current,TP026,procedure,1,9b6cc313-9a59-4387-a5ce-2ed14389a0a7,8.074216842651367,False,2.465200000187906
bm25_current,TP026,procedure,2,f9cfc75b-a5e7-4633-a798-4b17ea462325,5.610550403594971,False,2.465200000187906
bm25_current,TP026,procedure,3,f4580736-a09e-471f-93d2-8089c695eb67,5.587043285369873,False,2.465200000187906
bm25_current,TP026,procedure,4,5de4d74d-720e-4d86-a836-f946d70a2d32,4.822951793670654,True,2.465200000187906
bm25_current,TP026,procedure,5,c78ff32d-ea17-41fd-98ef-2e8872f01df3,4.354409694671631,False,2.465200000187906
bm25_current,TP026,procedure,6,54fdf811-dedd-4016-b144-3e4bfdcd67c8,4.351318359375,False,2.465200000187906
bm25_current,TP026,procedure,7,59d57c8a-c9d7-4f8d-b9a1-a2816f1f01f7,4.0892252922058105,False,2.465200000187906
bm25_current,TP026,procedure,8,3ecc27b9-634c-4026-b44e-e01123aa0467,3.924311399459839,False,2.465200000187906
bm25_current,TP026,procedure,9,e62b0c91-ff0c-43b2-9bd5-ff173d9f8bc0,3.917104482650757,False,2.465200000187906
bm25_current,TP026,procedure,10,73735f01-c9d0-4dd5-8d46-c70045e4b334,3.548024892807007,False,2.465200000187906
bm25_current,TP027,fact_specific,1,63e9db23-9c0a-4e6a-a272-3d118d242ca2,5.894291400909424,False,1.2349000007816358
bm25_current,TP027,fact_specific,2,5de4d74d-720e-4d86-a836-f946d70a2d32,5.330313205718994,True,1.2349000007816358
bm25_current,TP027,fact_specific,3,7e5199d4-e5c9-40ca-a69f-ea37f52c6ce3,0.9198150634765625,False,1.2349000007816358
bm25_current,TP027,fact_specific,4,a7cf71a5-8426-4d7c-8106-e0754e7cb4bf,0.9092135429382324,False,1.2349000007816358
bm25_current,TP027,fact_specific,5,c404e320-0bf2-4325-be92-7a0614f201ca,0.8950620293617249,False,1.2349000007816358
bm25_current,TP027,fact_specific,6,73735f01-c9d0-4dd5-8d46-c70045e4b334,0.8702232837677002,False,1.2349000007816358
bm25_current,TP027,fact_specific,7,16efaa44-1554-4748-8407-48fac0bced94,0.8496715426445007,False,1.2349000007816358
bm25_current,TP027,fact_specific,8,30ce28cb-f702-4cce-8105-137e2f73af0d,0.8492841124534607,False,1.2349000007816358
bm25_current,TP027,fact_specific,9,22e6c188-2e4c-4029-b200-7770a3f00e6e,0.8428277373313904,False,1.2349000007816358
bm25_current,TP027,fact_specific,10,70b95f72-95ec-43b5-b76f-657518103256,0.842285692691803,False,1.2349000007816358
bm25_current,TP028,fact_specific,1,54fdf811-dedd-4016-b144-3e4bfdcd67c8,9.588592529296875,False,1.6485999994984013
bm25_current,TP028,fact_specific,2,23c6ca0d-04bf-4081-b90a-9819029dcd73,8.653252601623535,False,1.6485999994984013
bm25_current,TP028,fact_specific,3,4c0dde2a-0432-4cb2-ad33-987f5979ff76,7.2013936042785645,False,1.6485999994984013
bm25_current,TP028,fact_specific,4,e62b0c91-ff0c-43b2-9bd5-ff173d9f8bc0,4.3692169189453125,True,1.6485999994984013
bm25_current,TP028,fact_specific,5,d4c1a9ca-23c5-4ae0-9a51-c56675b2e6d1,4.125542640686035,False,1.6485999994984013
bm25_current,TP028,fact_specific,6,e96acbc9-66b4-4df4-953b-3f7b0a846bbc,3.545820713043213,False,1.6485999994984013
bm25_current,TP028,fact_specific,7,bc88f538-e881-4c81-85e9-fca20614315d,3.000521183013916,False,1.6485999994984013
bm25_current,TP028,fact_specific,8,9b6cc313-9a59-4387-a5ce-2ed14389a0a7,2.9439892768859863,False,1.6485999994984013
bm25_current,TP028,fact_specific,9,5de4d74d-720e-4d86-a836-f946d70a2d32,2.820017099380493,False,1.6485999994984013
bm25_current,TP028,fact_specific,10,73735f01-c9d0-4dd5-8d46-c70045e4b334,2.7700257301330566,False,1.6485999994984013
bm25_current,TP029,product_specific,1,54fdf811-dedd-4016-b144-3e4bfdcd67c8,9.356358528137207,False,0.6986000007600524
bm25_current,TP029,product_specific,2,4c0dde2a-0432-4cb2-ad33-987f5979ff76,7.889040946960449,False,0.6986000007600524
bm25_current,TP029,product_specific,3,d4c1a9ca-23c5-4ae0-9a51-c56675b2e6d1,4.697351932525635,False,0.6986000007600524
bm25_current,TP029,product_specific,4,e96acbc9-66b4-4df4-953b-3f7b0a846bbc,3.545820713043213,False,0.6986000007600524
bm25_current,TP029,product_specific,5,3ecc27b9-634c-4026-b44e-e01123aa0467,0.7089129686355591,False,0.6986000007600524
bm25_current,TP029,product_specific,6,63b53156-440d-40c1-bc88-5c07c23ae77f,0.618414044380188,False,0.6986000007600524
bm25_current,TP029,product_specific,7,7c33fbb7-e931-4f6b-9520-23875ec9ee5b,0.5645987391471863,False,0.6986000007600524
bm25_current,TP029,product_specific,8,1033ac46-dec8-493e-b577-7f5ad80f8e86,0.5276455879211426,False,0.6986000007600524
bm25_current,TP029,product_specific,9,09f3c6d5-9e0c-4545-960f-b16c69abbeb1,0.5191509127616882,False,0.6986000007600524
bm25_current,TP029,product_specific,10,59d57c8a-c9d7-4f8d-b9a1-a2816f1f01f7,0.4734208881855011,True,0.6986000007600524
bm25_current,TP030,paraphrase,1,9552a4ac-31b4-43a8-aa92-37bd3e89362a,6.240203857421875,False,1.130199999352044
bm25_current,TP030,paraphrase,2,f4580736-a09e-471f-93d2-8089c695eb67,4.74151611328125,False,1.130199999352044
bm25_current,TP030,paraphrase,3,f7a9837d-f8db-4461-abd8-a3607db2276f,4.718916416168213,False,1.130199999352044
bm25_current,TP030,paraphrase,4,4c0dde2a-0432-4cb2-ad33-987f5979ff76,4.5704240798950195,False,1.130199999352044
bm25_current,TP030,paraphrase,5,84c0a864-176f-4776-a15e-167fc2518e5d,4.19403076171875,False,1.130199999352044
bm25_current,TP030,paraphrase,6,b0b5bc4f-7d0b-4f56-8e37-84178d38637d,4.157996654510498,True,1.130199999352044
bm25_current,TP030,paraphrase,7,c404e320-0bf2-4325-be92-7a0614f201ca,3.9960734844207764,False,1.130199999352044
bm25_current,TP030,paraphrase,8,5e7838ae-0b80-4d05-b266-deb52de7b401,3.833465099334717,False,1.130199999352044
bm25_current,TP030,paraphrase,9,4d18d11e-2a92-4690-8a64-46653931483e,3.619680881500244,False,1.130199999352044
bm25_current,TP030,paraphrase,10,81a83ec4-b5d1-4305-9f44-93e5fa935ffe,3.298006534576416,False,1.130199999352044
bm25_current,TP031,monitoring,1,b0d368a1-d0fc-4b8b-8567-e190cf462986,3.7695443630218506,False,1.075700000001234
bm25_current,TP031,monitoring,2,7e5199d4-e5c9-40ca-a69f-ea37f52c6ce3,1.9381946325302124,False,1.075700000001234
bm25_current,TP031,monitoring,3,64fa07b8-63c3-43c8-899e-5bd6282225ed,1.6739897727966309,False,1.075700000001234
bm25_current,TP031,monitoring,4,d3b7d61b-50f0-4b96-a770-785a9f3c3886,1.21943998336792,False,1.075700000001234
bm25_current,TP031,monitoring,5,a7cf71a5-8426-4d7c-8106-e0754e7cb4bf,0.9092135429382324,True,1.075700000001234
bm25_current,TP031,monitoring,6,5de4d74d-720e-4d86-a836-f946d70a2d32,0.901841402053833,False,1.075700000001234
bm25_current,TP031,monitoring,7,c404e320-0bf2-4325-be92-7a0614f201ca,0.8950620293617249,False,1.075700000001234
bm25_current,TP031,monitoring,8,73735f01-c9d0-4dd5-8d46-c70045e4b334,0.8702232837677002,False,1.075700000001234
bm25_current,TP031,monitoring,9,16efaa44-1554-4748-8407-48fac0bced94,0.8496715426445007,False,1.075700000001234
bm25_current,TP031,monitoring,10,30ce28cb-f702-4cce-8105-137e2f73af0d,0.8492841124534607,False,1.075700000001234
bm25_current,TP032,adverse_reaction,1,15e829a9-a475-429d-b0e3-5c34bfbd3ab7,6.542369842529297,True,0.6539000005432172
bm25_current,TP032,adverse_reaction,2,391ad5dc-0d1c-4350-85ba-5aa601d9ac0d,6.468019008636475,False,0.6539000005432172
bm25_current,TP032,adverse_reaction,3,c78ff32d-ea17-41fd-98ef-2e8872f01df3,5.844668865203857,False,0.6539000005432172
bm25_current,TP032,adverse_reaction,4,9552a4ac-31b4-43a8-aa92-37bd3e89362a,5.7914910316467285,False,0.6539000005432172
bm25_current,TP032,adverse_reaction,5,84c0a864-176f-4776-a15e-167fc2518e5d,3.892451524734497,False,0.6539000005432172
bm25_current,TP032,adverse_reaction,6,d4c1a9ca-23c5-4ae0-9a51-c56675b2e6d1,3.6445727348327637,False,0.6539000005432172
bm25_current,TP032,adverse_reaction,7,17abd2d4-27a2-40ba-a55b-0b3ceee19005,3.5676209926605225,False,0.6539000005432172
bm25_current,TP032,adverse_reaction,8,324bc249-0e84-46e9-b77f-856c76cd5353,2.4651119709014893,False,0.6539000005432172
bm25_current,TP032,adverse_reaction,9,7abe62fa-6fdb-4466-a16b-73e1770f0c57,2.4337682723999023,False,0.6539000005432172
bm25_current,TP032,adverse_reaction,10,8939253d-3272-4915-8c2b-c60062aeb818,1.2086797952651978,True,0.6539000005432172
bm25_current,TP033,adverse_reaction,1,8939253d-3272-4915-8c2b-c60062aeb818,9.275681495666504,True,1.013200000670622
bm25_current,TP033,adverse_reaction,2,324bc249-0e84-46e9-b77f-856c76cd5353,6.799183368682861,False,1.013200000670622
bm25_current,TP033,adverse_reaction,3,2e55093d-0a0f-4fd9-954b-4fc72df9eac0,5.139026165008545,False,1.013200000670622
bm25_current,TP033,adverse_reaction,4,7abe62fa-6fdb-4466-a16b-73e1770f0c57,3.6548519134521484,True,1.013200000670622
bm25_current,TP033,adverse_reaction,5,15e829a9-a475-429d-b0e3-5c34bfbd3ab7,3.027144432067871,False,1.013200000670622
bm25_current,TP033,adverse_reaction,6,d3b7d61b-50f0-4b96-a770-785a9f3c3886,0.816895067691803,False,1.013200000670622
bm25_current,TP033,adverse_reaction,7,b10b8f1c-ed17-44ca-8d7c-1a4f19a12c67,0.7817808985710144,False,1.013200000670622
bm25_current,TP033,adverse_reaction,8,f4580736-a09e-471f-93d2-8089c695eb67,0.7641695737838745,False,1.013200000670622
bm25_current,TP033,adverse_reaction,9,da79aa00-567d-434c-8441-915ac080f918,0.7254837155342102,False,1.013200000670622
bm25_current,TP033,adverse_reaction,10,a3d42ca5-54b5-4b8d-be4e-79337aaab880,0.6644303798675537,False,1.013200000670622
bm25_current,TP034,adverse_reaction,1,7abe62fa-6fdb-4466-a16b-73e1770f0c57,14.396987915039062,True,0.9027000005517039
bm25_current,TP034,adverse_reaction,2,5e7838ae-0b80-4d05-b266-deb52de7b401,6.98536491394043,False,0.9027000005517039
bm25_current,TP034,adverse_reaction,3,2e55093d-0a0f-4fd9-954b-4fc72df9eac0,6.602613925933838,True,0.9027000005517039
bm25_current,TP034,adverse_reaction,4,324bc249-0e84-46e9-b77f-856c76cd5353,5.971460819244385,False,0.9027000005517039
bm25_current,TP034,adverse_reaction,5,9552a4ac-31b4-43a8-aa92-37bd3e89362a,5.890705108642578,False,0.9027000005517039
bm25_current,TP034,adverse_reaction,6,84c0a864-176f-4776-a15e-167fc2518e5d,3.940394163131714,False,0.9027000005517039
bm25_current,TP034,adverse_reaction,7,da79aa00-567d-434c-8441-915ac080f918,0.8504177927970886,False,0.9027000005517039
bm25_current,TP034,adverse_reaction,8,15e829a9-a475-429d-b0e3-5c34bfbd3ab7,0.7488635182380676,False,0.9027000005517039
bm25_current,TP034,adverse_reaction,9,8939253d-3272-4915-8c2b-c60062aeb818,0.6486386656761169,False,0.9027000005517039
bm25_current,TP034,adverse_reaction,10,7e5199d4-e5c9-40ca-a69f-ea37f52c6ce3,0.1314123421907425,False,0.9027000005517039
bm25_current,TN006,negative_out_of_scope,1,71d2e37c-44e2-4972-8e6b-a6449c2f8404,6.282154083251953,False,0.9795999994821614
bm25_current,TN006,negative_out_of_scope,2,9552a4ac-31b4-43a8-aa92-37bd3e89362a,5.7914910316467285,False,0.9795999994821614
bm25_current,TN006,negative_out_of_scope,3,ffcf7308-6e83-47bc-a519-0b4b7ba44562,3.8932552337646484,False,0.9795999994821614
bm25_current,TN006,negative_out_of_scope,4,84c0a864-176f-4776-a15e-167fc2518e5d,3.892451524734497,False,0.9795999994821614
bm25_current,TN006,negative_out_of_scope,5,5de4d74d-720e-4d86-a836-f946d70a2d32,3.7768895626068115,False,0.9795999994821614
bm25_current,TN006,negative_out_of_scope,6,15e829a9-a475-429d-b0e3-5c34bfbd3ab7,3.485527992248535,False,0.9795999994821614
bm25_current,TN006,negative_out_of_scope,7,f4580736-a09e-471f-93d2-8089c695eb67,3.2794599533081055,False,0.9795999994821614
bm25_current,TN006,negative_out_of_scope,8,fb4884e3-8fea-42fa-b996-7e9c333e7fef,0.0,False,0.9795999994821614
bm25_current,TN006,negative_out_of_scope,9,761b9529-5b18-4262-8174-6062c35fb31c,0.0,False,0.9795999994821614
bm25_current,TN006,negative_out_of_scope,10,c78ff32d-ea17-41fd-98ef-2e8872f01df3,0.0,False,0.9795999994821614
bm25_current,TN007,negative_out_of_scope,1,7c33fbb7-e931-4f6b-9520-23875ec9ee5b,5.3772783279418945,False,0.8916999995562946
bm25_current,TN007,negative_out_of_scope,2,b0b5bc4f-7d0b-4f56-8e37-84178d38637d,3.6730659008026123,False,0.8916999995562946
bm25_current,TN007,negative_out_of_scope,3,9131e9a9-eff3-4f4e-a20b-4bdd456c35bc,0.8033373951911926,False,0.8916999995562946
bm25_current,TN007,negative_out_of_scope,4,54fdf811-dedd-4016-b144-3e4bfdcd67c8,0.655892014503479,False,0.8916999995562946
bm25_current,TN007,negative_out_of_scope,5,c78ff32d-ea17-41fd-98ef-2e8872f01df3,0.5419663786888123,False,0.8916999995562946
bm25_current,TN007,negative_out_of_scope,6,fb4884e3-8fea-42fa-b996-7e9c333e7fef,0.0,False,0.8916999995562946
bm25_current,TN007,negative_out_of_scope,7,761b9529-5b18-4262-8174-6062c35fb31c,0.0,False,0.8916999995562946
bm25_current,TN007,negative_out_of_scope,8,d9a4a9c8-fbd4-41f2-bab6-6abd72575204,0.0,False,0.8916999995562946
bm25_current,TN007,negative_out_of_scope,9,ee8c2027-ad6d-4bb7-8077-5e4c42be1cc3,0.0,False,0.8916999995562946
bm25_current,TN007,negative_out_of_scope,10,66dba192-bac5-4b3a-bd4d-77e9eacb4192,0.0,False,0.8916999995562946
bm25_current,TN008,negative_out_of_scope,1,2cea4ea7-7aaf-4c54-ac4e-b660de52065d,1.2055931091308594,False,0.8921999997255625
bm25_current,TN008,negative_out_of_scope,2,21efe016-3004-45f3-a070-29ce2ecb0019,1.0700573921203613,False,0.8921999997255625
bm25_current,TN008,negative_out_of_scope,3,b66e5419-8a9c-47f4-866d-ebdb95b174b2,1.036725640296936,False,0.8921999997255625
bm25_current,TN008,negative_out_of_scope,4,bc88f538-e881-4c81-85e9-fca20614315d,0.9306257963180542,False,0.8921999997255625
bm25_current,TN008,negative_out_of_scope,5,4c0dde2a-0432-4cb2-ad33-987f5979ff76,0.772625744342804,False,0.8921999997255625
bm25_current,TN008,negative_out_of_scope,6,fb4884e3-8fea-42fa-b996-7e9c333e7fef,0.0,False,0.8921999997255625
bm25_current,TN008,negative_out_of_scope,7,761b9529-5b18-4262-8174-6062c35fb31c,0.0,False,0.8921999997255625
bm25_current,TN008,negative_out_of_scope,8,c78ff32d-ea17-41fd-98ef-2e8872f01df3,0.0,False,0.8921999997255625
bm25_current,TN008,negative_out_of_scope,9,d9a4a9c8-fbd4-41f2-bab6-6abd72575204,0.0,False,0.8921999997255625
bm25_current,TN008,negative_out_of_scope,10,ee8c2027-ad6d-4bb7-8077-5e4c42be1cc3,0.0,False,0.8921999997255625
bm25_current,TN009,negative_out_of_scope,1,fb4884e3-8fea-42fa-b996-7e9c333e7fef,0.0,False,0.7805999994161539
bm25_current,TN009,negative_out_of_scope,2,761b9529-5b18-4262-8174-6062c35fb31c,0.0,False,0.7805999994161539
bm25_current,TN009,negative_out_of_scope,3,c78ff32d-ea17-41fd-98ef-2e8872f01df3,0.0,False,0.7805999994161539
bm25_current,TN009,negative_out_of_scope,4,d9a4a9c8-fbd4-41f2-bab6-6abd72575204,0.0,False,0.7805999994161539
bm25_current,TN009,negative_out_of_scope,5,ee8c2027-ad6d-4bb7-8077-5e4c42be1cc3,0.0,False,0.7805999994161539
bm25_current,TN009,negative_out_of_scope,6,66dba192-bac5-4b3a-bd4d-77e9eacb4192,0.0,False,0.7805999994161539
bm25_current,TN009,negative_out_of_scope,7,edd76252-eb29-4acf-9a31-735463528b7d,0.0,False,0.7805999994161539
bm25_current,TN009,negative_out_of_scope,8,843aa4c8-3ffd-4747-97eb-8699b0a0eeaf,0.0,False,0.7805999994161539
bm25_current,TN009,negative_out_of_scope,9,63e9db23-9c0a-4e6a-a272-3d118d242ca2,0.0,False,0.7805999994161539
bm25_current,TN009,negative_out_of_scope,10,10537058-d160-4786-a6cf-95de46d7189c,0.0,False,0.7805999994161539
bm25_current,TN010,negative_out_of_scope,1,7c33fbb7-e931-4f6b-9520-23875ec9ee5b,5.3772783279418945,False,0.9314999997513951
bm25_current,TN010,negative_out_of_scope,2,c78ff32d-ea17-41fd-98ef-2e8872f01df3,4.537759780883789,False,0.9314999997513951
bm25_current,TN010,negative_out_of_scope,3,b0b5bc4f-7d0b-4f56-8e37-84178d38637d,3.6730659008026123,False,0.9314999997513951
bm25_current,TN010,negative_out_of_scope,4,9131e9a9-eff3-4f4e-a20b-4bdd456c35bc,0.8033373951911926,False,0.9314999997513951
bm25_current,TN010,negative_out_of_scope,5,54fdf811-dedd-4016-b144-3e4bfdcd67c8,0.655892014503479,False,0.9314999997513951
bm25_current,TN010,negative_out_of_scope,6,fb4884e3-8fea-42fa-b996-7e9c333e7fef,0.0,False,0.9314999997513951
bm25_current,TN010,negative_out_of_scope,7,761b9529-5b18-4262-8174-6062c35fb31c,0.0,False,0.9314999997513951
bm25_current,TN010,negative_out_of_scope,8,d9a4a9c8-fbd4-41f2-bab6-6abd72575204,0.0,False,0.9314999997513951
bm25_current,TN010,negative_out_of_scope,9,ee8c2027-ad6d-4bb7-8077-5e4c42be1cc3,0.0,False,0.9314999997513951
bm25_current,TN010,negative_out_of_scope,10,66dba192-bac5-4b3a-bd4d-77e9eacb4192,0.0,False,0.9314999997513951
bm25_current,TN011,negative_out_of_scope,1,fb4884e3-8fea-42fa-b996-7e9c333e7fef,0.0,False,1.4164000003802357
bm25_current,TN011,negative_out_of_scope,2,761b9529-5b18-4262-8174-6062c35fb31c,0.0,False,1.4164000003802357
bm25_current,TN011,negative_out_of_scope,3,c78ff32d-ea17-41fd-98ef-2e8872f01df3,0.0,False,1.4164000003802357
bm25_current,TN011,negative_out_of_scope,4,d9a4a9c8-fbd4-41f2-bab6-6abd72575204,0.0,False,1.4164000003802357
bm25_current,TN011,negative_out_of_scope,5,ee8c2027-ad6d-4bb7-8077-5e4c42be1cc3,0.0,False,1.4164000003802357
bm25_current,TN011,negative_out_of_scope,6,66dba192-bac5-4b3a-bd4d-77e9eacb4192,0.0,False,1.4164000003802357
bm25_current,TN011,negative_out_of_scope,7,edd76252-eb29-4acf-9a31-735463528b7d,0.0,False,1.4164000003802357
bm25_current,TN011,negative_out_of_scope,8,843aa4c8-3ffd-4747-97eb-8699b0a0eeaf,0.0,False,1.4164000003802357
bm25_current,TN011,negative_out_of_scope,9,63e9db23-9c0a-4e6a-a272-3d118d242ca2,0.0,False,1.4164000003802357
bm25_current,TN011,negative_out_of_scope,10,10537058-d160-4786-a6cf-95de46d7189c,0.0,False,1.4164000003802357
e5_large,TF001,fact_specific,1,602c933f-0b8f-4533-87a5-f27ecd5f2af9,0.8456211090087891,False,171.07620000024326
e5_large,TF001,fact_specific,2,761b9529-5b18-4262-8174-6062c35fb31c,0.8344815373420715,False,171.07620000024326
e5_large,TF001,fact_specific,3,8f3ed830-3a06-41c6-8b06-cfcf6d36a83c,0.8324052095413208,False,171.07620000024326
e5_large,TF001,fact_specific,4,73735f01-c9d0-4dd5-8d46-c70045e4b334,0.8294085264205933,False,171.07620000024326
e5_large,TF001,fact_specific,5,d3b7d61b-50f0-4b96-a770-785a9f3c3886,0.829170286655426,False,171.07620000024326
e5_large,TF001,fact_specific,6,d9a4a9c8-fbd4-41f2-bab6-6abd72575204,0.8289143443107605,False,171.07620000024326
e5_large,TF001,fact_specific,7,cfff9bf0-05e4-4179-a793-f3c705d04812,0.8284149169921875,False,171.07620000024326
e5_large,TF001,fact_specific,8,48b9789d-5088-4ba1-a82a-be3a6396ce85,0.8276948928833008,False,171.07620000024326
e5_large,TF001,fact_specific,9,0a4f11c7-39e8-41fe-bd14-48456671f531,0.825605034828186,False,171.07620000024326
e5_large,TF001,fact_specific,10,16efaa44-1554-4748-8407-48fac0bced94,0.824301540851593,False,171.07620000024326
e5_large,TF002,paraphrase,1,c78ff32d-ea17-41fd-98ef-2e8872f01df3,0.8548600673675537,True,135.00960000055784
e5_large,TF002,paraphrase,2,64fa07b8-63c3-43c8-899e-5bd6282225ed,0.8457430601119995,False,135.00960000055784
e5_large,TF002,paraphrase,3,602c933f-0b8f-4533-87a5-f27ecd5f2af9,0.8400939106941223,False,135.00960000055784
e5_large,TF002,paraphrase,4,ee8c2027-ad6d-4bb7-8077-5e4c42be1cc3,0.8380852937698364,False,135.00960000055784
e5_large,TF002,paraphrase,5,73735f01-c9d0-4dd5-8d46-c70045e4b334,0.8335265517234802,False,135.00960000055784
e5_large,TF002,paraphrase,6,8f3ed830-3a06-41c6-8b06-cfcf6d36a83c,0.8332661986351013,False,135.00960000055784
e5_large,TF002,paraphrase,7,a3d42ca5-54b5-4b8d-be4e-79337aaab880,0.8318744897842407,False,135.00960000055784
e5_large,TF002,paraphrase,8,cfff9bf0-05e4-4179-a793-f3c705d04812,0.8306735157966614,False,135.00960000055784
e5_large,TF002,paraphrase,9,a952e706-800e-493c-886a-8f06602fb2be,0.8297731876373291,False,135.00960000055784
e5_large,TF002,paraphrase,10,d9a4a9c8-fbd4-41f2-bab6-6abd72575204,0.8285737037658691,False,135.00960000055784
e5_large,TF003,product_specific,1,0f6b0fc1-9d70-479f-a87d-a26e954e2adb,0.8524250984191895,False,206.39699999992445
e5_large,TF003,product_specific,2,2e55093d-0a0f-4fd9-954b-4fc72df9eac0,0.8506871461868286,False,206.39699999992445
e5_large,TF003,product_specific,3,ba3d1d87-0c2d-4b67-a0c2-4615c8249c2a,0.8495570421218872,True,206.39699999992445
e5_large,TF003,product_specific,4,df699ccc-6f51-4281-b4a4-f3d2a20631e0,0.8428847789764404,False,206.39699999992445
e5_large,TF003,product_specific,5,54fdf811-dedd-4016-b144-3e4bfdcd67c8,0.8415682911872864,False,206.39699999992445
e5_large,TF003,product_specific,6,7abe62fa-6fdb-4466-a16b-73e1770f0c57,0.8403931260108948,False,206.39699999992445
e5_large,TF003,product_specific,7,f4580736-a09e-471f-93d2-8089c695eb67,0.8399718999862671,False,206.39699999992445
e5_large,TF003,product_specific,8,646d4165-73db-4f69-84da-5f393cd81988,0.8386779427528381,False,206.39699999992445
e5_large,TF003,product_specific,9,8939253d-3272-4915-8c2b-c60062aeb818,0.8370705246925354,False,206.39699999992445
e5_large,TF003,product_specific,10,66dba192-bac5-4b3a-bd4d-77e9eacb4192,0.8364078402519226,False,206.39699999992445
e5_large,TF004,product_specific,1,ffcf7308-6e83-47bc-a519-0b4b7ba44562,0.8762875199317932,True,218.3310000000347
e5_large,TF004,product_specific,2,71d2e37c-44e2-4972-8e6b-a6449c2f8404,0.8727978467941284,False,218.3310000000347
e5_large,TF004,product_specific,3,21efe016-3004-45f3-a070-29ce2ecb0019,0.8666641116142273,False,218.3310000000347
e5_large,TF004,product_specific,4,646d4165-73db-4f69-84da-5f393cd81988,0.858903706073761,False,218.3310000000347
e5_large,TF004,product_specific,5,63b53156-440d-40c1-bc88-5c07c23ae77f,0.8581392168998718,False,218.3310000000347
e5_large,TF004,product_specific,6,0f6b0fc1-9d70-479f-a87d-a26e954e2adb,0.8566297292709351,False,218.3310000000347
e5_large,TF004,product_specific,7,da79aa00-567d-434c-8441-915ac080f918,0.8565981388092041,False,218.3310000000347
e5_large,TF004,product_specific,8,ba3d1d87-0c2d-4b67-a0c2-4615c8249c2a,0.8549904227256775,False,218.3310000000347
e5_large,TF004,product_specific,9,b66e5419-8a9c-47f4-866d-ebdb95b174b2,0.8527038097381592,False,218.3310000000347
e5_large,TF004,product_specific,10,f7a9837d-f8db-4461-abd8-a3607db2276f,0.8512903451919556,False,218.3310000000347
e5_large,TF005,temporal,1,63b53156-440d-40c1-bc88-5c07c23ae77f,0.8957263231277466,True,214.40089999941847
e5_large,TF005,temporal,2,ffcf7308-6e83-47bc-a519-0b4b7ba44562,0.8565260767936707,False,214.40089999941847
e5_large,TF005,temporal,3,b66e5419-8a9c-47f4-866d-ebdb95b174b2,0.854698121547699,False,214.40089999941847
e5_large,TF005,temporal,4,71d2e37c-44e2-4972-8e6b-a6449c2f8404,0.8461296558380127,False,214.40089999941847
e5_large,TF005,temporal,5,21efe016-3004-45f3-a070-29ce2ecb0019,0.8447319865226746,False,214.40089999941847
e5_large,TF005,temporal,6,3ecc27b9-634c-4026-b44e-e01123aa0467,0.8408535718917847,False,214.40089999941847
e5_large,TF005,temporal,7,da79aa00-567d-434c-8441-915ac080f918,0.8403475880622864,False,214.40089999941847
e5_large,TF005,temporal,8,1033ac46-dec8-493e-b577-7f5ad80f8e86,0.8394975662231445,False,214.40089999941847
e5_large,TF005,temporal,9,646d4165-73db-4f69-84da-5f393cd81988,0.8359232544898987,False,214.40089999941847
e5_large,TF005,temporal,10,4d18d11e-2a92-4690-8a64-46653931483e,0.8340319395065308,False,214.40089999941847
e5_large,TF006,temporal,1,ffcf7308-6e83-47bc-a519-0b4b7ba44562,0.8992807269096375,False,275.63720000034664
e5_large,TF006,temporal,2,63b53156-440d-40c1-bc88-5c07c23ae77f,0.8981925249099731,True,275.63720000034664
e5_large,TF006,temporal,3,71d2e37c-44e2-4972-8e6b-a6449c2f8404,0.8925552368164062,True,275.63720000034664
e5_large,TF006,temporal,4,da79aa00-567d-434c-8441-915ac080f918,0.8639952540397644,False,275.63720000034664
e5_large,TF006,temporal,5,ba3d1d87-0c2d-4b67-a0c2-4615c8249c2a,0.8590277433395386,False,275.63720000034664
e5_large,TF006,temporal,6,646d4165-73db-4f69-84da-5f393cd81988,0.8562752604484558,False,275.63720000034664
e5_large,TF006,temporal,7,1b376f6f-5ee5-4d05-a585-f3aa6b7ee824,0.8544737696647644,False,275.63720000034664
e5_large,TF006,temporal,8,09f3c6d5-9e0c-4545-960f-b16c69abbeb1,0.8533954620361328,False,275.63720000034664
e5_large,TF006,temporal,9,0f6b0fc1-9d70-479f-a87d-a26e954e2adb,0.8531073927879333,False,275.63720000034664
e5_large,TF006,temporal,10,17abd2d4-27a2-40ba-a55b-0b3ceee19005,0.8491737842559814,False,275.63720000034664
e5_large,TF007,temporal,1,5de4d74d-720e-4d86-a836-f946d70a2d32,0.8809088468551636,False,161.7547999994713
e5_large,TF007,temporal,2,da79aa00-567d-434c-8441-915ac080f918,0.8758611083030701,True,161.7547999994713
e5_large,TF007,temporal,3,ffcf7308-6e83-47bc-a519-0b4b7ba44562,0.8695126175880432,False,161.7547999994713
e5_large,TF007,temporal,4,71d2e37c-44e2-4972-8e6b-a6449c2f8404,0.8660404086112976,False,161.7547999994713
e5_large,TF007,temporal,5,9b6cc313-9a59-4387-a5ce-2ed14389a0a7,0.8645101189613342,False,161.7547999994713
e5_large,TF007,temporal,6,21efe016-3004-45f3-a070-29ce2ecb0019,0.8597350120544434,False,161.7547999994713
e5_large,TF007,temporal,7,a7cf71a5-8426-4d7c-8106-e0754e7cb4bf,0.8559550642967224,False,161.7547999994713
e5_large,TF007,temporal,8,f4580736-a09e-471f-93d2-8089c695eb67,0.8548315763473511,False,161.7547999994713
e5_large,TF007,temporal,9,c404e320-0bf2-4325-be92-7a0614f201ca,0.8542174696922302,False,161.7547999994713
e5_large,TF007,temporal,10,8939253d-3272-4915-8c2b-c60062aeb818,0.8520209789276123,False,161.7547999994713
e5_large,TF008,product_specific,1,54fdf811-dedd-4016-b144-3e4bfdcd67c8,0.878345787525177,False,122.62360000022454
e5_large,TF008,product_specific,2,e96acbc9-66b4-4df4-953b-3f7b0a846bbc,0.8723919987678528,True,122.62360000022454
e5_large,TF008,product_specific,3,9131e9a9-eff3-4f4e-a20b-4bdd456c35bc,0.8716058135032654,False,122.62360000022454
e5_large,TF008,product_specific,4,d4c1a9ca-23c5-4ae0-9a51-c56675b2e6d1,0.8693442344665527,False,122.62360000022454
e5_large,TF008,product_specific,5,4c0dde2a-0432-4cb2-ad33-987f5979ff76,0.8637702465057373,False,122.62360000022454
e5_large,TF008,product_specific,6,09f3c6d5-9e0c-4545-960f-b16c69abbeb1,0.8633310794830322,False,122.62360000022454
e5_large,TF008,product_specific,7,63b53156-440d-40c1-bc88-5c07c23ae77f,0.8613578081130981,False,122.62360000022454
e5_large,TF008,product_specific,8,324bc249-0e84-46e9-b77f-856c76cd5353,0.8601362705230713,False,122.62360000022454
e5_large,TF008,product_specific,9,23c6ca0d-04bf-4081-b90a-9819029dcd73,0.8579925298690796,False,122.62360000022454
e5_large,TF008,product_specific,10,17abd2d4-27a2-40ba-a55b-0b3ceee19005,0.8499043583869934,False,122.62360000022454
e5_large,TF009,product_specific,1,324bc249-0e84-46e9-b77f-856c76cd5353,0.8870602250099182,True,141.74930000081076
e5_large,TF009,product_specific,2,9131e9a9-eff3-4f4e-a20b-4bdd456c35bc,0.8836603760719299,False,141.74930000081076
e5_large,TF009,product_specific,3,d4c1a9ca-23c5-4ae0-9a51-c56675b2e6d1,0.8777949810028076,True,141.74930000081076
e5_large,TF009,product_specific,4,7abe62fa-6fdb-4466-a16b-73e1770f0c57,0.8665525317192078,False,141.74930000081076
e5_large,TF009,product_specific,5,bc88f538-e881-4c81-85e9-fca20614315d,0.8579815030097961,False,141.74930000081076
e5_large,TF009,product_specific,6,e62b0c91-ff0c-43b2-9bd5-ff173d9f8bc0,0.8518237471580505,False,141.74930000081076
e5_large,TF009,product_specific,7,10537058-d160-4786-a6cf-95de46d7189c,0.8493064641952515,False,141.74930000081076
e5_large,TF009,product_specific,8,81a83ec4-b5d1-4305-9f44-93e5fa935ffe,0.8488569855690002,False,141.74930000081076
e5_large,TF009,product_specific,9,3ecc27b9-634c-4026-b44e-e01123aa0467,0.8483790159225464,False,141.74930000081076
e5_large,TF009,product_specific,10,66dba192-bac5-4b3a-bd4d-77e9eacb4192,0.8481306433677673,False,141.74930000081076
e5_large,TF010,product_specific,1,9131e9a9-eff3-4f4e-a20b-4bdd456c35bc,0.858253538608551,True,114.30449999988923
e5_large,TF010,product_specific,2,54fdf811-dedd-4016-b144-3e4bfdcd67c8,0.8427079916000366,True,114.30449999988923
e5_large,TF010,product_specific,3,d4c1a9ca-23c5-4ae0-9a51-c56675b2e6d1,0.8408329486846924,False,114.30449999988923
e5_large,TF010,product_specific,4,e96acbc9-66b4-4df4-953b-3f7b0a846bbc,0.8315739035606384,False,114.30449999988923
e5_large,TF010,product_specific,5,63b53156-440d-40c1-bc88-5c07c23ae77f,0.8098049759864807,False,114.30449999988923
e5_large,TF010,product_specific,6,09f3c6d5-9e0c-4545-960f-b16c69abbeb1,0.8088573217391968,False,114.30449999988923
e5_large,TF010,product_specific,7,4c0dde2a-0432-4cb2-ad33-987f5979ff76,0.8072310090065002,False,114.30449999988923
e5_large,TF010,product_specific,8,4797ba3b-c3d9-4d11-be5f-86db44dbda83,0.8071171045303345,False,114.30449999988923
e5_large,TF010,product_specific,9,8f3ed830-3a06-41c6-8b06-cfcf6d36a83c,0.8058562874794006,False,114.30449999988923
e5_large,TF010,product_specific,10,3ecc27b9-634c-4026-b44e-e01123aa0467,0.805519163608551,False,114.30449999988923
e5_large,TF011,paraphrase,1,54fdf811-dedd-4016-b144-3e4bfdcd67c8,0.8748095035552979,True,210.87839999927382
e5_large,TF011,paraphrase,2,3ecc27b9-634c-4026-b44e-e01123aa0467,0.8647473454475403,False,210.87839999927382
e5_large,TF011,paraphrase,3,e96acbc9-66b4-4df4-953b-3f7b0a846bbc,0.8637804388999939,False,210.87839999927382
e5_large,TF011,paraphrase,4,2cea4ea7-7aaf-4c54-ac4e-b660de52065d,0.8521021604537964,False,210.87839999927382
e5_large,TF011,paraphrase,5,23c6ca0d-04bf-4081-b90a-9819029dcd73,0.8515751361846924,False,210.87839999927382
e5_large,TF011,paraphrase,6,e62b0c91-ff0c-43b2-9bd5-ff173d9f8bc0,0.8511129021644592,False,210.87839999927382
e5_large,TF011,paraphrase,7,7abe62fa-6fdb-4466-a16b-73e1770f0c57,0.8510251641273499,False,210.87839999927382
e5_large,TF011,paraphrase,8,bc88f538-e881-4c81-85e9-fca20614315d,0.8505253791809082,False,210.87839999927382
e5_large,TF011,paraphrase,9,1033ac46-dec8-493e-b577-7f5ad80f8e86,0.8494167327880859,False,210.87839999927382
e5_large,TF011,paraphrase,10,da79aa00-567d-434c-8441-915ac080f918,0.8487747311592102,False,210.87839999927382
e5_large,TF012,product_specific,1,bc88f538-e881-4c81-85e9-fca20614315d,0.9097682237625122,True,156.53829999973823
e5_large,TF012,product_specific,2,2cea4ea7-7aaf-4c54-ac4e-b660de52065d,0.8764685988426208,False,156.53829999973823
e5_large,TF012,product_specific,3,b66e5419-8a9c-47f4-866d-ebdb95b174b2,0.8672236204147339,False,156.53829999973823
e5_large,TF012,product_specific,4,21efe016-3004-45f3-a070-29ce2ecb0019,0.8587990403175354,False,156.53829999973823
e5_large,TF012,product_specific,5,324bc249-0e84-46e9-b77f-856c76cd5353,0.8568757772445679,False,156.53829999973823
e5_large,TF012,product_specific,6,23c6ca0d-04bf-4081-b90a-9819029dcd73,0.8557891845703125,False,156.53829999973823
e5_large,TF012,product_specific,7,dfb2693a-e821-4d6e-bbcc-0dbf3dc2a2ae,0.8476913571357727,False,156.53829999973823
e5_large,TF012,product_specific,8,d9a4a9c8-fbd4-41f2-bab6-6abd72575204,0.8434826731681824,False,156.53829999973823
e5_large,TF012,product_specific,9,eda54b74-cd2f-4808-8175-bcc5b916ce90,0.8433542847633362,False,156.53829999973823
e5_large,TF012,product_specific,10,da79aa00-567d-434c-8441-915ac080f918,0.8415144681930542,False,156.53829999973823
e5_large,TF013,product_specific,1,bc88f538-e881-4c81-85e9-fca20614315d,0.9130370020866394,False,185.44899999869813
e5_large,TF013,product_specific,2,b66e5419-8a9c-47f4-866d-ebdb95b174b2,0.8964223861694336,True,185.44899999869813
e5_large,TF013,product_specific,3,2cea4ea7-7aaf-4c54-ac4e-b660de52065d,0.8903650045394897,False,185.44899999869813
e5_large,TF013,product_specific,4,21efe016-3004-45f3-a070-29ce2ecb0019,0.8849860429763794,False,185.44899999869813
e5_large,TF013,product_specific,5,23c6ca0d-04bf-4081-b90a-9819029dcd73,0.8624122142791748,False,185.44899999869813
e5_large,TF013,product_specific,6,eda54b74-cd2f-4808-8175-bcc5b916ce90,0.8604663014411926,False,185.44899999869813
e5_large,TF013,product_specific,7,da79aa00-567d-434c-8441-915ac080f918,0.8599788546562195,False,185.44899999869813
e5_large,TF013,product_specific,8,dfb2693a-e821-4d6e-bbcc-0dbf3dc2a2ae,0.8593307137489319,False,185.44899999869813
e5_large,TF013,product_specific,9,1b376f6f-5ee5-4d05-a585-f3aa6b7ee824,0.8580358028411865,False,185.44899999869813
e5_large,TF013,product_specific,10,5de4d74d-720e-4d86-a836-f946d70a2d32,0.8543980717658997,False,185.44899999869813
e5_large,TF014,temporal,1,b66e5419-8a9c-47f4-866d-ebdb95b174b2,0.9102572202682495,True,246.8977000007726
e5_large,TF014,temporal,2,21efe016-3004-45f3-a070-29ce2ecb0019,0.8992167115211487,True,246.8977000007726
e5_large,TF014,temporal,3,2cea4ea7-7aaf-4c54-ac4e-b660de52065d,0.8880680203437805,False,246.8977000007726
e5_large,TF014,temporal,4,bc88f538-e881-4c81-85e9-fca20614315d,0.8857144117355347,False,246.8977000007726
e5_large,TF014,temporal,5,63b53156-440d-40c1-bc88-5c07c23ae77f,0.863108217716217,False,246.8977000007726
e5_large,TF014,temporal,6,c404e320-0bf2-4325-be92-7a0614f201ca,0.8571263551712036,False,246.8977000007726
e5_large,TF014,temporal,7,ffcf7308-6e83-47bc-a519-0b4b7ba44562,0.8566941618919373,False,246.8977000007726
e5_large,TF014,temporal,8,dfb2693a-e821-4d6e-bbcc-0dbf3dc2a2ae,0.854602038860321,False,246.8977000007726
e5_large,TF014,temporal,9,eda54b74-cd2f-4808-8175-bcc5b916ce90,0.850546658039093,False,246.8977000007726
e5_large,TF014,temporal,10,fbf62ef9-25b7-437c-98d8-c4934fba0fe6,0.8504398465156555,False,246.8977000007726
e5_large,TF015,product_specific,1,bc88f538-e881-4c81-85e9-fca20614315d,0.8958391547203064,False,192.0204999996713
e5_large,TF015,product_specific,2,b66e5419-8a9c-47f4-866d-ebdb95b174b2,0.8823975920677185,False,192.0204999996713
e5_large,TF015,product_specific,3,2cea4ea7-7aaf-4c54-ac4e-b660de52065d,0.8807582855224609,False,192.0204999996713
e5_large,TF015,product_specific,4,21efe016-3004-45f3-a070-29ce2ecb0019,0.8777070045471191,True,192.0204999996713
e5_large,TF015,product_specific,5,dfb2693a-e821-4d6e-bbcc-0dbf3dc2a2ae,0.8449798822402954,False,192.0204999996713
e5_large,TF015,product_specific,6,eda54b74-cd2f-4808-8175-bcc5b916ce90,0.8441001176834106,False,192.0204999996713
e5_large,TF015,product_specific,7,3ecc27b9-634c-4026-b44e-e01123aa0467,0.8414638042449951,False,192.0204999996713
e5_large,TF015,product_specific,8,23c6ca0d-04bf-4081-b90a-9819029dcd73,0.840903103351593,False,192.0204999996713
e5_large,TF015,product_specific,9,1b376f6f-5ee5-4d05-a585-f3aa6b7ee824,0.8400990962982178,False,192.0204999996713
e5_large,TF015,product_specific,10,f7a9837d-f8db-4461-abd8-a3607db2276f,0.8400675654411316,False,192.0204999996713
e5_large,TF016,paraphrase,1,bc88f538-e881-4c81-85e9-fca20614315d,0.9010297656059265,False,194.89840000096592
e5_large,TF016,paraphrase,2,10537058-d160-4786-a6cf-95de46d7189c,0.8935656547546387,False,194.89840000096592
e5_large,TF016,paraphrase,3,2cea4ea7-7aaf-4c54-ac4e-b660de52065d,0.8920120596885681,False,194.89840000096592
e5_large,TF016,paraphrase,4,1b376f6f-5ee5-4d05-a585-f3aa6b7ee824,0.889883279800415,False,194.89840000096592
e5_large,TF016,paraphrase,5,3ecc27b9-634c-4026-b44e-e01123aa0467,0.8840123414993286,False,194.89840000096592
e5_large,TF016,paraphrase,6,23c6ca0d-04bf-4081-b90a-9819029dcd73,0.8839983940124512,False,194.89840000096592
e5_large,TF016,paraphrase,7,da79aa00-567d-434c-8441-915ac080f918,0.8839355111122131,False,194.89840000096592
e5_large,TF016,paraphrase,8,1033ac46-dec8-493e-b577-7f5ad80f8e86,0.8804576396942139,False,194.89840000096592
e5_large,TF016,paraphrase,9,4d18d11e-2a92-4690-8a64-46653931483e,0.8801738619804382,False,194.89840000096592
e5_large,TF016,paraphrase,10,b66e5419-8a9c-47f4-866d-ebdb95b174b2,0.878303050994873,False,194.89840000096592
e5_large,TF017,procedure,1,30ce28cb-f702-4cce-8105-137e2f73af0d,0.8748311996459961,False,142.75830000042333
e5_large,TF017,procedure,2,22e6c188-2e4c-4029-b200-7770a3f00e6e,0.8689691424369812,True,142.75830000042333
e5_large,TF017,procedure,3,fd678588-5ac2-400d-95c5-3309537781ec,0.865284264087677,False,142.75830000042333
e5_large,TF017,procedure,4,b225ae64-72d2-4e59-81c0-57f5d8438666,0.8630672693252563,True,142.75830000042333
e5_large,TF017,procedure,5,a7cf71a5-8426-4d7c-8106-e0754e7cb4bf,0.862575352191925,False,142.75830000042333
e5_large,TF017,procedure,6,b8c70ff9-e1b2-40ce-9a0a-f65a53899d13,0.8625439405441284,False,142.75830000042333
e5_large,TF017,procedure,7,7e68f70a-ba74-4eb8-bbae-c7e9f7340567,0.8607059717178345,True,142.75830000042333
e5_large,TF017,procedure,8,9b6cc313-9a59-4387-a5ce-2ed14389a0a7,0.8600931763648987,True,142.75830000042333
e5_large,TF017,procedure,9,cfff9bf0-05e4-4179-a793-f3c705d04812,0.8596261739730835,False,142.75830000042333
e5_large,TF017,procedure,10,eda54b74-cd2f-4808-8175-bcc5b916ce90,0.859444797039032,False,142.75830000042333
e5_large,TF018,temporal,1,30ce28cb-f702-4cce-8105-137e2f73af0d,0.8843594193458557,True,163.30700000071374
e5_large,TF018,temporal,2,48b9789d-5088-4ba1-a82a-be3a6396ce85,0.881913423538208,False,163.30700000071374
e5_large,TF018,temporal,3,22e6c188-2e4c-4029-b200-7770a3f00e6e,0.8797798752784729,False,163.30700000071374
e5_large,TF018,temporal,4,70b95f72-95ec-43b5-b76f-657518103256,0.8792478442192078,False,163.30700000071374
e5_large,TF018,temporal,5,0a4f11c7-39e8-41fe-bd14-48456671f531,0.8741713762283325,False,163.30700000071374
e5_large,TF018,temporal,6,d3b7d61b-50f0-4b96-a770-785a9f3c3886,0.8718374967575073,False,163.30700000071374
e5_large,TF018,temporal,7,cfff9bf0-05e4-4179-a793-f3c705d04812,0.8586007952690125,False,163.30700000071374
e5_large,TF018,temporal,8,a952e706-800e-493c-886a-8f06602fb2be,0.8478000164031982,False,163.30700000071374
e5_large,TF018,temporal,9,7e68f70a-ba74-4eb8-bbae-c7e9f7340567,0.8447056412696838,False,163.30700000071374
e5_large,TF018,temporal,10,21d38039-895b-46a4-8902-96e380ce41aa,0.8437055945396423,False,163.30700000071374
e5_large,TF019,preparation,1,d3b7d61b-50f0-4b96-a770-785a9f3c3886,0.8960930705070496,True,318.73759999962203
e5_large,TF019,preparation,2,30ce28cb-f702-4cce-8105-137e2f73af0d,0.8763777017593384,False,318.73759999962203
e5_large,TF019,preparation,3,70b95f72-95ec-43b5-b76f-657518103256,0.8734821081161499,False,318.73759999962203
e5_large,TF019,preparation,4,22e6c188-2e4c-4029-b200-7770a3f00e6e,0.8734480738639832,False,318.73759999962203
e5_large,TF019,preparation,5,0a4f11c7-39e8-41fe-bd14-48456671f531,0.8666371703147888,False,318.73759999962203
e5_large,TF019,preparation,6,48b9789d-5088-4ba1-a82a-be3a6396ce85,0.8652433753013611,False,318.73759999962203
e5_large,TF019,preparation,7,eda54b74-cd2f-4808-8175-bcc5b916ce90,0.8613479733467102,False,318.73759999962203
e5_large,TF019,preparation,8,7adacb8c-91c0-4ea7-8d82-7505eeac5042,0.858478307723999,False,318.73759999962203
e5_large,TF019,preparation,9,21efe016-3004-45f3-a070-29ce2ecb0019,0.8490771055221558,False,318.73759999962203
e5_large,TF019,preparation,10,cfff9bf0-05e4-4179-a793-f3c705d04812,0.8473691344261169,False,318.73759999962203
e5_large,TF020,temporal,1,0a4f11c7-39e8-41fe-bd14-48456671f531,0.8792639374732971,True,227.2782999998526
e5_large,TF020,temporal,2,48b9789d-5088-4ba1-a82a-be3a6396ce85,0.8714770078659058,False,227.2782999998526
e5_large,TF020,temporal,3,70b95f72-95ec-43b5-b76f-657518103256,0.8714327216148376,True,227.2782999998526
e5_large,TF020,temporal,4,30ce28cb-f702-4cce-8105-137e2f73af0d,0.8692716360092163,False,227.2782999998526
e5_large,TF020,temporal,5,d3b7d61b-50f0-4b96-a770-785a9f3c3886,0.8690164685249329,False,227.2782999998526
e5_large,TF020,temporal,6,22e6c188-2e4c-4029-b200-7770a3f00e6e,0.8678646683692932,False,227.2782999998526
e5_large,TF020,temporal,7,cfff9bf0-05e4-4179-a793-f3c705d04812,0.8620071411132812,False,227.2782999998526
e5_large,TF020,temporal,8,21efe016-3004-45f3-a070-29ce2ecb0019,0.8551362752914429,False,227.2782999998526
e5_large,TF020,temporal,9,b66e5419-8a9c-47f4-866d-ebdb95b174b2,0.8536304235458374,False,227.2782999998526
e5_large,TF020,temporal,10,c404e320-0bf2-4325-be92-7a0614f201ca,0.8478285670280457,False,227.2782999998526
e5_large,TF021,preparation,1,73735f01-c9d0-4dd5-8d46-c70045e4b334,0.9014569520950317,True,121.1924999997791
e5_large,TF021,preparation,2,8f3ed830-3a06-41c6-8b06-cfcf6d36a83c,0.8763686418533325,False,121.1924999997791
e5_large,TF021,preparation,3,16efaa44-1554-4748-8407-48fac0bced94,0.8725443482398987,False,121.1924999997791
e5_large,TF021,preparation,4,d9a4a9c8-fbd4-41f2-bab6-6abd72575204,0.87055903673172,False,121.1924999997791
e5_large,TF021,preparation,5,a7cf71a5-8426-4d7c-8106-e0754e7cb4bf,0.8591840267181396,False,121.1924999997791
e5_large,TF021,preparation,6,b225ae64-72d2-4e59-81c0-57f5d8438666,0.8574468493461609,False,121.1924999997791
e5_large,TF021,preparation,7,f9cfc75b-a5e7-4633-a798-4b17ea462325,0.8554719686508179,False,121.1924999997791
e5_large,TF021,preparation,8,74c0eabe-77c7-4dbf-a321-27966a12fafb,0.8546467423439026,False,121.1924999997791
e5_large,TF021,preparation,9,324bc249-0e84-46e9-b77f-856c76cd5353,0.8545242547988892,False,121.1924999997791
e5_large,TF021,preparation,10,98d006ac-5212-4c8c-8a63-4cbd4d6caffc,0.8544966578483582,False,121.1924999997791
e5_large,TF022,preparation,1,6ffcd319-e868-444b-b6fe-8d192a4de3ff,0.8776470422744751,True,259.6339000001535
e5_large,TF022,preparation,2,98d006ac-5212-4c8c-8a63-4cbd4d6caffc,0.8734982013702393,False,259.6339000001535
e5_large,TF022,preparation,3,74c0eabe-77c7-4dbf-a321-27966a12fafb,0.8709911108016968,False,259.6339000001535
e5_large,TF022,preparation,4,84c0a864-176f-4776-a15e-167fc2518e5d,0.8675757646560669,False,259.6339000001535
e5_large,TF022,preparation,5,73735f01-c9d0-4dd5-8d46-c70045e4b334,0.8670362234115601,True,259.6339000001535
e5_large,TF022,preparation,6,d2e0fc0a-bf0e-4226-abbf-e9f3dea2fce8,0.8655890822410583,False,259.6339000001535
e5_large,TF022,preparation,7,36bac780-b1a2-42dc-8cca-3605f80c5521,0.8642082214355469,False,259.6339000001535
e5_large,TF022,preparation,8,a7cf71a5-8426-4d7c-8106-e0754e7cb4bf,0.8622548580169678,False,259.6339000001535
e5_large,TF022,preparation,9,8f3ed830-3a06-41c6-8b06-cfcf6d36a83c,0.8607094287872314,False,259.6339000001535
e5_large,TF022,preparation,10,eda54b74-cd2f-4808-8175-bcc5b916ce90,0.8594419360160828,False,259.6339000001535
e5_large,TF023,temporal,1,c404e320-0bf2-4325-be92-7a0614f201ca,0.8578243255615234,True,280.75300000000425
e5_large,TF023,temporal,2,b66e5419-8a9c-47f4-866d-ebdb95b174b2,0.8406611680984497,False,280.75300000000425
e5_large,TF023,temporal,3,f7a9837d-f8db-4461-abd8-a3607db2276f,0.8328536152839661,False,280.75300000000425
e5_large,TF023,temporal,4,63b53156-440d-40c1-bc88-5c07c23ae77f,0.8310434818267822,False,280.75300000000425
e5_large,TF023,temporal,5,21efe016-3004-45f3-a070-29ce2ecb0019,0.8293848037719727,False,280.75300000000425
e5_large,TF023,temporal,6,919e93ca-fed9-4dde-b9b8-f870e207a3f3,0.8250212073326111,False,280.75300000000425
e5_large,TF023,temporal,7,6ffcd319-e868-444b-b6fe-8d192a4de3ff,0.8214887380599976,False,280.75300000000425
e5_large,TF023,temporal,8,b0d368a1-d0fc-4b8b-8567-e190cf462986,0.8214559555053711,False,280.75300000000425
e5_large,TF023,temporal,9,74c0eabe-77c7-4dbf-a321-27966a12fafb,0.8164058923721313,False,280.75300000000425
e5_large,TF023,temporal,10,ffcf7308-6e83-47bc-a519-0b4b7ba44562,0.8164006471633911,False,280.75300000000425
e5_large,TF024,temporal,1,b0d368a1-d0fc-4b8b-8567-e190cf462986,0.7929195165634155,False,185.92220000027737
e5_large,TF024,temporal,2,6ffcd319-e868-444b-b6fe-8d192a4de3ff,0.7921847105026245,False,185.92220000027737
e5_large,TF024,temporal,3,c404e320-0bf2-4325-be92-7a0614f201ca,0.791324257850647,True,185.92220000027737
e5_large,TF024,temporal,4,919e93ca-fed9-4dde-b9b8-f870e207a3f3,0.7823618650436401,False,185.92220000027737
e5_large,TF024,temporal,5,21efe016-3004-45f3-a070-29ce2ecb0019,0.7809222936630249,False,185.92220000027737
e5_large,TF024,temporal,6,74c0eabe-77c7-4dbf-a321-27966a12fafb,0.7780290842056274,False,185.92220000027737
e5_large,TF024,temporal,7,71d2e37c-44e2-4972-8e6b-a6449c2f8404,0.7779874801635742,False,185.92220000027737
e5_large,TF024,temporal,8,ffcf7308-6e83-47bc-a519-0b4b7ba44562,0.776492714881897,False,185.92220000027737
e5_large,TF024,temporal,9,9552a4ac-31b4-43a8-aa92-37bd3e89362a,0.7740526795387268,False,185.92220000027737
e5_large,TF024,temporal,10,b66e5419-8a9c-47f4-866d-ebdb95b174b2,0.7729190587997437,False,185.92220000027737
e5_large,TF025,fact_specific,1,919e93ca-fed9-4dde-b9b8-f870e207a3f3,0.8604989647865295,True,238.82190000040282
e5_large,TF025,fact_specific,2,b0d368a1-d0fc-4b8b-8567-e190cf462986,0.8515133857727051,True,238.82190000040282
e5_large,TF025,fact_specific,3,f7a9837d-f8db-4461-abd8-a3607db2276f,0.8400734066963196,False,238.82190000040282
e5_large,TF025,fact_specific,4,74c0eabe-77c7-4dbf-a321-27966a12fafb,0.8382229208946228,False,238.82190000040282
e5_large,TF025,fact_specific,5,6ffcd319-e868-444b-b6fe-8d192a4de3ff,0.833419919013977,False,238.82190000040282
e5_large,TF025,fact_specific,6,b7876bcb-b1d0-409a-831d-45e59e35a44e,0.8332801461219788,False,238.82190000040282
e5_large,TF025,fact_specific,7,bc88f538-e881-4c81-85e9-fca20614315d,0.8316784501075745,False,238.82190000040282
e5_large,TF025,fact_specific,8,f9cfc75b-a5e7-4633-a798-4b17ea462325,0.8307896256446838,False,238.82190000040282
e5_large,TF025,fact_specific,9,c404e320-0bf2-4325-be92-7a0614f201ca,0.8273872137069702,False,238.82190000040282
e5_large,TF025,fact_specific,10,b10b8f1c-ed17-44ca-8d7c-1a4f19a12c67,0.8268716335296631,False,238.82190000040282
e5_large,TF026,fact_specific,1,74c0eabe-77c7-4dbf-a321-27966a12fafb,0.8513809442520142,False,207.2862000004534
e5_large,TF026,fact_specific,2,6ffcd319-e868-444b-b6fe-8d192a4de3ff,0.8457054495811462,False,207.2862000004534
e5_large,TF026,fact_specific,3,16efaa44-1554-4748-8407-48fac0bced94,0.8449761867523193,False,207.2862000004534
e5_large,TF026,fact_specific,4,919e93ca-fed9-4dde-b9b8-f870e207a3f3,0.8406083583831787,False,207.2862000004534
e5_large,TF026,fact_specific,5,2cea4ea7-7aaf-4c54-ac4e-b660de52065d,0.8381646275520325,False,207.2862000004534
e5_large,TF026,fact_specific,6,a7cf71a5-8426-4d7c-8106-e0754e7cb4bf,0.835347056388855,False,207.2862000004534
e5_large,TF026,fact_specific,7,c404e320-0bf2-4325-be92-7a0614f201ca,0.8346238732337952,False,207.2862000004534
e5_large,TF026,fact_specific,8,36bac780-b1a2-42dc-8cca-3605f80c5521,0.8337511420249939,False,207.2862000004534
e5_large,TF026,fact_specific,9,b7876bcb-b1d0-409a-831d-45e59e35a44e,0.8321325182914734,True,207.2862000004534
e5_large,TF026,fact_specific,10,b0d368a1-d0fc-4b8b-8567-e190cf462986,0.8316300511360168,False,207.2862000004534
e5_large,TF027,procedure,1,dfb2693a-e821-4d6e-bbcc-0dbf3dc2a2ae,0.8877782821655273,False,191.96759999977075
e5_large,TF027,procedure,2,3abbb958-eafe-4ffe-bcfc-dafa7349c15c,0.8838226795196533,False,191.96759999977075
e5_large,TF027,procedure,3,eda54b74-cd2f-4808-8175-bcc5b916ce90,0.8815370202064514,False,191.96759999977075
e5_large,TF027,procedure,4,fbf62ef9-25b7-437c-98d8-c4934fba0fe6,0.8775709271430969,False,191.96759999977075
e5_large,TF027,procedure,5,7adacb8c-91c0-4ea7-8d82-7505eeac5042,0.8750549554824829,False,191.96759999977075
e5_large,TF027,procedure,6,21d38039-895b-46a4-8902-96e380ce41aa,0.8739754557609558,True,191.96759999977075
e5_large,TF027,procedure,7,30ce28cb-f702-4cce-8105-137e2f73af0d,0.8732684254646301,False,191.96759999977075
e5_large,TF027,procedure,8,7e68f70a-ba74-4eb8-bbae-c7e9f7340567,0.8722661733627319,False,191.96759999977075
e5_large,TF027,procedure,9,fd678588-5ac2-400d-95c5-3309537781ec,0.8672946691513062,False,191.96759999977075
e5_large,TF027,procedure,10,22e6c188-2e4c-4029-b200-7770a3f00e6e,0.8665282726287842,False,191.96759999977075
e5_large,TF028,preparation,1,eda54b74-cd2f-4808-8175-bcc5b916ce90,0.8917029500007629,True,287.89270000015676
e5_large,TF028,preparation,2,7adacb8c-91c0-4ea7-8d82-7505eeac5042,0.8894022703170776,False,287.89270000015676
e5_large,TF028,preparation,3,dfb2693a-e821-4d6e-bbcc-0dbf3dc2a2ae,0.877630889415741,False,287.89270000015676
e5_large,TF028,preparation,4,b225ae64-72d2-4e59-81c0-57f5d8438666,0.8731969594955444,False,287.89270000015676
e5_large,TF028,preparation,5,30ce28cb-f702-4cce-8105-137e2f73af0d,0.8713707327842712,False,287.89270000015676
e5_large,TF028,preparation,6,3abbb958-eafe-4ffe-bcfc-dafa7349c15c,0.8707991242408752,False,287.89270000015676
e5_large,TF028,preparation,7,2cea4ea7-7aaf-4c54-ac4e-b660de52065d,0.8707275390625,False,287.89270000015676
e5_large,TF028,preparation,8,22e6c188-2e4c-4029-b200-7770a3f00e6e,0.8693585991859436,False,287.89270000015676
e5_large,TF028,preparation,9,bc88f538-e881-4c81-85e9-fca20614315d,0.8669707179069519,False,287.89270000015676
e5_large,TF028,preparation,10,9b6cc313-9a59-4387-a5ce-2ed14389a0a7,0.8669221997261047,False,287.89270000015676
e5_large,TF029,preparation,1,7e5199d4-e5c9-40ca-a69f-ea37f52c6ce3,0.8730597496032715,False,200.41840000067168
e5_large,TF029,preparation,2,b225ae64-72d2-4e59-81c0-57f5d8438666,0.8693364262580872,False,200.41840000067168
e5_large,TF029,preparation,3,eda54b74-cd2f-4808-8175-bcc5b916ce90,0.8671717047691345,False,200.41840000067168
e5_large,TF029,preparation,4,16efaa44-1554-4748-8407-48fac0bced94,0.8670735955238342,False,200.41840000067168
e5_large,TF029,preparation,5,a7cf71a5-8426-4d7c-8106-e0754e7cb4bf,0.8669264316558838,False,200.41840000067168
e5_large,TF029,preparation,6,7adacb8c-91c0-4ea7-8d82-7505eeac5042,0.8655354380607605,False,200.41840000067168
e5_large,TF029,preparation,7,98d006ac-5212-4c8c-8a63-4cbd4d6caffc,0.8640157580375671,False,200.41840000067168
e5_large,TF029,preparation,8,36bac780-b1a2-42dc-8cca-3605f80c5521,0.863915741443634,True,200.41840000067168
e5_large,TF029,preparation,9,74c0eabe-77c7-4dbf-a321-27966a12fafb,0.8624899983406067,False,200.41840000067168
e5_large,TF029,preparation,10,73735f01-c9d0-4dd5-8d46-c70045e4b334,0.8615351319313049,False,200.41840000067168
e5_large,TF030,temporal,1,73735f01-c9d0-4dd5-8d46-c70045e4b334,0.85915607213974,False,172.3413999998229
e5_large,TF030,temporal,2,a7cf71a5-8426-4d7c-8106-e0754e7cb4bf,0.8540055155754089,False,172.3413999998229
e5_large,TF030,temporal,3,b225ae64-72d2-4e59-81c0-57f5d8438666,0.8515748381614685,False,172.3413999998229
e5_large,TF030,temporal,4,21efe016-3004-45f3-a070-29ce2ecb0019,0.8508597016334534,False,172.3413999998229
e5_large,TF030,temporal,5,36bac780-b1a2-42dc-8cca-3605f80c5521,0.8498860597610474,False,172.3413999998229
e5_large,TF030,temporal,6,16efaa44-1554-4748-8407-48fac0bced94,0.8487402200698853,False,172.3413999998229
e5_large,TF030,temporal,7,22e6c188-2e4c-4029-b200-7770a3f00e6e,0.8461362719535828,False,172.3413999998229
e5_large,TF030,temporal,8,74c0eabe-77c7-4dbf-a321-27966a12fafb,0.8458468914031982,False,172.3413999998229
e5_large,TF030,temporal,9,b0d368a1-d0fc-4b8b-8567-e190cf462986,0.8439693450927734,False,172.3413999998229
e5_large,TF030,temporal,10,98d006ac-5212-4c8c-8a63-4cbd4d6caffc,0.8436129689216614,False,172.3413999998229
e5_large,TF031,procedure,1,9b6cc313-9a59-4387-a5ce-2ed14389a0a7,0.8688132762908936,False,195.48980000035954
e5_large,TF031,procedure,2,5de4d74d-720e-4d86-a836-f946d70a2d32,0.8683289289474487,True,195.48980000035954
e5_large,TF031,procedure,3,30ce28cb-f702-4cce-8105-137e2f73af0d,0.8638599514961243,False,195.48980000035954
e5_large,TF031,procedure,4,b0b5bc4f-7d0b-4f56-8e37-84178d38637d,0.8621706962585449,False,195.48980000035954
e5_large,TF031,procedure,5,22e6c188-2e4c-4029-b200-7770a3f00e6e,0.8621179461479187,False,195.48980000035954
e5_large,TF031,procedure,6,98d006ac-5212-4c8c-8a63-4cbd4d6caffc,0.8616077899932861,False,195.48980000035954
e5_large,TF031,procedure,7,4c0dde2a-0432-4cb2-ad33-987f5979ff76,0.8607497811317444,False,195.48980000035954
e5_large,TF031,procedure,8,b225ae64-72d2-4e59-81c0-57f5d8438666,0.8595051765441895,False,195.48980000035954
e5_large,TF031,procedure,9,36bac780-b1a2-42dc-8cca-3605f80c5521,0.8590483665466309,False,195.48980000035954
e5_large,TF031,procedure,10,fd678588-5ac2-400d-95c5-3309537781ec,0.8570807576179504,False,195.48980000035954
e5_large,TF032,fact_specific,1,5de4d74d-720e-4d86-a836-f946d70a2d32,0.8663718104362488,True,192.92249999944033
e5_large,TF032,fact_specific,2,df699ccc-6f51-4281-b4a4-f3d2a20631e0,0.8478474020957947,False,192.92249999944033
e5_large,TF032,fact_specific,3,21efe016-3004-45f3-a070-29ce2ecb0019,0.8321568369865417,False,192.92249999944033
e5_large,TF032,fact_specific,4,15e829a9-a475-429d-b0e3-5c34bfbd3ab7,0.8220385313034058,False,192.92249999944033
e5_large,TF032,fact_specific,5,59d57c8a-c9d7-4f8d-b9a1-a2816f1f01f7,0.8214255571365356,False,192.92249999944033
e5_large,TF032,fact_specific,6,cfff9bf0-05e4-4179-a793-f3c705d04812,0.8183644413948059,False,192.92249999944033
e5_large,TF032,fact_specific,7,54fdf811-dedd-4016-b144-3e4bfdcd67c8,0.8164650797843933,False,192.92249999944033
e5_large,TF032,fact_specific,8,3ecc27b9-634c-4026-b44e-e01123aa0467,0.816052258014679,False,192.92249999944033
e5_large,TF032,fact_specific,9,36bac780-b1a2-42dc-8cca-3605f80c5521,0.8159245848655701,False,192.92249999944033
e5_large,TF032,fact_specific,10,da79aa00-567d-434c-8441-915ac080f918,0.8159170150756836,False,192.92249999944033
e5_large,TF033,fact_specific,1,e62b0c91-ff0c-43b2-9bd5-ff173d9f8bc0,0.9201856851577759,True,276.41700000003766
e5_large,TF033,fact_specific,2,4c0dde2a-0432-4cb2-ad33-987f5979ff76,0.8893324732780457,False,276.41700000003766
e5_large,TF033,fact_specific,3,3ecc27b9-634c-4026-b44e-e01123aa0467,0.8853275179862976,False,276.41700000003766
e5_large,TF033,fact_specific,4,9131e9a9-eff3-4f4e-a20b-4bdd456c35bc,0.882369875907898,False,276.41700000003766
e5_large,TF033,fact_specific,5,d4c1a9ca-23c5-4ae0-9a51-c56675b2e6d1,0.8767238855361938,False,276.41700000003766
e5_large,TF033,fact_specific,6,df699ccc-6f51-4281-b4a4-f3d2a20631e0,0.8739575147628784,False,276.41700000003766
e5_large,TF033,fact_specific,7,59d57c8a-c9d7-4f8d-b9a1-a2816f1f01f7,0.8669423460960388,False,276.41700000003766
e5_large,TF033,fact_specific,8,1033ac46-dec8-493e-b577-7f5ad80f8e86,0.8658612966537476,False,276.41700000003766
e5_large,TF033,fact_specific,9,324bc249-0e84-46e9-b77f-856c76cd5353,0.8655955195426941,False,276.41700000003766
e5_large,TF033,fact_specific,10,54fdf811-dedd-4016-b144-3e4bfdcd67c8,0.8625783920288086,False,276.41700000003766
e5_large,TF034,product_specific,1,59d57c8a-c9d7-4f8d-b9a1-a2816f1f01f7,0.9008488655090332,True,184.3693999999232
e5_large,TF034,product_specific,2,7c33fbb7-e931-4f6b-9520-23875ec9ee5b,0.8775628805160522,False,184.3693999999232
e5_large,TF034,product_specific,3,d4c1a9ca-23c5-4ae0-9a51-c56675b2e6d1,0.8702666163444519,False,184.3693999999232
e5_large,TF034,product_specific,4,4c0dde2a-0432-4cb2-ad33-987f5979ff76,0.8652651906013489,False,184.3693999999232
e5_large,TF034,product_specific,5,9131e9a9-eff3-4f4e-a20b-4bdd456c35bc,0.8647069334983826,False,184.3693999999232
e5_large,TF034,product_specific,6,e62b0c91-ff0c-43b2-9bd5-ff173d9f8bc0,0.8608471751213074,False,184.3693999999232
e5_large,TF034,product_specific,7,3ecc27b9-634c-4026-b44e-e01123aa0467,0.8499968647956848,False,184.3693999999232
e5_large,TF034,product_specific,8,54fdf811-dedd-4016-b144-3e4bfdcd67c8,0.849301278591156,False,184.3693999999232
e5_large,TF034,product_specific,9,324bc249-0e84-46e9-b77f-856c76cd5353,0.8447543382644653,False,184.3693999999232
e5_large,TF034,product_specific,10,7abe62fa-6fdb-4466-a16b-73e1770f0c57,0.8439757227897644,False,184.3693999999232
e5_large,TF035,paraphrase,1,54fdf811-dedd-4016-b144-3e4bfdcd67c8,0.8684874176979065,False,205.2902000004906
e5_large,TF035,paraphrase,2,b0b5bc4f-7d0b-4f56-8e37-84178d38637d,0.8651152849197388,True,205.2902000004906
e5_large,TF035,paraphrase,3,fd678588-5ac2-400d-95c5-3309537781ec,0.863050639629364,False,205.2902000004906
e5_large,TF035,paraphrase,4,36bac780-b1a2-42dc-8cca-3605f80c5521,0.8618505597114563,False,205.2902000004906
e5_large,TF035,paraphrase,5,da79aa00-567d-434c-8441-915ac080f918,0.860630989074707,False,205.2902000004906
e5_large,TF035,paraphrase,6,4c0dde2a-0432-4cb2-ad33-987f5979ff76,0.8598604798316956,False,205.2902000004906
e5_large,TF035,paraphrase,7,1033ac46-dec8-493e-b577-7f5ad80f8e86,0.8597304224967957,False,205.2902000004906
e5_large,TF035,paraphrase,8,b225ae64-72d2-4e59-81c0-57f5d8438666,0.8596757650375366,False,205.2902000004906
e5_large,TF035,paraphrase,9,3ecc27b9-634c-4026-b44e-e01123aa0467,0.8590604066848755,False,205.2902000004906
e5_large,TF035,paraphrase,10,98d006ac-5212-4c8c-8a63-4cbd4d6caffc,0.8565447330474854,False,205.2902000004906
e5_large,TF036,monitoring,1,a7cf71a5-8426-4d7c-8106-e0754e7cb4bf,0.9017646908760071,True,200.88880000002973
e5_large,TF036,monitoring,2,8f3ed830-3a06-41c6-8b06-cfcf6d36a83c,0.8789157271385193,False,200.88880000002973
e5_large,TF036,monitoring,3,98d006ac-5212-4c8c-8a63-4cbd4d6caffc,0.8713086247444153,False,200.88880000002973
e5_large,TF036,monitoring,4,36bac780-b1a2-42dc-8cca-3605f80c5521,0.8674964308738708,False,200.88880000002973
e5_large,TF036,monitoring,5,16efaa44-1554-4748-8407-48fac0bced94,0.8661226630210876,False,200.88880000002973
e5_large,TF036,monitoring,6,73735f01-c9d0-4dd5-8d46-c70045e4b334,0.8659735918045044,False,200.88880000002973
e5_large,TF036,monitoring,7,eda54b74-cd2f-4808-8175-bcc5b916ce90,0.8640447854995728,False,200.88880000002973
e5_large,TF036,monitoring,8,f9cfc75b-a5e7-4633-a798-4b17ea462325,0.8615065813064575,False,200.88880000002973
e5_large,TF036,monitoring,9,b225ae64-72d2-4e59-81c0-57f5d8438666,0.8608555793762207,False,200.88880000002973
e5_large,TF036,monitoring,10,22e6c188-2e4c-4029-b200-7770a3f00e6e,0.8600488901138306,False,200.88880000002973
e5_large,TF037,adverse_reaction,1,15e829a9-a475-429d-b0e3-5c34bfbd3ab7,0.889808714389801,True,156.7629000001034
e5_large,TF037,adverse_reaction,2,8939253d-3272-4915-8c2b-c60062aeb818,0.868772029876709,True,156.7629000001034
e5_large,TF037,adverse_reaction,3,7abe62fa-6fdb-4466-a16b-73e1770f0c57,0.8679852485656738,False,156.7629000001034
e5_large,TF037,adverse_reaction,4,2e55093d-0a0f-4fd9-954b-4fc72df9eac0,0.866772472858429,False,156.7629000001034
e5_large,TF037,adverse_reaction,5,f4580736-a09e-471f-93d2-8089c695eb67,0.8615033030509949,False,156.7629000001034
e5_large,TF037,adverse_reaction,6,da79aa00-567d-434c-8441-915ac080f918,0.8581302762031555,False,156.7629000001034
e5_large,TF037,adverse_reaction,7,30ce28cb-f702-4cce-8105-137e2f73af0d,0.8545817136764526,False,156.7629000001034
e5_large,TF037,adverse_reaction,8,a7cf71a5-8426-4d7c-8106-e0754e7cb4bf,0.8524491786956787,False,156.7629000001034
e5_large,TF037,adverse_reaction,9,8f3ed830-3a06-41c6-8b06-cfcf6d36a83c,0.8523985743522644,False,156.7629000001034
e5_large,TF037,adverse_reaction,10,22e6c188-2e4c-4029-b200-7770a3f00e6e,0.852173924446106,False,156.7629000001034
e5_large,TF038,adverse_reaction,1,8939253d-3272-4915-8c2b-c60062aeb818,0.8805615901947021,True,189.08210000063264
e5_large,TF038,adverse_reaction,2,7abe62fa-6fdb-4466-a16b-73e1770f0c57,0.8640814423561096,True,189.08210000063264
e5_large,TF038,adverse_reaction,3,15e829a9-a475-429d-b0e3-5c34bfbd3ab7,0.8588476777076721,False,189.08210000063264
e5_large,TF038,adverse_reaction,4,2e55093d-0a0f-4fd9-954b-4fc72df9eac0,0.8525004982948303,False,189.08210000063264
e5_large,TF038,adverse_reaction,5,324bc249-0e84-46e9-b77f-856c76cd5353,0.8425398468971252,False,189.08210000063264
e5_large,TF038,adverse_reaction,6,391ad5dc-0d1c-4350-85ba-5aa601d9ac0d,0.8423630595207214,False,189.08210000063264
e5_large,TF038,adverse_reaction,7,f4580736-a09e-471f-93d2-8089c695eb67,0.837967574596405,False,189.08210000063264
e5_large,TF038,adverse_reaction,8,21d38039-895b-46a4-8902-96e380ce41aa,0.8372349739074707,False,189.08210000063264
e5_large,TF038,adverse_reaction,9,5e7838ae-0b80-4d05-b266-deb52de7b401,0.8367167115211487,False,189.08210000063264
e5_large,TF038,adverse_reaction,10,bc88f538-e881-4c81-85e9-fca20614315d,0.8348288536071777,False,189.08210000063264
e5_large,TF039,adverse_reaction,1,7abe62fa-6fdb-4466-a16b-73e1770f0c57,0.8857506513595581,True,226.34709999965708
e5_large,TF039,adverse_reaction,2,2e55093d-0a0f-4fd9-954b-4fc72df9eac0,0.8807573318481445,True,226.34709999965708
e5_large,TF039,adverse_reaction,3,15e829a9-a475-429d-b0e3-5c34bfbd3ab7,0.8711963295936584,False,226.34709999965708
e5_large,TF039,adverse_reaction,4,8939253d-3272-4915-8c2b-c60062aeb818,0.8693780899047852,False,226.34709999965708
e5_large,TF039,adverse_reaction,5,f4580736-a09e-471f-93d2-8089c695eb67,0.8583939075469971,False,226.34709999965708
e5_large,TF039,adverse_reaction,6,30ce28cb-f702-4cce-8105-137e2f73af0d,0.85382080078125,False,226.34709999965708
e5_large,TF039,adverse_reaction,7,5e7838ae-0b80-4d05-b266-deb52de7b401,0.8510050177574158,False,226.34709999965708
e5_large,TF039,adverse_reaction,8,22e6c188-2e4c-4029-b200-7770a3f00e6e,0.8494616150856018,False,226.34709999965708
e5_large,TF039,adverse_reaction,9,391ad5dc-0d1c-4350-85ba-5aa601d9ac0d,0.8491037487983704,False,226.34709999965708
e5_large,TF039,adverse_reaction,10,da79aa00-567d-434c-8441-915ac080f918,0.8489748239517212,False,226.34709999965708
e5_large,TF040,adverse_reaction,1,f4580736-a09e-471f-93d2-8089c695eb67,0.8699203729629517,True,194.26780000048893
e5_large,TF040,adverse_reaction,2,2e55093d-0a0f-4fd9-954b-4fc72df9eac0,0.869145393371582,True,194.26780000048893
e5_large,TF040,adverse_reaction,3,8939253d-3272-4915-8c2b-c60062aeb818,0.8680064082145691,False,194.26780000048893
e5_large,TF040,adverse_reaction,4,15e829a9-a475-429d-b0e3-5c34bfbd3ab7,0.8607852458953857,False,194.26780000048893
e5_large,TF040,adverse_reaction,5,ee8c2027-ad6d-4bb7-8077-5e4c42be1cc3,0.8574559092521667,False,194.26780000048893
e5_large,TF040,adverse_reaction,6,602c933f-0b8f-4533-87a5-f27ecd5f2af9,0.8546048998832703,False,194.26780000048893
e5_large,TF040,adverse_reaction,7,391ad5dc-0d1c-4350-85ba-5aa601d9ac0d,0.852593719959259,False,194.26780000048893
e5_large,TF040,adverse_reaction,8,66dba192-bac5-4b3a-bd4d-77e9eacb4192,0.8512749671936035,False,194.26780000048893
e5_large,TF040,adverse_reaction,9,7abe62fa-6fdb-4466-a16b-73e1770f0c57,0.8506764769554138,False,194.26780000048893
e5_large,TF040,adverse_reaction,10,8f3ed830-3a06-41c6-8b06-cfcf6d36a83c,0.8464251160621643,False,194.26780000048893
e5_large,TF041,adverse_reaction,1,7abe62fa-6fdb-4466-a16b-73e1770f0c57,0.8695314526557922,False,191.63250000019616
e5_large,TF041,adverse_reaction,2,f4580736-a09e-471f-93d2-8089c695eb67,0.86784827709198,True,191.63250000019616
e5_large,TF041,adverse_reaction,3,15e829a9-a475-429d-b0e3-5c34bfbd3ab7,0.8653336763381958,False,191.63250000019616
e5_large,TF041,adverse_reaction,4,5e7838ae-0b80-4d05-b266-deb52de7b401,0.8619989156723022,True,191.63250000019616
e5_large,TF041,adverse_reaction,5,8939253d-3272-4915-8c2b-c60062aeb818,0.8532163500785828,False,191.63250000019616
e5_large,TF041,adverse_reaction,6,2e55093d-0a0f-4fd9-954b-4fc72df9eac0,0.8525481224060059,False,191.63250000019616
e5_large,TF041,adverse_reaction,7,391ad5dc-0d1c-4350-85ba-5aa601d9ac0d,0.834941565990448,False,191.63250000019616
e5_large,TF041,adverse_reaction,8,a7cf71a5-8426-4d7c-8106-e0754e7cb4bf,0.8345822691917419,False,191.63250000019616
e5_large,TF041,adverse_reaction,9,66dba192-bac5-4b3a-bd4d-77e9eacb4192,0.8339925408363342,False,191.63250000019616
e5_large,TF041,adverse_reaction,10,8f3ed830-3a06-41c6-8b06-cfcf6d36a83c,0.833848237991333,False,191.63250000019616
e5_large,TF042,procedure,1,dfb2693a-e821-4d6e-bbcc-0dbf3dc2a2ae,0.9039978981018066,True,178.750800000671
e5_large,TF042,procedure,2,3abbb958-eafe-4ffe-bcfc-dafa7349c15c,0.899225652217865,True,178.750800000671
e5_large,TF042,procedure,3,fbf62ef9-25b7-437c-98d8-c4934fba0fe6,0.8881998658180237,False,178.750800000671
e5_large,TF042,procedure,4,2cea4ea7-7aaf-4c54-ac4e-b660de52065d,0.8824784159660339,False,178.750800000671
e5_large,TF042,procedure,5,21efe016-3004-45f3-a070-29ce2ecb0019,0.8758549690246582,False,178.750800000671
e5_large,TF042,procedure,6,4797ba3b-c3d9-4d11-be5f-86db44dbda83,0.874883234500885,False,178.750800000671
e5_large,TF042,procedure,7,b66e5419-8a9c-47f4-866d-ebdb95b174b2,0.8550946116447449,False,178.750800000671
e5_large,TF042,procedure,8,a3d42ca5-54b5-4b8d-be4e-79337aaab880,0.8536884188652039,False,178.750800000671
e5_large,TF042,procedure,9,63cb7040-3526-4f6f-9f88-e295bbe5edaf,0.8527801036834717,False,178.750800000671
e5_large,TF042,procedure,10,63b53156-440d-40c1-bc88-5c07c23ae77f,0.8527674674987793,False,178.750800000671
e5_large,TF043,procedure,1,fbf62ef9-25b7-437c-98d8-c4934fba0fe6,0.8843250274658203,True,230.09220000039932
e5_large,TF043,procedure,2,e62b0c91-ff0c-43b2-9bd5-ff173d9f8bc0,0.8662036657333374,False,230.09220000039932
e5_large,TF043,procedure,3,4c0dde2a-0432-4cb2-ad33-987f5979ff76,0.8639145493507385,False,230.09220000039932
e5_large,TF043,procedure,4,4797ba3b-c3d9-4d11-be5f-86db44dbda83,0.8609945774078369,False,230.09220000039932
e5_large,TF043,procedure,5,f9eb1471-4566-4c09-a18e-9f3d84a47e9c,0.8589695692062378,True,230.09220000039932
e5_large,TF043,procedure,6,a3d42ca5-54b5-4b8d-be4e-79337aaab880,0.8567370176315308,False,230.09220000039932
e5_large,TF043,procedure,7,dfb2693a-e821-4d6e-bbcc-0dbf3dc2a2ae,0.856069803237915,False,230.09220000039932
e5_large,TF043,procedure,8,2cea4ea7-7aaf-4c54-ac4e-b660de52065d,0.8552899360656738,False,230.09220000039932
e5_large,TF043,procedure,9,3ecc27b9-634c-4026-b44e-e01123aa0467,0.8525523543357849,False,230.09220000039932
e5_large,TF043,procedure,10,b0b5bc4f-7d0b-4f56-8e37-84178d38637d,0.8521126508712769,False,230.09220000039932
e5_large,TF044,fact_specific,1,dfb2693a-e821-4d6e-bbcc-0dbf3dc2a2ae,0.9019894599914551,False,268.0298000004768
e5_large,TF044,fact_specific,2,3abbb958-eafe-4ffe-bcfc-dafa7349c15c,0.895709216594696,False,268.0298000004768
e5_large,TF044,fact_specific,3,fbf62ef9-25b7-437c-98d8-c4934fba0fe6,0.8815701007843018,False,268.0298000004768
e5_large,TF044,fact_specific,4,4797ba3b-c3d9-4d11-be5f-86db44dbda83,0.8736756443977356,False,268.0298000004768
e5_large,TF044,fact_specific,5,2cea4ea7-7aaf-4c54-ac4e-b660de52065d,0.8731919527053833,False,268.0298000004768
e5_large,TF044,fact_specific,6,21efe016-3004-45f3-a070-29ce2ecb0019,0.8723168969154358,False,268.0298000004768
e5_large,TF044,fact_specific,7,a3d42ca5-54b5-4b8d-be4e-79337aaab880,0.8721800446510315,True,268.0298000004768
e5_large,TF044,fact_specific,8,63cb7040-3526-4f6f-9f88-e295bbe5edaf,0.8619474172592163,False,268.0298000004768
e5_large,TF044,fact_specific,9,fd678588-5ac2-400d-95c5-3309537781ec,0.8595563173294067,False,268.0298000004768
e5_large,TF044,fact_specific,10,b66e5419-8a9c-47f4-866d-ebdb95b174b2,0.8585922122001648,False,268.0298000004768
e5_large,TF045,paraphrase,1,dfb2693a-e821-4d6e-bbcc-0dbf3dc2a2ae,0.898263156414032,False,211.81590000105643
e5_large,TF045,paraphrase,2,3abbb958-eafe-4ffe-bcfc-dafa7349c15c,0.8921127319335938,False,211.81590000105643
e5_large,TF045,paraphrase,3,fbf62ef9-25b7-437c-98d8-c4934fba0fe6,0.8809617757797241,False,211.81590000105643
e5_large,TF045,paraphrase,4,fd678588-5ac2-400d-95c5-3309537781ec,0.8784043788909912,True,211.81590000105643
e5_large,TF045,paraphrase,5,63cb7040-3526-4f6f-9f88-e295bbe5edaf,0.875068724155426,False,211.81590000105643
e5_large,TF045,paraphrase,6,4797ba3b-c3d9-4d11-be5f-86db44dbda83,0.8713273406028748,False,211.81590000105643
e5_large,TF045,paraphrase,7,21efe016-3004-45f3-a070-29ce2ecb0019,0.8678716421127319,False,211.81590000105643
e5_large,TF045,paraphrase,8,a3d42ca5-54b5-4b8d-be4e-79337aaab880,0.8675458431243896,False,211.81590000105643
e5_large,TF045,paraphrase,9,63b53156-440d-40c1-bc88-5c07c23ae77f,0.8628298044204712,False,211.81590000105643
e5_large,TF045,paraphrase,10,2cea4ea7-7aaf-4c54-ac4e-b660de52065d,0.8615501523017883,False,211.81590000105643
e5_large,TN001,negative_out_of_scope,1,f1611d72-8c47-41f8-bfee-99d5ffdfe12a,0.7946974635124207,False,199.50519999929384
e5_large,TN001,negative_out_of_scope,2,ee8c2027-ad6d-4bb7-8077-5e4c42be1cc3,0.7720940709114075,False,199.50519999929384
e5_large,TN001,negative_out_of_scope,3,d9a4a9c8-fbd4-41f2-bab6-6abd72575204,0.7703794240951538,False,199.50519999929384
e5_large,TN001,negative_out_of_scope,4,391ad5dc-0d1c-4350-85ba-5aa601d9ac0d,0.7671498656272888,False,199.50519999929384
e5_large,TN001,negative_out_of_scope,5,edd76252-eb29-4acf-9a31-735463528b7d,0.7663092613220215,False,199.50519999929384
e5_large,TN001,negative_out_of_scope,6,64fa07b8-63c3-43c8-899e-5bd6282225ed,0.7650434970855713,False,199.50519999929384
e5_large,TN001,negative_out_of_scope,7,f4580736-a09e-471f-93d2-8089c695eb67,0.7637006044387817,False,199.50519999929384
e5_large,TN001,negative_out_of_scope,8,66dba192-bac5-4b3a-bd4d-77e9eacb4192,0.7625462412834167,False,199.50519999929384
e5_large,TN001,negative_out_of_scope,9,602c933f-0b8f-4533-87a5-f27ecd5f2af9,0.7602108716964722,False,199.50519999929384
e5_large,TN001,negative_out_of_scope,10,761b9529-5b18-4262-8174-6062c35fb31c,0.7599158883094788,False,199.50519999929384
e5_large,TN002,negative_out_of_scope,1,5de4d74d-720e-4d86-a836-f946d70a2d32,0.8060633540153503,False,150.27439999994385
e5_large,TN002,negative_out_of_scope,2,15e829a9-a475-429d-b0e3-5c34bfbd3ab7,0.8052812814712524,False,150.27439999994385
e5_large,TN002,negative_out_of_scope,3,fb4884e3-8fea-42fa-b996-7e9c333e7fef,0.8051214814186096,False,150.27439999994385
e5_large,TN002,negative_out_of_scope,4,eeb8db46-f757-41f1-9ca5-c022f3d4ea3e,0.8051214814186096,False,150.27439999994385
e5_large,TN002,negative_out_of_scope,5,17e22a4e-78d9-4607-b75b-151e52cc4d20,0.8051214814186096,False,150.27439999994385
e5_large,TN002,negative_out_of_scope,6,fbb0340e-b19d-43c3-a23a-5ee07899e8cd,0.8051214814186096,False,150.27439999994385
e5_large,TN002,negative_out_of_scope,7,e4892114-b8eb-4f39-a7c4-427217039236,0.8051214814186096,False,150.27439999994385
e5_large,TN002,negative_out_of_scope,8,9c5f18b5-9491-4cb2-9eba-9a0d2462f8bb,0.8051214814186096,False,150.27439999994385
e5_large,TN002,negative_out_of_scope,9,c141d593-8af3-43e4-b0a9-f60c7c49da12,0.8051214814186096,False,150.27439999994385
e5_large,TN002,negative_out_of_scope,10,635840ee-2aa9-43b0-86b4-74229536c495,0.8051214814186096,False,150.27439999994385
e5_large,TN003,negative_out_of_scope,1,4797ba3b-c3d9-4d11-be5f-86db44dbda83,0.7977767586708069,False,128.09789999937493
e5_large,TN003,negative_out_of_scope,2,f1611d72-8c47-41f8-bfee-99d5ffdfe12a,0.7976372838020325,False,128.09789999937493
e5_large,TN003,negative_out_of_scope,3,ee8c2027-ad6d-4bb7-8077-5e4c42be1cc3,0.7974724173545837,False,128.09789999937493
e5_large,TN003,negative_out_of_scope,4,63cb7040-3526-4f6f-9f88-e295bbe5edaf,0.79456627368927,False,128.09789999937493
e5_large,TN003,negative_out_of_scope,5,63b53156-440d-40c1-bc88-5c07c23ae77f,0.7939923405647278,False,128.09789999937493
e5_large,TN003,negative_out_of_scope,6,ffcf7308-6e83-47bc-a519-0b4b7ba44562,0.7934771180152893,False,128.09789999937493
e5_large,TN003,negative_out_of_scope,7,10537058-d160-4786-a6cf-95de46d7189c,0.7921404242515564,False,128.09789999937493
e5_large,TN003,negative_out_of_scope,8,71d2e37c-44e2-4972-8e6b-a6449c2f8404,0.7901099920272827,False,128.09789999937493
e5_large,TN003,negative_out_of_scope,9,c404e320-0bf2-4325-be92-7a0614f201ca,0.7898223996162415,False,128.09789999937493
e5_large,TN003,negative_out_of_scope,10,21efe016-3004-45f3-a070-29ce2ecb0019,0.7874764800071716,False,128.09789999937493
e5_large,TN004,negative_out_of_scope,1,10537058-d160-4786-a6cf-95de46d7189c,0.8084447383880615,False,139.64250000026368
e5_large,TN004,negative_out_of_scope,2,f1611d72-8c47-41f8-bfee-99d5ffdfe12a,0.7990736961364746,False,139.64250000026368
e5_large,TN004,negative_out_of_scope,3,ee8c2027-ad6d-4bb7-8077-5e4c42be1cc3,0.7970097661018372,False,139.64250000026368
e5_large,TN004,negative_out_of_scope,4,66dba192-bac5-4b3a-bd4d-77e9eacb4192,0.7944698333740234,False,139.64250000026368
e5_large,TN004,negative_out_of_scope,5,63cb7040-3526-4f6f-9f88-e295bbe5edaf,0.7942984700202942,False,139.64250000026368
e5_large,TN004,negative_out_of_scope,6,843aa4c8-3ffd-4747-97eb-8699b0a0eeaf,0.7938660383224487,False,139.64250000026368
e5_large,TN004,negative_out_of_scope,7,4d18d11e-2a92-4690-8a64-46653931483e,0.7905403971672058,False,139.64250000026368
e5_large,TN004,negative_out_of_scope,8,761b9529-5b18-4262-8174-6062c35fb31c,0.7902292609214783,False,139.64250000026368
e5_large,TN004,negative_out_of_scope,9,23c6ca0d-04bf-4081-b90a-9819029dcd73,0.7890348434448242,False,139.64250000026368
e5_large,TN004,negative_out_of_scope,10,ffcf7308-6e83-47bc-a519-0b4b7ba44562,0.786337673664093,False,139.64250000026368
e5_large,TN005,negative_out_of_scope,1,fd678588-5ac2-400d-95c5-3309537781ec,0.8190124034881592,False,140.57910000065021
e5_large,TN005,negative_out_of_scope,2,4797ba3b-c3d9-4d11-be5f-86db44dbda83,0.8023873567581177,False,140.57910000065021
e5_large,TN005,negative_out_of_scope,3,dfb2693a-e821-4d6e-bbcc-0dbf3dc2a2ae,0.8011043667793274,False,140.57910000065021
e5_large,TN005,negative_out_of_scope,4,63cb7040-3526-4f6f-9f88-e295bbe5edaf,0.8005325794219971,False,140.57910000065021
e5_large,TN005,negative_out_of_scope,5,70b95f72-95ec-43b5-b76f-657518103256,0.799004316329956,False,140.57910000065021
e5_large,TN005,negative_out_of_scope,6,3abbb958-eafe-4ffe-bcfc-dafa7349c15c,0.7982285022735596,False,140.57910000065021
e5_large,TN005,negative_out_of_scope,7,21d38039-895b-46a4-8902-96e380ce41aa,0.7977898120880127,False,140.57910000065021
e5_large,TN005,negative_out_of_scope,8,a3d42ca5-54b5-4b8d-be4e-79337aaab880,0.7959004044532776,False,140.57910000065021
e5_large,TN005,negative_out_of_scope,9,6ffcd319-e868-444b-b6fe-8d192a4de3ff,0.7949318885803223,False,140.57910000065021
e5_large,TN005,negative_out_of_scope,10,f1611d72-8c47-41f8-bfee-99d5ffdfe12a,0.7941855788230896,False,140.57910000065021
e5_large,TP001,product_specific,1,54fdf811-dedd-4016-b144-3e4bfdcd67c8,0.8477907776832581,False,279.51150000080816
e5_large,TP001,product_specific,2,4c0dde2a-0432-4cb2-ad33-987f5979ff76,0.8242747187614441,False,279.51150000080816
e5_large,TP001,product_specific,3,c404e320-0bf2-4325-be92-7a0614f201ca,0.8233048915863037,False,279.51150000080816
e5_large,TP001,product_specific,4,e96acbc9-66b4-4df4-953b-3f7b0a846bbc,0.8209360837936401,False,279.51150000080816
e5_large,TP001,product_specific,5,f7a9837d-f8db-4461-abd8-a3607db2276f,0.8155566453933716,False,279.51150000080816
e5_large,TP001,product_specific,6,23c6ca0d-04bf-4081-b90a-9819029dcd73,0.8129224181175232,True,279.51150000080816
e5_large,TP001,product_specific,7,0f6b0fc1-9d70-479f-a87d-a26e954e2adb,0.8120505213737488,False,279.51150000080816
e5_large,TP001,product_specific,8,ba3d1d87-0c2d-4b67-a0c2-4615c8249c2a,0.8117796182632446,True,279.51150000080816
e5_large,TP001,product_specific,9,b0b5bc4f-7d0b-4f56-8e37-84178d38637d,0.8082062602043152,False,279.51150000080816
e5_large,TP001,product_specific,10,21efe016-3004-45f3-a070-29ce2ecb0019,0.8068640828132629,False,279.51150000080816
e5_large,TP002,product_specific,1,b0b5bc4f-7d0b-4f56-8e37-84178d38637d,0.8274747729301453,False,151.6553000001295
e5_large,TP002,product_specific,2,4c0dde2a-0432-4cb2-ad33-987f5979ff76,0.8132926225662231,False,151.6553000001295
e5_large,TP002,product_specific,3,c404e320-0bf2-4325-be92-7a0614f201ca,0.8108072280883789,False,151.6553000001295
e5_large,TP002,product_specific,4,f7a9837d-f8db-4461-abd8-a3607db2276f,0.8069257140159607,False,151.6553000001295
e5_large,TP002,product_specific,5,36bac780-b1a2-42dc-8cca-3605f80c5521,0.8047033548355103,False,151.6553000001295
e5_large,TP002,product_specific,6,70b95f72-95ec-43b5-b76f-657518103256,0.8041896820068359,False,151.6553000001295
e5_large,TP002,product_specific,7,b225ae64-72d2-4e59-81c0-57f5d8438666,0.8009505271911621,False,151.6553000001295
e5_large,TP002,product_specific,8,54fdf811-dedd-4016-b144-3e4bfdcd67c8,0.8008633852005005,False,151.6553000001295
e5_large,TP002,product_specific,9,b10b8f1c-ed17-44ca-8d7c-1a4f19a12c67,0.7997216582298279,False,151.6553000001295
e5_large,TP002,product_specific,10,66dba192-bac5-4b3a-bd4d-77e9eacb4192,0.7963739037513733,False,151.6553000001295
e5_large,TP003,temporal,1,c404e320-0bf2-4325-be92-7a0614f201ca,0.8608958125114441,False,170.65870000078576
e5_large,TP003,temporal,2,21efe016-3004-45f3-a070-29ce2ecb0019,0.8523938655853271,False,170.65870000078576
e5_large,TP003,temporal,3,63b53156-440d-40c1-bc88-5c07c23ae77f,0.8438319563865662,True,170.65870000078576
e5_large,TP003,temporal,4,ffcf7308-6e83-47bc-a519-0b4b7ba44562,0.8235214948654175,False,170.65870000078576
e5_large,TP003,temporal,5,59d57c8a-c9d7-4f8d-b9a1-a2816f1f01f7,0.8191152215003967,False,170.65870000078576
e5_large,TP003,temporal,6,f7a9837d-f8db-4461-abd8-a3607db2276f,0.8186115622520447,False,170.65870000078576
e5_large,TP003,temporal,7,b66e5419-8a9c-47f4-866d-ebdb95b174b2,0.8167807459831238,False,170.65870000078576
e5_large,TP003,temporal,8,a3d42ca5-54b5-4b8d-be4e-79337aaab880,0.8136892914772034,False,170.65870000078576
e5_large,TP003,temporal,9,23c6ca0d-04bf-4081-b90a-9819029dcd73,0.812645673751831,False,170.65870000078576
e5_large,TP003,temporal,10,71d2e37c-44e2-4972-8e6b-a6449c2f8404,0.810358464717865,False,170.65870000078576
e5_large,TP004,temporal,1,63b53156-440d-40c1-bc88-5c07c23ae77f,0.8719040155410767,True,186.90969999988738
e5_large,TP004,temporal,2,c404e320-0bf2-4325-be92-7a0614f201ca,0.86109459400177,False,186.90969999988738
e5_large,TP004,temporal,3,ffcf7308-6e83-47bc-a519-0b4b7ba44562,0.8488277792930603,False,186.90969999988738
e5_large,TP004,temporal,4,21efe016-3004-45f3-a070-29ce2ecb0019,0.8483203053474426,False,186.90969999988738
e5_large,TP004,temporal,5,f7a9837d-f8db-4461-abd8-a3607db2276f,0.845725417137146,False,186.90969999988738
e5_large,TP004,temporal,6,71d2e37c-44e2-4972-8e6b-a6449c2f8404,0.8450802564620972,True,186.90969999988738
e5_large,TP004,temporal,7,b66e5419-8a9c-47f4-866d-ebdb95b174b2,0.8298583030700684,False,186.90969999988738
e5_large,TP004,temporal,8,5de4d74d-720e-4d86-a836-f946d70a2d32,0.8285366892814636,False,186.90969999988738
e5_large,TP004,temporal,9,59d57c8a-c9d7-4f8d-b9a1-a2816f1f01f7,0.8226507306098938,False,186.90969999988738
e5_large,TP004,temporal,10,8939253d-3272-4915-8c2b-c60062aeb818,0.8222190141677856,False,186.90969999988738
e5_large,TP005,temporal,1,da79aa00-567d-434c-8441-915ac080f918,0.8693084716796875,True,192.75759999982256
e5_large,TP005,temporal,2,5de4d74d-720e-4d86-a836-f946d70a2d32,0.8468964099884033,False,192.75759999982256
e5_large,TP005,temporal,3,ba3d1d87-0c2d-4b67-a0c2-4615c8249c2a,0.8439843058586121,False,192.75759999982256
e5_large,TP005,temporal,4,7e68f70a-ba74-4eb8-bbae-c7e9f7340567,0.8427770137786865,False,192.75759999982256
e5_large,TP005,temporal,5,0f6b0fc1-9d70-479f-a87d-a26e954e2adb,0.8420827984809875,False,192.75759999982256
e5_large,TP005,temporal,6,30ce28cb-f702-4cce-8105-137e2f73af0d,0.841294527053833,False,192.75759999982256
e5_large,TP005,temporal,7,22e6c188-2e4c-4029-b200-7770a3f00e6e,0.840550422668457,False,192.75759999982256
e5_large,TP005,temporal,8,54fdf811-dedd-4016-b144-3e4bfdcd67c8,0.8404245972633362,False,192.75759999982256
e5_large,TP005,temporal,9,b8c70ff9-e1b2-40ce-9a0a-f65a53899d13,0.8394579887390137,False,192.75759999982256
e5_large,TP005,temporal,10,c404e320-0bf2-4325-be92-7a0614f201ca,0.8372540473937988,False,192.75759999982256
e5_large,TP006,product_specific,1,e96acbc9-66b4-4df4-953b-3f7b0a846bbc,0.8811385035514832,True,203.47919999949227
e5_large,TP006,product_specific,2,9131e9a9-eff3-4f4e-a20b-4bdd456c35bc,0.8589500784873962,False,203.47919999949227
e5_large,TP006,product_specific,3,54fdf811-dedd-4016-b144-3e4bfdcd67c8,0.85727858543396,False,203.47919999949227
e5_large,TP006,product_specific,4,d4c1a9ca-23c5-4ae0-9a51-c56675b2e6d1,0.8482216000556946,False,203.47919999949227
e5_large,TP006,product_specific,5,4c0dde2a-0432-4cb2-ad33-987f5979ff76,0.8468829989433289,False,203.47919999949227
e5_large,TP006,product_specific,6,324bc249-0e84-46e9-b77f-856c76cd5353,0.8454773426055908,False,203.47919999949227
e5_large,TP006,product_specific,7,23c6ca0d-04bf-4081-b90a-9819029dcd73,0.8434476256370544,False,203.47919999949227
e5_large,TP006,product_specific,8,f7a9837d-f8db-4461-abd8-a3607db2276f,0.8375599384307861,False,203.47919999949227
e5_large,TP006,product_specific,9,b66e5419-8a9c-47f4-866d-ebdb95b174b2,0.8355312943458557,False,203.47919999949227
e5_large,TP006,product_specific,10,09f3c6d5-9e0c-4545-960f-b16c69abbeb1,0.8352442979812622,False,203.47919999949227
e5_large,TP007,product_specific,1,9131e9a9-eff3-4f4e-a20b-4bdd456c35bc,0.8711730241775513,False,204.78879999973287
e5_large,TP007,product_specific,2,324bc249-0e84-46e9-b77f-856c76cd5353,0.8690797686576843,True,204.78879999973287
e5_large,TP007,product_specific,3,e62b0c91-ff0c-43b2-9bd5-ff173d9f8bc0,0.8662078976631165,False,204.78879999973287
e5_large,TP007,product_specific,4,7abe62fa-6fdb-4466-a16b-73e1770f0c57,0.8603494167327881,False,204.78879999973287
e5_large,TP007,product_specific,5,54fdf811-dedd-4016-b144-3e4bfdcd67c8,0.8600468039512634,False,204.78879999973287
e5_large,TP007,product_specific,6,d4c1a9ca-23c5-4ae0-9a51-c56675b2e6d1,0.8598412275314331,True,204.78879999973287
e5_large,TP007,product_specific,7,4c0dde2a-0432-4cb2-ad33-987f5979ff76,0.8521493673324585,False,204.78879999973287
e5_large,TP007,product_specific,8,3ecc27b9-634c-4026-b44e-e01123aa0467,0.8521095514297485,False,204.78879999973287
e5_large,TP007,product_specific,9,59d57c8a-c9d7-4f8d-b9a1-a2816f1f01f7,0.8502987623214722,False,204.78879999973287
e5_large,TP007,product_specific,10,e96acbc9-66b4-4df4-953b-3f7b0a846bbc,0.8499900102615356,False,204.78879999973287
e5_large,TP008,product_specific,1,9131e9a9-eff3-4f4e-a20b-4bdd456c35bc,0.8474264144897461,True,154.74550000089948
e5_large,TP008,product_specific,2,d4c1a9ca-23c5-4ae0-9a51-c56675b2e6d1,0.8271657824516296,False,154.74550000089948
e5_large,TP008,product_specific,3,54fdf811-dedd-4016-b144-3e4bfdcd67c8,0.8260816931724548,True,154.74550000089948
e5_large,TP008,product_specific,4,e62b0c91-ff0c-43b2-9bd5-ff173d9f8bc0,0.8130638599395752,False,154.74550000089948
e5_large,TP008,product_specific,5,3ecc27b9-634c-4026-b44e-e01123aa0467,0.8097232580184937,False,154.74550000089948
e5_large,TP008,product_specific,6,4c0dde2a-0432-4cb2-ad33-987f5979ff76,0.8094821572303772,False,154.74550000089948
e5_large,TP008,product_specific,7,59d57c8a-c9d7-4f8d-b9a1-a2816f1f01f7,0.8072000741958618,False,154.74550000089948
e5_large,TP008,product_specific,8,df699ccc-6f51-4281-b4a4-f3d2a20631e0,0.8022773861885071,False,154.74550000089948
e5_large,TP008,product_specific,9,e96acbc9-66b4-4df4-953b-3f7b0a846bbc,0.8016887307167053,False,154.74550000089948
e5_large,TP008,product_specific,10,7c33fbb7-e931-4f6b-9520-23875ec9ee5b,0.8011674880981445,False,154.74550000089948
e5_large,TP009,product_specific,1,bc88f538-e881-4c81-85e9-fca20614315d,0.8711420893669128,True,153.71369999957096
e5_large,TP009,product_specific,2,2cea4ea7-7aaf-4c54-ac4e-b660de52065d,0.8705555200576782,False,153.71369999957096
e5_large,TP009,product_specific,3,21efe016-3004-45f3-a070-29ce2ecb0019,0.8548191785812378,False,153.71369999957096
e5_large,TP009,product_specific,4,16efaa44-1554-4748-8407-48fac0bced94,0.8521034121513367,False,153.71369999957096
e5_large,TP009,product_specific,5,b66e5419-8a9c-47f4-866d-ebdb95b174b2,0.8502299785614014,False,153.71369999957096
e5_large,TP009,product_specific,6,4c0dde2a-0432-4cb2-ad33-987f5979ff76,0.846885085105896,False,153.71369999957096
e5_large,TP009,product_specific,7,8f3ed830-3a06-41c6-8b06-cfcf6d36a83c,0.8419390320777893,False,153.71369999957096
e5_large,TP009,product_specific,8,36bac780-b1a2-42dc-8cca-3605f80c5521,0.8413506150245667,False,153.71369999957096
e5_large,TP009,product_specific,9,f9eb1471-4566-4c09-a18e-9f3d84a47e9c,0.8399903774261475,False,153.71369999957096
e5_large,TP009,product_specific,10,66dba192-bac5-4b3a-bd4d-77e9eacb4192,0.8396121859550476,False,153.71369999957096
e5_large,TP010,product_specific,1,bc88f538-e881-4c81-85e9-fca20614315d,0.8998140096664429,False,132.59740000012243
e5_large,TP010,product_specific,2,2cea4ea7-7aaf-4c54-ac4e-b660de52065d,0.8896148800849915,False,132.59740000012243
e5_large,TP010,product_specific,3,b66e5419-8a9c-47f4-866d-ebdb95b174b2,0.8804236650466919,True,132.59740000012243
e5_large,TP010,product_specific,4,21efe016-3004-45f3-a070-29ce2ecb0019,0.8778469562530518,False,132.59740000012243
e5_large,TP010,product_specific,5,23c6ca0d-04bf-4081-b90a-9819029dcd73,0.8545932769775391,False,132.59740000012243
e5_large,TP010,product_specific,6,3ecc27b9-634c-4026-b44e-e01123aa0467,0.8542970418930054,False,132.59740000012243
e5_large,TP010,product_specific,7,1b376f6f-5ee5-4d05-a585-f3aa6b7ee824,0.8532326817512512,False,132.59740000012243
e5_large,TP010,product_specific,8,da79aa00-567d-434c-8441-915ac080f918,0.8528859615325928,False,132.59740000012243
e5_large,TP010,product_specific,9,dfb2693a-e821-4d6e-bbcc-0dbf3dc2a2ae,0.8499559760093689,False,132.59740000012243
e5_large,TP010,product_specific,10,eda54b74-cd2f-4808-8175-bcc5b916ce90,0.8495235443115234,False,132.59740000012243
e5_large,TP011,temporal,1,c404e320-0bf2-4325-be92-7a0614f201ca,0.874870777130127,False,94.78239999953075
e5_large,TP011,temporal,2,b66e5419-8a9c-47f4-866d-ebdb95b174b2,0.8714249730110168,True,94.78239999953075
e5_large,TP011,temporal,3,21efe016-3004-45f3-a070-29ce2ecb0019,0.8641608357429504,True,94.78239999953075
e5_large,TP011,temporal,4,2cea4ea7-7aaf-4c54-ac4e-b660de52065d,0.8641462922096252,False,94.78239999953075
e5_large,TP011,temporal,5,4c0dde2a-0432-4cb2-ad33-987f5979ff76,0.856558084487915,False,94.78239999953075
e5_large,TP011,temporal,6,63b53156-440d-40c1-bc88-5c07c23ae77f,0.8533921241760254,False,94.78239999953075
e5_large,TP011,temporal,7,a3d42ca5-54b5-4b8d-be4e-79337aaab880,0.8454679846763611,False,94.78239999953075
e5_large,TP011,temporal,8,ffcf7308-6e83-47bc-a519-0b4b7ba44562,0.8433105945587158,False,94.78239999953075
e5_large,TP011,temporal,9,16efaa44-1554-4748-8407-48fac0bced94,0.8401818871498108,False,94.78239999953075
e5_large,TP011,temporal,10,63cb7040-3526-4f6f-9f88-e295bbe5edaf,0.838748037815094,False,94.78239999953075
e5_large,TP012,product_specific,1,21efe016-3004-45f3-a070-29ce2ecb0019,0.8342300057411194,True,159.70299999844428
e5_large,TP012,product_specific,2,2cea4ea7-7aaf-4c54-ac4e-b660de52065d,0.8241798281669617,False,159.70299999844428
e5_large,TP012,product_specific,3,bc88f538-e881-4c81-85e9-fca20614315d,0.8180499076843262,False,159.70299999844428
e5_large,TP012,product_specific,4,b66e5419-8a9c-47f4-866d-ebdb95b174b2,0.8150455355644226,False,159.70299999844428
e5_large,TP012,product_specific,5,c404e320-0bf2-4325-be92-7a0614f201ca,0.814615786075592,False,159.70299999844428
e5_large,TP012,product_specific,6,4c0dde2a-0432-4cb2-ad33-987f5979ff76,0.8026414513587952,False,159.70299999844428
e5_large,TP012,product_specific,7,23c6ca0d-04bf-4081-b90a-9819029dcd73,0.8019260764122009,False,159.70299999844428
e5_large,TP012,product_specific,8,f7a9837d-f8db-4461-abd8-a3607db2276f,0.7959990501403809,False,159.70299999844428
e5_large,TP012,product_specific,9,b0d368a1-d0fc-4b8b-8567-e190cf462986,0.7921895980834961,False,159.70299999844428
e5_large,TP012,product_specific,10,59d57c8a-c9d7-4f8d-b9a1-a2816f1f01f7,0.7902555465698242,False,159.70299999844428
e5_large,TP013,procedure,1,9b6cc313-9a59-4387-a5ce-2ed14389a0a7,0.8630039095878601,True,150.45889999964857
e5_large,TP013,procedure,2,c78ff32d-ea17-41fd-98ef-2e8872f01df3,0.8623498678207397,False,150.45889999964857
e5_large,TP013,procedure,3,8f3ed830-3a06-41c6-8b06-cfcf6d36a83c,0.8613098859786987,False,150.45889999964857
e5_large,TP013,procedure,4,30ce28cb-f702-4cce-8105-137e2f73af0d,0.8611220121383667,False,150.45889999964857
e5_large,TP013,procedure,5,22e6c188-2e4c-4029-b200-7770a3f00e6e,0.857847273349762,True,150.45889999964857
e5_large,TP013,procedure,6,5de4d74d-720e-4d86-a836-f946d70a2d32,0.8577713966369629,False,150.45889999964857
e5_large,TP013,procedure,7,b8c70ff9-e1b2-40ce-9a0a-f65a53899d13,0.8568781018257141,False,150.45889999964857
e5_large,TP013,procedure,8,b0b5bc4f-7d0b-4f56-8e37-84178d38637d,0.8568552732467651,False,150.45889999964857
e5_large,TP013,procedure,9,fd678588-5ac2-400d-95c5-3309537781ec,0.8568312525749207,False,150.45889999964857
e5_large,TP013,procedure,10,36bac780-b1a2-42dc-8cca-3605f80c5521,0.8546841740608215,False,150.45889999964857
e5_large,TP014,temporal,1,30ce28cb-f702-4cce-8105-137e2f73af0d,0.8787253499031067,True,142.38639999894076
e5_large,TP014,temporal,2,22e6c188-2e4c-4029-b200-7770a3f00e6e,0.875167191028595,False,142.38639999894076
e5_large,TP014,temporal,3,48b9789d-5088-4ba1-a82a-be3a6396ce85,0.8703470230102539,False,142.38639999894076
e5_large,TP014,temporal,4,70b95f72-95ec-43b5-b76f-657518103256,0.8687916994094849,False,142.38639999894076
e5_large,TP014,temporal,5,0a4f11c7-39e8-41fe-bd14-48456671f531,0.8670607209205627,False,142.38639999894076
e5_large,TP014,temporal,6,d3b7d61b-50f0-4b96-a770-785a9f3c3886,0.8589469790458679,False,142.38639999894076
e5_large,TP014,temporal,7,cfff9bf0-05e4-4179-a793-f3c705d04812,0.8533763885498047,False,142.38639999894076
e5_large,TP014,temporal,8,7e68f70a-ba74-4eb8-bbae-c7e9f7340567,0.8509137630462646,False,142.38639999894076
e5_large,TP014,temporal,9,21d38039-895b-46a4-8902-96e380ce41aa,0.8478545546531677,False,142.38639999894076
e5_large,TP014,temporal,10,a952e706-800e-493c-886a-8f06602fb2be,0.8467550873756409,False,142.38639999894076
e5_large,TP015,preparation,1,d3b7d61b-50f0-4b96-a770-785a9f3c3886,0.8502085208892822,True,171.7781000006653
e5_large,TP015,preparation,2,70b95f72-95ec-43b5-b76f-657518103256,0.8408578634262085,False,171.7781000006653
e5_large,TP015,preparation,3,30ce28cb-f702-4cce-8105-137e2f73af0d,0.8220319747924805,False,171.7781000006653
e5_large,TP015,preparation,4,22e6c188-2e4c-4029-b200-7770a3f00e6e,0.8210053443908691,False,171.7781000006653
e5_large,TP015,preparation,5,48b9789d-5088-4ba1-a82a-be3a6396ce85,0.8159708976745605,False,171.7781000006653
e5_large,TP015,preparation,6,17abd2d4-27a2-40ba-a55b-0b3ceee19005,0.8122867941856384,False,171.7781000006653
e5_large,TP015,preparation,7,cfff9bf0-05e4-4179-a793-f3c705d04812,0.811129629611969,False,171.7781000006653
e5_large,TP015,preparation,8,10537058-d160-4786-a6cf-95de46d7189c,0.8087191581726074,False,171.7781000006653
e5_large,TP015,preparation,9,66dba192-bac5-4b3a-bd4d-77e9eacb4192,0.8074691891670227,False,171.7781000006653
e5_large,TP015,preparation,10,0a4f11c7-39e8-41fe-bd14-48456671f531,0.8070669174194336,False,171.7781000006653
e5_large,TP016,temporal,1,d3b7d61b-50f0-4b96-a770-785a9f3c3886,0.8645722270011902,False,284.32990000055725
e5_large,TP016,temporal,2,0a4f11c7-39e8-41fe-bd14-48456671f531,0.8602672815322876,True,284.32990000055725
e5_large,TP016,temporal,3,b66e5419-8a9c-47f4-866d-ebdb95b174b2,0.8592354655265808,False,284.32990000055725
e5_large,TP016,temporal,4,48b9789d-5088-4ba1-a82a-be3a6396ce85,0.8553581833839417,False,284.32990000055725
e5_large,TP016,temporal,5,70b95f72-95ec-43b5-b76f-657518103256,0.8529361486434937,True,284.32990000055725
e5_large,TP016,temporal,6,30ce28cb-f702-4cce-8105-137e2f73af0d,0.8507951498031616,False,284.32990000055725
e5_large,TP016,temporal,7,21efe016-3004-45f3-a070-29ce2ecb0019,0.8491307497024536,False,284.32990000055725
e5_large,TP016,temporal,8,22e6c188-2e4c-4029-b200-7770a3f00e6e,0.8476979732513428,False,284.32990000055725
e5_large,TP016,temporal,9,a3d42ca5-54b5-4b8d-be4e-79337aaab880,0.841475248336792,False,284.32990000055725
e5_large,TP016,temporal,10,b8c70ff9-e1b2-40ce-9a0a-f65a53899d13,0.8411834836006165,False,284.32990000055725
e5_large,TP017,preparation,1,73735f01-c9d0-4dd5-8d46-c70045e4b334,0.8981563448905945,True,151.86370000083116
e5_large,TP017,preparation,2,16efaa44-1554-4748-8407-48fac0bced94,0.8911829590797424,False,151.86370000083116
e5_large,TP017,preparation,3,74c0eabe-77c7-4dbf-a321-27966a12fafb,0.8862155079841614,False,151.86370000083116
e5_large,TP017,preparation,4,b225ae64-72d2-4e59-81c0-57f5d8438666,0.8842229843139648,False,151.86370000083116
e5_large,TP017,preparation,5,7adacb8c-91c0-4ea7-8d82-7505eeac5042,0.8768423199653625,False,151.86370000083116
e5_large,TP017,preparation,6,eda54b74-cd2f-4808-8175-bcc5b916ce90,0.87647545337677,False,151.86370000083116
e5_large,TP017,preparation,7,7e5199d4-e5c9-40ca-a69f-ea37f52c6ce3,0.8763558864593506,False,151.86370000083116
e5_large,TP017,preparation,8,a7cf71a5-8426-4d7c-8106-e0754e7cb4bf,0.873856782913208,False,151.86370000083116
e5_large,TP017,preparation,9,98d006ac-5212-4c8c-8a63-4cbd4d6caffc,0.8726796507835388,False,151.86370000083116
e5_large,TP017,preparation,10,36bac780-b1a2-42dc-8cca-3605f80c5521,0.8680874109268188,False,151.86370000083116
e5_large,TP018,preparation,1,6ffcd319-e868-444b-b6fe-8d192a4de3ff,0.874443769454956,True,155.41750000011234
e5_large,TP018,preparation,2,73735f01-c9d0-4dd5-8d46-c70045e4b334,0.8649272918701172,True,155.41750000011234
e5_large,TP018,preparation,3,b225ae64-72d2-4e59-81c0-57f5d8438666,0.8597078919410706,False,155.41750000011234
e5_large,TP018,preparation,4,8f3ed830-3a06-41c6-8b06-cfcf6d36a83c,0.8595157861709595,False,155.41750000011234
e5_large,TP018,preparation,5,98d006ac-5212-4c8c-8a63-4cbd4d6caffc,0.8592110276222229,False,155.41750000011234
e5_large,TP018,preparation,6,d2e0fc0a-bf0e-4226-abbf-e9f3dea2fce8,0.8566499352455139,False,155.41750000011234
e5_large,TP018,preparation,7,74c0eabe-77c7-4dbf-a321-27966a12fafb,0.8566246032714844,False,155.41750000011234
e5_large,TP018,preparation,8,36bac780-b1a2-42dc-8cca-3605f80c5521,0.853959321975708,False,155.41750000011234
e5_large,TP018,preparation,9,eda54b74-cd2f-4808-8175-bcc5b916ce90,0.8522114157676697,False,155.41750000011234
e5_large,TP018,preparation,10,16efaa44-1554-4748-8407-48fac0bced94,0.8517169952392578,False,155.41750000011234
e5_large,TP019,temporal,1,c404e320-0bf2-4325-be92-7a0614f201ca,0.8922373056411743,True,215.8979999994699
e5_large,TP019,temporal,2,b0d368a1-d0fc-4b8b-8567-e190cf462986,0.8621465563774109,False,215.8979999994699
e5_large,TP019,temporal,3,b66e5419-8a9c-47f4-866d-ebdb95b174b2,0.8547077178955078,False,215.8979999994699
e5_large,TP019,temporal,4,21efe016-3004-45f3-a070-29ce2ecb0019,0.8531113266944885,False,215.8979999994699
e5_large,TP019,temporal,5,63b53156-440d-40c1-bc88-5c07c23ae77f,0.8455761671066284,False,215.8979999994699
e5_large,TP019,temporal,6,919e93ca-fed9-4dde-b9b8-f870e207a3f3,0.8413050770759583,False,215.8979999994699
e5_large,TP019,temporal,7,74c0eabe-77c7-4dbf-a321-27966a12fafb,0.8394025564193726,False,215.8979999994699
e5_large,TP019,temporal,8,a3d42ca5-54b5-4b8d-be4e-79337aaab880,0.8360603451728821,False,215.8979999994699
e5_large,TP019,temporal,9,6ffcd319-e868-444b-b6fe-8d192a4de3ff,0.8352200388908386,False,215.8979999994699
e5_large,TP019,temporal,10,16efaa44-1554-4748-8407-48fac0bced94,0.8345053791999817,False,215.8979999994699
e5_large,TP020,temporal,1,6ffcd319-e868-444b-b6fe-8d192a4de3ff,0.8502628803253174,False,150.29250000043248
e5_large,TP020,temporal,2,c404e320-0bf2-4325-be92-7a0614f201ca,0.8457280397415161,True,150.29250000043248
e5_large,TP020,temporal,3,74c0eabe-77c7-4dbf-a321-27966a12fafb,0.8423247337341309,False,150.29250000043248
e5_large,TP020,temporal,4,16efaa44-1554-4748-8407-48fac0bced94,0.8420252203941345,False,150.29250000043248
e5_large,TP020,temporal,5,919e93ca-fed9-4dde-b9b8-f870e207a3f3,0.8375003337860107,False,150.29250000043248
e5_large,TP020,temporal,6,66dba192-bac5-4b3a-bd4d-77e9eacb4192,0.8332693576812744,False,150.29250000043248
e5_large,TP020,temporal,7,843aa4c8-3ffd-4747-97eb-8699b0a0eeaf,0.8307330012321472,False,150.29250000043248
e5_large,TP020,temporal,8,59d57c8a-c9d7-4f8d-b9a1-a2816f1f01f7,0.8291572332382202,False,150.29250000043248
e5_large,TP020,temporal,9,f7a9837d-f8db-4461-abd8-a3607db2276f,0.8291071653366089,False,150.29250000043248
e5_large,TP020,temporal,10,d3b7d61b-50f0-4b96-a770-785a9f3c3886,0.827790379524231,False,150.29250000043248
e5_large,TP021,fact_specific,1,919e93ca-fed9-4dde-b9b8-f870e207a3f3,0.8697285056114197,True,216.70340000036958
e5_large,TP021,fact_specific,2,b0d368a1-d0fc-4b8b-8567-e190cf462986,0.8683280348777771,True,216.70340000036958
e5_large,TP021,fact_specific,3,c404e320-0bf2-4325-be92-7a0614f201ca,0.8661695718765259,False,216.70340000036958
e5_large,TP021,fact_specific,4,74c0eabe-77c7-4dbf-a321-27966a12fafb,0.8646678924560547,False,216.70340000036958
e5_large,TP021,fact_specific,5,f7a9837d-f8db-4461-abd8-a3607db2276f,0.8624237775802612,False,216.70340000036958
e5_large,TP021,fact_specific,6,6ffcd319-e868-444b-b6fe-8d192a4de3ff,0.8592416048049927,False,216.70340000036958
e5_large,TP021,fact_specific,7,b7876bcb-b1d0-409a-831d-45e59e35a44e,0.8542722463607788,False,216.70340000036958
e5_large,TP021,fact_specific,8,b10b8f1c-ed17-44ca-8d7c-1a4f19a12c67,0.8502255082130432,False,216.70340000036958
e5_large,TP021,fact_specific,9,f9cfc75b-a5e7-4633-a798-4b17ea462325,0.846546471118927,False,216.70340000036958
e5_large,TP021,fact_specific,10,d2e0fc0a-bf0e-4226-abbf-e9f3dea2fce8,0.8459129929542542,False,216.70340000036958
e5_large,TP022,fact_specific,1,919e93ca-fed9-4dde-b9b8-f870e207a3f3,0.8565889596939087,False,160.47849999995378
e5_large,TP022,fact_specific,2,b7876bcb-b1d0-409a-831d-45e59e35a44e,0.8526725769042969,True,160.47849999995378
e5_large,TP022,fact_specific,3,7e68f70a-ba74-4eb8-bbae-c7e9f7340567,0.8400995135307312,False,160.47849999995378
e5_large,TP022,fact_specific,4,c404e320-0bf2-4325-be92-7a0614f201ca,0.8385446667671204,False,160.47849999995378
e5_large,TP022,fact_specific,5,16efaa44-1554-4748-8407-48fac0bced94,0.8377140164375305,False,160.47849999995378
e5_large,TP022,fact_specific,6,74c0eabe-77c7-4dbf-a321-27966a12fafb,0.8374418020248413,False,160.47849999995378
e5_large,TP022,fact_specific,7,2cea4ea7-7aaf-4c54-ac4e-b660de52065d,0.8374111652374268,False,160.47849999995378
e5_large,TP022,fact_specific,8,21efe016-3004-45f3-a070-29ce2ecb0019,0.8360034227371216,False,160.47849999995378
e5_large,TP022,fact_specific,9,b0d368a1-d0fc-4b8b-8567-e190cf462986,0.8338111639022827,False,160.47849999995378
e5_large,TP022,fact_specific,10,6ffcd319-e868-444b-b6fe-8d192a4de3ff,0.8327596783638,False,160.47849999995378
e5_large,TP023,preparation,1,b225ae64-72d2-4e59-81c0-57f5d8438666,0.875860333442688,False,209.98510000026727
e5_large,TP023,preparation,2,7e5199d4-e5c9-40ca-a69f-ea37f52c6ce3,0.873370349407196,False,209.98510000026727
e5_large,TP023,preparation,3,98d006ac-5212-4c8c-8a63-4cbd4d6caffc,0.8731390833854675,False,209.98510000026727
e5_large,TP023,preparation,4,7adacb8c-91c0-4ea7-8d82-7505eeac5042,0.8699562549591064,False,209.98510000026727
e5_large,TP023,preparation,5,36bac780-b1a2-42dc-8cca-3605f80c5521,0.8691128492355347,False,209.98510000026727
e5_large,TP023,preparation,6,eda54b74-cd2f-4808-8175-bcc5b916ce90,0.8686219453811646,True,209.98510000026727
e5_large,TP023,preparation,7,73735f01-c9d0-4dd5-8d46-c70045e4b334,0.8659263849258423,False,209.98510000026727
e5_large,TP023,preparation,8,74c0eabe-77c7-4dbf-a321-27966a12fafb,0.8654540181159973,False,209.98510000026727
e5_large,TP023,preparation,9,16efaa44-1554-4748-8407-48fac0bced94,0.8646752834320068,False,209.98510000026727
e5_large,TP023,preparation,10,84c0a864-176f-4776-a15e-167fc2518e5d,0.8643198013305664,False,209.98510000026727
e5_large,TP024,preparation,1,98d006ac-5212-4c8c-8a63-4cbd4d6caffc,0.8796384334564209,False,219.2630999998073
e5_large,TP024,preparation,2,84c0a864-176f-4776-a15e-167fc2518e5d,0.8776851296424866,False,219.2630999998073
e5_large,TP024,preparation,3,b225ae64-72d2-4e59-81c0-57f5d8438666,0.8755968809127808,False,219.2630999998073
e5_large,TP024,preparation,4,a7cf71a5-8426-4d7c-8106-e0754e7cb4bf,0.8740434646606445,False,219.2630999998073
e5_large,TP024,preparation,5,36bac780-b1a2-42dc-8cca-3605f80c5521,0.8736507296562195,True,219.2630999998073
e5_large,TP024,preparation,6,eda54b74-cd2f-4808-8175-bcc5b916ce90,0.8714222311973572,False,219.2630999998073
e5_large,TP024,preparation,7,8f3ed830-3a06-41c6-8b06-cfcf6d36a83c,0.8689332008361816,False,219.2630999998073
e5_large,TP024,preparation,8,7e5199d4-e5c9-40ca-a69f-ea37f52c6ce3,0.8670814037322998,False,219.2630999998073
e5_large,TP024,preparation,9,6ffcd319-e868-444b-b6fe-8d192a4de3ff,0.8667805790901184,False,219.2630999998073
e5_large,TP024,preparation,10,7adacb8c-91c0-4ea7-8d82-7505eeac5042,0.8636215329170227,False,219.2630999998073
e5_large,TP025,temporal,1,a7cf71a5-8426-4d7c-8106-e0754e7cb4bf,0.8462850451469421,False,224.93020000001707
e5_large,TP025,temporal,2,c404e320-0bf2-4325-be92-7a0614f201ca,0.846278965473175,False,224.93020000001707
e5_large,TP025,temporal,3,15e829a9-a475-429d-b0e3-5c34bfbd3ab7,0.8454257845878601,False,224.93020000001707
e5_large,TP025,temporal,4,54fdf811-dedd-4016-b144-3e4bfdcd67c8,0.8440762162208557,False,224.93020000001707
e5_large,TP025,temporal,5,f7a9837d-f8db-4461-abd8-a3607db2276f,0.8437035083770752,False,224.93020000001707
e5_large,TP025,temporal,6,7abe62fa-6fdb-4466-a16b-73e1770f0c57,0.8435508012771606,False,224.93020000001707
e5_large,TP025,temporal,7,8939253d-3272-4915-8c2b-c60062aeb818,0.8411262035369873,False,224.93020000001707
e5_large,TP025,temporal,8,23c6ca0d-04bf-4081-b90a-9819029dcd73,0.8391109704971313,False,224.93020000001707
e5_large,TP025,temporal,9,f4580736-a09e-471f-93d2-8089c695eb67,0.8382169008255005,False,224.93020000001707
e5_large,TP025,temporal,10,e96acbc9-66b4-4df4-953b-3f7b0a846bbc,0.8324804306030273,False,224.93020000001707
e5_large,TP026,procedure,1,9b6cc313-9a59-4387-a5ce-2ed14389a0a7,0.8703612089157104,False,213.99060000112513
e5_large,TP026,procedure,2,b0b5bc4f-7d0b-4f56-8e37-84178d38637d,0.8684484362602234,False,213.99060000112513
e5_large,TP026,procedure,3,5de4d74d-720e-4d86-a836-f946d70a2d32,0.8669501543045044,True,213.99060000112513
e5_large,TP026,procedure,4,98d006ac-5212-4c8c-8a63-4cbd4d6caffc,0.8652620315551758,False,213.99060000112513
e5_large,TP026,procedure,5,36bac780-b1a2-42dc-8cca-3605f80c5521,0.8627730011940002,False,213.99060000112513
e5_large,TP026,procedure,6,4c0dde2a-0432-4cb2-ad33-987f5979ff76,0.8607540726661682,False,213.99060000112513
e5_large,TP026,procedure,7,b225ae64-72d2-4e59-81c0-57f5d8438666,0.8569833040237427,False,213.99060000112513
e5_large,TP026,procedure,8,9552a4ac-31b4-43a8-aa92-37bd3e89362a,0.8567267060279846,False,213.99060000112513
e5_large,TP026,procedure,9,fd678588-5ac2-400d-95c5-3309537781ec,0.8537966012954712,False,213.99060000112513
e5_large,TP026,procedure,10,22e6c188-2e4c-4029-b200-7770a3f00e6e,0.8529053330421448,False,213.99060000112513
e5_large,TP027,fact_specific,1,5de4d74d-720e-4d86-a836-f946d70a2d32,0.8695955872535706,True,213.8596000004327
e5_large,TP027,fact_specific,2,df699ccc-6f51-4281-b4a4-f3d2a20631e0,0.8500269651412964,False,213.8596000004327
e5_large,TP027,fact_specific,3,59d57c8a-c9d7-4f8d-b9a1-a2816f1f01f7,0.8485793471336365,False,213.8596000004327
e5_large,TP027,fact_specific,4,da79aa00-567d-434c-8441-915ac080f918,0.8443934917449951,False,213.8596000004327
e5_large,TP027,fact_specific,5,21efe016-3004-45f3-a070-29ce2ecb0019,0.841701865196228,False,213.8596000004327
e5_large,TP027,fact_specific,6,15e829a9-a475-429d-b0e3-5c34bfbd3ab7,0.837552547454834,False,213.8596000004327
e5_large,TP027,fact_specific,7,1033ac46-dec8-493e-b577-7f5ad80f8e86,0.8364860415458679,False,213.8596000004327
e5_large,TP027,fact_specific,8,cfff9bf0-05e4-4179-a793-f3c705d04812,0.8339247107505798,False,213.8596000004327
e5_large,TP027,fact_specific,9,3ecc27b9-634c-4026-b44e-e01123aa0467,0.8333553075790405,False,213.8596000004327
e5_large,TP027,fact_specific,10,54fdf811-dedd-4016-b144-3e4bfdcd67c8,0.831874430179596,False,213.8596000004327
e5_large,TP028,fact_specific,1,4c0dde2a-0432-4cb2-ad33-987f5979ff76,0.8761329054832458,False,203.836699999556
e5_large,TP028,fact_specific,2,54fdf811-dedd-4016-b144-3e4bfdcd67c8,0.8740477561950684,False,203.836699999556
e5_large,TP028,fact_specific,3,d4c1a9ca-23c5-4ae0-9a51-c56675b2e6d1,0.8736807703971863,False,203.836699999556
e5_large,TP028,fact_specific,4,324bc249-0e84-46e9-b77f-856c76cd5353,0.8732463121414185,False,203.836699999556
e5_large,TP028,fact_specific,5,e62b0c91-ff0c-43b2-9bd5-ff173d9f8bc0,0.8677793145179749,True,203.836699999556
e5_large,TP028,fact_specific,6,e96acbc9-66b4-4df4-953b-3f7b0a846bbc,0.8609247803688049,False,203.836699999556
e5_large,TP028,fact_specific,7,23c6ca0d-04bf-4081-b90a-9819029dcd73,0.8584742546081543,False,203.836699999556
e5_large,TP028,fact_specific,8,3ecc27b9-634c-4026-b44e-e01123aa0467,0.8532974123954773,False,203.836699999556
e5_large,TP028,fact_specific,9,9131e9a9-eff3-4f4e-a20b-4bdd456c35bc,0.8513698577880859,False,203.836699999556
e5_large,TP028,fact_specific,10,df699ccc-6f51-4281-b4a4-f3d2a20631e0,0.8490939736366272,False,203.836699999556
e5_large,TP029,product_specific,1,59d57c8a-c9d7-4f8d-b9a1-a2816f1f01f7,0.862234354019165,True,180.0570000004882
e5_large,TP029,product_specific,2,4c0dde2a-0432-4cb2-ad33-987f5979ff76,0.8605700731277466,False,180.0570000004882
e5_large,TP029,product_specific,3,54fdf811-dedd-4016-b144-3e4bfdcd67c8,0.8584621548652649,False,180.0570000004882
e5_large,TP029,product_specific,4,7c33fbb7-e931-4f6b-9520-23875ec9ee5b,0.8429566025733948,False,180.0570000004882
e5_large,TP029,product_specific,5,e96acbc9-66b4-4df4-953b-3f7b0a846bbc,0.8420618772506714,False,180.0570000004882
e5_large,TP029,product_specific,6,3ecc27b9-634c-4026-b44e-e01123aa0467,0.8392149806022644,False,180.0570000004882
e5_large,TP029,product_specific,7,16efaa44-1554-4748-8407-48fac0bced94,0.8369078040122986,False,180.0570000004882
e5_large,TP029,product_specific,8,d4c1a9ca-23c5-4ae0-9a51-c56675b2e6d1,0.8367353081703186,False,180.0570000004882
e5_large,TP029,product_specific,9,5de4d74d-720e-4d86-a836-f946d70a2d32,0.8346579670906067,False,180.0570000004882
e5_large,TP029,product_specific,10,324bc249-0e84-46e9-b77f-856c76cd5353,0.8332118988037109,False,180.0570000004882
e5_large,TP030,paraphrase,1,b0b5bc4f-7d0b-4f56-8e37-84178d38637d,0.8713790774345398,True,201.358700000128
e5_large,TP030,paraphrase,2,54fdf811-dedd-4016-b144-3e4bfdcd67c8,0.8604252934455872,False,201.358700000128
e5_large,TP030,paraphrase,3,4c0dde2a-0432-4cb2-ad33-987f5979ff76,0.8578749895095825,False,201.358700000128
e5_large,TP030,paraphrase,4,f7a9837d-f8db-4461-abd8-a3607db2276f,0.856537401676178,False,201.358700000128
e5_large,TP030,paraphrase,5,23c6ca0d-04bf-4081-b90a-9819029dcd73,0.856187641620636,False,201.358700000128
e5_large,TP030,paraphrase,6,e96acbc9-66b4-4df4-953b-3f7b0a846bbc,0.84844970703125,False,201.358700000128
e5_large,TP030,paraphrase,7,c404e320-0bf2-4325-be92-7a0614f201ca,0.8474359512329102,False,201.358700000128
e5_large,TP030,paraphrase,8,646d4165-73db-4f69-84da-5f393cd81988,0.846846878528595,False,201.358700000128
e5_large,TP030,paraphrase,9,17abd2d4-27a2-40ba-a55b-0b3ceee19005,0.8448758721351624,False,201.358700000128
e5_large,TP030,paraphrase,10,36bac780-b1a2-42dc-8cca-3605f80c5521,0.8429175615310669,False,201.358700000128
e5_large,TP031,monitoring,1,a7cf71a5-8426-4d7c-8106-e0754e7cb4bf,0.8821143507957458,True,141.71189999979106
e5_large,TP031,monitoring,2,b225ae64-72d2-4e59-81c0-57f5d8438666,0.8755602240562439,False,141.71189999979106
e5_large,TP031,monitoring,3,16efaa44-1554-4748-8407-48fac0bced94,0.8738033771514893,False,141.71189999979106
e5_large,TP031,monitoring,4,7e5199d4-e5c9-40ca-a69f-ea37f52c6ce3,0.8719047904014587,False,141.71189999979106
e5_large,TP031,monitoring,5,73735f01-c9d0-4dd5-8d46-c70045e4b334,0.8698763251304626,False,141.71189999979106
e5_large,TP031,monitoring,6,7adacb8c-91c0-4ea7-8d82-7505eeac5042,0.8698577880859375,False,141.71189999979106
e5_large,TP031,monitoring,7,eda54b74-cd2f-4808-8175-bcc5b916ce90,0.8663811087608337,False,141.71189999979106
e5_large,TP031,monitoring,8,98d006ac-5212-4c8c-8a63-4cbd4d6caffc,0.8662395477294922,False,141.71189999979106
e5_large,TP031,monitoring,9,8f3ed830-3a06-41c6-8b06-cfcf6d36a83c,0.8655114769935608,False,141.71189999979106
e5_large,TP031,monitoring,10,7e68f70a-ba74-4eb8-bbae-c7e9f7340567,0.8635222315788269,False,141.71189999979106
e5_large,TP032,adverse_reaction,1,15e829a9-a475-429d-b0e3-5c34bfbd3ab7,0.8767913579940796,True,284.9500000002081
e5_large,TP032,adverse_reaction,2,7abe62fa-6fdb-4466-a16b-73e1770f0c57,0.8650346398353577,False,284.9500000002081
e5_large,TP032,adverse_reaction,3,2e55093d-0a0f-4fd9-954b-4fc72df9eac0,0.8589553833007812,False,284.9500000002081
e5_large,TP032,adverse_reaction,4,8939253d-3272-4915-8c2b-c60062aeb818,0.8586863279342651,True,284.9500000002081
e5_large,TP032,adverse_reaction,5,a7cf71a5-8426-4d7c-8106-e0754e7cb4bf,0.8517942428588867,False,284.9500000002081
e5_large,TP032,adverse_reaction,6,f4580736-a09e-471f-93d2-8089c695eb67,0.8515125513076782,False,284.9500000002081
e5_large,TP032,adverse_reaction,7,391ad5dc-0d1c-4350-85ba-5aa601d9ac0d,0.8507156372070312,False,284.9500000002081
e5_large,TP032,adverse_reaction,8,9b6cc313-9a59-4387-a5ce-2ed14389a0a7,0.849158525466919,False,284.9500000002081
e5_large,TP032,adverse_reaction,9,8f3ed830-3a06-41c6-8b06-cfcf6d36a83c,0.8483279943466187,False,284.9500000002081
e5_large,TP032,adverse_reaction,10,66dba192-bac5-4b3a-bd4d-77e9eacb4192,0.8474575877189636,False,284.9500000002081
e5_large,TP033,adverse_reaction,1,8939253d-3272-4915-8c2b-c60062aeb818,0.8698011636734009,True,215.16859999974258
e5_large,TP033,adverse_reaction,2,15e829a9-a475-429d-b0e3-5c34bfbd3ab7,0.8574523329734802,False,215.16859999974258
e5_large,TP033,adverse_reaction,3,7abe62fa-6fdb-4466-a16b-73e1770f0c57,0.8453329801559448,True,215.16859999974258
e5_large,TP033,adverse_reaction,4,f4580736-a09e-471f-93d2-8089c695eb67,0.8434872031211853,False,215.16859999974258
e5_large,TP033,adverse_reaction,5,2e55093d-0a0f-4fd9-954b-4fc72df9eac0,0.8397296071052551,False,215.16859999974258
e5_large,TP033,adverse_reaction,6,66dba192-bac5-4b3a-bd4d-77e9eacb4192,0.8392494320869446,False,215.16859999974258
e5_large,TP033,adverse_reaction,7,54fdf811-dedd-4016-b144-3e4bfdcd67c8,0.8351688385009766,False,215.16859999974258
e5_large,TP033,adverse_reaction,8,391ad5dc-0d1c-4350-85ba-5aa601d9ac0d,0.8335409164428711,False,215.16859999974258
e5_large,TP033,adverse_reaction,9,5e7838ae-0b80-4d05-b266-deb52de7b401,0.8319045901298523,False,215.16859999974258
e5_large,TP033,adverse_reaction,10,bc88f538-e881-4c81-85e9-fca20614315d,0.83095782995224,False,215.16859999974258
e5_large,TP034,adverse_reaction,1,7abe62fa-6fdb-4466-a16b-73e1770f0c57,0.8634025454521179,True,383.3746999998766
e5_large,TP034,adverse_reaction,2,2e55093d-0a0f-4fd9-954b-4fc72df9eac0,0.8512800335884094,True,383.3746999998766
e5_large,TP034,adverse_reaction,3,5e7838ae-0b80-4d05-b266-deb52de7b401,0.8462101817131042,False,383.3746999998766
e5_large,TP034,adverse_reaction,4,da79aa00-567d-434c-8441-915ac080f918,0.8437905311584473,False,383.3746999998766
e5_large,TP034,adverse_reaction,5,15e829a9-a475-429d-b0e3-5c34bfbd3ab7,0.8424524068832397,False,383.3746999998766
e5_large,TP034,adverse_reaction,6,66dba192-bac5-4b3a-bd4d-77e9eacb4192,0.8421577215194702,False,383.3746999998766
e5_large,TP034,adverse_reaction,7,8939253d-3272-4915-8c2b-c60062aeb818,0.840477705001831,False,383.3746999998766
e5_large,TP034,adverse_reaction,8,324bc249-0e84-46e9-b77f-856c76cd5353,0.8384644389152527,False,383.3746999998766
e5_large,TP034,adverse_reaction,9,d3b7d61b-50f0-4b96-a770-785a9f3c3886,0.8382292985916138,False,383.3746999998766
e5_large,TP034,adverse_reaction,10,70b95f72-95ec-43b5-b76f-657518103256,0.835395097732544,False,383.3746999998766
e5_large,TN006,negative_out_of_scope,1,71d2e37c-44e2-4972-8e6b-a6449c2f8404,0.8476886749267578,False,170.1431000001321
e5_large,TN006,negative_out_of_scope,2,ffcf7308-6e83-47bc-a519-0b4b7ba44562,0.8408074378967285,False,170.1431000001321
e5_large,TN006,negative_out_of_scope,3,f4580736-a09e-471f-93d2-8089c695eb67,0.8279728293418884,False,170.1431000001321
e5_large,TN006,negative_out_of_scope,4,da79aa00-567d-434c-8441-915ac080f918,0.8237664103507996,False,170.1431000001321
e5_large,TN006,negative_out_of_scope,5,8939253d-3272-4915-8c2b-c60062aeb818,0.8222116231918335,False,170.1431000001321
e5_large,TN006,negative_out_of_scope,6,5de4d74d-720e-4d86-a836-f946d70a2d32,0.8213784694671631,False,170.1431000001321
e5_large,TN006,negative_out_of_scope,7,0f6b0fc1-9d70-479f-a87d-a26e954e2adb,0.8206724524497986,False,170.1431000001321
e5_large,TN006,negative_out_of_scope,8,ba3d1d87-0c2d-4b67-a0c2-4615c8249c2a,0.8196008205413818,False,170.1431000001321
e5_large,TN006,negative_out_of_scope,9,ee8c2027-ad6d-4bb7-8077-5e4c42be1cc3,0.8165488243103027,False,170.1431000001321
e5_large,TN006,negative_out_of_scope,10,66dba192-bac5-4b3a-bd4d-77e9eacb4192,0.8156875967979431,False,170.1431000001321
e5_large,TN007,negative_out_of_scope,1,63b53156-440d-40c1-bc88-5c07c23ae77f,0.8408007621765137,False,149.47040000060952
e5_large,TN007,negative_out_of_scope,2,09f3c6d5-9e0c-4545-960f-b16c69abbeb1,0.8304475545883179,False,149.47040000060952
e5_large,TN007,negative_out_of_scope,3,23c6ca0d-04bf-4081-b90a-9819029dcd73,0.8222071528434753,False,149.47040000060952
e5_large,TN007,negative_out_of_scope,4,ba3d1d87-0c2d-4b67-a0c2-4615c8249c2a,0.8167137503623962,False,149.47040000060952
e5_large,TN007,negative_out_of_scope,5,dfb2693a-e821-4d6e-bbcc-0dbf3dc2a2ae,0.8156550526618958,False,149.47040000060952
e5_large,TN007,negative_out_of_scope,6,e96acbc9-66b4-4df4-953b-3f7b0a846bbc,0.8152160048484802,False,149.47040000060952
e5_large,TN007,negative_out_of_scope,7,0f6b0fc1-9d70-479f-a87d-a26e954e2adb,0.8150330185890198,False,149.47040000060952
e5_large,TN007,negative_out_of_scope,8,71d2e37c-44e2-4972-8e6b-a6449c2f8404,0.8138275742530823,False,149.47040000060952
e5_large,TN007,negative_out_of_scope,9,bc88f538-e881-4c81-85e9-fca20614315d,0.8137361407279968,False,149.47040000060952
e5_large,TN007,negative_out_of_scope,10,da79aa00-567d-434c-8441-915ac080f918,0.8126838207244873,False,149.47040000060952
e5_large,TN008,negative_out_of_scope,1,f1611d72-8c47-41f8-bfee-99d5ffdfe12a,0.7925341725349426,False,213.40429999872867
e5_large,TN008,negative_out_of_scope,2,d9a4a9c8-fbd4-41f2-bab6-6abd72575204,0.7729465365409851,False,213.40429999872867
e5_large,TN008,negative_out_of_scope,3,64fa07b8-63c3-43c8-899e-5bd6282225ed,0.766955554485321,False,213.40429999872867
e5_large,TN008,negative_out_of_scope,4,edd76252-eb29-4acf-9a31-735463528b7d,0.7668415904045105,False,213.40429999872867
e5_large,TN008,negative_out_of_scope,5,ee8c2027-ad6d-4bb7-8077-5e4c42be1cc3,0.7663379907608032,False,213.40429999872867
e5_large,TN008,negative_out_of_scope,6,391ad5dc-0d1c-4350-85ba-5aa601d9ac0d,0.7650840282440186,False,213.40429999872867
e5_large,TN008,negative_out_of_scope,7,bc88f538-e881-4c81-85e9-fca20614315d,0.7644656300544739,False,213.40429999872867
e5_large,TN008,negative_out_of_scope,8,b66e5419-8a9c-47f4-866d-ebdb95b174b2,0.7586954832077026,False,213.40429999872867
e5_large,TN008,negative_out_of_scope,9,fb4884e3-8fea-42fa-b996-7e9c333e7fef,0.758694052696228,False,213.40429999872867
e5_large,TN008,negative_out_of_scope,10,eeb8db46-f757-41f1-9ca5-c022f3d4ea3e,0.758694052696228,False,213.40429999872867
e5_large,TN009,negative_out_of_scope,1,f1611d72-8c47-41f8-bfee-99d5ffdfe12a,0.7777343392372131,False,145.1270999996268
e5_large,TN009,negative_out_of_scope,2,ee8c2027-ad6d-4bb7-8077-5e4c42be1cc3,0.7703150510787964,False,145.1270999996268
e5_large,TN009,negative_out_of_scope,3,21d38039-895b-46a4-8902-96e380ce41aa,0.7669066190719604,False,145.1270999996268
e5_large,TN009,negative_out_of_scope,4,63cb7040-3526-4f6f-9f88-e295bbe5edaf,0.7657023072242737,False,145.1270999996268
e5_large,TN009,negative_out_of_scope,5,c404e320-0bf2-4325-be92-7a0614f201ca,0.7642205357551575,False,145.1270999996268
e5_large,TN009,negative_out_of_scope,6,36bac780-b1a2-42dc-8cca-3605f80c5521,0.7635831236839294,False,145.1270999996268
e5_large,TN009,negative_out_of_scope,7,54fdf811-dedd-4016-b144-3e4bfdcd67c8,0.763059675693512,False,145.1270999996268
e5_large,TN009,negative_out_of_scope,8,919e93ca-fed9-4dde-b9b8-f870e207a3f3,0.762998104095459,False,145.1270999996268
e5_large,TN009,negative_out_of_scope,9,10537058-d160-4786-a6cf-95de46d7189c,0.762596607208252,False,145.1270999996268
e5_large,TN009,negative_out_of_scope,10,66dba192-bac5-4b3a-bd4d-77e9eacb4192,0.7606741189956665,False,145.1270999996268
e5_large,TN010,negative_out_of_scope,1,70b95f72-95ec-43b5-b76f-657518103256,0.8031862378120422,False,145.33989999927144
e5_large,TN010,negative_out_of_scope,2,4797ba3b-c3d9-4d11-be5f-86db44dbda83,0.7972033619880676,False,145.33989999927144
e5_large,TN010,negative_out_of_scope,3,36bac780-b1a2-42dc-8cca-3605f80c5521,0.7968738675117493,False,145.33989999927144
e5_large,TN010,negative_out_of_scope,4,fbf62ef9-25b7-437c-98d8-c4934fba0fe6,0.7954797744750977,False,145.33989999927144
e5_large,TN010,negative_out_of_scope,5,5de4d74d-720e-4d86-a836-f946d70a2d32,0.7937469482421875,False,145.33989999927144
e5_large,TN010,negative_out_of_scope,6,f1611d72-8c47-41f8-bfee-99d5ffdfe12a,0.7936683297157288,False,145.33989999927144
e5_large,TN010,negative_out_of_scope,7,dfb2693a-e821-4d6e-bbcc-0dbf3dc2a2ae,0.79310542345047,False,145.33989999927144
e5_large,TN010,negative_out_of_scope,8,21d38039-895b-46a4-8902-96e380ce41aa,0.7930059432983398,False,145.33989999927144
e5_large,TN010,negative_out_of_scope,9,8f3ed830-3a06-41c6-8b06-cfcf6d36a83c,0.7927721738815308,False,145.33989999927144
e5_large,TN010,negative_out_of_scope,10,e96acbc9-66b4-4df4-953b-3f7b0a846bbc,0.7918931841850281,False,145.33989999927144
e5_large,TN011,negative_out_of_scope,1,f4580736-a09e-471f-93d2-8089c695eb67,0.830929160118103,False,205.19950000016252
e5_large,TN011,negative_out_of_scope,2,64fa07b8-63c3-43c8-899e-5bd6282225ed,0.8302919268608093,False,205.19950000016252
e5_large,TN011,negative_out_of_scope,3,a952e706-800e-493c-886a-8f06602fb2be,0.8285961747169495,False,205.19950000016252
e5_large,TN011,negative_out_of_scope,4,6ffcd319-e868-444b-b6fe-8d192a4de3ff,0.8279910087585449,False,205.19950000016252
e5_large,TN011,negative_out_of_scope,5,15e829a9-a475-429d-b0e3-5c34bfbd3ab7,0.8265823125839233,False,205.19950000016252
e5_large,TN011,negative_out_of_scope,6,16efaa44-1554-4748-8407-48fac0bced94,0.8263697624206543,False,205.19950000016252
e5_large,TN011,negative_out_of_scope,7,391ad5dc-0d1c-4350-85ba-5aa601d9ac0d,0.8249385952949524,False,205.19950000016252
e5_large,TN011,negative_out_of_scope,8,cfff9bf0-05e4-4179-a793-f3c705d04812,0.8231764435768127,False,205.19950000016252
e5_large,TN011,negative_out_of_scope,9,ee8c2027-ad6d-4bb7-8077-5e4c42be1cc3,0.8223164081573486,False,205.19950000016252
e5_large,TN011,negative_out_of_scope,10,d2e0fc0a-bf0e-4226-abbf-e9f3dea2fce8,0.8212524652481079,False,205.19950000016252
bm25_e5_rrf,TF001,fact_specific,1,48b9789d-5088-4ba1-a82a-be3a6396ce85,0.030330882352941176,False,172.90970000067318
bm25_e5_rrf,TF001,fact_specific,2,c78ff32d-ea17-41fd-98ef-2e8872f01df3,0.03028233151183971,True,172.90970000067318
bm25_e5_rrf,TF001,fact_specific,3,73735f01-c9d0-4dd5-8d46-c70045e4b334,0.029513888888888888,False,172.90970000067318
bm25_e5_rrf,TF001,fact_specific,4,cfff9bf0-05e4-4179-a793-f3c705d04812,0.028258706467661692,False,172.90970000067318
bm25_e5_rrf,TF001,fact_specific,5,8f3ed830-3a06-41c6-8b06-cfcf6d36a83c,0.028068137824235385,False,172.90970000067318
bm25_e5_rrf,TF001,fact_specific,6,16efaa44-1554-4748-8407-48fac0bced94,0.027984344422700584,False,172.90970000067318
bm25_e5_rrf,TF001,fact_specific,7,5de4d74d-720e-4d86-a836-f946d70a2d32,0.027984344422700584,False,172.90970000067318
bm25_e5_rrf,TF001,fact_specific,8,30ce28cb-f702-4cce-8105-137e2f73af0d,0.027809742999616416,False,172.90970000067318
bm25_e5_rrf,TF001,fact_specific,9,0a4f11c7-39e8-41fe-bd14-48456671f531,0.027479766610201392,False,172.90970000067318
bm25_e5_rrf,TF001,fact_specific,10,22e6c188-2e4c-4029-b200-7770a3f00e6e,0.026973565905412694,False,172.90970000067318
bm25_e5_rrf,TF002,paraphrase,1,c78ff32d-ea17-41fd-98ef-2e8872f01df3,0.03278688524590164,True,138.03550000102405
bm25_e5_rrf,TF002,paraphrase,2,73735f01-c9d0-4dd5-8d46-c70045e4b334,0.030536130536130537,False,138.03550000102405
bm25_e5_rrf,TF002,paraphrase,3,a7cf71a5-8426-4d7c-8106-e0754e7cb4bf,0.029957522915269395,False,138.03550000102405
bm25_e5_rrf,TF002,paraphrase,4,16efaa44-1554-4748-8407-48fac0bced94,0.028814262023217248,False,138.03550000102405
bm25_e5_rrf,TF002,paraphrase,5,cfff9bf0-05e4-4179-a793-f3c705d04812,0.028594771241830064,False,138.03550000102405
bm25_e5_rrf,TF002,paraphrase,6,30ce28cb-f702-4cce-8105-137e2f73af0d,0.028404512489927477,False,138.03550000102405
bm25_e5_rrf,TF002,paraphrase,7,8f3ed830-3a06-41c6-8b06-cfcf6d36a83c,0.027809742999616416,False,138.03550000102405
bm25_e5_rrf,TF002,paraphrase,8,22e6c188-2e4c-4029-b200-7770a3f00e6e,0.027479766610201392,False,138.03550000102405
bm25_e5_rrf,TF002,paraphrase,9,5de4d74d-720e-4d86-a836-f946d70a2d32,0.027119252873563218,False,138.03550000102405
bm25_e5_rrf,TF002,paraphrase,10,64fa07b8-63c3-43c8-899e-5bd6282225ed,0.026881720430107527,False,138.03550000102405
bm25_e5_rrf,TF003,product_specific,1,0f6b0fc1-9d70-479f-a87d-a26e954e2adb,0.03278688524590164,False,207.65269999992597
bm25_e5_rrf,TF003,product_specific,2,ba3d1d87-0c2d-4b67-a0c2-4615c8249c2a,0.03200204813108039,True,207.65269999992597
bm25_e5_rrf,TF003,product_specific,3,324bc249-0e84-46e9-b77f-856c76cd5353,0.029083245521601686,False,207.65269999992597
bm25_e5_rrf,TF003,product_specific,4,646d4165-73db-4f69-84da-5f393cd81988,0.028404512489927477,False,207.65269999992597
bm25_e5_rrf,TF003,product_specific,5,df699ccc-6f51-4281-b4a4-f3d2a20631e0,0.028125,False,207.65269999992597
bm25_e5_rrf,TF003,product_specific,6,ffcf7308-6e83-47bc-a519-0b4b7ba44562,0.027222222222222224,False,207.65269999992597
bm25_e5_rrf,TF003,product_specific,7,1b376f6f-5ee5-4d05-a585-f3aa6b7ee824,0.02715098147128967,False,207.65269999992597
bm25_e5_rrf,TF003,product_specific,8,23c6ca0d-04bf-4081-b90a-9819029dcd73,0.02658450704225352,True,207.65269999992597
bm25_e5_rrf,TF003,product_specific,9,71d2e37c-44e2-4972-8e6b-a6449c2f8404,0.026500526500526502,False,207.65269999992597
bm25_e5_rrf,TF003,product_specific,10,54fdf811-dedd-4016-b144-3e4bfdcd67c8,0.02625418060200669,False,207.65269999992597
bm25_e5_rrf,TF004,product_specific,1,ffcf7308-6e83-47bc-a519-0b4b7ba44562,0.032018442622950824,True,219.5543000007092
bm25_e5_rrf,TF004,product_specific,2,71d2e37c-44e2-4972-8e6b-a6449c2f8404,0.03200204813108039,False,219.5543000007092
bm25_e5_rrf,TF004,product_specific,3,63b53156-440d-40c1-bc88-5c07c23ae77f,0.03177805800756621,False,219.5543000007092
bm25_e5_rrf,TF004,product_specific,4,646d4165-73db-4f69-84da-5f393cd81988,0.0293236301369863,False,219.5543000007092
bm25_e5_rrf,TF004,product_specific,5,ba3d1d87-0c2d-4b67-a0c2-4615c8249c2a,0.028594771241830064,False,219.5543000007092
bm25_e5_rrf,TF004,product_specific,6,0f6b0fc1-9d70-479f-a87d-a26e954e2adb,0.028484848484848488,False,219.5543000007092
bm25_e5_rrf,TF004,product_specific,7,1b376f6f-5ee5-4d05-a585-f3aa6b7ee824,0.028381642512077296,False,219.5543000007092
bm25_e5_rrf,TF004,product_specific,8,da79aa00-567d-434c-8441-915ac080f918,0.028083267871170464,False,219.5543000007092
bm25_e5_rrf,TF004,product_specific,9,23c6ca0d-04bf-4081-b90a-9819029dcd73,0.027799227799227798,True,219.5543000007092
bm25_e5_rrf,TF004,product_specific,10,21efe016-3004-45f3-a070-29ce2ecb0019,0.027236652236652236,False,219.5543000007092
bm25_e5_rrf,TF005,temporal,1,63b53156-440d-40c1-bc88-5c07c23ae77f,0.03278688524590164,True,215.6078999987585
bm25_e5_rrf,TF005,temporal,2,4d18d11e-2a92-4690-8a64-46653931483e,0.0304147465437788,False,215.6078999987585
bm25_e5_rrf,TF005,temporal,3,1033ac46-dec8-493e-b577-7f5ad80f8e86,0.030330882352941176,False,215.6078999987585
bm25_e5_rrf,TF005,temporal,4,ffcf7308-6e83-47bc-a519-0b4b7ba44562,0.03021353930031804,False,215.6078999987585
bm25_e5_rrf,TF005,temporal,5,71d2e37c-44e2-4972-8e6b-a6449c2f8404,0.029138513513513514,False,215.6078999987585
bm25_e5_rrf,TF005,temporal,6,09f3c6d5-9e0c-4545-960f-b16c69abbeb1,0.029083245521601686,False,215.6078999987585
bm25_e5_rrf,TF005,temporal,7,646d4165-73db-4f69-84da-5f393cd81988,0.028985507246376812,False,215.6078999987585
bm25_e5_rrf,TF005,temporal,8,3ecc27b9-634c-4026-b44e-e01123aa0467,0.028850145288501453,False,215.6078999987585
bm25_e5_rrf,TF005,temporal,9,da79aa00-567d-434c-8441-915ac080f918,0.028814262023217248,False,215.6078999987585
bm25_e5_rrf,TF005,temporal,10,b66e5419-8a9c-47f4-866d-ebdb95b174b2,0.02821869488536155,False,215.6078999987585
bm25_e5_rrf,TF006,temporal,1,63b53156-440d-40c1-bc88-5c07c23ae77f,0.03252247488101534,True,277.05780000087543
bm25_e5_rrf,TF006,temporal,2,ffcf7308-6e83-47bc-a519-0b4b7ba44562,0.032266458495966696,False,277.05780000087543
bm25_e5_rrf,TF006,temporal,3,71d2e37c-44e2-4972-8e6b-a6449c2f8404,0.03200204813108039,True,277.05780000087543
bm25_e5_rrf,TF006,temporal,4,09f3c6d5-9e0c-4545-960f-b16c69abbeb1,0.029857397504456328,False,277.05780000087543
bm25_e5_rrf,TF006,temporal,5,ba3d1d87-0c2d-4b67-a0c2-4615c8249c2a,0.02946912242686891,False,277.05780000087543
bm25_e5_rrf,TF006,temporal,6,1b376f6f-5ee5-4d05-a585-f3aa6b7ee824,0.029418126757516764,False,277.05780000087543
bm25_e5_rrf,TF006,temporal,7,da79aa00-567d-434c-8441-915ac080f918,0.029138513513513514,False,277.05780000087543
bm25_e5_rrf,TF006,temporal,8,646d4165-73db-4f69-84da-5f393cd81988,0.02904040404040404,False,277.05780000087543
bm25_e5_rrf,TF006,temporal,9,4d18d11e-2a92-4690-8a64-46653931483e,0.02862400327131466,False,277.05780000087543
bm25_e5_rrf,TF006,temporal,10,81a83ec4-b5d1-4305-9f44-93e5fa935ffe,0.028594771241830064,False,277.05780000087543
bm25_e5_rrf,TF007,temporal,1,5de4d74d-720e-4d86-a836-f946d70a2d32,0.03278688524590164,False,163.13660000014352
bm25_e5_rrf,TF007,temporal,2,71d2e37c-44e2-4972-8e6b-a6449c2f8404,0.031754032258064516,False,163.13660000014352
bm25_e5_rrf,TF007,temporal,3,ffcf7308-6e83-47bc-a519-0b4b7ba44562,0.03149801587301587,False,163.13660000014352
bm25_e5_rrf,TF007,temporal,4,c404e320-0bf2-4325-be92-7a0614f201ca,0.03036576949620428,False,163.13660000014352
bm25_e5_rrf,TF007,temporal,5,f4580736-a09e-471f-93d2-8089c695eb67,0.029631255487269532,False,163.13660000014352
bm25_e5_rrf,TF007,temporal,6,9b6cc313-9a59-4387-a5ce-2ed14389a0a7,0.02946912242686891,False,163.13660000014352
bm25_e5_rrf,TF007,temporal,7,15e829a9-a475-429d-b0e3-5c34bfbd3ab7,0.028484848484848488,False,163.13660000014352
bm25_e5_rrf,TF007,temporal,8,da79aa00-567d-434c-8441-915ac080f918,0.028474711270410194,True,163.13660000014352
bm25_e5_rrf,TF007,temporal,9,a7cf71a5-8426-4d7c-8106-e0754e7cb4bf,0.028438886647841874,False,163.13660000014352
bm25_e5_rrf,TF007,temporal,10,8259ed27-8646-4502-a959-aab1e9f1770f,0.028371628371628373,False,163.13660000014352
bm25_e5_rrf,TF008,product_specific,1,9131e9a9-eff3-4f4e-a20b-4bdd456c35bc,0.032266458495966696,False,123.20330000056856
bm25_e5_rrf,TF008,product_specific,2,e96acbc9-66b4-4df4-953b-3f7b0a846bbc,0.03225806451612903,True,123.20330000056856
bm25_e5_rrf,TF008,product_specific,3,54fdf811-dedd-4016-b144-3e4bfdcd67c8,0.032018442622950824,False,123.20330000056856
bm25_e5_rrf,TF008,product_specific,4,d4c1a9ca-23c5-4ae0-9a51-c56675b2e6d1,0.03149801587301587,False,123.20330000056856
bm25_e5_rrf,TF008,product_specific,5,23c6ca0d-04bf-4081-b90a-9819029dcd73,0.02877846790890269,False,123.20330000056856
bm25_e5_rrf,TF008,product_specific,6,09f3c6d5-9e0c-4545-960f-b16c69abbeb1,0.028484848484848488,False,123.20330000056856
bm25_e5_rrf,TF008,product_specific,7,3ecc27b9-634c-4026-b44e-e01123aa0467,0.027777777777777776,False,123.20330000056856
bm25_e5_rrf,TF008,product_specific,8,0f6b0fc1-9d70-479f-a87d-a26e954e2adb,0.027242401779095628,False,123.20330000056856
bm25_e5_rrf,TF008,product_specific,9,646d4165-73db-4f69-84da-5f393cd81988,0.027212143650499815,False,123.20330000056856
bm25_e5_rrf,TF008,product_specific,10,4d18d11e-2a92-4690-8a64-46653931483e,0.027149321266968326,False,123.20330000056856
bm25_e5_rrf,TF009,product_specific,1,9131e9a9-eff3-4f4e-a20b-4bdd456c35bc,0.03252247488101534,False,142.26880000023812
bm25_e5_rrf,TF009,product_specific,2,d4c1a9ca-23c5-4ae0-9a51-c56675b2e6d1,0.03200204813108039,True,142.26880000023812
bm25_e5_rrf,TF009,product_specific,3,324bc249-0e84-46e9-b77f-856c76cd5353,0.03028233151183971,True,142.26880000023812
bm25_e5_rrf,TF009,product_specific,4,e62b0c91-ff0c-43b2-9bd5-ff173d9f8bc0,0.029857397504456328,False,142.26880000023812
bm25_e5_rrf,TF009,product_specific,5,bc88f538-e881-4c81-85e9-fca20614315d,0.029083245521601686,False,142.26880000023812
bm25_e5_rrf,TF009,product_specific,6,e96acbc9-66b4-4df4-953b-3f7b0a846bbc,0.028283227848101264,False,142.26880000023812
bm25_e5_rrf,TF009,product_specific,7,fbf62ef9-25b7-437c-98d8-c4934fba0fe6,0.02792120864410021,False,142.26880000023812
bm25_e5_rrf,TF009,product_specific,8,b66e5419-8a9c-47f4-866d-ebdb95b174b2,0.02712049508554787,False,142.26880000023812
bm25_e5_rrf,TF009,product_specific,9,7abe62fa-6fdb-4466-a16b-73e1770f0c57,0.027119252873563218,False,142.26880000023812
bm25_e5_rrf,TF009,product_specific,10,dfb2693a-e821-4d6e-bbcc-0dbf3dc2a2ae,0.026785714285714288,False,142.26880000023812
bm25_e5_rrf,TF010,product_specific,1,54fdf811-dedd-4016-b144-3e4bfdcd67c8,0.03252247488101534,True,115.5429999998887
bm25_e5_rrf,TF010,product_specific,2,9131e9a9-eff3-4f4e-a20b-4bdd456c35bc,0.032266458495966696,True,115.5429999998887
bm25_e5_rrf,TF010,product_specific,3,d4c1a9ca-23c5-4ae0-9a51-c56675b2e6d1,0.03200204813108039,False,115.5429999998887
bm25_e5_rrf,TF010,product_specific,4,e96acbc9-66b4-4df4-953b-3f7b0a846bbc,0.03125,False,115.5429999998887
bm25_e5_rrf,TF010,product_specific,5,df699ccc-6f51-4281-b4a4-f3d2a20631e0,0.029083245521601686,False,115.5429999998887
bm25_e5_rrf,TF010,product_specific,6,23c6ca0d-04bf-4081-b90a-9819029dcd73,0.02658450704225352,False,115.5429999998887
bm25_e5_rrf,TF010,product_specific,7,63b53156-440d-40c1-bc88-5c07c23ae77f,0.0264957264957265,False,115.5429999998887
bm25_e5_rrf,TF010,product_specific,8,09f3c6d5-9e0c-4545-960f-b16c69abbeb1,0.026387470207694927,False,115.5429999998887
bm25_e5_rrf,TF010,product_specific,9,ee8c2027-ad6d-4bb7-8077-5e4c42be1cc3,0.026234567901234566,False,115.5429999998887
bm25_e5_rrf,TF010,product_specific,10,3ecc27b9-634c-4026-b44e-e01123aa0467,0.025274725274725275,False,115.5429999998887
bm25_e5_rrf,TF011,paraphrase,1,2cea4ea7-7aaf-4c54-ac4e-b660de52065d,0.03149801587301587,False,211.56969999901776
bm25_e5_rrf,TF011,paraphrase,2,e96acbc9-66b4-4df4-953b-3f7b0a846bbc,0.03125763125763126,False,211.56969999901776
bm25_e5_rrf,TF011,paraphrase,3,e62b0c91-ff0c-43b2-9bd5-ff173d9f8bc0,0.029857397504456328,False,211.56969999901776
bm25_e5_rrf,TF011,paraphrase,4,9131e9a9-eff3-4f4e-a20b-4bdd456c35bc,0.02921395544346364,False,211.56969999901776
bm25_e5_rrf,TF011,paraphrase,5,54fdf811-dedd-4016-b144-3e4bfdcd67c8,0.028588564574170333,True,211.56969999901776
bm25_e5_rrf,TF011,paraphrase,6,4c0dde2a-0432-4cb2-ad33-987f5979ff76,0.028381642512077296,False,211.56969999901776
bm25_e5_rrf,TF011,paraphrase,7,bc88f538-e881-4c81-85e9-fca20614315d,0.02821939586645469,False,211.56969999901776
bm25_e5_rrf,TF011,paraphrase,8,3ecc27b9-634c-4026-b44e-e01123aa0467,0.02803379416282642,False,211.56969999901776
bm25_e5_rrf,TF011,paraphrase,9,324bc249-0e84-46e9-b77f-856c76cd5353,0.027783137179239824,False,211.56969999901776
bm25_e5_rrf,TF011,paraphrase,10,fbf62ef9-25b7-437c-98d8-c4934fba0fe6,0.026736111111111113,False,211.56969999901776
bm25_e5_rrf,TF012,product_specific,1,bc88f538-e881-4c81-85e9-fca20614315d,0.03252247488101534,True,157.7028000001519
bm25_e5_rrf,TF012,product_specific,2,2cea4ea7-7aaf-4c54-ac4e-b660de52065d,0.03252247488101534,False,157.7028000001519
bm25_e5_rrf,TF012,product_specific,3,21efe016-3004-45f3-a070-29ce2ecb0019,0.03149801587301587,False,157.7028000001519
bm25_e5_rrf,TF012,product_specific,4,b66e5419-8a9c-47f4-866d-ebdb95b174b2,0.031024531024531024,False,157.7028000001519
bm25_e5_rrf,TF012,product_specific,5,23c6ca0d-04bf-4081-b90a-9819029dcd73,0.029857397504456328,False,157.7028000001519
bm25_e5_rrf,TF012,product_specific,6,9b6cc313-9a59-4387-a5ce-2ed14389a0a7,0.029513888888888888,False,157.7028000001519
bm25_e5_rrf,TF012,product_specific,7,324bc249-0e84-46e9-b77f-856c76cd5353,0.029083245521601686,False,157.7028000001519
bm25_e5_rrf,TF012,product_specific,8,73735f01-c9d0-4dd5-8d46-c70045e4b334,0.028370221327967807,False,157.7028000001519
bm25_e5_rrf,TF012,product_specific,9,dfb2693a-e821-4d6e-bbcc-0dbf3dc2a2ae,0.028083267871170464,False,157.7028000001519
bm25_e5_rrf,TF012,product_specific,10,e62b0c91-ff0c-43b2-9bd5-ff173d9f8bc0,0.026553280111072546,False,157.7028000001519
bm25_e5_rrf,TF013,product_specific,1,bc88f538-e881-4c81-85e9-fca20614315d,0.032266458495966696,False,186.8631999977879
bm25_e5_rrf,TF013,product_specific,2,2cea4ea7-7aaf-4c54-ac4e-b660de52065d,0.032266458495966696,False,186.8631999977879
bm25_e5_rrf,TF013,product_specific,3,b66e5419-8a9c-47f4-866d-ebdb95b174b2,0.031754032258064516,True,186.8631999977879
bm25_e5_rrf,TF013,product_specific,4,21efe016-3004-45f3-a070-29ce2ecb0019,0.031754032258064516,False,186.8631999977879
bm25_e5_rrf,TF013,product_specific,5,dfb2693a-e821-4d6e-bbcc-0dbf3dc2a2ae,0.028991596638655463,False,186.8631999977879
bm25_e5_rrf,TF013,product_specific,6,eda54b74-cd2f-4808-8175-bcc5b916ce90,0.028309409888357256,False,186.8631999977879
bm25_e5_rrf,TF013,product_specific,7,fbf62ef9-25b7-437c-98d8-c4934fba0fe6,0.02803921568627451,False,186.8631999977879
bm25_e5_rrf,TF013,product_specific,8,7adacb8c-91c0-4ea7-8d82-7505eeac5042,0.02668564312399929,False,186.8631999977879
bm25_e5_rrf,TF013,product_specific,9,f7a9837d-f8db-4461-abd8-a3607db2276f,0.026279628993473032,False,186.8631999977879
bm25_e5_rrf,TF013,product_specific,10,23c6ca0d-04bf-4081-b90a-9819029dcd73,0.025693893735130847,False,186.8631999977879
bm25_e5_rrf,TF014,temporal,1,b66e5419-8a9c-47f4-866d-ebdb95b174b2,0.03278688524590164,True,247.8402000006099
bm25_e5_rrf,TF014,temporal,2,21efe016-3004-45f3-a070-29ce2ecb0019,0.03200204813108039,True,247.8402000006099
bm25_e5_rrf,TF014,temporal,3,2cea4ea7-7aaf-4c54-ac4e-b660de52065d,0.03200204813108039,False,247.8402000006099
bm25_e5_rrf,TF014,temporal,4,bc88f538-e881-4c81-85e9-fca20614315d,0.031009615384615385,False,247.8402000006099
bm25_e5_rrf,TF014,temporal,5,dfb2693a-e821-4d6e-bbcc-0dbf3dc2a2ae,0.028991596638655463,False,247.8402000006099
bm25_e5_rrf,TF014,temporal,6,fbf62ef9-25b7-437c-98d8-c4934fba0fe6,0.028991596638655463,False,247.8402000006099
bm25_e5_rrf,TF014,temporal,7,3abbb958-eafe-4ffe-bcfc-dafa7349c15c,0.028577260665441927,False,247.8402000006099
bm25_e5_rrf,TF014,temporal,8,eda54b74-cd2f-4808-8175-bcc5b916ce90,0.027650648360030512,False,247.8402000006099
bm25_e5_rrf,TF014,temporal,9,c404e320-0bf2-4325-be92-7a0614f201ca,0.02749719416386083,False,247.8402000006099
bm25_e5_rrf,TF014,temporal,10,d3b7d61b-50f0-4b96-a770-785a9f3c3886,0.0273972602739726,False,247.8402000006099
bm25_e5_rrf,TF015,product_specific,1,2cea4ea7-7aaf-4c54-ac4e-b660de52065d,0.032266458495966696,False,192.9083000004539
bm25_e5_rrf,TF015,product_specific,2,bc88f538-e881-4c81-85e9-fca20614315d,0.032018442622950824,False,192.9083000004539
bm25_e5_rrf,TF015,product_specific,3,b66e5419-8a9c-47f4-866d-ebdb95b174b2,0.03200204813108039,False,192.9083000004539
bm25_e5_rrf,TF015,product_specific,4,21efe016-3004-45f3-a070-29ce2ecb0019,0.031754032258064516,True,192.9083000004539
bm25_e5_rrf,TF015,product_specific,5,f7a9837d-f8db-4461-abd8-a3607db2276f,0.029437229437229435,False,192.9083000004539
bm25_e5_rrf,TF015,product_specific,6,1b376f6f-5ee5-4d05-a585-f3aa6b7ee824,0.02819138376017471,False,192.9083000004539
bm25_e5_rrf,TF015,product_specific,7,23c6ca0d-04bf-4081-b90a-9819029dcd73,0.02803921568627451,False,192.9083000004539
bm25_e5_rrf,TF015,product_specific,8,4d18d11e-2a92-4690-8a64-46653931483e,0.027783137179239824,False,192.9083000004539
bm25_e5_rrf,TF015,product_specific,9,3ecc27b9-634c-4026-b44e-e01123aa0467,0.026419626007891578,False,192.9083000004539
bm25_e5_rrf,TF015,product_specific,10,09f3c6d5-9e0c-4545-960f-b16c69abbeb1,0.026334026334026334,False,192.9083000004539
bm25_e5_rrf,TF016,paraphrase,1,2cea4ea7-7aaf-4c54-ac4e-b660de52065d,0.032266458495966696,False,196.01910000164935
bm25_e5_rrf,TF016,paraphrase,2,bc88f538-e881-4c81-85e9-fca20614315d,0.032018442622950824,False,196.01910000164935
bm25_e5_rrf,TF016,paraphrase,3,b66e5419-8a9c-47f4-866d-ebdb95b174b2,0.030158730158730156,False,196.01910000164935
bm25_e5_rrf,TF016,paraphrase,4,21efe016-3004-45f3-a070-29ce2ecb0019,0.029827662395050816,False,196.01910000164935
bm25_e5_rrf,TF016,paraphrase,5,4d18d11e-2a92-4690-8a64-46653931483e,0.029418126757516764,False,196.01910000164935
bm25_e5_rrf,TF016,paraphrase,6,1b376f6f-5ee5-4d05-a585-f3aa6b7ee824,0.028612012987012988,False,196.01910000164935
bm25_e5_rrf,TF016,paraphrase,7,1033ac46-dec8-493e-b577-7f5ad80f8e86,0.02821939586645469,False,196.01910000164935
bm25_e5_rrf,TF016,paraphrase,8,23c6ca0d-04bf-4081-b90a-9819029dcd73,0.027972027972027972,False,196.01910000164935
bm25_e5_rrf,TF016,paraphrase,9,81a83ec4-b5d1-4305-9f44-93e5fa935ffe,0.02758751902587519,False,196.01910000164935
bm25_e5_rrf,TF016,paraphrase,10,da79aa00-567d-434c-8441-915ac080f918,0.026553280111072546,False,196.01910000164935
bm25_e5_rrf,TF017,procedure,1,22e6c188-2e4c-4029-b200-7770a3f00e6e,0.03225806451612903,True,144.16820000133157
bm25_e5_rrf,TF017,procedure,2,b225ae64-72d2-4e59-81c0-57f5d8438666,0.03149801587301587,True,144.16820000133157
bm25_e5_rrf,TF017,procedure,3,fd678588-5ac2-400d-95c5-3309537781ec,0.03149801587301587,False,144.16820000133157
bm25_e5_rrf,TF017,procedure,4,eda54b74-cd2f-4808-8175-bcc5b916ce90,0.02967032967032967,False,144.16820000133157
bm25_e5_rrf,TF017,procedure,5,7e68f70a-ba74-4eb8-bbae-c7e9f7340567,0.029418126757516764,True,144.16820000133157
bm25_e5_rrf,TF017,procedure,6,b8c70ff9-e1b2-40ce-9a0a-f65a53899d13,0.028309409888357256,False,144.16820000133157
bm25_e5_rrf,TF017,procedure,7,7adacb8c-91c0-4ea7-8d82-7505eeac5042,0.02813852813852814,True,144.16820000133157
bm25_e5_rrf,TF017,procedure,8,30ce28cb-f702-4cce-8105-137e2f73af0d,0.028021349599695006,False,144.16820000133157
bm25_e5_rrf,TF017,procedure,9,a7cf71a5-8426-4d7c-8106-e0754e7cb4bf,0.027730294396961064,False,144.16820000133157
bm25_e5_rrf,TF017,procedure,10,98d006ac-5212-4c8c-8a63-4cbd4d6caffc,0.027402402402402402,True,144.16820000133157
bm25_e5_rrf,TF018,temporal,1,30ce28cb-f702-4cce-8105-137e2f73af0d,0.03278688524590164,True,164.34159999971598
bm25_e5_rrf,TF018,temporal,2,70b95f72-95ec-43b5-b76f-657518103256,0.03149801587301587,False,164.34159999971598
bm25_e5_rrf,TF018,temporal,3,d3b7d61b-50f0-4b96-a770-785a9f3c3886,0.03128054740957967,False,164.34159999971598
bm25_e5_rrf,TF018,temporal,4,48b9789d-5088-4ba1-a82a-be3a6396ce85,0.03128054740957967,False,164.34159999971598
bm25_e5_rrf,TF018,temporal,5,22e6c188-2e4c-4029-b200-7770a3f00e6e,0.03125763125763126,False,164.34159999971598
bm25_e5_rrf,TF018,temporal,6,0a4f11c7-39e8-41fe-bd14-48456671f531,0.031009615384615385,False,164.34159999971598
bm25_e5_rrf,TF018,temporal,7,cfff9bf0-05e4-4179-a793-f3c705d04812,0.029631255487269532,False,164.34159999971598
bm25_e5_rrf,TF018,temporal,8,a952e706-800e-493c-886a-8f06602fb2be,0.02919863597612958,False,164.34159999971598
bm25_e5_rrf,TF018,temporal,9,b8c70ff9-e1b2-40ce-9a0a-f65a53899d13,0.027799227799227798,False,164.34159999971598
bm25_e5_rrf,TF018,temporal,10,a7cf71a5-8426-4d7c-8106-e0754e7cb4bf,0.02666666666666667,False,164.34159999971598
bm25_e5_rrf,TF019,preparation,1,d3b7d61b-50f0-4b96-a770-785a9f3c3886,0.03278688524590164,True,320.43160000011994
bm25_e5_rrf,TF019,preparation,2,30ce28cb-f702-4cce-8105-137e2f73af0d,0.03225806451612903,False,320.43160000011994
bm25_e5_rrf,TF019,preparation,3,22e6c188-2e4c-4029-b200-7770a3f00e6e,0.03149801587301587,False,320.43160000011994
bm25_e5_rrf,TF019,preparation,4,70b95f72-95ec-43b5-b76f-657518103256,0.030798389007344232,False,320.43160000011994
bm25_e5_rrf,TF019,preparation,5,0a4f11c7-39e8-41fe-bd14-48456671f531,0.030536130536130537,False,320.43160000011994
bm25_e5_rrf,TF019,preparation,6,48b9789d-5088-4ba1-a82a-be3a6396ce85,0.029857397504456328,False,320.43160000011994
bm25_e5_rrf,TF019,preparation,7,cfff9bf0-05e4-4179-a793-f3c705d04812,0.027984344422700584,False,320.43160000011994
bm25_e5_rrf,TF019,preparation,8,dfb2693a-e821-4d6e-bbcc-0dbf3dc2a2ae,0.027783137179239824,False,320.43160000011994
bm25_e5_rrf,TF019,preparation,9,2cea4ea7-7aaf-4c54-ac4e-b660de52065d,0.027071520029266508,False,320.43160000011994
bm25_e5_rrf,TF019,preparation,10,21efe016-3004-45f3-a070-29ce2ecb0019,0.026687875574407917,False,320.43160000011994
bm25_e5_rrf,TF020,temporal,1,0a4f11c7-39e8-41fe-bd14-48456671f531,0.03278688524590164,True,228.76420000011422
bm25_e5_rrf,TF020,temporal,2,48b9789d-5088-4ba1-a82a-be3a6396ce85,0.03225806451612903,False,228.76420000011422
bm25_e5_rrf,TF020,temporal,3,d3b7d61b-50f0-4b96-a770-785a9f3c3886,0.03125763125763126,False,228.76420000011422
bm25_e5_rrf,TF020,temporal,4,70b95f72-95ec-43b5-b76f-657518103256,0.03125763125763126,True,228.76420000011422
bm25_e5_rrf,TF020,temporal,5,30ce28cb-f702-4cce-8105-137e2f73af0d,0.030776515151515152,False,228.76420000011422
bm25_e5_rrf,TF020,temporal,6,cfff9bf0-05e4-4179-a793-f3c705d04812,0.03055037313432836,False,228.76420000011422
bm25_e5_rrf,TF020,temporal,7,22e6c188-2e4c-4029-b200-7770a3f00e6e,0.03007688828584351,False,228.76420000011422
bm25_e5_rrf,TF020,temporal,8,a952e706-800e-493c-886a-8f06602fb2be,0.028577260665441927,False,228.76420000011422
bm25_e5_rrf,TF020,temporal,9,b66e5419-8a9c-47f4-866d-ebdb95b174b2,0.028381642512077296,False,228.76420000011422
bm25_e5_rrf,TF020,temporal,10,c404e320-0bf2-4325-be92-7a0614f201ca,0.028370221327967807,False,228.76420000011422
bm25_e5_rrf,TF021,preparation,1,73735f01-c9d0-4dd5-8d46-c70045e4b334,0.03278688524590164,True,122.29389999993145
bm25_e5_rrf,TF021,preparation,2,16efaa44-1554-4748-8407-48fac0bced94,0.031024531024531024,False,122.29389999993145
bm25_e5_rrf,TF021,preparation,3,e62b0c91-ff0c-43b2-9bd5-ff173d9f8bc0,0.029957522915269395,False,122.29389999993145
bm25_e5_rrf,TF021,preparation,4,74c0eabe-77c7-4dbf-a321-27966a12fafb,0.02919863597612958,False,122.29389999993145
bm25_e5_rrf,TF021,preparation,5,a7cf71a5-8426-4d7c-8106-e0754e7cb4bf,0.027730294396961064,False,122.29389999993145
bm25_e5_rrf,TF021,preparation,6,8f3ed830-3a06-41c6-8b06-cfcf6d36a83c,0.027623285131627734,False,122.29389999993145
bm25_e5_rrf,TF021,preparation,7,919e93ca-fed9-4dde-b9b8-f870e207a3f3,0.02749266862170088,False,122.29389999993145
bm25_e5_rrf,TF021,preparation,8,6ffcd319-e868-444b-b6fe-8d192a4de3ff,0.02728937728937729,False,122.29389999993145
bm25_e5_rrf,TF021,preparation,9,cfff9bf0-05e4-4179-a793-f3c705d04812,0.027271052146674038,False,122.29389999993145
bm25_e5_rrf,TF021,preparation,10,bc88f538-e881-4c81-85e9-fca20614315d,0.027031963470319637,False,122.29389999993145
bm25_e5_rrf,TF022,preparation,1,84c0a864-176f-4776-a15e-167fc2518e5d,0.031754032258064516,False,261.3080000000991
bm25_e5_rrf,TF022,preparation,2,74c0eabe-77c7-4dbf-a321-27966a12fafb,0.031746031746031744,False,261.3080000000991
bm25_e5_rrf,TF022,preparation,3,6ffcd319-e868-444b-b6fe-8d192a4de3ff,0.031099324975891997,True,261.3080000000991
bm25_e5_rrf,TF022,preparation,4,36bac780-b1a2-42dc-8cca-3605f80c5521,0.03055037313432836,False,261.3080000000991
bm25_e5_rrf,TF022,preparation,5,98d006ac-5212-4c8c-8a63-4cbd4d6caffc,0.030017921146953404,False,261.3080000000991
bm25_e5_rrf,TF022,preparation,6,8f3ed830-3a06-41c6-8b06-cfcf6d36a83c,0.02964426877470356,False,261.3080000000991
bm25_e5_rrf,TF022,preparation,7,9552a4ac-31b4-43a8-aa92-37bd3e89362a,0.029051670471052088,False,261.3080000000991
bm25_e5_rrf,TF022,preparation,8,a7cf71a5-8426-4d7c-8106-e0754e7cb4bf,0.028991596638655463,False,261.3080000000991
bm25_e5_rrf,TF022,preparation,9,eda54b74-cd2f-4808-8175-bcc5b916ce90,0.02877846790890269,False,261.3080000000991
bm25_e5_rrf,TF022,preparation,10,73735f01-c9d0-4dd5-8d46-c70045e4b334,0.02871794871794872,True,261.3080000000991
bm25_e5_rrf,TF023,temporal,1,f7a9837d-f8db-4461-abd8-a3607db2276f,0.032266458495966696,False,281.73770000012155
bm25_e5_rrf,TF023,temporal,2,c404e320-0bf2-4325-be92-7a0614f201ca,0.032266458495966696,True,281.73770000012155
bm25_e5_rrf,TF023,temporal,3,b66e5419-8a9c-47f4-866d-ebdb95b174b2,0.03225806451612903,False,281.73770000012155
bm25_e5_rrf,TF023,temporal,4,919e93ca-fed9-4dde-b9b8-f870e207a3f3,0.030303030303030304,False,281.73770000012155
bm25_e5_rrf,TF023,temporal,5,b0d368a1-d0fc-4b8b-8567-e190cf462986,0.030090497737556562,False,281.73770000012155
bm25_e5_rrf,TF023,temporal,6,6ffcd319-e868-444b-b6fe-8d192a4de3ff,0.029211087420042643,False,281.73770000012155
bm25_e5_rrf,TF023,temporal,7,73735f01-c9d0-4dd5-8d46-c70045e4b334,0.028958333333333336,False,281.73770000012155
bm25_e5_rrf,TF023,temporal,8,74c0eabe-77c7-4dbf-a321-27966a12fafb,0.02819138376017471,False,281.73770000012155
bm25_e5_rrf,TF023,temporal,9,d2e0fc0a-bf0e-4226-abbf-e9f3dea2fce8,0.02684684684684685,False,281.73770000012155
bm25_e5_rrf,TF023,temporal,10,b7876bcb-b1d0-409a-831d-45e59e35a44e,0.02603648424543947,False,281.73770000012155
bm25_e5_rrf,TF024,temporal,1,b0d368a1-d0fc-4b8b-8567-e190cf462986,0.031099324975891997,False,186.68450000041048
bm25_e5_rrf,TF024,temporal,2,919e93ca-fed9-4dde-b9b8-f870e207a3f3,0.031009615384615385,False,186.68450000041048
bm25_e5_rrf,TF024,temporal,3,6ffcd319-e868-444b-b6fe-8d192a4de3ff,0.0304147465437788,False,186.68450000041048
bm25_e5_rrf,TF024,temporal,4,d3b7d61b-50f0-4b96-a770-785a9f3c3886,0.029957522915269395,False,186.68450000041048
bm25_e5_rrf,TF024,temporal,5,c404e320-0bf2-4325-be92-7a0614f201ca,0.029206349206349208,True,186.68450000041048
bm25_e5_rrf,TF024,temporal,6,15e829a9-a475-429d-b0e3-5c34bfbd3ab7,0.028083267871170464,False,186.68450000041048
bm25_e5_rrf,TF024,temporal,7,74c0eabe-77c7-4dbf-a321-27966a12fafb,0.027972027972027972,False,186.68450000041048
bm25_e5_rrf,TF024,temporal,8,b7876bcb-b1d0-409a-831d-45e59e35a44e,0.027820121951219513,False,186.68450000041048
bm25_e5_rrf,TF024,temporal,9,73735f01-c9d0-4dd5-8d46-c70045e4b334,0.027402402402402402,False,186.68450000041048
bm25_e5_rrf,TF024,temporal,10,f7a9837d-f8db-4461-abd8-a3607db2276f,0.027402402402402402,False,186.68450000041048
bm25_e5_rrf,TF025,fact_specific,1,f7a9837d-f8db-4461-abd8-a3607db2276f,0.032266458495966696,False,240.1813000005859
bm25_e5_rrf,TF025,fact_specific,2,b0d368a1-d0fc-4b8b-8567-e190cf462986,0.03225806451612903,True,240.1813000005859
bm25_e5_rrf,TF025,fact_specific,3,919e93ca-fed9-4dde-b9b8-f870e207a3f3,0.032018442622950824,True,240.1813000005859
bm25_e5_rrf,TF025,fact_specific,4,b7876bcb-b1d0-409a-831d-45e59e35a44e,0.031024531024531024,False,240.1813000005859
bm25_e5_rrf,TF025,fact_specific,5,74c0eabe-77c7-4dbf-a321-27966a12fafb,0.03055037313432836,False,240.1813000005859
bm25_e5_rrf,TF025,fact_specific,6,6ffcd319-e868-444b-b6fe-8d192a4de3ff,0.030536130536130537,False,240.1813000005859
bm25_e5_rrf,TF025,fact_specific,7,73735f01-c9d0-4dd5-8d46-c70045e4b334,0.02946912242686891,False,240.1813000005859
bm25_e5_rrf,TF025,fact_specific,8,c404e320-0bf2-4325-be92-7a0614f201ca,0.028577260665441927,False,240.1813000005859
bm25_e5_rrf,TF025,fact_specific,9,d2e0fc0a-bf0e-4226-abbf-e9f3dea2fce8,0.027777777777777776,False,240.1813000005859
bm25_e5_rrf,TF025,fact_specific,10,16efaa44-1554-4748-8407-48fac0bced94,0.02606951871657754,False,240.1813000005859
bm25_e5_rrf,TF026,fact_specific,1,74c0eabe-77c7-4dbf-a321-27966a12fafb,0.032018442622950824,False,208.5453999998208
bm25_e5_rrf,TF026,fact_specific,2,919e93ca-fed9-4dde-b9b8-f870e207a3f3,0.031754032258064516,False,208.5453999998208
bm25_e5_rrf,TF026,fact_specific,3,16efaa44-1554-4748-8407-48fac0bced94,0.031746031746031744,False,208.5453999998208
bm25_e5_rrf,TF026,fact_specific,4,6ffcd319-e868-444b-b6fe-8d192a4de3ff,0.03128054740957967,False,208.5453999998208
bm25_e5_rrf,TF026,fact_specific,5,b7876bcb-b1d0-409a-831d-45e59e35a44e,0.030886196246139225,True,208.5453999998208
bm25_e5_rrf,TF026,fact_specific,6,b0d368a1-d0fc-4b8b-8567-e190cf462986,0.02967032967032967,False,208.5453999998208
bm25_e5_rrf,TF026,fact_specific,7,c404e320-0bf2-4325-be92-7a0614f201ca,0.028814262023217248,False,208.5453999998208
bm25_e5_rrf,TF026,fact_specific,8,84c0a864-176f-4776-a15e-167fc2518e5d,0.028404512489927477,False,208.5453999998208
bm25_e5_rrf,TF026,fact_specific,9,f7a9837d-f8db-4461-abd8-a3607db2276f,0.027650648360030512,False,208.5453999998208
bm25_e5_rrf,TF026,fact_specific,10,9552a4ac-31b4-43a8-aa92-37bd3e89362a,0.027425373134328357,False,208.5453999998208
bm25_e5_rrf,TF027,procedure,1,3abbb958-eafe-4ffe-bcfc-dafa7349c15c,0.03252247488101534,False,192.66770000012912
bm25_e5_rrf,TF027,procedure,2,dfb2693a-e821-4d6e-bbcc-0dbf3dc2a2ae,0.032018442622950824,False,192.66770000012912
bm25_e5_rrf,TF027,procedure,3,eda54b74-cd2f-4808-8175-bcc5b916ce90,0.03200204813108039,False,192.66770000012912
bm25_e5_rrf,TF027,procedure,4,7adacb8c-91c0-4ea7-8d82-7505eeac5042,0.03125763125763126,False,192.66770000012912
bm25_e5_rrf,TF027,procedure,5,fbf62ef9-25b7-437c-98d8-c4934fba0fe6,0.03055037313432836,False,192.66770000012912
bm25_e5_rrf,TF027,procedure,6,22e6c188-2e4c-4029-b200-7770a3f00e6e,0.02967032967032967,False,192.66770000012912
bm25_e5_rrf,TF027,procedure,7,fd678588-5ac2-400d-95c5-3309537781ec,0.02964426877470356,False,192.66770000012912
bm25_e5_rrf,TF027,procedure,8,7e68f70a-ba74-4eb8-bbae-c7e9f7340567,0.028790389395194696,False,192.66770000012912
bm25_e5_rrf,TF027,procedure,9,2cea4ea7-7aaf-4c54-ac4e-b660de52065d,0.02819138376017471,False,192.66770000012912
bm25_e5_rrf,TF027,procedure,10,b225ae64-72d2-4e59-81c0-57f5d8438666,0.02803921568627451,False,192.66770000012912
bm25_e5_rrf,TF028,preparation,1,dfb2693a-e821-4d6e-bbcc-0dbf3dc2a2ae,0.032266458495966696,False,289.2660000006799
bm25_e5_rrf,TF028,preparation,2,eda54b74-cd2f-4808-8175-bcc5b916ce90,0.03131881575727918,True,289.2660000006799
bm25_e5_rrf,TF028,preparation,3,2cea4ea7-7aaf-4c54-ac4e-b660de52065d,0.031054405392392875,False,289.2660000006799
bm25_e5_rrf,TF028,preparation,4,7adacb8c-91c0-4ea7-8d82-7505eeac5042,0.030834914611005692,False,289.2660000006799
bm25_e5_rrf,TF028,preparation,5,3abbb958-eafe-4ffe-bcfc-dafa7349c15c,0.030536130536130537,False,289.2660000006799
bm25_e5_rrf,TF028,preparation,6,d3b7d61b-50f0-4b96-a770-785a9f3c3886,0.029236022193768675,False,289.2660000006799
bm25_e5_rrf,TF028,preparation,7,bc88f538-e881-4c81-85e9-fca20614315d,0.028985507246376812,False,289.2660000006799
bm25_e5_rrf,TF028,preparation,8,fbf62ef9-25b7-437c-98d8-c4934fba0fe6,0.02886002886002886,False,289.2660000006799
bm25_e5_rrf,TF028,preparation,9,30ce28cb-f702-4cce-8105-137e2f73af0d,0.02854251012145749,False,289.2660000006799
bm25_e5_rrf,TF028,preparation,10,22e6c188-2e4c-4029-b200-7770a3f00e6e,0.02803921568627451,False,289.2660000006799
bm25_e5_rrf,TF029,preparation,1,7e5199d4-e5c9-40ca-a69f-ea37f52c6ce3,0.03278688524590164,False,202.01080000060756
bm25_e5_rrf,TF029,preparation,2,36bac780-b1a2-42dc-8cca-3605f80c5521,0.03057889822595705,True,202.01080000060756
bm25_e5_rrf,TF029,preparation,3,98d006ac-5212-4c8c-8a63-4cbd4d6caffc,0.030309988518943745,False,202.01080000060756
bm25_e5_rrf,TF029,preparation,4,a7cf71a5-8426-4d7c-8106-e0754e7cb4bf,0.029877369007803793,False,202.01080000060756
bm25_e5_rrf,TF029,preparation,5,eda54b74-cd2f-4808-8175-bcc5b916ce90,0.02976190476190476,False,202.01080000060756
bm25_e5_rrf,TF029,preparation,6,74c0eabe-77c7-4dbf-a321-27966a12fafb,0.029418126757516764,False,202.01080000060756
bm25_e5_rrf,TF029,preparation,7,9552a4ac-31b4-43a8-aa92-37bd3e89362a,0.02928692699490662,False,202.01080000060756
bm25_e5_rrf,TF029,preparation,8,8f3ed830-3a06-41c6-8b06-cfcf6d36a83c,0.029236022193768675,False,202.01080000060756
bm25_e5_rrf,TF029,preparation,9,b225ae64-72d2-4e59-81c0-57f5d8438666,0.028177225029148854,False,202.01080000060756
bm25_e5_rrf,TF029,preparation,10,84c0a864-176f-4776-a15e-167fc2518e5d,0.027820121951219513,False,202.01080000060756
bm25_e5_rrf,TF030,temporal,1,73735f01-c9d0-4dd5-8d46-c70045e4b334,0.032018442622950824,False,173.09629999908793
bm25_e5_rrf,TF030,temporal,2,a7cf71a5-8426-4d7c-8106-e0754e7cb4bf,0.02928692699490662,False,173.09629999908793
bm25_e5_rrf,TF030,temporal,3,b66e5419-8a9c-47f4-866d-ebdb95b174b2,0.02871794871794872,False,173.09629999908793
bm25_e5_rrf,TF030,temporal,4,16efaa44-1554-4748-8407-48fac0bced94,0.027651515151515153,False,173.09629999908793
bm25_e5_rrf,TF030,temporal,5,d3b7d61b-50f0-4b96-a770-785a9f3c3886,0.027146130794993832,False,173.09629999908793
bm25_e5_rrf,TF030,temporal,6,22e6c188-2e4c-4029-b200-7770a3f00e6e,0.02712049508554787,False,173.09629999908793
bm25_e5_rrf,TF030,temporal,7,7e5199d4-e5c9-40ca-a69f-ea37f52c6ce3,0.02684684684684685,True,173.09629999908793
bm25_e5_rrf,TF030,temporal,8,da79aa00-567d-434c-8441-915ac080f918,0.026655348047538198,False,173.09629999908793
bm25_e5_rrf,TF030,temporal,9,c404e320-0bf2-4325-be92-7a0614f201ca,0.026547116736990152,False,173.09629999908793
bm25_e5_rrf,TF030,temporal,10,f9eb1471-4566-4c09-a18e-9f3d84a47e9c,0.02564935064935065,False,173.09629999908793
bm25_e5_rrf,TF031,procedure,1,9b6cc313-9a59-4387-a5ce-2ed14389a0a7,0.03278688524590164,False,196.49850000041624
bm25_e5_rrf,TF031,procedure,2,5de4d74d-720e-4d86-a836-f946d70a2d32,0.03200204813108039,True,196.49850000041624
bm25_e5_rrf,TF031,procedure,3,22e6c188-2e4c-4029-b200-7770a3f00e6e,0.02967032967032967,False,196.49850000041624
bm25_e5_rrf,TF031,procedure,4,b225ae64-72d2-4e59-81c0-57f5d8438666,0.02919863597612958,False,196.49850000041624
bm25_e5_rrf,TF031,procedure,5,f9cfc75b-a5e7-4633-a798-4b17ea462325,0.028474711270410194,False,196.49850000041624
bm25_e5_rrf,TF031,procedure,6,98d006ac-5212-4c8c-8a63-4cbd4d6caffc,0.028309409888357256,False,196.49850000041624
bm25_e5_rrf,TF031,procedure,7,eda54b74-cd2f-4808-8175-bcc5b916ce90,0.02797339593114241,False,196.49850000041624
bm25_e5_rrf,TF031,procedure,8,fd678588-5ac2-400d-95c5-3309537781ec,0.027272727272727275,False,196.49850000041624
bm25_e5_rrf,TF031,procedure,9,df699ccc-6f51-4281-b4a4-f3d2a20631e0,0.027242401779095628,False,196.49850000041624
bm25_e5_rrf,TF031,procedure,10,59d57c8a-c9d7-4f8d-b9a1-a2816f1f01f7,0.027149321266968326,False,196.49850000041624
bm25_e5_rrf,TF032,fact_specific,1,5de4d74d-720e-4d86-a836-f946d70a2d32,0.03278688524590164,True,194.29349999973056
bm25_e5_rrf,TF032,fact_specific,2,df699ccc-6f51-4281-b4a4-f3d2a20631e0,0.031754032258064516,False,194.29349999973056
bm25_e5_rrf,TF032,fact_specific,3,cfff9bf0-05e4-4179-a793-f3c705d04812,0.028484848484848488,False,194.29349999973056
bm25_e5_rrf,TF032,fact_specific,4,9552a4ac-31b4-43a8-aa92-37bd3e89362a,0.028474711270410194,False,194.29349999973056
bm25_e5_rrf,TF032,fact_specific,5,da79aa00-567d-434c-8441-915ac080f918,0.027443609022556388,False,194.29349999973056
bm25_e5_rrf,TF032,fact_specific,6,59d57c8a-c9d7-4f8d-b9a1-a2816f1f01f7,0.02701252236135957,False,194.29349999973056
bm25_e5_rrf,TF032,fact_specific,7,21efe016-3004-45f3-a070-29ce2ecb0019,0.026742581090407176,False,194.29349999973056
bm25_e5_rrf,TF032,fact_specific,8,70b95f72-95ec-43b5-b76f-657518103256,0.026500526500526502,False,194.29349999973056
bm25_e5_rrf,TF032,fact_specific,9,73735f01-c9d0-4dd5-8d46-c70045e4b334,0.026262626262626265,False,194.29349999973056
bm25_e5_rrf,TF032,fact_specific,10,22e6c188-2e4c-4029-b200-7770a3f00e6e,0.0261986301369863,False,194.29349999973056
bm25_e5_rrf,TF033,fact_specific,1,e62b0c91-ff0c-43b2-9bd5-ff173d9f8bc0,0.03278688524590164,True,277.8422000010323
bm25_e5_rrf,TF033,fact_specific,2,df699ccc-6f51-4281-b4a4-f3d2a20631e0,0.03128054740957967,False,277.8422000010323
bm25_e5_rrf,TF033,fact_specific,3,3ecc27b9-634c-4026-b44e-e01123aa0467,0.03125763125763126,False,277.8422000010323
bm25_e5_rrf,TF033,fact_specific,4,9131e9a9-eff3-4f4e-a20b-4bdd456c35bc,0.030776515151515152,False,277.8422000010323
bm25_e5_rrf,TF033,fact_specific,5,4c0dde2a-0432-4cb2-ad33-987f5979ff76,0.03021353930031804,False,277.8422000010323
bm25_e5_rrf,TF033,fact_specific,6,d4c1a9ca-23c5-4ae0-9a51-c56675b2e6d1,0.0288981288981289,False,277.8422000010323
bm25_e5_rrf,TF033,fact_specific,7,23c6ca0d-04bf-4081-b90a-9819029dcd73,0.02886002886002886,False,277.8422000010323
bm25_e5_rrf,TF033,fact_specific,8,59d57c8a-c9d7-4f8d-b9a1-a2816f1f01f7,0.02862400327131466,False,277.8422000010323
bm25_e5_rrf,TF033,fact_specific,9,73735f01-c9d0-4dd5-8d46-c70045e4b334,0.02821939586645469,False,277.8422000010323
bm25_e5_rrf,TF033,fact_specific,10,5de4d74d-720e-4d86-a836-f946d70a2d32,0.028083267871170464,False,277.8422000010323
bm25_e5_rrf,TF034,product_specific,1,59d57c8a-c9d7-4f8d-b9a1-a2816f1f01f7,0.03278688524590164,True,185.48339999961172
bm25_e5_rrf,TF034,product_specific,2,7c33fbb7-e931-4f6b-9520-23875ec9ee5b,0.031754032258064516,False,185.48339999961172
bm25_e5_rrf,TF034,product_specific,3,e62b0c91-ff0c-43b2-9bd5-ff173d9f8bc0,0.031024531024531024,False,185.48339999961172
bm25_e5_rrf,TF034,product_specific,4,d4c1a9ca-23c5-4ae0-9a51-c56675b2e6d1,0.030798389007344232,False,185.48339999961172
bm25_e5_rrf,TF034,product_specific,5,4c0dde2a-0432-4cb2-ad33-987f5979ff76,0.030776515151515152,False,185.48339999961172
bm25_e5_rrf,TF034,product_specific,6,3ecc27b9-634c-4026-b44e-e01123aa0467,0.030309988518943745,False,185.48339999961172
bm25_e5_rrf,TF034,product_specific,7,9131e9a9-eff3-4f4e-a20b-4bdd456c35bc,0.030090497737556562,False,185.48339999961172
bm25_e5_rrf,TF034,product_specific,8,9b6cc313-9a59-4387-a5ce-2ed14389a0a7,0.029827662395050816,False,185.48339999961172
bm25_e5_rrf,TF034,product_specific,9,7abe62fa-6fdb-4466-a16b-73e1770f0c57,0.02817460317460317,False,185.48339999961172
bm25_e5_rrf,TF034,product_specific,10,5de4d74d-720e-4d86-a836-f946d70a2d32,0.02761904761904762,False,185.48339999961172
bm25_e5_rrf,TF035,paraphrase,1,b0b5bc4f-7d0b-4f56-8e37-84178d38637d,0.03225806451612903,True,206.6859000005934
bm25_e5_rrf,TF035,paraphrase,2,da79aa00-567d-434c-8441-915ac080f918,0.031009615384615385,False,206.6859000005934
bm25_e5_rrf,TF035,paraphrase,3,1033ac46-dec8-493e-b577-7f5ad80f8e86,0.030309988518943745,False,206.6859000005934
bm25_e5_rrf,TF035,paraphrase,4,3ecc27b9-634c-4026-b44e-e01123aa0467,0.02919863597612958,False,206.6859000005934
bm25_e5_rrf,TF035,paraphrase,5,23c6ca0d-04bf-4081-b90a-9819029dcd73,0.028381642512077296,False,206.6859000005934
bm25_e5_rrf,TF035,paraphrase,6,54fdf811-dedd-4016-b144-3e4bfdcd67c8,0.02681010928961749,False,206.6859000005934
bm25_e5_rrf,TF035,paraphrase,7,646d4165-73db-4f69-84da-5f393cd81988,0.02658450704225352,False,206.6859000005934
bm25_e5_rrf,TF035,paraphrase,8,17abd2d4-27a2-40ba-a55b-0b3ceee19005,0.02632034632034632,False,206.6859000005934
bm25_e5_rrf,TF035,paraphrase,9,ba3d1d87-0c2d-4b67-a0c2-4615c8249c2a,0.025155279503105588,False,206.6859000005934
bm25_e5_rrf,TF035,paraphrase,10,a7cf71a5-8426-4d7c-8106-e0754e7cb4bf,0.024868705591597158,False,206.6859000005934
bm25_e5_rrf,TF036,monitoring,1,a7cf71a5-8426-4d7c-8106-e0754e7cb4bf,0.03278688524590164,True,202.3007999987385
bm25_e5_rrf,TF036,monitoring,2,8f3ed830-3a06-41c6-8b06-cfcf6d36a83c,0.031054405392392875,False,202.3007999987385
bm25_e5_rrf,TF036,monitoring,3,36bac780-b1a2-42dc-8cca-3605f80c5521,0.031009615384615385,False,202.3007999987385
bm25_e5_rrf,TF036,monitoring,4,f9cfc75b-a5e7-4633-a798-4b17ea462325,0.030834914611005692,False,202.3007999987385
bm25_e5_rrf,TF036,monitoring,5,98d006ac-5212-4c8c-8a63-4cbd4d6caffc,0.03057889822595705,False,202.3007999987385
bm25_e5_rrf,TF036,monitoring,6,22e6c188-2e4c-4029-b200-7770a3f00e6e,0.029910714285714284,False,202.3007999987385
bm25_e5_rrf,TF036,monitoring,7,30ce28cb-f702-4cce-8105-137e2f73af0d,0.029386529386529386,False,202.3007999987385
bm25_e5_rrf,TF036,monitoring,8,8259ed27-8646-4502-a959-aab1e9f1770f,0.029236022193768675,False,202.3007999987385
bm25_e5_rrf,TF036,monitoring,9,7e5199d4-e5c9-40ca-a69f-ea37f52c6ce3,0.02782608695652174,False,202.3007999987385
bm25_e5_rrf,TF036,monitoring,10,eda54b74-cd2f-4808-8175-bcc5b916ce90,0.027745885954841176,False,202.3007999987385
bm25_e5_rrf,TF037,adverse_reaction,1,15e829a9-a475-429d-b0e3-5c34bfbd3ab7,0.03278688524590164,True,157.7173000005132
bm25_e5_rrf,TF037,adverse_reaction,2,8939253d-3272-4915-8c2b-c60062aeb818,0.03200204813108039,True,157.7173000005132
bm25_e5_rrf,TF037,adverse_reaction,3,7abe62fa-6fdb-4466-a16b-73e1770f0c57,0.03149801587301587,False,157.7173000005132
bm25_e5_rrf,TF037,adverse_reaction,4,2e55093d-0a0f-4fd9-954b-4fc72df9eac0,0.030776515151515152,False,157.7173000005132
bm25_e5_rrf,TF037,adverse_reaction,5,da79aa00-567d-434c-8441-915ac080f918,0.03007688828584351,False,157.7173000005132
bm25_e5_rrf,TF037,adverse_reaction,6,a7cf71a5-8426-4d7c-8106-e0754e7cb4bf,0.028790389395194696,False,157.7173000005132
bm25_e5_rrf,TF037,adverse_reaction,7,5de4d74d-720e-4d86-a836-f946d70a2d32,0.028790389395194696,False,157.7173000005132
bm25_e5_rrf,TF037,adverse_reaction,8,324bc249-0e84-46e9-b77f-856c76cd5353,0.028629032258064516,False,157.7173000005132
bm25_e5_rrf,TF037,adverse_reaction,9,391ad5dc-0d1c-4350-85ba-5aa601d9ac0d,0.02804284323271665,False,157.7173000005132
bm25_e5_rrf,TF037,adverse_reaction,10,8f3ed830-3a06-41c6-8b06-cfcf6d36a83c,0.028006267136701922,False,157.7173000005132
bm25_e5_rrf,TF038,adverse_reaction,1,8939253d-3272-4915-8c2b-c60062aeb818,0.03252247488101534,True,190.1703000003181
bm25_e5_rrf,TF038,adverse_reaction,2,324bc249-0e84-46e9-b77f-856c76cd5353,0.03177805800756621,False,190.1703000003181
bm25_e5_rrf,TF038,adverse_reaction,3,7abe62fa-6fdb-4466-a16b-73e1770f0c57,0.031754032258064516,True,190.1703000003181
bm25_e5_rrf,TF038,adverse_reaction,4,15e829a9-a475-429d-b0e3-5c34bfbd3ab7,0.031746031746031744,False,190.1703000003181
bm25_e5_rrf,TF038,adverse_reaction,5,2e55093d-0a0f-4fd9-954b-4fc72df9eac0,0.030776515151515152,False,190.1703000003181
bm25_e5_rrf,TF038,adverse_reaction,6,391ad5dc-0d1c-4350-85ba-5aa601d9ac0d,0.030536130536130537,False,190.1703000003181
bm25_e5_rrf,TF038,adverse_reaction,7,66dba192-bac5-4b3a-bd4d-77e9eacb4192,0.027242401779095628,False,190.1703000003181
bm25_e5_rrf,TF038,adverse_reaction,8,ee8c2027-ad6d-4bb7-8077-5e4c42be1cc3,0.027031963470319637,False,190.1703000003181
bm25_e5_rrf,TF038,adverse_reaction,9,5de4d74d-720e-4d86-a836-f946d70a2d32,0.0264808362369338,False,190.1703000003181
bm25_e5_rrf,TF038,adverse_reaction,10,da79aa00-567d-434c-8441-915ac080f918,0.026470588235294117,False,190.1703000003181
bm25_e5_rrf,TF039,adverse_reaction,1,7abe62fa-6fdb-4466-a16b-73e1770f0c57,0.03252247488101534,True,227.57109999929526
bm25_e5_rrf,TF039,adverse_reaction,2,2e55093d-0a0f-4fd9-954b-4fc72df9eac0,0.03200204813108039,True,227.57109999929526
bm25_e5_rrf,TF039,adverse_reaction,3,15e829a9-a475-429d-b0e3-5c34bfbd3ab7,0.031024531024531024,False,227.57109999929526
bm25_e5_rrf,TF039,adverse_reaction,4,8939253d-3272-4915-8c2b-c60062aeb818,0.030330882352941176,False,227.57109999929526
bm25_e5_rrf,TF039,adverse_reaction,5,391ad5dc-0d1c-4350-85ba-5aa601d9ac0d,0.030117753623188408,False,227.57109999929526
bm25_e5_rrf,TF039,adverse_reaction,6,324bc249-0e84-46e9-b77f-856c76cd5353,0.03009207275993712,False,227.57109999929526
bm25_e5_rrf,TF039,adverse_reaction,7,da79aa00-567d-434c-8441-915ac080f918,0.02967032967032967,False,227.57109999929526
bm25_e5_rrf,TF039,adverse_reaction,8,30ce28cb-f702-4cce-8105-137e2f73af0d,0.02813852813852814,False,227.57109999929526
bm25_e5_rrf,TF039,adverse_reaction,9,22e6c188-2e4c-4029-b200-7770a3f00e6e,0.027526395173453996,False,227.57109999929526
bm25_e5_rrf,TF039,adverse_reaction,10,8f3ed830-3a06-41c6-8b06-cfcf6d36a83c,0.02684684684684685,False,227.57109999929526
bm25_e5_rrf,TF040,adverse_reaction,1,f4580736-a09e-471f-93d2-8089c695eb67,0.03278688524590164,True,195.6319999999323
bm25_e5_rrf,TF040,adverse_reaction,2,2e55093d-0a0f-4fd9-954b-4fc72df9eac0,0.03225806451612903,True,195.6319999999323
bm25_e5_rrf,TF040,adverse_reaction,3,391ad5dc-0d1c-4350-85ba-5aa601d9ac0d,0.030798389007344232,False,195.6319999999323
bm25_e5_rrf,TF040,adverse_reaction,4,a7cf71a5-8426-4d7c-8106-e0754e7cb4bf,0.029236022193768675,False,195.6319999999323
bm25_e5_rrf,TF040,adverse_reaction,5,5de4d74d-720e-4d86-a836-f946d70a2d32,0.028258706467661692,False,195.6319999999323
bm25_e5_rrf,TF040,adverse_reaction,6,22e6c188-2e4c-4029-b200-7770a3f00e6e,0.02758751902587519,False,195.6319999999323
bm25_e5_rrf,TF040,adverse_reaction,7,30ce28cb-f702-4cce-8105-137e2f73af0d,0.027071520029266508,False,195.6319999999323
bm25_e5_rrf,TF040,adverse_reaction,8,da79aa00-567d-434c-8441-915ac080f918,0.027046783625730993,False,195.6319999999323
bm25_e5_rrf,TF040,adverse_reaction,9,7abe62fa-6fdb-4466-a16b-73e1770f0c57,0.026992753623188405,False,195.6319999999323
bm25_e5_rrf,TF040,adverse_reaction,10,70b95f72-95ec-43b5-b76f-657518103256,0.026856524873828405,False,195.6319999999323
bm25_e5_rrf,TF041,adverse_reaction,1,7abe62fa-6fdb-4466-a16b-73e1770f0c57,0.03252247488101534,False,192.53570000000764
bm25_e5_rrf,TF041,adverse_reaction,2,5e7838ae-0b80-4d05-b266-deb52de7b401,0.032018442622950824,True,192.53570000000764
bm25_e5_rrf,TF041,adverse_reaction,3,f4580736-a09e-471f-93d2-8089c695eb67,0.03200204813108039,True,192.53570000000764
bm25_e5_rrf,TF041,adverse_reaction,4,15e829a9-a475-429d-b0e3-5c34bfbd3ab7,0.03057889822595705,False,192.53570000000764
bm25_e5_rrf,TF041,adverse_reaction,5,391ad5dc-0d1c-4350-85ba-5aa601d9ac0d,0.030309988518943745,False,192.53570000000764
bm25_e5_rrf,TF041,adverse_reaction,6,2e55093d-0a0f-4fd9-954b-4fc72df9eac0,0.030303030303030304,False,192.53570000000764
bm25_e5_rrf,TF041,adverse_reaction,7,324bc249-0e84-46e9-b77f-856c76cd5353,0.029709507042253523,False,192.53570000000764
bm25_e5_rrf,TF041,adverse_reaction,8,8939253d-3272-4915-8c2b-c60062aeb818,0.02967032967032967,False,192.53570000000764
bm25_e5_rrf,TF041,adverse_reaction,9,a7cf71a5-8426-4d7c-8106-e0754e7cb4bf,0.028594771241830064,False,192.53570000000764
bm25_e5_rrf,TF041,adverse_reaction,10,8f3ed830-3a06-41c6-8b06-cfcf6d36a83c,0.027443609022556388,False,192.53570000000764
bm25_e5_rrf,TF042,procedure,1,fbf62ef9-25b7-437c-98d8-c4934fba0fe6,0.032266458495966696,False,179.55609999989974
bm25_e5_rrf,TF042,procedure,2,dfb2693a-e821-4d6e-bbcc-0dbf3dc2a2ae,0.032018442622950824,True,179.55609999989974
bm25_e5_rrf,TF042,procedure,3,2cea4ea7-7aaf-4c54-ac4e-b660de52065d,0.03149801587301587,False,179.55609999989974
bm25_e5_rrf,TF042,procedure,4,3abbb958-eafe-4ffe-bcfc-dafa7349c15c,0.03128054740957967,True,179.55609999989974
bm25_e5_rrf,TF042,procedure,5,21efe016-3004-45f3-a070-29ce2ecb0019,0.030309988518943745,False,179.55609999989974
bm25_e5_rrf,TF042,procedure,6,b66e5419-8a9c-47f4-866d-ebdb95b174b2,0.028814262023217248,False,179.55609999989974
bm25_e5_rrf,TF042,procedure,7,9131e9a9-eff3-4f4e-a20b-4bdd456c35bc,0.02817460317460317,False,179.55609999989974
bm25_e5_rrf,TF042,procedure,8,bc88f538-e881-4c81-85e9-fca20614315d,0.027783137179239824,False,179.55609999989974
bm25_e5_rrf,TF042,procedure,9,d3b7d61b-50f0-4b96-a770-785a9f3c3886,0.027364110201042444,False,179.55609999989974
bm25_e5_rrf,TF042,procedure,10,e96acbc9-66b4-4df4-953b-3f7b0a846bbc,0.02702702702702703,False,179.55609999989974
bm25_e5_rrf,TF043,procedure,1,e62b0c91-ff0c-43b2-9bd5-ff173d9f8bc0,0.0315136476426799,False,231.11990000052174
bm25_e5_rrf,TF043,procedure,2,fbf62ef9-25b7-437c-98d8-c4934fba0fe6,0.03009207275993712,True,231.11990000052174
bm25_e5_rrf,TF043,procedure,3,4c0dde2a-0432-4cb2-ad33-987f5979ff76,0.02976190476190476,False,231.11990000052174
bm25_e5_rrf,TF043,procedure,4,3ecc27b9-634c-4026-b44e-e01123aa0467,0.02964426877470356,False,231.11990000052174
bm25_e5_rrf,TF043,procedure,5,59d57c8a-c9d7-4f8d-b9a1-a2816f1f01f7,0.029571646010002173,False,231.11990000052174
bm25_e5_rrf,TF043,procedure,6,f9eb1471-4566-4c09-a18e-9f3d84a47e9c,0.02946912242686891,True,231.11990000052174
bm25_e5_rrf,TF043,procedure,7,a3d42ca5-54b5-4b8d-be4e-79337aaab880,0.028665028665028666,False,231.11990000052174
bm25_e5_rrf,TF043,procedure,8,b0b5bc4f-7d0b-4f56-8e37-84178d38637d,0.02857142857142857,False,231.11990000052174
bm25_e5_rrf,TF043,procedure,9,df699ccc-6f51-4281-b4a4-f3d2a20631e0,0.02821939586645469,False,231.11990000052174
bm25_e5_rrf,TF043,procedure,10,2cea4ea7-7aaf-4c54-ac4e-b660de52065d,0.027051561365286855,False,231.11990000052174
bm25_e5_rrf,TF044,fact_specific,1,dfb2693a-e821-4d6e-bbcc-0dbf3dc2a2ae,0.03252247488101534,False,269.1450000011173
bm25_e5_rrf,TF044,fact_specific,2,3abbb958-eafe-4ffe-bcfc-dafa7349c15c,0.031754032258064516,False,269.1450000011173
bm25_e5_rrf,TF044,fact_specific,3,fbf62ef9-25b7-437c-98d8-c4934fba0fe6,0.03057889822595705,False,269.1450000011173
bm25_e5_rrf,TF044,fact_specific,4,2cea4ea7-7aaf-4c54-ac4e-b660de52065d,0.030309988518943745,False,269.1450000011173
bm25_e5_rrf,TF044,fact_specific,5,09f3c6d5-9e0c-4545-960f-b16c69abbeb1,0.03009207275993712,False,269.1450000011173
bm25_e5_rrf,TF044,fact_specific,6,21efe016-3004-45f3-a070-29ce2ecb0019,0.029236022193768675,False,269.1450000011173
bm25_e5_rrf,TF044,fact_specific,7,9131e9a9-eff3-4f4e-a20b-4bdd456c35bc,0.028665028665028666,False,269.1450000011173
bm25_e5_rrf,TF044,fact_specific,8,b66e5419-8a9c-47f4-866d-ebdb95b174b2,0.02761904761904762,False,269.1450000011173
bm25_e5_rrf,TF044,fact_specific,9,bc88f538-e881-4c81-85e9-fca20614315d,0.026356857985087564,False,269.1450000011173
bm25_e5_rrf,TF044,fact_specific,10,3ecc27b9-634c-4026-b44e-e01123aa0467,0.026022913256955812,False,269.1450000011173
bm25_e5_rrf,TF045,paraphrase,1,3abbb958-eafe-4ffe-bcfc-dafa7349c15c,0.03252247488101534,False,212.93770000193035
bm25_e5_rrf,TF045,paraphrase,2,dfb2693a-e821-4d6e-bbcc-0dbf3dc2a2ae,0.032018442622950824,False,212.93770000193035
bm25_e5_rrf,TF045,paraphrase,3,fbf62ef9-25b7-437c-98d8-c4934fba0fe6,0.030798389007344232,False,212.93770000193035
bm25_e5_rrf,TF045,paraphrase,4,fd678588-5ac2-400d-95c5-3309537781ec,0.029910714285714284,True,212.93770000193035
bm25_e5_rrf,TF045,paraphrase,5,2cea4ea7-7aaf-4c54-ac4e-b660de52065d,0.029437229437229435,False,212.93770000193035
bm25_e5_rrf,TF045,paraphrase,6,eda54b74-cd2f-4808-8175-bcc5b916ce90,0.02928692699490662,False,212.93770000193035
bm25_e5_rrf,TF045,paraphrase,7,21efe016-3004-45f3-a070-29ce2ecb0019,0.028814262023217248,False,212.93770000193035
bm25_e5_rrf,TF045,paraphrase,8,9131e9a9-eff3-4f4e-a20b-4bdd456c35bc,0.027479766610201392,False,212.93770000193035
bm25_e5_rrf,TF045,paraphrase,9,bc88f538-e881-4c81-85e9-fca20614315d,0.027417840375586856,False,212.93770000193035
bm25_e5_rrf,TF045,paraphrase,10,b66e5419-8a9c-47f4-866d-ebdb95b174b2,0.027417840375586856,False,212.93770000193035
bm25_e5_rrf,TN001,negative_out_of_scope,1,ee8c2027-ad6d-4bb7-8077-5e4c42be1cc3,0.0315136476426799,False,200.4623000002539
bm25_e5_rrf,TN001,negative_out_of_scope,2,d9a4a9c8-fbd4-41f2-bab6-6abd72575204,0.03149801587301587,False,200.4623000002539
bm25_e5_rrf,TN001,negative_out_of_scope,3,761b9529-5b18-4262-8174-6062c35fb31c,0.0304147465437788,False,200.4623000002539
bm25_e5_rrf,TN001,negative_out_of_scope,4,edd76252-eb29-4acf-9a31-735463528b7d,0.030309988518943745,False,200.4623000002539
bm25_e5_rrf,TN001,negative_out_of_scope,5,fb4884e3-8fea-42fa-b996-7e9c333e7fef,0.03028233151183971,False,200.4623000002539
bm25_e5_rrf,TN001,negative_out_of_scope,6,66dba192-bac5-4b3a-bd4d-77e9eacb4192,0.029857397504456328,False,200.4623000002539
bm25_e5_rrf,TN001,negative_out_of_scope,7,eeb8db46-f757-41f1-9ca5-c022f3d4ea3e,0.027783137179239824,False,200.4623000002539
bm25_e5_rrf,TN001,negative_out_of_scope,8,843aa4c8-3ffd-4747-97eb-8699b0a0eeaf,0.025694893341952164,False,200.4623000002539
bm25_e5_rrf,TN001,negative_out_of_scope,9,10537058-d160-4786-a6cf-95de46d7189c,0.02492401215805471,False,200.4623000002539
bm25_e5_rrf,TN001,negative_out_of_scope,10,bc88f538-e881-4c81-85e9-fca20614315d,0.02483719521429653,False,200.4623000002539
bm25_e5_rrf,TN002,negative_out_of_scope,1,fb4884e3-8fea-42fa-b996-7e9c333e7fef,0.03200204813108039,False,151.30690000114555
bm25_e5_rrf,TN002,negative_out_of_scope,2,eeb8db46-f757-41f1-9ca5-c022f3d4ea3e,0.029709507042253523,False,151.30690000114555
bm25_e5_rrf,TN002,negative_out_of_scope,3,761b9529-5b18-4262-8174-6062c35fb31c,0.028373015873015873,False,151.30690000114555
bm25_e5_rrf,TN002,negative_out_of_scope,4,843aa4c8-3ffd-4747-97eb-8699b0a0eeaf,0.027364110201042444,False,151.30690000114555
bm25_e5_rrf,TN002,negative_out_of_scope,5,ee8c2027-ad6d-4bb7-8077-5e4c42be1cc3,0.02728937728937729,False,151.30690000114555
bm25_e5_rrf,TN002,negative_out_of_scope,6,66dba192-bac5-4b3a-bd4d-77e9eacb4192,0.026779422128259338,False,151.30690000114555
bm25_e5_rrf,TN002,negative_out_of_scope,7,17e22a4e-78d9-4607-b75b-151e52cc4d20,0.02625418060200669,False,151.30690000114555
bm25_e5_rrf,TN002,negative_out_of_scope,8,23c6ca0d-04bf-4081-b90a-9819029dcd73,0.02546333601933924,False,151.30690000114555
bm25_e5_rrf,TN002,negative_out_of_scope,9,fbb0340e-b19d-43c3-a23a-5ee07899e8cd,0.02535559678416821,False,151.30690000114555
bm25_e5_rrf,TN002,negative_out_of_scope,10,e96acbc9-66b4-4df4-953b-3f7b0a846bbc,0.023839931885908897,False,151.30690000114555
bm25_e5_rrf,TN003,negative_out_of_scope,1,ee8c2027-ad6d-4bb7-8077-5e4c42be1cc3,0.03057889822595705,False,129.11290000010922
bm25_e5_rrf,TN003,negative_out_of_scope,2,f7a9837d-f8db-4461-abd8-a3607db2276f,0.02964254577157803,False,129.11290000010922
bm25_e5_rrf,TN003,negative_out_of_scope,3,6ffcd319-e868-444b-b6fe-8d192a4de3ff,0.02921395544346364,False,129.11290000010922
bm25_e5_rrf,TN003,negative_out_of_scope,4,761b9529-5b18-4262-8174-6062c35fb31c,0.02871794871794872,False,129.11290000010922
bm25_e5_rrf,TN003,negative_out_of_scope,5,10537058-d160-4786-a6cf-95de46d7189c,0.02862400327131466,False,129.11290000010922
bm25_e5_rrf,TN003,negative_out_of_scope,6,fbf62ef9-25b7-437c-98d8-c4934fba0fe6,0.02736726874657909,False,129.11290000010922
bm25_e5_rrf,TN003,negative_out_of_scope,7,ffcf7308-6e83-47bc-a519-0b4b7ba44562,0.027346637102734665,False,129.11290000010922
bm25_e5_rrf,TN003,negative_out_of_scope,8,63b53156-440d-40c1-bc88-5c07c23ae77f,0.02701252236135957,False,129.11290000010922
bm25_e5_rrf,TN003,negative_out_of_scope,9,71d2e37c-44e2-4972-8e6b-a6449c2f8404,0.026754075124025514,False,129.11290000010922
bm25_e5_rrf,TN003,negative_out_of_scope,10,ba3d1d87-0c2d-4b67-a0c2-4615c8249c2a,0.02651914295749912,False,129.11290000010922
bm25_e5_rrf,TN004,negative_out_of_scope,1,ee8c2027-ad6d-4bb7-8077-5e4c42be1cc3,0.03125763125763126,False,140.4145000005883
bm25_e5_rrf,TN004,negative_out_of_scope,2,761b9529-5b18-4262-8174-6062c35fb31c,0.030834914611005692,False,140.4145000005883
bm25_e5_rrf,TN004,negative_out_of_scope,3,66dba192-bac5-4b3a-bd4d-77e9eacb4192,0.030776515151515152,False,140.4145000005883
bm25_e5_rrf,TN004,negative_out_of_scope,4,10537058-d160-4786-a6cf-95de46d7189c,0.030679156908665108,False,140.4145000005883
bm25_e5_rrf,TN004,negative_out_of_scope,5,843aa4c8-3ffd-4747-97eb-8699b0a0eeaf,0.029857397504456328,False,140.4145000005883
bm25_e5_rrf,TN004,negative_out_of_scope,6,fb4884e3-8fea-42fa-b996-7e9c333e7fef,0.029051670471052088,False,140.4145000005883
bm25_e5_rrf,TN004,negative_out_of_scope,7,4d18d11e-2a92-4690-8a64-46653931483e,0.028814262023217248,False,140.4145000005883
bm25_e5_rrf,TN004,negative_out_of_scope,8,d9a4a9c8-fbd4-41f2-bab6-6abd72575204,0.028782894736842105,False,140.4145000005883
bm25_e5_rrf,TN004,negative_out_of_scope,9,23c6ca0d-04bf-4081-b90a-9819029dcd73,0.02819138376017471,False,140.4145000005883
bm25_e5_rrf,TN004,negative_out_of_scope,10,ffcf7308-6e83-47bc-a519-0b4b7ba44562,0.02694394213381555,False,140.4145000005883
bm25_e5_rrf,TN005,negative_out_of_scope,1,fd678588-5ac2-400d-95c5-3309537781ec,0.031544957774465976,False,141.66350000050443
bm25_e5_rrf,TN005,negative_out_of_scope,2,3abbb958-eafe-4ffe-bcfc-dafa7349c15c,0.030536130536130537,False,141.66350000050443
bm25_e5_rrf,TN005,negative_out_of_scope,3,dfb2693a-e821-4d6e-bbcc-0dbf3dc2a2ae,0.02976190476190476,False,141.66350000050443
bm25_e5_rrf,TN005,negative_out_of_scope,4,eda54b74-cd2f-4808-8175-bcc5b916ce90,0.029116045245077504,False,141.66350000050443
bm25_e5_rrf,TN005,negative_out_of_scope,5,84c0a864-176f-4776-a15e-167fc2518e5d,0.027745885954841176,False,141.66350000050443
bm25_e5_rrf,TN005,negative_out_of_scope,6,b225ae64-72d2-4e59-81c0-57f5d8438666,0.027629397679130595,False,141.66350000050443
bm25_e5_rrf,TN005,negative_out_of_scope,7,22e6c188-2e4c-4029-b200-7770a3f00e6e,0.027252906976744186,False,141.66350000050443
bm25_e5_rrf,TN005,negative_out_of_scope,8,7e68f70a-ba74-4eb8-bbae-c7e9f7340567,0.026785714285714288,False,141.66350000050443
bm25_e5_rrf,TN005,negative_out_of_scope,9,7adacb8c-91c0-4ea7-8d82-7505eeac5042,0.026182294223531334,False,141.66350000050443
bm25_e5_rrf,TN005,negative_out_of_scope,10,66dba192-bac5-4b3a-bd4d-77e9eacb4192,0.025478740668614087,False,141.66350000050443
bm25_e5_rrf,TP001,product_specific,1,54fdf811-dedd-4016-b144-3e4bfdcd67c8,0.032266458495966696,False,280.0844000012148
bm25_e5_rrf,TP001,product_specific,2,0f6b0fc1-9d70-479f-a87d-a26e954e2adb,0.03131881575727918,False,280.0844000012148
bm25_e5_rrf,TP001,product_specific,3,ba3d1d87-0c2d-4b67-a0c2-4615c8249c2a,0.030330882352941176,True,280.0844000012148
bm25_e5_rrf,TP001,product_specific,4,23c6ca0d-04bf-4081-b90a-9819029dcd73,0.027972027972027972,True,280.0844000012148
bm25_e5_rrf,TP001,product_specific,5,e96acbc9-66b4-4df4-953b-3f7b0a846bbc,0.026736111111111113,False,280.0844000012148
bm25_e5_rrf,TP001,product_specific,6,4c0dde2a-0432-4cb2-ad33-987f5979ff76,0.02623004235907462,False,280.0844000012148
bm25_e5_rrf,TP001,product_specific,7,646d4165-73db-4f69-84da-5f393cd81988,0.02604430914933198,False,280.0844000012148
bm25_e5_rrf,TP001,product_specific,8,71d2e37c-44e2-4972-8e6b-a6449c2f8404,0.025937081659973226,False,280.0844000012148
bm25_e5_rrf,TP001,product_specific,9,ee8c2027-ad6d-4bb7-8077-5e4c42be1cc3,0.025779967159277502,False,280.0844000012148
bm25_e5_rrf,TP001,product_specific,10,63b53156-440d-40c1-bc88-5c07c23ae77f,0.02571241401899771,False,280.0844000012148
bm25_e5_rrf,TP002,product_specific,1,4c0dde2a-0432-4cb2-ad33-987f5979ff76,0.03252247488101534,False,152.4647999995068
bm25_e5_rrf,TP002,product_specific,2,b0b5bc4f-7d0b-4f56-8e37-84178d38637d,0.032266458495966696,False,152.4647999995068
bm25_e5_rrf,TP002,product_specific,3,f7a9837d-f8db-4461-abd8-a3607db2276f,0.031754032258064516,False,152.4647999995068
bm25_e5_rrf,TP002,product_specific,4,c404e320-0bf2-4325-be92-7a0614f201ca,0.03149801587301587,False,152.4647999995068
bm25_e5_rrf,TP002,product_specific,5,b10b8f1c-ed17-44ca-8d7c-1a4f19a12c67,0.02877846790890269,False,152.4647999995068
bm25_e5_rrf,TP002,product_specific,6,7e68f70a-ba74-4eb8-bbae-c7e9f7340567,0.028438886647841874,False,152.4647999995068
bm25_e5_rrf,TP002,product_specific,7,b225ae64-72d2-4e59-81c0-57f5d8438666,0.027912386121341344,False,152.4647999995068
bm25_e5_rrf,TP002,product_specific,8,36bac780-b1a2-42dc-8cca-3605f80c5521,0.027579737335834898,False,152.4647999995068
bm25_e5_rrf,TP002,product_specific,9,21d38039-895b-46a4-8902-96e380ce41aa,0.026992753623188405,False,152.4647999995068
bm25_e5_rrf,TP002,product_specific,10,a3d42ca5-54b5-4b8d-be4e-79337aaab880,0.0264957264957265,False,152.4647999995068
bm25_e5_rrf,TP003,temporal,1,c404e320-0bf2-4325-be92-7a0614f201ca,0.03252247488101534,False,171.4906000006522
bm25_e5_rrf,TP003,temporal,2,63b53156-440d-40c1-bc88-5c07c23ae77f,0.032266458495966696,True,171.4906000006522
bm25_e5_rrf,TP003,temporal,3,21efe016-3004-45f3-a070-29ce2ecb0019,0.031054405392392875,False,171.4906000006522
bm25_e5_rrf,TP003,temporal,4,ffcf7308-6e83-47bc-a519-0b4b7ba44562,0.031009615384615385,False,171.4906000006522
bm25_e5_rrf,TP003,temporal,5,59d57c8a-c9d7-4f8d-b9a1-a2816f1f01f7,0.031009615384615385,False,171.4906000006522
bm25_e5_rrf,TP003,temporal,6,f7a9837d-f8db-4461-abd8-a3607db2276f,0.029857397504456328,False,171.4906000006522
bm25_e5_rrf,TP003,temporal,7,9131e9a9-eff3-4f4e-a20b-4bdd456c35bc,0.029030910609857977,False,171.4906000006522
bm25_e5_rrf,TP003,temporal,8,23c6ca0d-04bf-4081-b90a-9819029dcd73,0.02877846790890269,False,171.4906000006522
bm25_e5_rrf,TP003,temporal,9,5de4d74d-720e-4d86-a836-f946d70a2d32,0.02797339593114241,False,171.4906000006522
bm25_e5_rrf,TP003,temporal,10,71d2e37c-44e2-4972-8e6b-a6449c2f8404,0.027799227799227798,False,171.4906000006522
bm25_e5_rrf,TP004,temporal,1,63b53156-440d-40c1-bc88-5c07c23ae77f,0.03278688524590164,True,188.12999999954627
bm25_e5_rrf,TP004,temporal,2,c404e320-0bf2-4325-be92-7a0614f201ca,0.031754032258064516,False,188.12999999954627
bm25_e5_rrf,TP004,temporal,3,f7a9837d-f8db-4461-abd8-a3607db2276f,0.0315136476426799,False,188.12999999954627
bm25_e5_rrf,TP004,temporal,4,21efe016-3004-45f3-a070-29ce2ecb0019,0.031009615384615385,False,188.12999999954627
bm25_e5_rrf,TP004,temporal,5,ffcf7308-6e83-47bc-a519-0b4b7ba44562,0.03057889822595705,False,188.12999999954627
bm25_e5_rrf,TP004,temporal,6,71d2e37c-44e2-4972-8e6b-a6449c2f8404,0.030303030303030304,True,188.12999999954627
bm25_e5_rrf,TP004,temporal,7,23c6ca0d-04bf-4081-b90a-9819029dcd73,0.029957522915269395,False,188.12999999954627
bm25_e5_rrf,TP004,temporal,8,b66e5419-8a9c-47f4-866d-ebdb95b174b2,0.029211087420042643,False,188.12999999954627
bm25_e5_rrf,TP004,temporal,9,5de4d74d-720e-4d86-a836-f946d70a2d32,0.028594771241830064,False,188.12999999954627
bm25_e5_rrf,TP004,temporal,10,f4580736-a09e-471f-93d2-8089c695eb67,0.02690501986276634,False,188.12999999954627
bm25_e5_rrf,TP005,temporal,1,da79aa00-567d-434c-8441-915ac080f918,0.03278688524590164,True,193.71289999980945
bm25_e5_rrf,TP005,temporal,2,ba3d1d87-0c2d-4b67-a0c2-4615c8249c2a,0.03200204813108039,False,193.71289999980945
bm25_e5_rrf,TP005,temporal,3,0f6b0fc1-9d70-479f-a87d-a26e954e2adb,0.03125763125763126,False,193.71289999980945
bm25_e5_rrf,TP005,temporal,4,5de4d74d-720e-4d86-a836-f946d70a2d32,0.031054405392392875,False,193.71289999980945
bm25_e5_rrf,TP005,temporal,5,54fdf811-dedd-4016-b144-3e4bfdcd67c8,0.030330882352941176,False,193.71289999980945
bm25_e5_rrf,TP005,temporal,6,c404e320-0bf2-4325-be92-7a0614f201ca,0.029437229437229435,False,193.71289999980945
bm25_e5_rrf,TP005,temporal,7,30ce28cb-f702-4cce-8105-137e2f73af0d,0.028484848484848488,False,193.71289999980945
bm25_e5_rrf,TP005,temporal,8,22e6c188-2e4c-4029-b200-7770a3f00e6e,0.028083267871170464,False,193.71289999980945
bm25_e5_rrf,TP005,temporal,9,9b6cc313-9a59-4387-a5ce-2ed14389a0a7,0.028006267136701922,False,193.71289999980945
bm25_e5_rrf,TP005,temporal,10,a7cf71a5-8426-4d7c-8106-e0754e7cb4bf,0.026709401709401708,False,193.71289999980945
bm25_e5_rrf,TP006,product_specific,1,e96acbc9-66b4-4df4-953b-3f7b0a846bbc,0.03278688524590164,True,204.3511000001672
bm25_e5_rrf,TP006,product_specific,2,9131e9a9-eff3-4f4e-a20b-4bdd456c35bc,0.03225806451612903,False,204.3511000001672
bm25_e5_rrf,TP006,product_specific,3,54fdf811-dedd-4016-b144-3e4bfdcd67c8,0.031746031746031744,False,204.3511000001672
bm25_e5_rrf,TP006,product_specific,4,d4c1a9ca-23c5-4ae0-9a51-c56675b2e6d1,0.03125,False,204.3511000001672
bm25_e5_rrf,TP006,product_specific,5,324bc249-0e84-46e9-b77f-856c76cd5353,0.029857397504456328,False,204.3511000001672
bm25_e5_rrf,TP006,product_specific,6,4c0dde2a-0432-4cb2-ad33-987f5979ff76,0.02946912242686891,False,204.3511000001672
bm25_e5_rrf,TP006,product_specific,7,73735f01-c9d0-4dd5-8d46-c70045e4b334,0.02904040404040404,False,204.3511000001672
bm25_e5_rrf,TP006,product_specific,8,e62b0c91-ff0c-43b2-9bd5-ff173d9f8bc0,0.0288981288981289,False,204.3511000001672
bm25_e5_rrf,TP006,product_specific,9,3ecc27b9-634c-4026-b44e-e01123aa0467,0.02758751902587519,False,204.3511000001672
bm25_e5_rrf,TP006,product_specific,10,b66e5419-8a9c-47f4-866d-ebdb95b174b2,0.02715098147128967,False,204.3511000001672
bm25_e5_rrf,TP007,product_specific,1,e62b0c91-ff0c-43b2-9bd5-ff173d9f8bc0,0.032266458495966696,False,206.20289999897068
bm25_e5_rrf,TP007,product_specific,2,9131e9a9-eff3-4f4e-a20b-4bdd456c35bc,0.03131881575727918,False,206.20289999897068
bm25_e5_rrf,TP007,product_specific,3,4c0dde2a-0432-4cb2-ad33-987f5979ff76,0.030798389007344232,False,206.20289999897068
bm25_e5_rrf,TP007,product_specific,4,7abe62fa-6fdb-4466-a16b-73e1770f0c57,0.030776515151515152,False,206.20289999897068
bm25_e5_rrf,TP007,product_specific,5,324bc249-0e84-46e9-b77f-856c76cd5353,0.03021353930031804,True,206.20289999897068
bm25_e5_rrf,TP007,product_specific,6,3ecc27b9-634c-4026-b44e-e01123aa0467,0.030090497737556562,False,206.20289999897068
bm25_e5_rrf,TP007,product_specific,7,e96acbc9-66b4-4df4-953b-3f7b0a846bbc,0.029910714285714284,False,206.20289999897068
bm25_e5_rrf,TP007,product_specific,8,54fdf811-dedd-4016-b144-3e4bfdcd67c8,0.02967032967032967,False,206.20289999897068
bm25_e5_rrf,TP007,product_specific,9,7c33fbb7-e931-4f6b-9520-23875ec9ee5b,0.02964254577157803,False,206.20289999897068
bm25_e5_rrf,TP007,product_specific,10,d4c1a9ca-23c5-4ae0-9a51-c56675b2e6d1,0.02904040404040404,True,206.20289999897068
bm25_e5_rrf,TP008,product_specific,1,9131e9a9-eff3-4f4e-a20b-4bdd456c35bc,0.031544957774465976,True,156.16970000064612
bm25_e5_rrf,TP008,product_specific,2,e62b0c91-ff0c-43b2-9bd5-ff173d9f8bc0,0.03125,False,156.16970000064612
bm25_e5_rrf,TP008,product_specific,3,df699ccc-6f51-4281-b4a4-f3d2a20631e0,0.031099324975891997,False,156.16970000064612
bm25_e5_rrf,TP008,product_specific,4,7c33fbb7-e931-4f6b-9520-23875ec9ee5b,0.0304147465437788,False,156.16970000064612
bm25_e5_rrf,TP008,product_specific,5,54fdf811-dedd-4016-b144-3e4bfdcd67c8,0.030158730158730156,True,156.16970000064612
bm25_e5_rrf,TP008,product_specific,6,3ecc27b9-634c-4026-b44e-e01123aa0467,0.030090497737556562,False,156.16970000064612
bm25_e5_rrf,TP008,product_specific,7,4c0dde2a-0432-4cb2-ad33-987f5979ff76,0.03007688828584351,False,156.16970000064612
bm25_e5_rrf,TP008,product_specific,8,d4c1a9ca-23c5-4ae0-9a51-c56675b2e6d1,0.02928692699490662,False,156.16970000064612
bm25_e5_rrf,TP008,product_specific,9,a3d42ca5-54b5-4b8d-be4e-79337aaab880,0.028693528693528692,False,156.16970000064612
bm25_e5_rrf,TP008,product_specific,10,e96acbc9-66b4-4df4-953b-3f7b0a846bbc,0.028577260665441927,False,156.16970000064612
bm25_e5_rrf,TP009,product_specific,1,2cea4ea7-7aaf-4c54-ac4e-b660de52065d,0.03252247488101534,False,154.96950000033394
bm25_e5_rrf,TP009,product_specific,2,bc88f538-e881-4c81-85e9-fca20614315d,0.032018442622950824,True,154.96950000033394
bm25_e5_rrf,TP009,product_specific,3,21efe016-3004-45f3-a070-29ce2ecb0019,0.03200204813108039,False,154.96950000033394
bm25_e5_rrf,TP009,product_specific,4,b66e5419-8a9c-47f4-866d-ebdb95b174b2,0.03125763125763126,False,154.96950000033394
bm25_e5_rrf,TP009,product_specific,5,4c0dde2a-0432-4cb2-ad33-987f5979ff76,0.03007688828584351,False,154.96950000033394
bm25_e5_rrf,TP009,product_specific,6,f9eb1471-4566-4c09-a18e-9f3d84a47e9c,0.028577260665441927,False,154.96950000033394
bm25_e5_rrf,TP009,product_specific,7,b0d368a1-d0fc-4b8b-8567-e190cf462986,0.02758751902587519,False,154.96950000033394
bm25_e5_rrf,TP009,product_specific,8,16efaa44-1554-4748-8407-48fac0bced94,0.026041666666666664,False,154.96950000033394
bm25_e5_rrf,TP009,product_specific,9,6ffcd319-e868-444b-b6fe-8d192a4de3ff,0.025987006496751626,False,154.96950000033394
bm25_e5_rrf,TP009,product_specific,10,36bac780-b1a2-42dc-8cca-3605f80c5521,0.025694893341952164,False,154.96950000033394
bm25_e5_rrf,TP010,product_specific,1,2cea4ea7-7aaf-4c54-ac4e-b660de52065d,0.03252247488101534,False,133.26670000060403
bm25_e5_rrf,TP010,product_specific,2,21efe016-3004-45f3-a070-29ce2ecb0019,0.031754032258064516,False,133.26670000060403
bm25_e5_rrf,TP010,product_specific,3,b66e5419-8a9c-47f4-866d-ebdb95b174b2,0.031746031746031744,True,133.26670000060403
bm25_e5_rrf,TP010,product_specific,4,bc88f538-e881-4c81-85e9-fca20614315d,0.031544957774465976,False,133.26670000060403
bm25_e5_rrf,TP010,product_specific,5,dfb2693a-e821-4d6e-bbcc-0dbf3dc2a2ae,0.028577260665441927,False,133.26670000060403
bm25_e5_rrf,TP010,product_specific,6,fbf62ef9-25b7-437c-98d8-c4934fba0fe6,0.02821939586645469,False,133.26670000060403
bm25_e5_rrf,TP010,product_specific,7,eda54b74-cd2f-4808-8175-bcc5b916ce90,0.027106227106227107,False,133.26670000060403
bm25_e5_rrf,TP010,product_specific,8,7adacb8c-91c0-4ea7-8d82-7505eeac5042,0.026547116736990152,False,133.26670000060403
bm25_e5_rrf,TP010,product_specific,9,f7a9837d-f8db-4461-abd8-a3607db2276f,0.026144907723855092,False,133.26670000060403
bm25_e5_rrf,TP010,product_specific,10,5de4d74d-720e-4d86-a836-f946d70a2d32,0.026137303556658397,False,133.26670000060403
bm25_e5_rrf,TP011,temporal,1,b66e5419-8a9c-47f4-866d-ebdb95b174b2,0.03252247488101534,True,95.24309999869729
bm25_e5_rrf,TP011,temporal,2,c404e320-0bf2-4325-be92-7a0614f201ca,0.032266458495966696,False,95.24309999869729
bm25_e5_rrf,TP011,temporal,3,23c6ca0d-04bf-4081-b90a-9819029dcd73,0.028949545078577336,False,95.24309999869729
bm25_e5_rrf,TP011,temporal,4,ee8c2027-ad6d-4bb7-8077-5e4c42be1cc3,0.028006267136701922,False,95.24309999869729
bm25_e5_rrf,TP011,temporal,5,ffcf7308-6e83-47bc-a519-0b4b7ba44562,0.02690100430416069,False,95.24309999869729
bm25_e5_rrf,TP011,temporal,6,d3b7d61b-50f0-4b96-a770-785a9f3c3886,0.026860955056179775,False,95.24309999869729
bm25_e5_rrf,TP011,temporal,7,63b53156-440d-40c1-bc88-5c07c23ae77f,0.026779422128259338,False,95.24309999869729
bm25_e5_rrf,TP011,temporal,8,761b9529-5b18-4262-8174-6062c35fb31c,0.026515151515151516,False,95.24309999869729
bm25_e5_rrf,TP011,temporal,9,21efe016-3004-45f3-a070-29ce2ecb0019,0.026182294223531334,True,95.24309999869729
bm25_e5_rrf,TP011,temporal,10,2cea4ea7-7aaf-4c54-ac4e-b660de52065d,0.02582908163265306,False,95.24309999869729
bm25_e5_rrf,TP012,product_specific,1,21efe016-3004-45f3-a070-29ce2ecb0019,0.03278688524590164,True,160.37469999810128
bm25_e5_rrf,TP012,product_specific,2,2cea4ea7-7aaf-4c54-ac4e-b660de52065d,0.03225806451612903,False,160.37469999810128
bm25_e5_rrf,TP012,product_specific,3,b66e5419-8a9c-47f4-866d-ebdb95b174b2,0.03125,False,160.37469999810128
bm25_e5_rrf,TP012,product_specific,4,bc88f538-e881-4c81-85e9-fca20614315d,0.03057889822595705,False,160.37469999810128
bm25_e5_rrf,TP012,product_specific,5,c404e320-0bf2-4325-be92-7a0614f201ca,0.030309988518943745,False,160.37469999810128
bm25_e5_rrf,TP012,product_specific,6,f7a9837d-f8db-4461-abd8-a3607db2276f,0.030090497737556562,False,160.37469999810128
bm25_e5_rrf,TP012,product_specific,7,23c6ca0d-04bf-4081-b90a-9819029dcd73,0.03007688828584351,False,160.37469999810128
bm25_e5_rrf,TP012,product_specific,8,4c0dde2a-0432-4cb2-ad33-987f5979ff76,0.02964426877470356,False,160.37469999810128
bm25_e5_rrf,TP012,product_specific,9,d3b7d61b-50f0-4b96-a770-785a9f3c3886,0.025974025974025976,False,160.37469999810128
bm25_e5_rrf,TP012,product_specific,10,66dba192-bac5-4b3a-bd4d-77e9eacb4192,0.025098039215686277,False,160.37469999810128
bm25_e5_rrf,TP013,procedure,1,9b6cc313-9a59-4387-a5ce-2ed14389a0a7,0.032018442622950824,True,151.08199999849603
bm25_e5_rrf,TP013,procedure,2,5de4d74d-720e-4d86-a836-f946d70a2d32,0.031024531024531024,False,151.08199999849603
bm25_e5_rrf,TP013,procedure,3,a7cf71a5-8426-4d7c-8106-e0754e7cb4bf,0.03021353930031804,False,151.08199999849603
bm25_e5_rrf,TP013,procedure,4,30ce28cb-f702-4cce-8105-137e2f73af0d,0.029513888888888888,False,151.08199999849603
bm25_e5_rrf,TP013,procedure,5,22e6c188-2e4c-4029-b200-7770a3f00e6e,0.029083245521601686,True,151.08199999849603
bm25_e5_rrf,TP013,procedure,6,c78ff32d-ea17-41fd-98ef-2e8872f01df3,0.028474711270410194,False,151.08199999849603
bm25_e5_rrf,TP013,procedure,7,8f3ed830-3a06-41c6-8b06-cfcf6d36a83c,0.02792120864410021,False,151.08199999849603
bm25_e5_rrf,TP013,procedure,8,16efaa44-1554-4748-8407-48fac0bced94,0.027417840375586856,False,151.08199999849603
bm25_e5_rrf,TP013,procedure,9,73735f01-c9d0-4dd5-8d46-c70045e4b334,0.026785714285714288,False,151.08199999849603
bm25_e5_rrf,TP013,procedure,10,d3b7d61b-50f0-4b96-a770-785a9f3c3886,0.02674825174825175,False,151.08199999849603
bm25_e5_rrf,TP014,temporal,1,30ce28cb-f702-4cce-8105-137e2f73af0d,0.032266458495966696,True,143.19899999918562
bm25_e5_rrf,TP014,temporal,2,22e6c188-2e4c-4029-b200-7770a3f00e6e,0.031754032258064516,False,143.19899999918562
bm25_e5_rrf,TP014,temporal,3,70b95f72-95ec-43b5-b76f-657518103256,0.030776515151515152,False,143.19899999918562
bm25_e5_rrf,TP014,temporal,4,0a4f11c7-39e8-41fe-bd14-48456671f531,0.03076923076923077,False,143.19899999918562
bm25_e5_rrf,TP014,temporal,5,48b9789d-5088-4ba1-a82a-be3a6396ce85,0.03036576949620428,False,143.19899999918562
bm25_e5_rrf,TP014,temporal,6,cfff9bf0-05e4-4179-a793-f3c705d04812,0.029850746268656716,False,143.19899999918562
bm25_e5_rrf,TP014,temporal,7,d3b7d61b-50f0-4b96-a770-785a9f3c3886,0.029437229437229435,False,143.19899999918562
bm25_e5_rrf,TP014,temporal,8,6ffcd319-e868-444b-b6fe-8d192a4de3ff,0.028588564574170333,False,143.19899999918562
bm25_e5_rrf,TP014,temporal,9,a952e706-800e-493c-886a-8f06602fb2be,0.028370221327967807,False,143.19899999918562
bm25_e5_rrf,TP014,temporal,10,a7cf71a5-8426-4d7c-8106-e0754e7cb4bf,0.027598020555767037,False,143.19899999918562
bm25_e5_rrf,TP015,preparation,1,30ce28cb-f702-4cce-8105-137e2f73af0d,0.032266458495966696,False,172.50070000045525
bm25_e5_rrf,TP015,preparation,2,70b95f72-95ec-43b5-b76f-657518103256,0.03225806451612903,False,172.50070000045525
bm25_e5_rrf,TP015,preparation,3,22e6c188-2e4c-4029-b200-7770a3f00e6e,0.03149801587301587,False,172.50070000045525
bm25_e5_rrf,TP015,preparation,4,d3b7d61b-50f0-4b96-a770-785a9f3c3886,0.031099324975891997,True,172.50070000045525
bm25_e5_rrf,TP015,preparation,5,48b9789d-5088-4ba1-a82a-be3a6396ce85,0.03076923076923077,False,172.50070000045525
bm25_e5_rrf,TP015,preparation,6,0a4f11c7-39e8-41fe-bd14-48456671f531,0.029910714285714284,False,172.50070000045525
bm25_e5_rrf,TP015,preparation,7,cfff9bf0-05e4-4179-a793-f3c705d04812,0.029418126757516764,False,172.50070000045525
bm25_e5_rrf,TP015,preparation,8,f1611d72-8c47-41f8-bfee-99d5ffdfe12a,0.029236022193768675,False,172.50070000045525
bm25_e5_rrf,TP015,preparation,9,a952e706-800e-493c-886a-8f06602fb2be,0.027984344422700584,False,172.50070000045525
bm25_e5_rrf,TP015,preparation,10,4d18d11e-2a92-4690-8a64-46653931483e,0.027417840375586856,False,172.50070000045525
bm25_e5_rrf,TP016,temporal,1,0a4f11c7-39e8-41fe-bd14-48456671f531,0.03252247488101534,True,285.58930000053806
bm25_e5_rrf,TP016,temporal,2,d3b7d61b-50f0-4b96-a770-785a9f3c3886,0.032018442622950824,False,285.58930000053806
bm25_e5_rrf,TP016,temporal,3,48b9789d-5088-4ba1-a82a-be3a6396ce85,0.031754032258064516,False,285.58930000053806
bm25_e5_rrf,TP016,temporal,4,70b95f72-95ec-43b5-b76f-657518103256,0.030536130536130537,True,285.58930000053806
bm25_e5_rrf,TP016,temporal,5,b8c70ff9-e1b2-40ce-9a0a-f65a53899d13,0.030158730158730156,False,285.58930000053806
bm25_e5_rrf,TP016,temporal,6,30ce28cb-f702-4cce-8105-137e2f73af0d,0.03007688828584351,False,285.58930000053806
bm25_e5_rrf,TP016,temporal,7,22e6c188-2e4c-4029-b200-7770a3f00e6e,0.029411764705882353,False,285.58930000053806
bm25_e5_rrf,TP016,temporal,8,b66e5419-8a9c-47f4-866d-ebdb95b174b2,0.029386529386529386,False,285.58930000053806
bm25_e5_rrf,TP016,temporal,9,cfff9bf0-05e4-4179-a793-f3c705d04812,0.029083245521601686,False,285.58930000053806
bm25_e5_rrf,TP016,temporal,10,63b53156-440d-40c1-bc88-5c07c23ae77f,0.027598020555767037,False,285.58930000053806
bm25_e5_rrf,TP017,preparation,1,73735f01-c9d0-4dd5-8d46-c70045e4b334,0.03252247488101534,True,153.32090000083554
bm25_e5_rrf,TP017,preparation,2,74c0eabe-77c7-4dbf-a321-27966a12fafb,0.03149801587301587,False,153.32090000083554
bm25_e5_rrf,TP017,preparation,3,16efaa44-1554-4748-8407-48fac0bced94,0.030834914611005692,False,153.32090000083554
bm25_e5_rrf,TP017,preparation,4,b0d368a1-d0fc-4b8b-8567-e190cf462986,0.028205128205128206,False,153.32090000083554
bm25_e5_rrf,TP017,preparation,5,c404e320-0bf2-4325-be92-7a0614f201ca,0.02797339593114241,False,153.32090000083554
bm25_e5_rrf,TP017,preparation,6,d2e0fc0a-bf0e-4226-abbf-e9f3dea2fce8,0.027598020555767037,False,153.32090000083554
bm25_e5_rrf,TP017,preparation,7,6ffcd319-e868-444b-b6fe-8d192a4de3ff,0.027425373134328357,False,153.32090000083554
bm25_e5_rrf,TP017,preparation,8,7e5199d4-e5c9-40ca-a69f-ea37f52c6ce3,0.027271052146674038,False,153.32090000083554
bm25_e5_rrf,TP017,preparation,9,22e6c188-2e4c-4029-b200-7770a3f00e6e,0.027222222222222224,False,153.32090000083554
bm25_e5_rrf,TP017,preparation,10,48b9789d-5088-4ba1-a82a-be3a6396ce85,0.026916221033868093,False,153.32090000083554
bm25_e5_rrf,TP018,preparation,1,6ffcd319-e868-444b-b6fe-8d192a4de3ff,0.03252247488101534,True,156.6541000001962
bm25_e5_rrf,TP018,preparation,2,73735f01-c9d0-4dd5-8d46-c70045e4b334,0.031754032258064516,True,156.6541000001962
bm25_e5_rrf,TP018,preparation,3,8f3ed830-3a06-41c6-8b06-cfcf6d36a83c,0.030776515151515152,False,156.6541000001962
bm25_e5_rrf,TP018,preparation,4,36bac780-b1a2-42dc-8cca-3605f80c5521,0.030090497737556562,False,156.6541000001962
bm25_e5_rrf,TP018,preparation,5,84c0a864-176f-4776-a15e-167fc2518e5d,0.029957522915269395,False,156.6541000001962
bm25_e5_rrf,TP018,preparation,6,9552a4ac-31b4-43a8-aa92-37bd3e89362a,0.02921395544346364,False,156.6541000001962
bm25_e5_rrf,TP018,preparation,7,98d006ac-5212-4c8c-8a63-4cbd4d6caffc,0.0288981288981289,False,156.6541000001962
bm25_e5_rrf,TP018,preparation,8,74c0eabe-77c7-4dbf-a321-27966a12fafb,0.028814262023217248,False,156.6541000001962
bm25_e5_rrf,TP018,preparation,9,eda54b74-cd2f-4808-8175-bcc5b916ce90,0.02877846790890269,False,156.6541000001962
bm25_e5_rrf,TP018,preparation,10,7e5199d4-e5c9-40ca-a69f-ea37f52c6ce3,0.02862400327131466,False,156.6541000001962
bm25_e5_rrf,TP019,temporal,1,c404e320-0bf2-4325-be92-7a0614f201ca,0.03252247488101534,True,217.45549999832292
bm25_e5_rrf,TP019,temporal,2,b0d368a1-d0fc-4b8b-8567-e190cf462986,0.03252247488101534,False,217.45549999832292
bm25_e5_rrf,TP019,temporal,3,919e93ca-fed9-4dde-b9b8-f870e207a3f3,0.031024531024531024,False,217.45549999832292
bm25_e5_rrf,TP019,temporal,4,b66e5419-8a9c-47f4-866d-ebdb95b174b2,0.030798389007344232,False,217.45549999832292
bm25_e5_rrf,TP019,temporal,5,74c0eabe-77c7-4dbf-a321-27966a12fafb,0.03007688828584351,False,217.45549999832292
bm25_e5_rrf,TP019,temporal,6,16efaa44-1554-4748-8407-48fac0bced94,0.029910714285714284,False,217.45549999832292
bm25_e5_rrf,TP019,temporal,7,63b53156-440d-40c1-bc88-5c07c23ae77f,0.029877369007803793,False,217.45549999832292
bm25_e5_rrf,TP019,temporal,8,b7876bcb-b1d0-409a-831d-45e59e35a44e,0.02854251012145749,False,217.45549999832292
bm25_e5_rrf,TP019,temporal,9,d3b7d61b-50f0-4b96-a770-785a9f3c3886,0.027272727272727275,False,217.45549999832292
bm25_e5_rrf,TP019,temporal,10,ffcf7308-6e83-47bc-a519-0b4b7ba44562,0.025320462098433298,False,217.45549999832292
bm25_e5_rrf,TP020,temporal,1,6ffcd319-e868-444b-b6fe-8d192a4de3ff,0.03252247488101534,False,151.57190000081755
bm25_e5_rrf,TP020,temporal,2,c404e320-0bf2-4325-be92-7a0614f201ca,0.03252247488101534,True,151.57190000081755
bm25_e5_rrf,TP020,temporal,3,919e93ca-fed9-4dde-b9b8-f870e207a3f3,0.031009615384615385,False,151.57190000081755
bm25_e5_rrf,TP020,temporal,4,16efaa44-1554-4748-8407-48fac0bced94,0.029513888888888888,False,151.57190000081755
bm25_e5_rrf,TP020,temporal,5,b0d368a1-d0fc-4b8b-8567-e190cf462986,0.028373015873015873,False,151.57190000081755
bm25_e5_rrf,TP020,temporal,6,da79aa00-567d-434c-8441-915ac080f918,0.028006267136701922,False,151.57190000081755
bm25_e5_rrf,TP020,temporal,7,8f3ed830-3a06-41c6-8b06-cfcf6d36a83c,0.027272727272727275,False,151.57190000081755
bm25_e5_rrf,TP020,temporal,8,74c0eabe-77c7-4dbf-a321-27966a12fafb,0.027236652236652236,False,151.57190000081755
bm25_e5_rrf,TP020,temporal,9,59d57c8a-c9d7-4f8d-b9a1-a2816f1f01f7,0.02690100430416069,False,151.57190000081755
bm25_e5_rrf,TP020,temporal,10,5de4d74d-720e-4d86-a836-f946d70a2d32,0.026830135039090264,False,151.57190000081755
bm25_e5_rrf,TP021,fact_specific,1,919e93ca-fed9-4dde-b9b8-f870e207a3f3,0.03252247488101534,True,218.0318000000625
bm25_e5_rrf,TP021,fact_specific,2,b0d368a1-d0fc-4b8b-8567-e190cf462986,0.03200204813108039,True,218.0318000000625
bm25_e5_rrf,TP021,fact_specific,3,f7a9837d-f8db-4461-abd8-a3607db2276f,0.03177805800756621,False,218.0318000000625
bm25_e5_rrf,TP021,fact_specific,4,74c0eabe-77c7-4dbf-a321-27966a12fafb,0.03125,False,218.0318000000625
bm25_e5_rrf,TP021,fact_specific,5,6ffcd319-e868-444b-b6fe-8d192a4de3ff,0.030536130536130537,False,218.0318000000625
bm25_e5_rrf,TP021,fact_specific,6,b7876bcb-b1d0-409a-831d-45e59e35a44e,0.03007688828584351,False,218.0318000000625
bm25_e5_rrf,TP021,fact_specific,7,c404e320-0bf2-4325-be92-7a0614f201ca,0.029957522915269395,False,218.0318000000625
bm25_e5_rrf,TP021,fact_specific,8,73735f01-c9d0-4dd5-8d46-c70045e4b334,0.02900988017658188,False,218.0318000000625
bm25_e5_rrf,TP021,fact_specific,9,16efaa44-1554-4748-8407-48fac0bced94,0.028594771241830064,False,218.0318000000625
bm25_e5_rrf,TP021,fact_specific,10,d2e0fc0a-bf0e-4226-abbf-e9f3dea2fce8,0.02817460317460317,False,218.0318000000625
bm25_e5_rrf,TP022,fact_specific,1,919e93ca-fed9-4dde-b9b8-f870e207a3f3,0.03252247488101534,False,161.5536000008433
bm25_e5_rrf,TP022,fact_specific,2,b7876bcb-b1d0-409a-831d-45e59e35a44e,0.03252247488101534,True,161.5536000008433
bm25_e5_rrf,TP022,fact_specific,3,16efaa44-1554-4748-8407-48fac0bced94,0.03125763125763126,False,161.5536000008433
bm25_e5_rrf,TP022,fact_specific,4,74c0eabe-77c7-4dbf-a321-27966a12fafb,0.030776515151515152,False,161.5536000008433
bm25_e5_rrf,TP022,fact_specific,5,b0d368a1-d0fc-4b8b-8567-e190cf462986,0.029877369007803793,False,161.5536000008433
bm25_e5_rrf,TP022,fact_specific,6,6ffcd319-e868-444b-b6fe-8d192a4de3ff,0.029437229437229435,False,161.5536000008433
bm25_e5_rrf,TP022,fact_specific,7,f7a9837d-f8db-4461-abd8-a3607db2276f,0.02900988017658188,False,161.5536000008433
bm25_e5_rrf,TP022,fact_specific,8,7e68f70a-ba74-4eb8-bbae-c7e9f7340567,0.02821869488536155,False,161.5536000008433
bm25_e5_rrf,TP022,fact_specific,9,c404e320-0bf2-4325-be92-7a0614f201ca,0.027820121951219513,False,161.5536000008433
bm25_e5_rrf,TP022,fact_specific,10,15e829a9-a475-429d-b0e3-5c34bfbd3ab7,0.027692895339954164,False,161.5536000008433
bm25_e5_rrf,TP023,preparation,1,b225ae64-72d2-4e59-81c0-57f5d8438666,0.031544957774465976,False,211.12600000014936
bm25_e5_rrf,TP023,preparation,2,eda54b74-cd2f-4808-8175-bcc5b916ce90,0.031544957774465976,True,211.12600000014936
bm25_e5_rrf,TP023,preparation,3,7adacb8c-91c0-4ea7-8d82-7505eeac5042,0.03055037313432836,False,211.12600000014936
bm25_e5_rrf,TP023,preparation,4,fd678588-5ac2-400d-95c5-3309537781ec,0.02928692699490662,False,211.12600000014936
bm25_e5_rrf,TP023,preparation,5,21d38039-895b-46a4-8902-96e380ce41aa,0.029206349206349208,False,211.12600000014936
bm25_e5_rrf,TP023,preparation,6,7e68f70a-ba74-4eb8-bbae-c7e9f7340567,0.028404512489927477,False,211.12600000014936
bm25_e5_rrf,TP023,preparation,7,b0d368a1-d0fc-4b8b-8567-e190cf462986,0.028283227848101264,False,211.12600000014936
bm25_e5_rrf,TP023,preparation,8,b8c70ff9-e1b2-40ce-9a0a-f65a53899d13,0.028205128205128206,False,211.12600000014936
bm25_e5_rrf,TP023,preparation,9,36bac780-b1a2-42dc-8cca-3605f80c5521,0.027884615384615386,False,211.12600000014936
bm25_e5_rrf,TP023,preparation,10,73735f01-c9d0-4dd5-8d46-c70045e4b334,0.027583600982429624,False,211.12600000014936
bm25_e5_rrf,TP024,preparation,1,84c0a864-176f-4776-a15e-167fc2518e5d,0.03225806451612903,False,220.63689999959024
bm25_e5_rrf,TP024,preparation,2,eda54b74-cd2f-4808-8175-bcc5b916ce90,0.031544957774465976,False,220.63689999959024
bm25_e5_rrf,TP024,preparation,3,98d006ac-5212-4c8c-8a63-4cbd4d6caffc,0.031099324975891997,False,220.63689999959024
bm25_e5_rrf,TP024,preparation,4,b225ae64-72d2-4e59-81c0-57f5d8438666,0.031024531024531024,False,220.63689999959024
bm25_e5_rrf,TP024,preparation,5,36bac780-b1a2-42dc-8cca-3605f80c5521,0.03076923076923077,True,220.63689999959024
bm25_e5_rrf,TP024,preparation,6,9552a4ac-31b4-43a8-aa92-37bd3e89362a,0.029957522915269395,False,220.63689999959024
bm25_e5_rrf,TP024,preparation,7,7e5199d4-e5c9-40ca-a69f-ea37f52c6ce3,0.028790389395194696,False,220.63689999959024
bm25_e5_rrf,TP024,preparation,8,8f3ed830-3a06-41c6-8b06-cfcf6d36a83c,0.02862400327131466,False,220.63689999959024
bm25_e5_rrf,TP024,preparation,9,7adacb8c-91c0-4ea7-8d82-7505eeac5042,0.02857142857142857,False,220.63689999959024
bm25_e5_rrf,TP024,preparation,10,a7cf71a5-8426-4d7c-8106-e0754e7cb4bf,0.02844551282051282,False,220.63689999959024
bm25_e5_rrf,TP025,temporal,1,54fdf811-dedd-4016-b144-3e4bfdcd67c8,0.031754032258064516,False,227.28859999915585
bm25_e5_rrf,TP025,temporal,2,a7cf71a5-8426-4d7c-8106-e0754e7cb4bf,0.031099324975891997,False,227.28859999915585
bm25_e5_rrf,TP025,temporal,3,f4580736-a09e-471f-93d2-8089c695eb67,0.03036576949620428,False,227.28859999915585
bm25_e5_rrf,TP025,temporal,4,f9cfc75b-a5e7-4633-a798-4b17ea462325,0.03009207275993712,False,227.28859999915585
bm25_e5_rrf,TP025,temporal,5,8939253d-3272-4915-8c2b-c60062aeb818,0.03007688828584351,False,227.28859999915585
bm25_e5_rrf,TP025,temporal,6,2e55093d-0a0f-4fd9-954b-4fc72df9eac0,0.028371628371628373,False,227.28859999915585
bm25_e5_rrf,TP025,temporal,7,23c6ca0d-04bf-4081-b90a-9819029dcd73,0.027051561365286855,False,227.28859999915585
bm25_e5_rrf,TP025,temporal,8,71d2e37c-44e2-4972-8e6b-a6449c2f8404,0.025252525252525252,False,227.28859999915585
bm25_e5_rrf,TP025,temporal,9,ffcf7308-6e83-47bc-a519-0b4b7ba44562,0.025007766387076732,False,227.28859999915585
bm25_e5_rrf,TP025,temporal,10,e96acbc9-66b4-4df4-953b-3f7b0a846bbc,0.02481203007518797,False,227.28859999915585
bm25_e5_rrf,TP026,procedure,1,9b6cc313-9a59-4387-a5ce-2ed14389a0a7,0.03278688524590164,False,216.65560000110418
bm25_e5_rrf,TP026,procedure,2,5de4d74d-720e-4d86-a836-f946d70a2d32,0.03149801587301587,True,216.65560000110418
bm25_e5_rrf,TP026,procedure,3,f9cfc75b-a5e7-4633-a798-4b17ea462325,0.028949545078577336,False,216.65560000110418
bm25_e5_rrf,TP026,procedure,4,b0b5bc4f-7d0b-4f56-8e37-84178d38637d,0.02803379416282642,False,216.65560000110418
bm25_e5_rrf,TP026,procedure,5,4c0dde2a-0432-4cb2-ad33-987f5979ff76,0.027972027972027972,False,216.65560000110418
bm25_e5_rrf,TP026,procedure,6,36bac780-b1a2-42dc-8cca-3605f80c5521,0.027884615384615386,False,216.65560000110418
bm25_e5_rrf,TP026,procedure,7,98d006ac-5212-4c8c-8a63-4cbd4d6caffc,0.02661401098901099,False,216.65560000110418
bm25_e5_rrf,TP026,procedure,8,74c0eabe-77c7-4dbf-a321-27966a12fafb,0.0260840108401084,False,216.65560000110418
bm25_e5_rrf,TP026,procedure,9,2cea4ea7-7aaf-4c54-ac4e-b660de52065d,0.0259915611814346,False,216.65560000110418
bm25_e5_rrf,TP026,procedure,10,73735f01-c9d0-4dd5-8d46-c70045e4b334,0.02591362126245847,False,216.65560000110418
bm25_e5_rrf,TP027,fact_specific,1,5de4d74d-720e-4d86-a836-f946d70a2d32,0.03252247488101534,True,215.27880000121513
bm25_e5_rrf,TP027,fact_specific,2,da79aa00-567d-434c-8441-915ac080f918,0.029513888888888888,False,215.27880000121513
bm25_e5_rrf,TP027,fact_specific,3,cfff9bf0-05e4-4179-a793-f3c705d04812,0.028790389395194696,False,215.27880000121513
bm25_e5_rrf,TP027,fact_specific,4,df699ccc-6f51-4281-b4a4-f3d2a20631e0,0.02832415420928403,False,215.27880000121513
bm25_e5_rrf,TP027,fact_specific,5,59d57c8a-c9d7-4f8d-b9a1-a2816f1f01f7,0.02792120864410021,False,215.27880000121513
bm25_e5_rrf,TP027,fact_specific,6,c404e320-0bf2-4325-be92-7a0614f201ca,0.02701252236135957,False,215.27880000121513
bm25_e5_rrf,TP027,fact_specific,7,16efaa44-1554-4748-8407-48fac0bced94,0.0266900790166813,False,215.27880000121513
bm25_e5_rrf,TP027,fact_specific,8,21efe016-3004-45f3-a070-29ce2ecb0019,0.02662057044079516,False,215.27880000121513
bm25_e5_rrf,TP027,fact_specific,9,3ecc27b9-634c-4026-b44e-e01123aa0467,0.026120660599932594,False,215.27880000121513
bm25_e5_rrf,TP027,fact_specific,10,b0b5bc4f-7d0b-4f56-8e37-84178d38637d,0.02604430914933198,False,215.27880000121513
bm25_e5_rrf,TP028,fact_specific,1,54fdf811-dedd-4016-b144-3e4bfdcd67c8,0.03252247488101534,False,205.6810999993104
bm25_e5_rrf,TP028,fact_specific,2,4c0dde2a-0432-4cb2-ad33-987f5979ff76,0.032266458495966696,False,205.6810999993104
bm25_e5_rrf,TP028,fact_specific,3,d4c1a9ca-23c5-4ae0-9a51-c56675b2e6d1,0.03125763125763126,False,205.6810999993104
bm25_e5_rrf,TP028,fact_specific,4,23c6ca0d-04bf-4081-b90a-9819029dcd73,0.031054405392392875,False,205.6810999993104
bm25_e5_rrf,TP028,fact_specific,5,e62b0c91-ff0c-43b2-9bd5-ff173d9f8bc0,0.031009615384615385,True,205.6810999993104
bm25_e5_rrf,TP028,fact_specific,6,e96acbc9-66b4-4df4-953b-3f7b0a846bbc,0.030303030303030304,False,205.6810999993104
bm25_e5_rrf,TP028,fact_specific,7,bc88f538-e881-4c81-85e9-fca20614315d,0.02900988017658188,False,205.6810999993104
bm25_e5_rrf,TP028,fact_specific,8,df699ccc-6f51-4281-b4a4-f3d2a20631e0,0.028370221327967807,False,205.6810999993104
bm25_e5_rrf,TP028,fact_specific,9,73735f01-c9d0-4dd5-8d46-c70045e4b334,0.027984344422700584,False,205.6810999993104
bm25_e5_rrf,TP028,fact_specific,10,d9a4a9c8-fbd4-41f2-bab6-6abd72575204,0.027222222222222224,False,205.6810999993104
bm25_e5_rrf,TP029,product_specific,1,54fdf811-dedd-4016-b144-3e4bfdcd67c8,0.032266458495966696,False,180.93300000145973
bm25_e5_rrf,TP029,product_specific,2,4c0dde2a-0432-4cb2-ad33-987f5979ff76,0.03225806451612903,False,180.93300000145973
bm25_e5_rrf,TP029,product_specific,3,e96acbc9-66b4-4df4-953b-3f7b0a846bbc,0.031009615384615385,False,180.93300000145973
bm25_e5_rrf,TP029,product_specific,4,59d57c8a-c9d7-4f8d-b9a1-a2816f1f01f7,0.030679156908665108,True,180.93300000145973
bm25_e5_rrf,TP029,product_specific,5,d4c1a9ca-23c5-4ae0-9a51-c56675b2e6d1,0.03057889822595705,False,180.93300000145973
bm25_e5_rrf,TP029,product_specific,6,7c33fbb7-e931-4f6b-9520-23875ec9ee5b,0.03055037313432836,False,180.93300000145973
bm25_e5_rrf,TP029,product_specific,7,3ecc27b9-634c-4026-b44e-e01123aa0467,0.030536130536130537,False,180.93300000145973
bm25_e5_rrf,TP029,product_specific,8,63b53156-440d-40c1-bc88-5c07c23ae77f,0.02904040404040404,False,180.93300000145973
bm25_e5_rrf,TP029,product_specific,9,1033ac46-dec8-493e-b577-7f5ad80f8e86,0.028790389395194696,False,180.93300000145973
bm25_e5_rrf,TP029,product_specific,10,5de4d74d-720e-4d86-a836-f946d70a2d32,0.02819138376017471,False,180.93300000145973
bm25_e5_rrf,TP030,paraphrase,1,b0b5bc4f-7d0b-4f56-8e37-84178d38637d,0.031544957774465976,True,202.66979999996693
bm25_e5_rrf,TP030,paraphrase,2,4c0dde2a-0432-4cb2-ad33-987f5979ff76,0.03149801587301587,False,202.66979999996693
bm25_e5_rrf,TP030,paraphrase,3,f7a9837d-f8db-4461-abd8-a3607db2276f,0.03149801587301587,False,202.66979999996693
bm25_e5_rrf,TP030,paraphrase,4,c404e320-0bf2-4325-be92-7a0614f201ca,0.029850746268656716,False,202.66979999996693
bm25_e5_rrf,TP030,paraphrase,5,f4580736-a09e-471f-93d2-8089c695eb67,0.028949545078577336,False,202.66979999996693
bm25_e5_rrf,TP030,paraphrase,6,23c6ca0d-04bf-4081-b90a-9819029dcd73,0.02871794871794872,False,202.66979999996693
bm25_e5_rrf,TP030,paraphrase,7,8939253d-3272-4915-8c2b-c60062aeb818,0.02758751902587519,False,202.66979999996693
bm25_e5_rrf,TP030,paraphrase,8,646d4165-73db-4f69-84da-5f393cd81988,0.027526395173453996,False,202.66979999996693
bm25_e5_rrf,TP030,paraphrase,9,4d18d11e-2a92-4690-8a64-46653931483e,0.026992753623188405,False,202.66979999996693
bm25_e5_rrf,TP030,paraphrase,10,1033ac46-dec8-493e-b577-7f5ad80f8e86,0.02649122807017544,False,202.66979999996693
bm25_e5_rrf,TP031,monitoring,1,a7cf71a5-8426-4d7c-8106-e0754e7cb4bf,0.03177805800756621,True,142.91849999972328
bm25_e5_rrf,TP031,monitoring,2,7e5199d4-e5c9-40ca-a69f-ea37f52c6ce3,0.031754032258064516,False,142.91849999972328
bm25_e5_rrf,TP031,monitoring,3,16efaa44-1554-4748-8407-48fac0bced94,0.03036576949620428,False,142.91849999972328
bm25_e5_rrf,TP031,monitoring,4,73735f01-c9d0-4dd5-8d46-c70045e4b334,0.030090497737556562,False,142.91849999972328
bm25_e5_rrf,TP031,monitoring,5,30ce28cb-f702-4cce-8105-137e2f73af0d,0.02817460317460317,False,142.91849999972328
bm25_e5_rrf,TP031,monitoring,6,22e6c188-2e4c-4029-b200-7770a3f00e6e,0.028169014084507043,False,142.91849999972328
bm25_e5_rrf,TP031,monitoring,7,d3b7d61b-50f0-4b96-a770-785a9f3c3886,0.02797067901234568,False,142.91849999972328
bm25_e5_rrf,TP031,monitoring,8,64fa07b8-63c3-43c8-899e-5bd6282225ed,0.02736726874657909,False,142.91849999972328
bm25_e5_rrf,TP031,monitoring,9,b225ae64-72d2-4e59-81c0-57f5d8438666,0.02724014336917563,False,142.91849999972328
bm25_e5_rrf,TP031,monitoring,10,c404e320-0bf2-4325-be92-7a0614f201ca,0.02712049508554787,False,142.91849999972328
bm25_e5_rrf,TP032,adverse_reaction,1,15e829a9-a475-429d-b0e3-5c34bfbd3ab7,0.03278688524590164,True,285.79500000068947
bm25_e5_rrf,TP032,adverse_reaction,2,391ad5dc-0d1c-4350-85ba-5aa601d9ac0d,0.031054405392392875,False,285.79500000068947
bm25_e5_rrf,TP032,adverse_reaction,3,7abe62fa-6fdb-4466-a16b-73e1770f0c57,0.030621785881252923,False,285.79500000068947
bm25_e5_rrf,TP032,adverse_reaction,4,8939253d-3272-4915-8c2b-c60062aeb818,0.029910714285714284,True,285.79500000068947
bm25_e5_rrf,TP032,adverse_reaction,5,2e55093d-0a0f-4fd9-954b-4fc72df9eac0,0.02976190476190476,False,285.79500000068947
bm25_e5_rrf,TP032,adverse_reaction,6,a7cf71a5-8426-4d7c-8106-e0754e7cb4bf,0.02804284323271665,False,285.79500000068947
bm25_e5_rrf,TP032,adverse_reaction,7,5de4d74d-720e-4d86-a836-f946d70a2d32,0.027598020555767037,False,285.79500000068947
bm25_e5_rrf,TP032,adverse_reaction,8,9b6cc313-9a59-4387-a5ce-2ed14389a0a7,0.027051561365286855,False,285.79500000068947
bm25_e5_rrf,TP032,adverse_reaction,9,da79aa00-567d-434c-8441-915ac080f918,0.02668564312399929,False,285.79500000068947
bm25_e5_rrf,TP032,adverse_reaction,10,9552a4ac-31b4-43a8-aa92-37bd3e89362a,0.026494565217391304,False,285.79500000068947
bm25_e5_rrf,TP033,adverse_reaction,1,8939253d-3272-4915-8c2b-c60062aeb818,0.03278688524590164,True,216.29630000006728
bm25_e5_rrf,TP033,adverse_reaction,2,15e829a9-a475-429d-b0e3-5c34bfbd3ab7,0.0315136476426799,False,216.29630000006728
bm25_e5_rrf,TP033,adverse_reaction,3,7abe62fa-6fdb-4466-a16b-73e1770f0c57,0.03149801587301587,True,216.29630000006728
bm25_e5_rrf,TP033,adverse_reaction,4,2e55093d-0a0f-4fd9-954b-4fc72df9eac0,0.03125763125763126,False,216.29630000006728
bm25_e5_rrf,TP033,adverse_reaction,5,f4580736-a09e-471f-93d2-8089c695eb67,0.030330882352941176,False,216.29630000006728
bm25_e5_rrf,TP033,adverse_reaction,6,324bc249-0e84-46e9-b77f-856c76cd5353,0.029827662395050816,False,216.29630000006728
bm25_e5_rrf,TP033,adverse_reaction,7,da79aa00-567d-434c-8441-915ac080f918,0.026992753623188405,False,216.29630000006728
bm25_e5_rrf,TP033,adverse_reaction,8,66dba192-bac5-4b3a-bd4d-77e9eacb4192,0.026916221033868093,False,216.29630000006728
bm25_e5_rrf,TP033,adverse_reaction,9,ee8c2027-ad6d-4bb7-8077-5e4c42be1cc3,0.025793650793650792,False,216.29630000006728
bm25_e5_rrf,TP033,adverse_reaction,10,5de4d74d-720e-4d86-a836-f946d70a2d32,0.02571241401899771,False,216.29630000006728
bm25_e5_rrf,TP034,adverse_reaction,1,7abe62fa-6fdb-4466-a16b-73e1770f0c57,0.03278688524590164,True,384.38610000048357
bm25_e5_rrf,TP034,adverse_reaction,2,2e55093d-0a0f-4fd9-954b-4fc72df9eac0,0.03200204813108039,True,384.38610000048357
bm25_e5_rrf,TP034,adverse_reaction,3,5e7838ae-0b80-4d05-b266-deb52de7b401,0.03200204813108039,False,384.38610000048357
bm25_e5_rrf,TP034,adverse_reaction,4,da79aa00-567d-434c-8441-915ac080f918,0.03055037313432836,False,384.38610000048357
bm25_e5_rrf,TP034,adverse_reaction,5,324bc249-0e84-46e9-b77f-856c76cd5353,0.030330882352941176,False,384.38610000048357
bm25_e5_rrf,TP034,adverse_reaction,6,15e829a9-a475-429d-b0e3-5c34bfbd3ab7,0.030090497737556562,False,384.38610000048357
bm25_e5_rrf,TP034,adverse_reaction,7,8939253d-3272-4915-8c2b-c60062aeb818,0.029418126757516764,False,384.38610000048357
bm25_e5_rrf,TP034,adverse_reaction,8,70b95f72-95ec-43b5-b76f-657518103256,0.026785714285714288,False,384.38610000048357
bm25_e5_rrf,TP034,adverse_reaction,9,9552a4ac-31b4-43a8-aa92-37bd3e89362a,0.0264957264957265,False,384.38610000048357
bm25_e5_rrf,TP034,adverse_reaction,10,8f3ed830-3a06-41c6-8b06-cfcf6d36a83c,0.02649122807017544,False,384.38610000048357
bm25_e5_rrf,TN006,negative_out_of_scope,1,71d2e37c-44e2-4972-8e6b-a6449c2f8404,0.03278688524590164,False,171.21859999951994
bm25_e5_rrf,TN006,negative_out_of_scope,2,ffcf7308-6e83-47bc-a519-0b4b7ba44562,0.03200204813108039,False,171.21859999951994
bm25_e5_rrf,TN006,negative_out_of_scope,3,f4580736-a09e-471f-93d2-8089c695eb67,0.030798389007344232,False,171.21859999951994
bm25_e5_rrf,TN006,negative_out_of_scope,4,5de4d74d-720e-4d86-a836-f946d70a2d32,0.030536130536130537,False,171.21859999951994
bm25_e5_rrf,TN006,negative_out_of_scope,5,15e829a9-a475-429d-b0e3-5c34bfbd3ab7,0.029236022193768675,False,171.21859999951994
bm25_e5_rrf,TN006,negative_out_of_scope,6,ee8c2027-ad6d-4bb7-8077-5e4c42be1cc3,0.028381642512077296,False,171.21859999951994
bm25_e5_rrf,TN006,negative_out_of_scope,7,66dba192-bac5-4b3a-bd4d-77e9eacb4192,0.027984344422700584,False,171.21859999951994
bm25_e5_rrf,TN006,negative_out_of_scope,8,0f6b0fc1-9d70-479f-a87d-a26e954e2adb,0.026973565905412694,False,171.21859999951994
bm25_e5_rrf,TN006,negative_out_of_scope,9,ba3d1d87-0c2d-4b67-a0c2-4615c8249c2a,0.02690100430416069,False,171.21859999951994
bm25_e5_rrf,TN006,negative_out_of_scope,10,da79aa00-567d-434c-8441-915ac080f918,0.02661401098901099,False,171.21859999951994
bm25_e5_rrf,TN007,negative_out_of_scope,1,54fdf811-dedd-4016-b144-3e4bfdcd67c8,0.028958333333333336,False,150.55520000078104
bm25_e5_rrf,TN007,negative_out_of_scope,2,23c6ca0d-04bf-4081-b90a-9819029dcd73,0.02886002886002886,False,150.55520000078104
bm25_e5_rrf,TN007,negative_out_of_scope,3,ba3d1d87-0c2d-4b67-a0c2-4615c8249c2a,0.028283227848101264,False,150.55520000078104
bm25_e5_rrf,TN007,negative_out_of_scope,4,63b53156-440d-40c1-bc88-5c07c23ae77f,0.02788769549651404,False,150.55520000078104
bm25_e5_rrf,TN007,negative_out_of_scope,5,09f3c6d5-9e0c-4545-960f-b16c69abbeb1,0.0277569392348087,False,150.55520000078104
bm25_e5_rrf,TN007,negative_out_of_scope,6,9131e9a9-eff3-4f4e-a20b-4bdd456c35bc,0.027637721755368813,False,150.55520000078104
bm25_e5_rrf,TN007,negative_out_of_scope,7,0f6b0fc1-9d70-479f-a87d-a26e954e2adb,0.027425373134328357,False,150.55520000078104
bm25_e5_rrf,TN007,negative_out_of_scope,8,10537058-d160-4786-a6cf-95de46d7189c,0.02667140825035562,False,150.55520000078104
bm25_e5_rrf,TN007,negative_out_of_scope,9,71d2e37c-44e2-4972-8e6b-a6449c2f8404,0.02661064425770308,False,150.55520000078104
bm25_e5_rrf,TN007,negative_out_of_scope,10,7c33fbb7-e931-4f6b-9520-23875ec9ee5b,0.02639344262295082,False,150.55520000078104
bm25_e5_rrf,TN008,negative_out_of_scope,1,d9a4a9c8-fbd4-41f2-bab6-6abd72575204,0.030621785881252923,False,214.48139999847626
bm25_e5_rrf,TN008,negative_out_of_scope,2,b66e5419-8a9c-47f4-866d-ebdb95b174b2,0.03057889822595705,False,214.48139999847626
bm25_e5_rrf,TN008,negative_out_of_scope,3,bc88f538-e881-4c81-85e9-fca20614315d,0.03055037313432836,False,214.48139999847626
bm25_e5_rrf,TN008,negative_out_of_scope,4,ee8c2027-ad6d-4bb7-8077-5e4c42be1cc3,0.02967032967032967,False,214.48139999847626
bm25_e5_rrf,TN008,negative_out_of_scope,5,fb4884e3-8fea-42fa-b996-7e9c333e7fef,0.02964426877470356,False,214.48139999847626
bm25_e5_rrf,TN008,negative_out_of_scope,6,edd76252-eb29-4acf-9a31-735463528b7d,0.029513888888888888,False,214.48139999847626
bm25_e5_rrf,TN008,negative_out_of_scope,7,2cea4ea7-7aaf-4c54-ac4e-b660de52065d,0.02844163539403516,False,214.48139999847626
bm25_e5_rrf,TN008,negative_out_of_scope,8,eeb8db46-f757-41f1-9ca5-c022f3d4ea3e,0.027443609022556388,False,214.48139999847626
bm25_e5_rrf,TN008,negative_out_of_scope,9,21efe016-3004-45f3-a070-29ce2ecb0019,0.02736498731424429,False,214.48139999847626
bm25_e5_rrf,TN008,negative_out_of_scope,10,761b9529-5b18-4262-8174-6062c35fb31c,0.027271052146674038,False,214.48139999847626
bm25_e5_rrf,TN009,negative_out_of_scope,1,ee8c2027-ad6d-4bb7-8077-5e4c42be1cc3,0.0315136476426799,False,146.11499999864463
bm25_e5_rrf,TN009,negative_out_of_scope,2,66dba192-bac5-4b3a-bd4d-77e9eacb4192,0.029437229437229435,False,146.11499999864463
bm25_e5_rrf,TN009,negative_out_of_scope,3,10537058-d160-4786-a6cf-95de46d7189c,0.02877846790890269,False,146.11499999864463
bm25_e5_rrf,TN009,negative_out_of_scope,4,761b9529-5b18-4262-8174-6062c35fb31c,0.02832415420928403,False,146.11499999864463
bm25_e5_rrf,TN009,negative_out_of_scope,5,fb4884e3-8fea-42fa-b996-7e9c333e7fef,0.02815814850530376,False,146.11499999864463
bm25_e5_rrf,TN009,negative_out_of_scope,6,54fdf811-dedd-4016-b144-3e4bfdcd67c8,0.02603648424543947,False,146.11499999864463
bm25_e5_rrf,TN009,negative_out_of_scope,7,63b53156-440d-40c1-bc88-5c07c23ae77f,0.02574682290807064,False,146.11499999864463
bm25_e5_rrf,TN009,negative_out_of_scope,8,eeb8db46-f757-41f1-9ca5-c022f3d4ea3e,0.02571241401899771,False,146.11499999864463
bm25_e5_rrf,TN009,negative_out_of_scope,9,e96acbc9-66b4-4df4-953b-3f7b0a846bbc,0.02557875991581674,False,146.11499999864463
bm25_e5_rrf,TN009,negative_out_of_scope,10,0f6b0fc1-9d70-479f-a87d-a26e954e2adb,0.023258904837852208,False,146.11499999864463
bm25_e5_rrf,TN010,negative_out_of_scope,1,54fdf811-dedd-4016-b144-3e4bfdcd67c8,0.029083245521601686,False,146.46469999934197
bm25_e5_rrf,TN010,negative_out_of_scope,2,761b9529-5b18-4262-8174-6062c35fb31c,0.028814262023217248,False,146.46469999934197
bm25_e5_rrf,TN010,negative_out_of_scope,3,ee8c2027-ad6d-4bb7-8077-5e4c42be1cc3,0.02782608695652174,False,146.46469999934197
bm25_e5_rrf,TN010,negative_out_of_scope,4,fb4884e3-8fea-42fa-b996-7e9c333e7fef,0.02719970792259949,False,146.46469999934197
bm25_e5_rrf,TN010,negative_out_of_scope,5,e96acbc9-66b4-4df4-953b-3f7b0a846bbc,0.025274725274725275,False,146.46469999934197
bm25_e5_rrf,TN010,negative_out_of_scope,6,eeb8db46-f757-41f1-9ca5-c022f3d4ea3e,0.02523809523809524,False,146.46469999934197
bm25_e5_rrf,TN010,negative_out_of_scope,7,d9a4a9c8-fbd4-41f2-bab6-6abd72575204,0.02490996398559424,False,146.46469999934197
bm25_e5_rrf,TN010,negative_out_of_scope,8,d4c1a9ca-23c5-4ae0-9a51-c56675b2e6d1,0.02483719521429653,False,146.46469999934197
bm25_e5_rrf,TN010,negative_out_of_scope,9,66dba192-bac5-4b3a-bd4d-77e9eacb4192,0.02470238095238095,False,146.46469999934197
bm25_e5_rrf,TN010,negative_out_of_scope,10,bc88f538-e881-4c81-85e9-fca20614315d,0.024039829302987197,False,146.46469999934197
bm25_e5_rrf,TN011,negative_out_of_scope,1,ee8c2027-ad6d-4bb7-8077-5e4c42be1cc3,0.029877369007803793,False,206.84150000033696
bm25_e5_rrf,TN011,negative_out_of_scope,2,66dba192-bac5-4b3a-bd4d-77e9eacb4192,0.028309409888357256,False,206.84150000033696
bm25_e5_rrf,TN011,negative_out_of_scope,3,edd76252-eb29-4acf-9a31-735463528b7d,0.025342039800995024,False,206.84150000033696
bm25_e5_rrf,TN011,negative_out_of_scope,4,63e9db23-9c0a-4e6a-a272-3d118d242ca2,0.024492753623188406,False,206.84150000033696
bm25_e5_rrf,TN011,negative_out_of_scope,5,21efe016-3004-45f3-a070-29ce2ecb0019,0.022431077694235586,False,206.84150000033696
bm25_e5_rrf,TN011,negative_out_of_scope,6,fb4884e3-8fea-42fa-b996-7e9c333e7fef,0.01639344262295082,False,206.84150000033696
bm25_e5_rrf,TN011,negative_out_of_scope,7,f4580736-a09e-471f-93d2-8089c695eb67,0.01639344262295082,False,206.84150000033696
bm25_e5_rrf,TN011,negative_out_of_scope,8,761b9529-5b18-4262-8174-6062c35fb31c,0.016129032258064516,False,206.84150000033696
bm25_e5_rrf,TN011,negative_out_of_scope,9,64fa07b8-63c3-43c8-899e-5bd6282225ed,0.016129032258064516,False,206.84150000033696
bm25_e5_rrf,TN011,negative_out_of_scope,10,c78ff32d-ea17-41fd-98ef-2e8872f01df3,0.015873015873015872,False,206.84150000033696
bm25_e5_rrf_rerank,TF001,fact_specific,1,c78ff32d-ea17-41fd-98ef-2e8872f01df3,0.0818710208390797,True,342.5345000005109
bm25_e5_rrf_rerank,TF001,fact_specific,2,fd678588-5ac2-400d-95c5-3309537781ec,0.06439070420387463,False,342.5345000005109
bm25_e5_rrf_rerank,TF001,fact_specific,3,8259ed27-8646-4502-a959-aab1e9f1770f,0.05765822784810126,False,342.5345000005109
bm25_e5_rrf_rerank,TF001,fact_specific,4,48b9789d-5088-4ba1-a82a-be3a6396ce85,0.036952441496007585,False,342.5345000005109
bm25_e5_rrf_rerank,TF001,fact_specific,5,73735f01-c9d0-4dd5-8d46-c70045e4b334,0.03614915710025363,False,342.5345000005109
bm25_e5_rrf_rerank,TF001,fact_specific,6,cfff9bf0-05e4-4179-a793-f3c705d04812,0.034886025803599195,False,342.5345000005109
bm25_e5_rrf_rerank,TF001,fact_specific,7,8f3ed830-3a06-41c6-8b06-cfcf6d36a83c,0.03472737950056595,False,342.5345000005109
bm25_e5_rrf_rerank,TF001,fact_specific,8,16efaa44-1554-4748-8407-48fac0bced94,0.03457875674951333,False,342.5345000005109
bm25_e5_rrf_rerank,TF001,fact_specific,9,5de4d74d-720e-4d86-a836-f946d70a2d32,0.03457237952935952,False,342.5345000005109
bm25_e5_rrf_rerank,TF001,fact_specific,10,30ce28cb-f702-4cce-8105-137e2f73af0d,0.03437949473911837,False,342.5345000005109
bm25_e5_rrf_rerank,TF002,paraphrase,1,c78ff32d-ea17-41fd-98ef-2e8872f01df3,0.10862576578484205,True,200.55630000115343
bm25_e5_rrf_rerank,TF002,paraphrase,2,8259ed27-8646-4502-a959-aab1e9f1770f,0.07499531172490029,False,200.55630000115343
bm25_e5_rrf_rerank,TF002,paraphrase,3,fd678588-5ac2-400d-95c5-3309537781ec,0.06377620381843753,False,200.55630000115343
bm25_e5_rrf_rerank,TF002,paraphrase,4,73735f01-c9d0-4dd5-8d46-c70045e4b334,0.05320434294991838,False,200.55630000115343
bm25_e5_rrf_rerank,TF002,paraphrase,5,5de4d74d-720e-4d86-a836-f946d70a2d32,0.04168426818957274,False,200.55630000115343
bm25_e5_rrf_rerank,TF002,paraphrase,6,9b6cc313-9a59-4387-a5ce-2ed14389a0a7,0.04024210462814722,False,200.55630000115343
bm25_e5_rrf_rerank,TF002,paraphrase,7,a7cf71a5-8426-4d7c-8106-e0754e7cb4bf,0.03658076529350426,False,200.55630000115343
bm25_e5_rrf_rerank,TF002,paraphrase,8,16efaa44-1554-4748-8407-48fac0bced94,0.035432355036980674,False,200.55630000115343
bm25_e5_rrf_rerank,TF002,paraphrase,9,cfff9bf0-05e4-4179-a793-f3c705d04812,0.03524015936820336,False,200.55630000115343
bm25_e5_rrf_rerank,TF002,paraphrase,10,30ce28cb-f702-4cce-8105-137e2f73af0d,0.03502231177200145,False,200.55630000115343
bm25_e5_rrf_rerank,TF003,product_specific,1,0f6b0fc1-9d70-479f-a87d-a26e954e2adb,0.05085628603325516,False,285.4265999994823
bm25_e5_rrf_rerank,TF003,product_specific,2,ba3d1d87-0c2d-4b67-a0c2-4615c8249c2a,0.050048504468055484,True,285.4265999994823
bm25_e5_rrf_rerank,TF003,product_specific,3,54fdf811-dedd-4016-b144-3e4bfdcd67c8,0.04298672693150498,False,285.4265999994823
bm25_e5_rrf_rerank,TF003,product_specific,4,b0d368a1-d0fc-4b8b-8567-e190cf462986,0.039161220418728465,False,285.4265999994823
bm25_e5_rrf_rerank,TF003,product_specific,5,324bc249-0e84-46e9-b77f-856c76cd5353,0.0357493808327284,False,285.4265999994823
bm25_e5_rrf_rerank,TF003,product_specific,6,646d4165-73db-4f69-84da-5f393cd81988,0.035113936031950184,False,285.4265999994823
bm25_e5_rrf_rerank,TF003,product_specific,7,df699ccc-6f51-4281-b4a4-f3d2a20631e0,0.034868078231811525,False,285.4265999994823
bm25_e5_rrf_rerank,TF003,product_specific,8,ffcf7308-6e83-47bc-a519-0b4b7ba44562,0.033894521130455865,False,285.4265999994823
bm25_e5_rrf_rerank,TF003,product_specific,9,1b376f6f-5ee5-4d05-a585-f3aa6b7ee824,0.03378442053531555,False,285.4265999994823
bm25_e5_rrf_rerank,TF003,product_specific,10,23c6ca0d-04bf-4081-b90a-9819029dcd73,0.03321750980027964,True,285.4265999994823
bm25_e5_rrf_rerank,TF004,product_specific,1,ffcf7308-6e83-47bc-a519-0b4b7ba44562,0.05027874278240517,True,263.1662000012511
bm25_e5_rrf_rerank,TF004,product_specific,2,71d2e37c-44e2-4972-8e6b-a6449c2f8404,0.05023443090543341,False,263.1662000012511
bm25_e5_rrf_rerank,TF004,product_specific,3,63b53156-440d-40c1-bc88-5c07c23ae77f,0.04989317174276518,False,263.1662000012511
bm25_e5_rrf_rerank,TF004,product_specific,4,21efe016-3004-45f3-a070-29ce2ecb0019,0.04541996512956605,False,263.1662000012511
bm25_e5_rrf_rerank,TF004,product_specific,5,a7cf71a5-8426-4d7c-8106-e0754e7cb4bf,0.04491816267626149,False,263.1662000012511
bm25_e5_rrf_rerank,TF004,product_specific,6,a3d42ca5-54b5-4b8d-be4e-79337aaab880,0.04379823177447527,False,263.1662000012511
bm25_e5_rrf_rerank,TF004,product_specific,7,646d4165-73db-4f69-84da-5f393cd81988,0.03619485978557639,False,263.1662000012511
bm25_e5_rrf_rerank,TF004,product_specific,8,ba3d1d87-0c2d-4b67-a0c2-4615c8249c2a,0.035434694623635486,False,263.1662000012511
bm25_e5_rrf_rerank,TF004,product_specific,9,0f6b0fc1-9d70-479f-a87d-a26e954e2adb,0.035337886319015965,False,263.1662000012511
bm25_e5_rrf_rerank,TF004,product_specific,10,1b376f6f-5ee5-4d05-a585-f3aa6b7ee824,0.03515618913530728,False,263.1662000012511
bm25_e5_rrf_rerank,TF005,temporal,1,63b53156-440d-40c1-bc88-5c07c23ae77f,0.057952695830923606,True,277.9173999988416
bm25_e5_rrf_rerank,TF005,temporal,2,4d18d11e-2a92-4690-8a64-46653931483e,0.046087002059831045,False,277.9173999988416
bm25_e5_rrf_rerank,TF005,temporal,3,ffcf7308-6e83-47bc-a519-0b4b7ba44562,0.0460657479146674,False,277.9173999988416
bm25_e5_rrf_rerank,TF005,temporal,4,1033ac46-dec8-493e-b577-7f5ad80f8e86,0.04604686288272633,False,277.9173999988416
bm25_e5_rrf_rerank,TF005,temporal,5,71d2e37c-44e2-4972-8e6b-a6449c2f8404,0.044907550760217615,False,277.9173999988416
bm25_e5_rrf_rerank,TF005,temporal,6,09f3c6d5-9e0c-4545-960f-b16c69abbeb1,0.04474847055059339,False,277.9173999988416
bm25_e5_rrf_rerank,TF005,temporal,7,646d4165-73db-4f69-84da-5f393cd81988,0.044672893282296,False,277.9173999988416
bm25_e5_rrf_rerank,TF005,temporal,8,3ecc27b9-634c-4026-b44e-e01123aa0467,0.04457697386363573,False,277.9173999988416
bm25_e5_rrf_rerank,TF005,temporal,9,da79aa00-567d-434c-8441-915ac080f918,0.04453704272771554,False,277.9173999988416
bm25_e5_rrf_rerank,TF005,temporal,10,1b376f6f-5ee5-4d05-a585-f3aa6b7ee824,0.043790132314095766,False,277.9173999988416
bm25_e5_rrf_rerank,TF006,temporal,1,63b53156-440d-40c1-bc88-5c07c23ae77f,0.057708015080295126,True,358.9300000003277
bm25_e5_rrf_rerank,TF006,temporal,2,ffcf7308-6e83-47bc-a519-0b4b7ba44562,0.057460704311243796,False,358.9300000003277
bm25_e5_rrf_rerank,TF006,temporal,3,71d2e37c-44e2-4972-8e6b-a6449c2f8404,0.05714249002561164,True,358.9300000003277
bm25_e5_rrf_rerank,TF006,temporal,4,09f3c6d5-9e0c-4545-960f-b16c69abbeb1,0.04568456120074539,False,358.9300000003277
bm25_e5_rrf_rerank,TF006,temporal,5,ba3d1d87-0c2d-4b67-a0c2-4615c8249c2a,0.04534134437358522,False,358.9300000003277
bm25_e5_rrf_rerank,TF006,temporal,6,1b376f6f-5ee5-4d05-a585-f3aa6b7ee824,0.04525391691483488,False,358.9300000003277
bm25_e5_rrf_rerank,TF006,temporal,7,da79aa00-567d-434c-8441-915ac080f918,0.04505047554583163,False,358.9300000003277
bm25_e5_rrf_rerank,TF006,temporal,8,646d4165-73db-4f69-84da-5f393cd81988,0.04489060612399169,False,358.9300000003277
bm25_e5_rrf_rerank,TF006,temporal,9,4d18d11e-2a92-4690-8a64-46653931483e,0.04437919125959591,False,358.9300000003277
bm25_e5_rrf_rerank,TF006,temporal,10,81a83ec4-b5d1-4305-9f44-93e5fa935ffe,0.044351503228829574,False,358.9300000003277
bm25_e5_rrf_rerank,TF007,temporal,1,8259ed27-8646-4502-a959-aab1e9f1770f,0.08015035542622433,False,223.17800000018906
bm25_e5_rrf_rerank,TF007,temporal,2,c78ff32d-ea17-41fd-98ef-2e8872f01df3,0.0569047619047619,False,223.17800000018906
bm25_e5_rrf_rerank,TF007,temporal,3,5de4d74d-720e-4d86-a836-f946d70a2d32,0.03983415602074295,False,223.17800000018906
bm25_e5_rrf_rerank,TF007,temporal,4,71d2e37c-44e2-4972-8e6b-a6449c2f8404,0.0386823555269549,False,223.17800000018906
bm25_e5_rrf_rerank,TF007,temporal,5,ffcf7308-6e83-47bc-a519-0b4b7ba44562,0.03845411681372022,False,223.17800000018906
bm25_e5_rrf_rerank,TF007,temporal,6,c404e320-0bf2-4325-be92-7a0614f201ca,0.03719950925374212,False,223.17800000018906
bm25_e5_rrf_rerank,TF007,temporal,7,f4580736-a09e-471f-93d2-8089c695eb67,0.03646990809804834,False,223.17800000018906
bm25_e5_rrf_rerank,TF007,temporal,8,9b6cc313-9a59-4387-a5ce-2ed14389a0a7,0.036385203378559584,False,223.17800000018906
bm25_e5_rrf_rerank,TF007,temporal,9,da79aa00-567d-434c-8441-915ac080f918,0.035481600136834754,True,223.17800000018906
bm25_e5_rrf_rerank,TF007,temporal,10,a7cf71a5-8426-4d7c-8106-e0754e7cb4bf,0.035286527162215656,False,223.17800000018906
bm25_e5_rrf_rerank,TF008,product_specific,1,9131e9a9-eff3-4f4e-a20b-4bdd456c35bc,0.06923930500399282,False,153.6987000008594
bm25_e5_rrf_rerank,TF008,product_specific,2,e96acbc9-66b4-4df4-953b-3f7b0a846bbc,0.06923720050627186,True,153.6987000008594
bm25_e5_rrf_rerank,TF008,product_specific,3,54fdf811-dedd-4016-b144-3e4bfdcd67c8,0.05404520892315224,False,153.6987000008594
bm25_e5_rrf_rerank,TF008,product_specific,4,d4c1a9ca-23c5-4ae0-9a51-c56675b2e6d1,0.0534527697487483,False,153.6987000008594
bm25_e5_rrf_rerank,TF008,product_specific,5,23c6ca0d-04bf-4081-b90a-9819029dcd73,0.050642408147855325,False,153.6987000008594
bm25_e5_rrf_rerank,TF008,product_specific,6,09f3c6d5-9e0c-4545-960f-b16c69abbeb1,0.050391497120712746,False,153.6987000008594
bm25_e5_rrf_rerank,TF008,product_specific,7,3ecc27b9-634c-4026-b44e-e01123aa0467,0.04955827628241645,False,153.6987000008594
bm25_e5_rrf_rerank,TF008,product_specific,8,0f6b0fc1-9d70-479f-a87d-a26e954e2adb,0.049039733589093186,False,153.6987000008594
bm25_e5_rrf_rerank,TF008,product_specific,9,63b53156-440d-40c1-bc88-5c07c23ae77f,0.049011357550452654,False,153.6987000008594
bm25_e5_rrf_rerank,TF008,product_specific,10,646d4165-73db-4f69-84da-5f393cd81988,0.04899017261549615,False,153.6987000008594
bm25_e5_rrf_rerank,TF009,product_specific,1,9131e9a9-eff3-4f4e-a20b-4bdd456c35bc,0.08459175788959078,False,194.0061000004789
bm25_e5_rrf_rerank,TF009,product_specific,2,e62b0c91-ff0c-43b2-9bd5-ff173d9f8bc0,0.06667198748172073,False,194.0061000004789
bm25_e5_rrf_rerank,TF009,product_specific,3,7abe62fa-6fdb-4466-a16b-73e1770f0c57,0.06405167312731688,False,194.0061000004789
bm25_e5_rrf_rerank,TF009,product_specific,4,f9cfc75b-a5e7-4633-a798-4b17ea462325,0.062477171555583855,False,194.0061000004789
bm25_e5_rrf_rerank,TF009,product_specific,5,d4c1a9ca-23c5-4ae0-9a51-c56675b2e6d1,0.05402440797910285,True,194.0061000004789
bm25_e5_rrf_rerank,TF009,product_specific,6,324bc249-0e84-46e9-b77f-856c76cd5353,0.05237881331191905,True,194.0061000004789
bm25_e5_rrf_rerank,TF009,product_specific,7,bc88f538-e881-4c81-85e9-fca20614315d,0.05094709754568005,False,194.0061000004789
bm25_e5_rrf_rerank,TF009,product_specific,8,e96acbc9-66b4-4df4-953b-3f7b0a846bbc,0.050039869236040715,False,194.0061000004789
bm25_e5_rrf_rerank,TF009,product_specific,9,fbf62ef9-25b7-437c-98d8-c4934fba0fe6,0.04967120721358873,False,194.0061000004789
bm25_e5_rrf_rerank,TF009,product_specific,10,b66e5419-8a9c-47f4-866d-ebdb95b174b2,0.04887117982370705,False,194.0061000004789
bm25_e5_rrf_rerank,TF010,product_specific,1,54fdf811-dedd-4016-b144-3e4bfdcd67c8,0.06926413881381563,True,171.8077000004996
bm25_e5_rrf_rerank,TF010,product_specific,2,9131e9a9-eff3-4f4e-a20b-4bdd456c35bc,0.06913248680483511,True,171.8077000004996
bm25_e5_rrf_rerank,TF010,product_specific,3,d4c1a9ca-23c5-4ae0-9a51-c56675b2e6d1,0.06872871172055793,False,171.8077000004996
bm25_e5_rrf_rerank,TF010,product_specific,4,e96acbc9-66b4-4df4-953b-3f7b0a846bbc,0.0679025912284851,False,171.8077000004996
bm25_e5_rrf_rerank,TF010,product_specific,5,df699ccc-6f51-4281-b4a4-f3d2a20631e0,0.035524225002345096,False,171.8077000004996
bm25_e5_rrf_rerank,TF010,product_specific,6,23c6ca0d-04bf-4081-b90a-9819029dcd73,0.033027010971391706,False,171.8077000004996
bm25_e5_rrf_rerank,TF010,product_specific,7,63b53156-440d-40c1-bc88-5c07c23ae77f,0.032974166303618345,False,171.8077000004996
bm25_e5_rrf_rerank,TF010,product_specific,8,09f3c6d5-9e0c-4545-960f-b16c69abbeb1,0.0328583287816085,False,171.8077000004996
bm25_e5_rrf_rerank,TF010,product_specific,9,3ecc27b9-634c-4026-b44e-e01123aa0467,0.031718878583593686,False,171.8077000004996
bm25_e5_rrf_rerank,TF010,product_specific,10,4c0dde2a-0432-4cb2-ad33-987f5979ff76,0.03138322120638036,False,171.8077000004996
bm25_e5_rrf_rerank,TF011,paraphrase,1,e62b0c91-ff0c-43b2-9bd5-ff173d9f8bc0,0.054666300721772004,False,273.9754999993238
bm25_e5_rrf_rerank,TF011,paraphrase,2,9131e9a9-eff3-4f4e-a20b-4bdd456c35bc,0.053958817523084006,False,273.9754999993238
bm25_e5_rrf_rerank,TF011,paraphrase,3,4c0dde2a-0432-4cb2-ad33-987f5979ff76,0.05315599792360684,False,273.9754999993238
bm25_e5_rrf_rerank,TF011,paraphrase,4,7abe62fa-6fdb-4466-a16b-73e1770f0c57,0.05122782732091038,False,273.9754999993238
bm25_e5_rrf_rerank,TF011,paraphrase,5,2cea4ea7-7aaf-4c54-ac4e-b660de52065d,0.047314833156646245,False,273.9754999993238
bm25_e5_rrf_rerank,TF011,paraphrase,6,e96acbc9-66b4-4df4-953b-3f7b0a846bbc,0.04716787476883121,False,273.9754999993238
bm25_e5_rrf_rerank,TF011,paraphrase,7,f9cfc75b-a5e7-4633-a798-4b17ea462325,0.047042472823835516,False,273.9754999993238
bm25_e5_rrf_rerank,TF011,paraphrase,8,bc88f538-e881-4c81-85e9-fca20614315d,0.044023598899901956,False,273.9754999993238
bm25_e5_rrf_rerank,TF011,paraphrase,9,3ecc27b9-634c-4026-b44e-e01123aa0467,0.04395177292640674,False,273.9754999993238
bm25_e5_rrf_rerank,TF011,paraphrase,10,324bc249-0e84-46e9-b77f-856c76cd5353,0.043563128805979325,False,273.9754999993238
bm25_e5_rrf_rerank,TF012,product_specific,1,bc88f538-e881-4c81-85e9-fca20614315d,0.10080062067111543,True,424.3543000002319
bm25_e5_rrf_rerank,TF012,product_specific,2,2cea4ea7-7aaf-4c54-ac4e-b660de52065d,0.06953422367175631,False,424.3543000002319
bm25_e5_rrf_rerank,TF012,product_specific,3,21efe016-3004-45f3-a070-29ce2ecb0019,0.06836840819555616,False,424.3543000002319
bm25_e5_rrf_rerank,TF012,product_specific,4,b66e5419-8a9c-47f4-866d-ebdb95b174b2,0.0679623199878489,False,424.3543000002319
bm25_e5_rrf_rerank,TF012,product_specific,5,e62b0c91-ff0c-43b2-9bd5-ff173d9f8bc0,0.0642139718492012,False,424.3543000002319
bm25_e5_rrf_rerank,TF012,product_specific,6,4c0dde2a-0432-4cb2-ad33-987f5979ff76,0.061208581820359396,False,424.3543000002319
bm25_e5_rrf_rerank,TF012,product_specific,7,9b6cc313-9a59-4387-a5ce-2ed14389a0a7,0.05922622447543674,False,424.3543000002319
bm25_e5_rrf_rerank,TF012,product_specific,8,324bc249-0e84-46e9-b77f-856c76cd5353,0.05893825173955823,False,424.3543000002319
bm25_e5_rrf_rerank,TF012,product_specific,9,5de4d74d-720e-4d86-a836-f946d70a2d32,0.056017386577941565,False,424.3543000002319
bm25_e5_rrf_rerank,TF012,product_specific,10,73735f01-c9d0-4dd5-8d46-c70045e4b334,0.05109496517104642,False,424.3543000002319
bm25_e5_rrf_rerank,TF013,product_specific,1,b66e5419-8a9c-47f4-866d-ebdb95b174b2,0.11267541134741998,True,256.77019999784534
bm25_e5_rrf_rerank,TF013,product_specific,2,bc88f538-e881-4c81-85e9-fca20614315d,0.08457075451265982,False,256.77019999784534
bm25_e5_rrf_rerank,TF013,product_specific,3,3abbb958-eafe-4ffe-bcfc-dafa7349c15c,0.08337137123254629,False,256.77019999784534
bm25_e5_rrf_rerank,TF013,product_specific,4,2cea4ea7-7aaf-4c54-ac4e-b660de52065d,0.07313937853228261,False,256.77019999784534
bm25_e5_rrf_rerank,TF013,product_specific,5,21efe016-3004-45f3-a070-29ce2ecb0019,0.07258392060187556,False,256.77019999784534
bm25_e5_rrf_rerank,TF013,product_specific,6,4c0dde2a-0432-4cb2-ad33-987f5979ff76,0.06551324064958407,False,256.77019999784534
bm25_e5_rrf_rerank,TF013,product_specific,7,dfb2693a-e821-4d6e-bbcc-0dbf3dc2a2ae,0.04711624234864692,False,256.77019999784534
bm25_e5_rrf_rerank,TF013,product_specific,8,eda54b74-cd2f-4808-8175-bcc5b916ce90,0.0464431402998868,False,256.77019999784534
bm25_e5_rrf_rerank,TF013,product_specific,9,fbf62ef9-25b7-437c-98d8-c4934fba0fe6,0.04609748947854136,False,256.77019999784534
bm25_e5_rrf_rerank,TF013,product_specific,10,7adacb8c-91c0-4ea7-8d82-7505eeac5042,0.04476085894049709,False,256.77019999784534
bm25_e5_rrf_rerank,TF014,temporal,1,2cea4ea7-7aaf-4c54-ac4e-b660de52065d,0.07610659229383063,False,340.6672000010076
bm25_e5_rrf_rerank,TF014,temporal,2,b66e5419-8a9c-47f4-866d-ebdb95b174b2,0.07606894300804763,True,340.6672000010076
bm25_e5_rrf_rerank,TF014,temporal,3,21efe016-3004-45f3-a070-29ce2ecb0019,0.06619578182324957,True,340.6672000010076
bm25_e5_rrf_rerank,TF014,temporal,4,bc88f538-e881-4c81-85e9-fca20614315d,0.06509533067849965,False,340.6672000010076
bm25_e5_rrf_rerank,TF014,temporal,5,9131e9a9-eff3-4f4e-a20b-4bdd456c35bc,0.06091830627364341,False,340.6672000010076
bm25_e5_rrf_rerank,TF014,temporal,6,fbf62ef9-25b7-437c-98d8-c4934fba0fe6,0.05479511541078071,False,340.6672000010076
bm25_e5_rrf_rerank,TF014,temporal,7,3abbb958-eafe-4ffe-bcfc-dafa7349c15c,0.05435215728714603,False,340.6672000010076
bm25_e5_rrf_rerank,TF014,temporal,8,eda54b74-cd2f-4808-8175-bcc5b916ce90,0.05345502162434326,False,340.6672000010076
bm25_e5_rrf_rerank,TF014,temporal,9,7adacb8c-91c0-4ea7-8d82-7505eeac5042,0.052067560160830945,False,340.6672000010076
bm25_e5_rrf_rerank,TF014,temporal,10,d2e0fc0a-bf0e-4226-abbf-e9f3dea2fce8,0.048046307149010994,False,340.6672000010076
bm25_e5_rrf_rerank,TF015,product_specific,1,2cea4ea7-7aaf-4c54-ac4e-b660de52065d,0.06931252478014638,False,255.57190000017727
bm25_e5_rrf_rerank,TF015,product_specific,2,bc88f538-e881-4c81-85e9-fca20614315d,0.06918515586071328,False,255.57190000017727
bm25_e5_rrf_rerank,TF015,product_specific,3,b66e5419-8a9c-47f4-866d-ebdb95b174b2,0.06906122886762213,False,255.57190000017727
bm25_e5_rrf_rerank,TF015,product_specific,4,21efe016-3004-45f3-a070-29ce2ecb0019,0.06877568829444147,True,255.57190000017727
bm25_e5_rrf_rerank,TF015,product_specific,5,f7a9837d-f8db-4461-abd8-a3607db2276f,0.036157769960758486,False,255.57190000017727
bm25_e5_rrf_rerank,TF015,product_specific,6,1b376f6f-5ee5-4d05-a585-f3aa6b7ee824,0.03491217653056045,False,255.57190000017727
bm25_e5_rrf_rerank,TF015,product_specific,7,23c6ca0d-04bf-4081-b90a-9819029dcd73,0.034766440513087256,False,255.57190000017727
bm25_e5_rrf_rerank,TF015,product_specific,8,4d18d11e-2a92-4690-8a64-46653931483e,0.03448636326871736,False,255.57190000017727
bm25_e5_rrf_rerank,TF015,product_specific,9,3ecc27b9-634c-4026-b44e-e01123aa0467,0.03315133644185154,False,255.57190000017727
bm25_e5_rrf_rerank,TF015,product_specific,10,09f3c6d5-9e0c-4545-960f-b16c69abbeb1,0.033008088109233856,False,255.57190000017727
bm25_e5_rrf_rerank,TF016,paraphrase,1,2cea4ea7-7aaf-4c54-ac4e-b660de52065d,0.07315255497347524,False,263.09690000198316
bm25_e5_rrf_rerank,TF016,paraphrase,2,bc88f538-e881-4c81-85e9-fca20614315d,0.07297668074779824,False,263.09690000198316
bm25_e5_rrf_rerank,TF016,paraphrase,3,b66e5419-8a9c-47f4-866d-ebdb95b174b2,0.07093515456668915,False,263.09690000198316
bm25_e5_rrf_rerank,TF016,paraphrase,4,21efe016-3004-45f3-a070-29ce2ecb0019,0.07057297651629715,False,263.09690000198316
bm25_e5_rrf_rerank,TF016,paraphrase,5,4c0dde2a-0432-4cb2-ad33-987f5979ff76,0.06689159598193327,True,263.09690000198316
bm25_e5_rrf_rerank,TF016,paraphrase,6,eda54b74-cd2f-4808-8175-bcc5b916ce90,0.05589356651908964,False,263.09690000198316
bm25_e5_rrf_rerank,TF016,paraphrase,7,09f3c6d5-9e0c-4545-960f-b16c69abbeb1,0.05575337673488416,False,263.09690000198316
bm25_e5_rrf_rerank,TF016,paraphrase,8,e62b0c91-ff0c-43b2-9bd5-ff173d9f8bc0,0.055206829384711886,False,263.09690000198316
bm25_e5_rrf_rerank,TF016,paraphrase,9,7adacb8c-91c0-4ea7-8d82-7505eeac5042,0.05283305451449226,False,263.09690000198316
bm25_e5_rrf_rerank,TF016,paraphrase,10,4d18d11e-2a92-4690-8a64-46653931483e,0.04770951765336027,False,263.09690000198316
bm25_e5_rrf_rerank,TF017,procedure,1,fd678588-5ac2-400d-95c5-3309537781ec,0.09342028998571728,False,217.1096000010948
bm25_e5_rrf_rerank,TF017,procedure,2,c78ff32d-ea17-41fd-98ef-2e8872f01df3,0.08529492825204199,False,217.1096000010948
bm25_e5_rrf_rerank,TF017,procedure,3,8259ed27-8646-4502-a959-aab1e9f1770f,0.07326033888922796,False,217.1096000010948
bm25_e5_rrf_rerank,TF017,procedure,4,b0b5bc4f-7d0b-4f56-8e37-84178d38637d,0.051277457867449486,False,217.1096000010948
bm25_e5_rrf_rerank,TF017,procedure,5,22e6c188-2e4c-4029-b200-7770a3f00e6e,0.049209817655624884,True,217.1096000010948
bm25_e5_rrf_rerank,TF017,procedure,6,b225ae64-72d2-4e59-81c0-57f5d8438666,0.04840255402761792,True,217.1096000010948
bm25_e5_rrf_rerank,TF017,procedure,7,eda54b74-cd2f-4808-8175-bcc5b916ce90,0.04654588804664193,False,217.1096000010948
bm25_e5_rrf_rerank,TF017,procedure,8,7adacb8c-91c0-4ea7-8d82-7505eeac5042,0.04496302631510284,True,217.1096000010948
bm25_e5_rrf_rerank,TF017,procedure,9,a7cf71a5-8426-4d7c-8106-e0754e7cb4bf,0.044630897214496465,False,217.1096000010948
bm25_e5_rrf_rerank,TF017,procedure,10,3abbb958-eafe-4ffe-bcfc-dafa7349c15c,0.04318753219685642,False,217.1096000010948
bm25_e5_rrf_rerank,TF018,temporal,1,30ce28cb-f702-4cce-8105-137e2f73af0d,0.03986176060066848,True,206.24360000056186
bm25_e5_rrf_rerank,TF018,temporal,2,70b95f72-95ec-43b5-b76f-657518103256,0.03853199862676954,False,206.24360000056186
bm25_e5_rrf_rerank,TF018,temporal,3,48b9789d-5088-4ba1-a82a-be3a6396ce85,0.03833585479788533,False,206.24360000056186
bm25_e5_rrf_rerank,TF018,temporal,4,22e6c188-2e4c-4029-b200-7770a3f00e6e,0.03829587025985904,False,206.24360000056186
bm25_e5_rrf_rerank,TF018,temporal,5,d3b7d61b-50f0-4b96-a770-785a9f3c3886,0.03825524738363972,False,206.24360000056186
bm25_e5_rrf_rerank,TF018,temporal,6,0a4f11c7-39e8-41fe-bd14-48456671f531,0.038002986394442044,False,206.24360000056186
bm25_e5_rrf_rerank,TF018,temporal,7,cfff9bf0-05e4-4179-a793-f3c705d04812,0.03650006184942163,False,206.24360000056186
bm25_e5_rrf_rerank,TF018,temporal,8,a952e706-800e-493c-886a-8f06602fb2be,0.03598103610735517,False,206.24360000056186
bm25_e5_rrf_rerank,TF018,temporal,9,b8c70ff9-e1b2-40ce-9a0a-f65a53899d13,0.034511777008822526,False,206.24360000056186
bm25_e5_rrf_rerank,TF018,temporal,10,a7cf71a5-8426-4d7c-8106-e0754e7cb4bf,0.033374160448710125,False,206.24360000056186
bm25_e5_rrf_rerank,TF019,preparation,1,22e6c188-2e4c-4029-b200-7770a3f00e6e,0.04848560046392774,False,401.2333000000581
bm25_e5_rrf_rerank,TF019,preparation,2,2cea4ea7-7aaf-4c54-ac4e-b660de52065d,0.043843591390808255,False,401.2333000000581
bm25_e5_rrf_rerank,TF019,preparation,3,eda54b74-cd2f-4808-8175-bcc5b916ce90,0.04317979328473841,False,401.2333000000581
bm25_e5_rrf_rerank,TF019,preparation,4,7adacb8c-91c0-4ea7-8d82-7505eeac5042,0.042809663870912944,False,401.2333000000581
bm25_e5_rrf_rerank,TF019,preparation,5,3abbb958-eafe-4ffe-bcfc-dafa7349c15c,0.04276816696734042,False,401.2333000000581
bm25_e5_rrf_rerank,TF019,preparation,6,fbf62ef9-25b7-437c-98d8-c4934fba0fe6,0.04258458391379865,False,401.2333000000581
bm25_e5_rrf_rerank,TF019,preparation,7,d2e0fc0a-bf0e-4226-abbf-e9f3dea2fce8,0.041530354760119306,False,401.2333000000581
bm25_e5_rrf_rerank,TF019,preparation,8,d3b7d61b-50f0-4b96-a770-785a9f3c3886,0.03995562980995804,True,401.2333000000581
bm25_e5_rrf_rerank,TF019,preparation,9,9b6cc313-9a59-4387-a5ce-2ed14389a0a7,0.0395077667577941,False,401.2333000000581
bm25_e5_rrf_rerank,TF019,preparation,10,30ce28cb-f702-4cce-8105-137e2f73af0d,0.03926908613020374,False,401.2333000000581
bm25_e5_rrf_rerank,TF020,temporal,1,fd678588-5ac2-400d-95c5-3309537781ec,0.06436699240117133,False,298.0756000006295
bm25_e5_rrf_rerank,TF020,temporal,2,0a4f11c7-39e8-41fe-bd14-48456671f531,0.039820996745688016,True,298.0756000006295
bm25_e5_rrf_rerank,TF020,temporal,3,48b9789d-5088-4ba1-a82a-be3a6396ce85,0.03922988057905628,False,298.0756000006295
bm25_e5_rrf_rerank,TF020,temporal,4,70b95f72-95ec-43b5-b76f-657518103256,0.03822909303054996,True,298.0756000006295
bm25_e5_rrf_rerank,TF020,temporal,5,d3b7d61b-50f0-4b96-a770-785a9f3c3886,0.03820976300583072,False,298.0756000006295
bm25_e5_rrf_rerank,TF020,temporal,6,30ce28cb-f702-4cce-8105-137e2f73af0d,0.03773068823958888,False,298.0756000006295
bm25_e5_rrf_rerank,TF020,temporal,7,cfff9bf0-05e4-4179-a793-f3c705d04812,0.03744643026323461,False,298.0756000006295
bm25_e5_rrf_rerank,TF020,temporal,8,22e6c188-2e4c-4029-b200-7770a3f00e6e,0.03701980563279786,False,298.0756000006295
bm25_e5_rrf_rerank,TF020,temporal,9,a952e706-800e-493c-886a-8f06602fb2be,0.03535811632111209,False,298.0756000006295
bm25_e5_rrf_rerank,TF020,temporal,10,b66e5419-8a9c-47f4-866d-ebdb95b174b2,0.035210685900443996,False,298.0756000006295
bm25_e5_rrf_rerank,TF021,preparation,1,c78ff32d-ea17-41fd-98ef-2e8872f01df3,0.10025155662281854,False,178.03339999954915
bm25_e5_rrf_rerank,TF021,preparation,2,8259ed27-8646-4502-a959-aab1e9f1770f,0.07558384229509987,False,178.03339999954915
bm25_e5_rrf_rerank,TF021,preparation,3,73735f01-c9d0-4dd5-8d46-c70045e4b334,0.05599854086266189,True,178.03339999954915
bm25_e5_rrf_rerank,TF021,preparation,4,e62b0c91-ff0c-43b2-9bd5-ff173d9f8bc0,0.052793381737138295,False,178.03339999954915
bm25_e5_rrf_rerank,TF021,preparation,5,bc88f538-e881-4c81-85e9-fca20614315d,0.049857707622388725,False,178.03339999954915
bm25_e5_rrf_rerank,TF021,preparation,6,b0b5bc4f-7d0b-4f56-8e37-84178d38637d,0.04394983750246884,False,178.03339999954915
bm25_e5_rrf_rerank,TF021,preparation,7,9b6cc313-9a59-4387-a5ce-2ed14389a0a7,0.041175882869296604,False,178.03339999954915
bm25_e5_rrf_rerank,TF021,preparation,8,5de4d74d-720e-4d86-a836-f946d70a2d32,0.03911315718842328,False,178.03339999954915
bm25_e5_rrf_rerank,TF021,preparation,9,16efaa44-1554-4748-8407-48fac0bced94,0.038004885810450216,False,178.03339999954915
bm25_e5_rrf_rerank,TF021,preparation,10,74c0eabe-77c7-4dbf-a321-27966a12fafb,0.0360358099148808,False,178.03339999954915
bm25_e5_rrf_rerank,TF022,preparation,1,8259ed27-8646-4502-a959-aab1e9f1770f,0.0756815480522309,False,356.77880000002915
bm25_e5_rrf_rerank,TF022,preparation,2,b0b5bc4f-7d0b-4f56-8e37-84178d38637d,0.05145344901555511,False,356.77880000002915
bm25_e5_rrf_rerank,TF022,preparation,3,74c0eabe-77c7-4dbf-a321-27966a12fafb,0.04871396063244532,False,356.77880000002915
bm25_e5_rrf_rerank,TF022,preparation,4,84c0a864-176f-4776-a15e-167fc2518e5d,0.04869463837531305,False,356.77880000002915
bm25_e5_rrf_rerank,TF022,preparation,5,6ffcd319-e868-444b-b6fe-8d192a4de3ff,0.0481205013140878,True,356.77880000002915
bm25_e5_rrf_rerank,TF022,preparation,6,8f3ed830-3a06-41c6-8b06-cfcf6d36a83c,0.046529944205001415,False,356.77880000002915
bm25_e5_rrf_rerank,TF022,preparation,7,a7cf71a5-8426-4d7c-8106-e0754e7cb4bf,0.04588963550279121,False,356.77880000002915
bm25_e5_rrf_rerank,TF022,preparation,8,73735f01-c9d0-4dd5-8d46-c70045e4b334,0.0456542385052412,True,356.77880000002915
bm25_e5_rrf_rerank,TF022,preparation,9,eda54b74-cd2f-4808-8175-bcc5b916ce90,0.04565400339703136,False,356.77880000002915
bm25_e5_rrf_rerank,TF022,preparation,10,b10b8f1c-ed17-44ca-8d7c-1a4f19a12c67,0.04411466044227312,False,356.77880000002915
bm25_e5_rrf_rerank,TF023,temporal,1,b66e5419-8a9c-47f4-866d-ebdb95b174b2,0.050233353860916624,False,337.47240000047896
bm25_e5_rrf_rerank,TF023,temporal,2,f7a9837d-f8db-4461-abd8-a3607db2276f,0.05017928741823842,False,337.47240000047896
bm25_e5_rrf_rerank,TF023,temporal,3,c404e320-0bf2-4325-be92-7a0614f201ca,0.03912905310045888,True,337.47240000047896
bm25_e5_rrf_rerank,TF023,temporal,4,919e93ca-fed9-4dde-b9b8-f870e207a3f3,0.0369031999616912,False,337.47240000047896
bm25_e5_rrf_rerank,TF023,temporal,5,b0d368a1-d0fc-4b8b-8567-e190cf462986,0.03666214538159953,False,337.47240000047896
bm25_e5_rrf_rerank,TF023,temporal,6,6ffcd319-e868-444b-b6fe-8d192a4de3ff,0.03578299732452262,False,337.47240000047896
bm25_e5_rrf_rerank,TF023,temporal,7,73735f01-c9d0-4dd5-8d46-c70045e4b334,0.03544191964467367,False,337.47240000047896
bm25_e5_rrf_rerank,TF023,temporal,8,74c0eabe-77c7-4dbf-a321-27966a12fafb,0.03472263089915176,False,337.47240000047896
bm25_e5_rrf_rerank,TF023,temporal,9,d2e0fc0a-bf0e-4226-abbf-e9f3dea2fce8,0.03333162143638543,False,337.47240000047896
bm25_e5_rrf_rerank,TF023,temporal,10,b7876bcb-b1d0-409a-831d-45e59e35a44e,0.03243972683348268,False,337.47240000047896
bm25_e5_rrf_rerank,TF024,temporal,1,b0d368a1-d0fc-4b8b-8567-e190cf462986,0.03744268110839932,False,252.3540000001958
bm25_e5_rrf_rerank,TF024,temporal,2,919e93ca-fed9-4dde-b9b8-f870e207a3f3,0.03726851030496451,False,252.3540000001958
bm25_e5_rrf_rerank,TF024,temporal,3,6ffcd319-e868-444b-b6fe-8d192a4de3ff,0.03675222422779979,False,252.3540000001958
bm25_e5_rrf_rerank,TF024,temporal,4,d3b7d61b-50f0-4b96-a770-785a9f3c3886,0.0361310167774215,False,252.3540000001958
bm25_e5_rrf_rerank,TF024,temporal,5,c404e320-0bf2-4325-be92-7a0614f201ca,0.03553694326915438,True,252.3540000001958
bm25_e5_rrf_rerank,TF024,temporal,6,15e829a9-a475-429d-b0e3-5c34bfbd3ab7,0.034213478747635306,False,252.3540000001958
bm25_e5_rrf_rerank,TF024,temporal,7,74c0eabe-77c7-4dbf-a321-27966a12fafb,0.03419626064567299,False,252.3540000001958
bm25_e5_rrf_rerank,TF024,temporal,8,b7876bcb-b1d0-409a-831d-45e59e35a44e,0.03392405194770999,False,252.3540000001958
bm25_e5_rrf_rerank,TF024,temporal,9,f7a9837d-f8db-4461-abd8-a3607db2276f,0.033561745645047665,False,252.3540000001958
bm25_e5_rrf_rerank,TF024,temporal,10,73735f01-c9d0-4dd5-8d46-c70045e4b334,0.03354884195470953,False,252.3540000001958
bm25_e5_rrf_rerank,TF025,fact_specific,1,f7a9837d-f8db-4461-abd8-a3607db2276f,0.05398704574953725,False,314.7208000000319
bm25_e5_rrf_rerank,TF025,fact_specific,2,b0d368a1-d0fc-4b8b-8567-e190cf462986,0.046570171602310674,True,314.7208000000319
bm25_e5_rrf_rerank,TF025,fact_specific,3,919e93ca-fed9-4dde-b9b8-f870e207a3f3,0.04640243434124306,True,314.7208000000319
bm25_e5_rrf_rerank,TF025,fact_specific,4,b7876bcb-b1d0-409a-831d-45e59e35a44e,0.045190772193506853,False,314.7208000000319
bm25_e5_rrf_rerank,TF025,fact_specific,5,74c0eabe-77c7-4dbf-a321-27966a12fafb,0.044756156501485345,False,314.7208000000319
bm25_e5_rrf_rerank,TF025,fact_specific,6,6ffcd319-e868-444b-b6fe-8d192a4de3ff,0.044703489888242354,False,314.7208000000319
bm25_e5_rrf_rerank,TF025,fact_specific,7,73735f01-c9d0-4dd5-8d46-c70045e4b334,0.04356842328822755,False,314.7208000000319
bm25_e5_rrf_rerank,TF025,fact_specific,8,c404e320-0bf2-4325-be92-7a0614f201ca,0.042696358375097686,False,314.7208000000319
bm25_e5_rrf_rerank,TF025,fact_specific,9,d2e0fc0a-bf0e-4226-abbf-e9f3dea2fce8,0.04186125908957587,False,314.7208000000319
bm25_e5_rrf_rerank,TF025,fact_specific,10,16efaa44-1554-4748-8407-48fac0bced94,0.040059284360651023,False,314.7208000000319
bm25_e5_rrf_rerank,TF026,fact_specific,1,919e93ca-fed9-4dde-b9b8-f870e207a3f3,0.07547889912512994,False,301.0486999992281
bm25_e5_rrf_rerank,TF026,fact_specific,2,b7876bcb-b1d0-409a-831d-45e59e35a44e,0.074543256392471,True,301.0486999992281
bm25_e5_rrf_rerank,TF026,fact_specific,3,74c0eabe-77c7-4dbf-a321-27966a12fafb,0.06682949017696695,False,301.0486999992281
bm25_e5_rrf_rerank,TF026,fact_specific,4,6ffcd319-e868-444b-b6fe-8d192a4de3ff,0.06604619100622884,False,301.0486999992281
bm25_e5_rrf_rerank,TF026,fact_specific,5,b0d368a1-d0fc-4b8b-8567-e190cf462986,0.0643233700794178,False,301.0486999992281
bm25_e5_rrf_rerank,TF026,fact_specific,6,f7a9837d-f8db-4461-abd8-a3607db2276f,0.062232035403029774,False,301.0486999992281
bm25_e5_rrf_rerank,TF026,fact_specific,7,16efaa44-1554-4748-8407-48fac0bced94,0.0565058412400503,False,301.0486999992281
bm25_e5_rrf_rerank,TF026,fact_specific,8,d2e0fc0a-bf0e-4226-abbf-e9f3dea2fce8,0.052863288296593564,False,301.0486999992281
bm25_e5_rrf_rerank,TF026,fact_specific,9,73735f01-c9d0-4dd5-8d46-c70045e4b334,0.051180933004849924,False,301.0486999992281
bm25_e5_rrf_rerank,TF026,fact_specific,10,22e6c188-2e4c-4029-b200-7770a3f00e6e,0.05101217844945399,False,301.0486999992281
bm25_e5_rrf_rerank,TF027,procedure,1,3abbb958-eafe-4ffe-bcfc-dafa7349c15c,0.06459305631717256,False,270.6413000005341
bm25_e5_rrf_rerank,TF027,procedure,2,eda54b74-cd2f-4808-8175-bcc5b916ce90,0.064054344292732,False,270.6413000005341
bm25_e5_rrf_rerank,TF027,procedure,3,7adacb8c-91c0-4ea7-8d82-7505eeac5042,0.06325807090149112,False,270.6413000005341
bm25_e5_rrf_rerank,TF027,procedure,4,fbf62ef9-25b7-437c-98d8-c4934fba0fe6,0.06257094055147314,False,270.6413000005341
bm25_e5_rrf_rerank,TF027,procedure,5,22e6c188-2e4c-4029-b200-7770a3f00e6e,0.061602555851359944,False,270.6413000005341
bm25_e5_rrf_rerank,TF027,procedure,6,2cea4ea7-7aaf-4c54-ac4e-b660de52065d,0.060093014638623196,False,270.6413000005341
bm25_e5_rrf_rerank,TF027,procedure,7,d2e0fc0a-bf0e-4226-abbf-e9f3dea2fce8,0.0556988752971996,False,270.6413000005341
bm25_e5_rrf_rerank,TF027,procedure,8,9b6cc313-9a59-4387-a5ce-2ed14389a0a7,0.054982094675972135,False,270.6413000005341
bm25_e5_rrf_rerank,TF027,procedure,9,dfb2693a-e821-4d6e-bbcc-0dbf3dc2a2ae,0.054120668880275044,False,270.6413000005341
bm25_e5_rrf_rerank,TF027,procedure,10,21efe016-3004-45f3-a070-29ce2ecb0019,0.04930840444708014,False,270.6413000005341
bm25_e5_rrf_rerank,TF028,preparation,1,dfb2693a-e821-4d6e-bbcc-0dbf3dc2a2ae,0.04828750561129262,False,380.4593000013483
bm25_e5_rrf_rerank,TF028,preparation,2,eda54b74-cd2f-4808-8175-bcc5b916ce90,0.047452439357285284,True,380.4593000013483
bm25_e5_rrf_rerank,TF028,preparation,3,2cea4ea7-7aaf-4c54-ac4e-b660de52065d,0.04702022570489288,False,380.4593000013483
bm25_e5_rrf_rerank,TF028,preparation,4,7adacb8c-91c0-4ea7-8d82-7505eeac5042,0.04695013277354231,False,380.4593000013483
bm25_e5_rrf_rerank,TF028,preparation,5,3abbb958-eafe-4ffe-bcfc-dafa7349c15c,0.04650252353005754,False,380.4593000013483
bm25_e5_rrf_rerank,TF028,preparation,6,d3b7d61b-50f0-4b96-a770-785a9f3c3886,0.04516147681031531,False,380.4593000013483
bm25_e5_rrf_rerank,TF028,preparation,7,bc88f538-e881-4c81-85e9-fca20614315d,0.04492127298963242,False,380.4593000013483
bm25_e5_rrf_rerank,TF028,preparation,8,fbf62ef9-25b7-437c-98d8-c4934fba0fe6,0.0447577220172249,False,380.4593000013483
bm25_e5_rrf_rerank,TF028,preparation,9,30ce28cb-f702-4cce-8105-137e2f73af0d,0.04451347598373166,False,380.4593000013483
bm25_e5_rrf_rerank,TF028,preparation,10,22e6c188-2e4c-4029-b200-7770a3f00e6e,0.04399408447976206,False,380.4593000013483
bm25_e5_rrf_rerank,TF029,preparation,1,8259ed27-8646-4502-a959-aab1e9f1770f,0.07665355636537538,False,266.1911000004693
bm25_e5_rrf_rerank,TF029,preparation,2,fd678588-5ac2-400d-95c5-3309537781ec,0.06649425287356321,False,266.1911000004693
bm25_e5_rrf_rerank,TF029,preparation,3,a7cf71a5-8426-4d7c-8106-e0754e7cb4bf,0.04681278046105086,False,266.1911000004693
bm25_e5_rrf_rerank,TF029,preparation,4,eda54b74-cd2f-4808-8175-bcc5b916ce90,0.04669927840005784,False,266.1911000004693
bm25_e5_rrf_rerank,TF029,preparation,5,74c0eabe-77c7-4dbf-a321-27966a12fafb,0.046318046744241614,False,266.1911000004693
bm25_e5_rrf_rerank,TF029,preparation,6,8f3ed830-3a06-41c6-8b06-cfcf6d36a83c,0.04610866995606726,False,266.1911000004693
bm25_e5_rrf_rerank,TF029,preparation,7,b225ae64-72d2-4e59-81c0-57f5d8438666,0.04513191643921355,False,266.1911000004693
bm25_e5_rrf_rerank,TF029,preparation,8,7adacb8c-91c0-4ea7-8d82-7505eeac5042,0.04457579865600123,False,266.1911000004693
bm25_e5_rrf_rerank,TF029,preparation,9,84c0a864-176f-4776-a15e-167fc2518e5d,0.044534499354478785,False,266.1911000004693
bm25_e5_rrf_rerank,TF029,preparation,10,6ffcd319-e868-444b-b6fe-8d192a4de3ff,0.044376602175029735,False,266.1911000004693
bm25_e5_rrf_rerank,TF030,temporal,1,8259ed27-8646-4502-a959-aab1e9f1770f,0.07389759254055209,False,234.88849999921513
bm25_e5_rrf_rerank,TF030,temporal,2,73735f01-c9d0-4dd5-8d46-c70045e4b334,0.038891691200068745,False,234.88849999921513
bm25_e5_rrf_rerank,TF030,temporal,3,a7cf71a5-8426-4d7c-8106-e0754e7cb4bf,0.036118971119509895,False,234.88849999921513
bm25_e5_rrf_rerank,TF030,temporal,4,b66e5419-8a9c-47f4-866d-ebdb95b174b2,0.03545594815718822,False,234.88849999921513
bm25_e5_rrf_rerank,TF030,temporal,5,16efaa44-1554-4748-8407-48fac0bced94,0.034441436912074234,False,234.88849999921513
bm25_e5_rrf_rerank,TF030,temporal,6,22e6c188-2e4c-4029-b200-7770a3f00e6e,0.03388958526117653,False,234.88849999921513
bm25_e5_rrf_rerank,TF030,temporal,7,d3b7d61b-50f0-4b96-a770-785a9f3c3886,0.03381414722870965,False,234.88849999921513
bm25_e5_rrf_rerank,TF030,temporal,8,7e5199d4-e5c9-40ca-a69f-ea37f52c6ce3,0.03358517387321404,True,234.88849999921513
bm25_e5_rrf_rerank,TF030,temporal,9,da79aa00-567d-434c-8441-915ac080f918,0.03331090758733312,False,234.88849999921513
bm25_e5_rrf_rerank,TF030,temporal,10,c404e320-0bf2-4325-be92-7a0614f201ca,0.03328881261788005,False,234.88849999921513
bm25_e5_rrf_rerank,TF031,procedure,1,fd678588-5ac2-400d-95c5-3309537781ec,0.08912937333367087,False,284.6469000005527
bm25_e5_rrf_rerank,TF031,procedure,2,8259ed27-8646-4502-a959-aab1e9f1770f,0.05970588235294118,False,284.6469000005527
bm25_e5_rrf_rerank,TF031,procedure,3,b0b5bc4f-7d0b-4f56-8e37-84178d38637d,0.05401661844363158,False,284.6469000005527
bm25_e5_rrf_rerank,TF031,procedure,4,9b6cc313-9a59-4387-a5ce-2ed14389a0a7,0.04973739145622879,False,284.6469000005527
bm25_e5_rrf_rerank,TF031,procedure,5,22e6c188-2e4c-4029-b200-7770a3f00e6e,0.04656727323951302,False,284.6469000005527
bm25_e5_rrf_rerank,TF031,procedure,6,b225ae64-72d2-4e59-81c0-57f5d8438666,0.0460746773884831,False,284.6469000005527
bm25_e5_rrf_rerank,TF031,procedure,7,f9cfc75b-a5e7-4633-a798-4b17ea462325,0.04527623686321415,False,284.6469000005527
bm25_e5_rrf_rerank,TF031,procedure,8,eda54b74-cd2f-4808-8175-bcc5b916ce90,0.04482604371251448,False,284.6469000005527
bm25_e5_rrf_rerank,TF031,procedure,9,7adacb8c-91c0-4ea7-8d82-7505eeac5042,0.04268787192310571,False,284.6469000005527
bm25_e5_rrf_rerank,TF031,procedure,10,a7cf71a5-8426-4d7c-8106-e0754e7cb4bf,0.04177342710829669,False,284.6469000005527
bm25_e5_rrf_rerank,TF032,fact_specific,1,c78ff32d-ea17-41fd-98ef-2e8872f01df3,0.06749999999999999,False,285.6898000000001
bm25_e5_rrf_rerank,TF032,fact_specific,2,8259ed27-8646-4502-a959-aab1e9f1770f,0.05765822784810126,False,285.6898000000001
bm25_e5_rrf_rerank,TF032,fact_specific,3,73735f01-c9d0-4dd5-8d46-c70045e4b334,0.042703981967887494,False,285.6898000000001
bm25_e5_rrf_rerank,TF032,fact_specific,4,22e6c188-2e4c-4029-b200-7770a3f00e6e,0.04267066029979758,False,285.6898000000001
bm25_e5_rrf_rerank,TF032,fact_specific,5,5de4d74d-720e-4d86-a836-f946d70a2d32,0.03971785972939163,True,285.6898000000001
bm25_e5_rrf_rerank,TF032,fact_specific,6,f7a9837d-f8db-4461-abd8-a3607db2276f,0.03944798198063171,False,285.6898000000001
bm25_e5_rrf_rerank,TF032,fact_specific,7,74c0eabe-77c7-4dbf-a321-27966a12fafb,0.03930191356784109,False,285.6898000000001
bm25_e5_rrf_rerank,TF032,fact_specific,8,df699ccc-6f51-4281-b4a4-f3d2a20631e0,0.03853681147483087,False,285.6898000000001
bm25_e5_rrf_rerank,TF032,fact_specific,9,b225ae64-72d2-4e59-81c0-57f5d8438666,0.03784686307918029,False,285.6898000000001
bm25_e5_rrf_rerank,TF032,fact_specific,10,eda54b74-cd2f-4808-8175-bcc5b916ce90,0.03782491977927724,False,285.6898000000001
bm25_e5_rrf_rerank,TF033,fact_specific,1,e62b0c91-ff0c-43b2-9bd5-ff173d9f8bc0,0.09514837072716385,True,376.6985000011118
bm25_e5_rrf_rerank,TF033,fact_specific,2,23c6ca0d-04bf-4081-b90a-9819029dcd73,0.07557813322251665,False,376.6985000011118
bm25_e5_rrf_rerank,TF033,fact_specific,3,73735f01-c9d0-4dd5-8d46-c70045e4b334,0.07502094530111655,False,376.6985000011118
bm25_e5_rrf_rerank,TF033,fact_specific,4,5de4d74d-720e-4d86-a836-f946d70a2d32,0.07482441872718854,False,376.6985000011118
bm25_e5_rrf_rerank,TF033,fact_specific,5,bc88f538-e881-4c81-85e9-fca20614315d,0.07457186313297438,False,376.6985000011118
bm25_e5_rrf_rerank,TF033,fact_specific,6,9b6cc313-9a59-4387-a5ce-2ed14389a0a7,0.07390787142376568,False,376.6985000011118
bm25_e5_rrf_rerank,TF033,fact_specific,7,3ecc27b9-634c-4026-b44e-e01123aa0467,0.05334025140152164,False,376.6985000011118
bm25_e5_rrf_rerank,TF033,fact_specific,8,df699ccc-6f51-4281-b4a4-f3d2a20631e0,0.05327220752768269,False,376.6985000011118
bm25_e5_rrf_rerank,TF033,fact_specific,9,4c0dde2a-0432-4cb2-ad33-987f5979ff76,0.052328199086542404,False,376.6985000011118
bm25_e5_rrf_rerank,TF033,fact_specific,10,7c33fbb7-e931-4f6b-9520-23875ec9ee5b,0.049789419591310204,False,376.6985000011118
bm25_e5_rrf_rerank,TF034,product_specific,1,e62b0c91-ff0c-43b2-9bd5-ff173d9f8bc0,0.09291130842550148,False,242.26129999988189
bm25_e5_rrf_rerank,TF034,product_specific,2,7c33fbb7-e931-4f6b-9520-23875ec9ee5b,0.08377453530219293,False,242.26129999988189
bm25_e5_rrf_rerank,TF034,product_specific,3,4c0dde2a-0432-4cb2-ad33-987f5979ff76,0.08269863667632595,False,242.26129999988189
bm25_e5_rrf_rerank,TF034,product_specific,4,3ecc27b9-634c-4026-b44e-e01123aa0467,0.08210996343730922,False,242.26129999988189
bm25_e5_rrf_rerank,TF034,product_specific,5,df699ccc-6f51-4281-b4a4-f3d2a20631e0,0.07810220723681979,False,242.26129999988189
bm25_e5_rrf_rerank,TF034,product_specific,6,59d57c8a-c9d7-4f8d-b9a1-a2816f1f01f7,0.05499367616997391,True,242.26129999988189
bm25_e5_rrf_rerank,TF034,product_specific,7,9b6cc313-9a59-4387-a5ce-2ed14389a0a7,0.04654038708071977,False,242.26129999988189
bm25_e5_rrf_rerank,TF034,product_specific,8,5de4d74d-720e-4d86-a836-f946d70a2d32,0.04432143876666115,False,242.26129999988189
bm25_e5_rrf_rerank,TF034,product_specific,9,d4c1a9ca-23c5-4ae0-9a51-c56675b2e6d1,0.042760521938099844,False,242.26129999988189
bm25_e5_rrf_rerank,TF034,product_specific,10,7abe62fa-6fdb-4466-a16b-73e1770f0c57,0.03992640895692128,False,242.26129999988189
bm25_e5_rrf_rerank,TF035,paraphrase,1,fd678588-5ac2-400d-95c5-3309537781ec,0.07777742099005078,False,285.6080999999904
bm25_e5_rrf_rerank,TF035,paraphrase,2,c78ff32d-ea17-41fd-98ef-2e8872f01df3,0.06734567901234567,False,285.6080999999904
bm25_e5_rrf_rerank,TF035,paraphrase,3,b0b5bc4f-7d0b-4f56-8e37-84178d38637d,0.05917898679548694,True,285.6080999999904
bm25_e5_rrf_rerank,TF035,paraphrase,4,54fdf811-dedd-4016-b144-3e4bfdcd67c8,0.043758008631200745,False,285.6080999999904
bm25_e5_rrf_rerank,TF035,paraphrase,5,a7cf71a5-8426-4d7c-8106-e0754e7cb4bf,0.04166068347398241,False,285.6080999999904
bm25_e5_rrf_rerank,TF035,paraphrase,6,f7a9837d-f8db-4461-abd8-a3607db2276f,0.040200608898867424,False,285.6080999999904
bm25_e5_rrf_rerank,TF035,paraphrase,7,74c0eabe-77c7-4dbf-a321-27966a12fafb,0.0382680690689815,False,285.6080999999904
bm25_e5_rrf_rerank,TF035,paraphrase,8,9b6cc313-9a59-4387-a5ce-2ed14389a0a7,0.038176831054796745,False,285.6080999999904
bm25_e5_rrf_rerank,TF035,paraphrase,9,da79aa00-567d-434c-8441-915ac080f918,0.03789466329721304,False,285.6080999999904
bm25_e5_rrf_rerank,TF035,paraphrase,10,1033ac46-dec8-493e-b577-7f5ad80f8e86,0.03718783189891811,False,285.6080999999904
bm25_e5_rrf_rerank,TF036,monitoring,1,8259ed27-8646-4502-a959-aab1e9f1770f,0.09611374207291908,False,269.489599998451
bm25_e5_rrf_rerank,TF036,monitoring,2,fd678588-5ac2-400d-95c5-3309537781ec,0.06326082487215941,False,269.489599998451
bm25_e5_rrf_rerank,TF036,monitoring,3,c78ff32d-ea17-41fd-98ef-2e8872f01df3,0.062195121951219505,False,269.489599998451
bm25_e5_rrf_rerank,TF036,monitoring,4,a7cf71a5-8426-4d7c-8106-e0754e7cb4bf,0.04500100277290969,True,269.489599998451
bm25_e5_rrf_rerank,TF036,monitoring,5,9b6cc313-9a59-4387-a5ce-2ed14389a0a7,0.04371071570024442,False,269.489599998451
bm25_e5_rrf_rerank,TF036,monitoring,6,5de4d74d-720e-4d86-a836-f946d70a2d32,0.04105886825093937,False,269.489599998451
bm25_e5_rrf_rerank,TF036,monitoring,7,8f3ed830-3a06-41c6-8b06-cfcf6d36a83c,0.03808573120950103,False,269.489599998451
bm25_e5_rrf_rerank,TF036,monitoring,8,36bac780-b1a2-42dc-8cca-3605f80c5521,0.037949586831606354,False,269.489599998451
bm25_e5_rrf_rerank,TF036,monitoring,9,f9cfc75b-a5e7-4633-a798-4b17ea462325,0.037726967261457356,False,269.489599998451
bm25_e5_rrf_rerank,TF036,monitoring,10,98d006ac-5212-4c8c-8a63-4cbd4d6caffc,0.03754936722391237,False,269.489599998451
bm25_e5_rrf_rerank,TF037,adverse_reaction,1,15e829a9-a475-429d-b0e3-5c34bfbd3ab7,0.05790535496102005,True,206.1373000005915
bm25_e5_rrf_rerank,TF037,adverse_reaction,2,324bc249-0e84-46e9-b77f-856c76cd5353,0.05340088999655939,False,206.1373000005915
bm25_e5_rrf_rerank,TF037,adverse_reaction,3,8939253d-3272-4915-8c2b-c60062aeb818,0.04795222437009406,True,206.1373000005915
bm25_e5_rrf_rerank,TF037,adverse_reaction,4,7abe62fa-6fdb-4466-a16b-73e1770f0c57,0.038441897861541265,False,206.1373000005915
bm25_e5_rrf_rerank,TF037,adverse_reaction,5,2e55093d-0a0f-4fd9-954b-4fc72df9eac0,0.03771069493438258,False,206.1373000005915
bm25_e5_rrf_rerank,TF037,adverse_reaction,6,da79aa00-567d-434c-8441-915ac080f918,0.036941930495468754,False,206.1373000005915
bm25_e5_rrf_rerank,TF037,adverse_reaction,7,a7cf71a5-8426-4d7c-8106-e0754e7cb4bf,0.03560998282476013,False,206.1373000005915
bm25_e5_rrf_rerank,TF037,adverse_reaction,8,5de4d74d-720e-4d86-a836-f946d70a2d32,0.035596996164756464,False,206.1373000005915
bm25_e5_rrf_rerank,TF037,adverse_reaction,9,8f3ed830-3a06-41c6-8b06-cfcf6d36a83c,0.03482545573152004,False,206.1373000005915
bm25_e5_rrf_rerank,TF037,adverse_reaction,10,391ad5dc-0d1c-4350-85ba-5aa601d9ac0d,0.03481595457610044,False,206.1373000005915
bm25_e5_rrf_rerank,TF038,adverse_reaction,1,8939253d-3272-4915-8c2b-c60062aeb818,0.050816967602572954,True,245.1141000001371
bm25_e5_rrf_rerank,TF038,adverse_reaction,2,324bc249-0e84-46e9-b77f-856c76cd5353,0.04976837678274321,False,245.1141000001371
bm25_e5_rrf_rerank,TF038,adverse_reaction,3,7abe62fa-6fdb-4466-a16b-73e1770f0c57,0.03866668379691339,True,245.1141000001371
bm25_e5_rrf_rerank,TF038,adverse_reaction,4,15e829a9-a475-429d-b0e3-5c34bfbd3ab7,0.03861681316769312,False,245.1141000001371
bm25_e5_rrf_rerank,TF038,adverse_reaction,5,2e55093d-0a0f-4fd9-954b-4fc72df9eac0,0.0375965191378738,False,245.1141000001371
bm25_e5_rrf_rerank,TF038,adverse_reaction,6,391ad5dc-0d1c-4350-85ba-5aa601d9ac0d,0.03727503501229631,False,245.1141000001371
bm25_e5_rrf_rerank,TF038,adverse_reaction,7,5de4d74d-720e-4d86-a836-f946d70a2d32,0.033069469297389124,False,245.1141000001371
bm25_e5_rrf_rerank,TF038,adverse_reaction,8,da79aa00-567d-434c-8441-915ac080f918,0.033046675233279955,False,245.1141000001371
bm25_e5_rrf_rerank,TF038,adverse_reaction,9,23c6ca0d-04bf-4081-b90a-9819029dcd73,0.03201090919157587,False,245.1141000001371
bm25_e5_rrf_rerank,TF038,adverse_reaction,10,bc88f538-e881-4c81-85e9-fca20614315d,0.030964345114571707,False,245.1141000001371
bm25_e5_rrf_rerank,TF039,adverse_reaction,1,324bc249-0e84-46e9-b77f-856c76cd5353,0.0481089289534796,False,299.983500000053
bm25_e5_rrf_rerank,TF039,adverse_reaction,2,7abe62fa-6fdb-4466-a16b-73e1770f0c57,0.0396084800918918,True,299.983500000053
bm25_e5_rrf_rerank,TF039,adverse_reaction,3,2e55093d-0a0f-4fd9-954b-4fc72df9eac0,0.039048106785865545,True,299.983500000053
bm25_e5_rrf_rerank,TF039,adverse_reaction,4,15e829a9-a475-429d-b0e3-5c34bfbd3ab7,0.03799410166128029,False,299.983500000053
bm25_e5_rrf_rerank,TF039,adverse_reaction,5,8939253d-3272-4915-8c2b-c60062aeb818,0.03728590707217946,False,299.983500000053
bm25_e5_rrf_rerank,TF039,adverse_reaction,6,391ad5dc-0d1c-4350-85ba-5aa601d9ac0d,0.03691058361357537,False,299.983500000053
bm25_e5_rrf_rerank,TF039,adverse_reaction,7,da79aa00-567d-434c-8441-915ac080f918,0.036462128261943436,False,299.983500000053
bm25_e5_rrf_rerank,TF039,adverse_reaction,8,30ce28cb-f702-4cce-8105-137e2f73af0d,0.03496909454477814,False,299.983500000053
bm25_e5_rrf_rerank,TF039,adverse_reaction,9,22e6c188-2e4c-4029-b200-7770a3f00e6e,0.03432208809413881,False,299.983500000053
bm25_e5_rrf_rerank,TF039,adverse_reaction,10,8f3ed830-3a06-41c6-8b06-cfcf6d36a83c,0.03360472133567742,False,299.983500000053
bm25_e5_rrf_rerank,TF040,adverse_reaction,1,8259ed27-8646-4502-a959-aab1e9f1770f,0.05765822784810126,False,263.798200000565
bm25_e5_rrf_rerank,TF040,adverse_reaction,2,c78ff32d-ea17-41fd-98ef-2e8872f01df3,0.05734567901234568,False,263.798200000565
bm25_e5_rrf_rerank,TF040,adverse_reaction,3,f4580736-a09e-471f-93d2-8089c695eb67,0.039746248229605256,True,263.798200000565
bm25_e5_rrf_rerank,TF040,adverse_reaction,4,2e55093d-0a0f-4fd9-954b-4fc72df9eac0,0.039211227663101686,True,263.798200000565
bm25_e5_rrf_rerank,TF040,adverse_reaction,5,391ad5dc-0d1c-4350-85ba-5aa601d9ac0d,0.037619138767018306,False,263.798200000565
bm25_e5_rrf_rerank,TF040,adverse_reaction,6,a7cf71a5-8426-4d7c-8106-e0754e7cb4bf,0.03600661583695715,False,263.798200000565
bm25_e5_rrf_rerank,TF040,adverse_reaction,7,5de4d74d-720e-4d86-a836-f946d70a2d32,0.035011646645579174,False,263.798200000565
bm25_e5_rrf_rerank,TF040,adverse_reaction,8,22e6c188-2e4c-4029-b200-7770a3f00e6e,0.034346402502132514,False,263.798200000565
bm25_e5_rrf_rerank,TF040,adverse_reaction,9,30ce28cb-f702-4cce-8105-137e2f73af0d,0.033817957102020416,False,263.798200000565
bm25_e5_rrf_rerank,TF040,adverse_reaction,10,da79aa00-567d-434c-8441-915ac080f918,0.03380851286614847,False,263.798200000565
bm25_e5_rrf_rerank,TF041,adverse_reaction,1,7abe62fa-6fdb-4466-a16b-73e1770f0c57,0.05072872650226167,False,247.71200000031968
bm25_e5_rrf_rerank,TF041,adverse_reaction,2,f4580736-a09e-471f-93d2-8089c695eb67,0.05019483434781622,True,247.71200000031968
bm25_e5_rrf_rerank,TF041,adverse_reaction,3,5e7838ae-0b80-4d05-b266-deb52de7b401,0.050164433948329236,True,247.71200000031968
bm25_e5_rrf_rerank,TF041,adverse_reaction,4,324bc249-0e84-46e9-b77f-856c76cd5353,0.04762511735566905,False,247.71200000031968
bm25_e5_rrf_rerank,TF041,adverse_reaction,5,15e829a9-a475-429d-b0e3-5c34bfbd3ab7,0.03750156763666261,False,247.71200000031968
bm25_e5_rrf_rerank,TF041,adverse_reaction,6,2e55093d-0a0f-4fd9-954b-4fc72df9eac0,0.03712341528227835,False,247.71200000031968
bm25_e5_rrf_rerank,TF041,adverse_reaction,7,391ad5dc-0d1c-4350-85ba-5aa601d9ac0d,0.03698952104686733,False,247.71200000031968
bm25_e5_rrf_rerank,TF041,adverse_reaction,8,8939253d-3272-4915-8c2b-c60062aeb818,0.03649606047095833,False,247.71200000031968
bm25_e5_rrf_rerank,TF041,adverse_reaction,9,a7cf71a5-8426-4d7c-8106-e0754e7cb4bf,0.035271429395364,False,247.71200000031968
bm25_e5_rrf_rerank,TF041,adverse_reaction,10,8f3ed830-3a06-41c6-8b06-cfcf6d36a83c,0.03411439492648705,False,247.71200000031968
bm25_e5_rrf_rerank,TF042,procedure,1,fbf62ef9-25b7-437c-98d8-c4934fba0fe6,0.07187205742251089,False,251.32269999994605
bm25_e5_rrf_rerank,TF042,procedure,2,9131e9a9-eff3-4f4e-a20b-4bdd456c35bc,0.06622091216889639,False,251.32269999994605
bm25_e5_rrf_rerank,TF042,procedure,3,2cea4ea7-7aaf-4c54-ac4e-b660de52065d,0.05980784320074414,False,251.32269999994605
bm25_e5_rrf_rerank,TF042,procedure,4,3abbb958-eafe-4ffe-bcfc-dafa7349c15c,0.059724352627322584,True,251.32269999994605
bm25_e5_rrf_rerank,TF042,procedure,5,eda54b74-cd2f-4808-8175-bcc5b916ce90,0.05413692499298962,False,251.32269999994605
bm25_e5_rrf_rerank,TF042,procedure,6,7adacb8c-91c0-4ea7-8d82-7505eeac5042,0.05284617733852172,False,251.32269999994605
bm25_e5_rrf_rerank,TF042,procedure,7,d2e0fc0a-bf0e-4226-abbf-e9f3dea2fce8,0.050792162918957884,False,251.32269999994605
bm25_e5_rrf_rerank,TF042,procedure,8,dfb2693a-e821-4d6e-bbcc-0dbf3dc2a2ae,0.05050042580776527,True,251.32269999994605
bm25_e5_rrf_rerank,TF042,procedure,9,9b6cc313-9a59-4387-a5ce-2ed14389a0a7,0.04998880836590617,False,251.32269999994605
bm25_e5_rrf_rerank,TF042,procedure,10,b0b5bc4f-7d0b-4f56-8e37-84178d38637d,0.049154179480970214,False,251.32269999994605
bm25_e5_rrf_rerank,TF043,procedure,1,fd678588-5ac2-400d-95c5-3309537781ec,0.07589560609468272,False,300.7204000005004
bm25_e5_rrf_rerank,TF043,procedure,2,b0b5bc4f-7d0b-4f56-8e37-84178d38637d,0.05538832977839878,False,300.7204000005004
bm25_e5_rrf_rerank,TF043,procedure,3,fbf62ef9-25b7-437c-98d8-c4934fba0fe6,0.04716667297966368,True,300.7204000005004
bm25_e5_rrf_rerank,TF043,procedure,4,a3d42ca5-54b5-4b8d-be4e-79337aaab880,0.04551892480608091,False,300.7204000005004
bm25_e5_rrf_rerank,TF043,procedure,5,2cea4ea7-7aaf-4c54-ac4e-b660de52065d,0.043893880853812246,False,300.7204000005004
bm25_e5_rrf_rerank,TF043,procedure,6,f9cfc75b-a5e7-4633-a798-4b17ea462325,0.043530589398373384,False,300.7204000005004
bm25_e5_rrf_rerank,TF043,procedure,7,9b6cc313-9a59-4387-a5ce-2ed14389a0a7,0.042083929696049356,False,300.7204000005004
bm25_e5_rrf_rerank,TF043,procedure,8,eda54b74-cd2f-4808-8175-bcc5b916ce90,0.04164138223588929,False,300.7204000005004
bm25_e5_rrf_rerank,TF043,procedure,9,3abbb958-eafe-4ffe-bcfc-dafa7349c15c,0.0407648173934179,False,300.7204000005004
bm25_e5_rrf_rerank,TF043,procedure,10,9131e9a9-eff3-4f4e-a20b-4bdd456c35bc,0.04069873576694064,False,300.7204000005004
bm25_e5_rrf_rerank,TF044,fact_specific,1,09f3c6d5-9e0c-4545-960f-b16c69abbeb1,0.054898801599811385,False,351.4697000009619
bm25_e5_rrf_rerank,TF044,fact_specific,2,7abe62fa-6fdb-4466-a16b-73e1770f0c57,0.04955866747816306,False,351.4697000009619
bm25_e5_rrf_rerank,TF044,fact_specific,3,dfb2693a-e821-4d6e-bbcc-0dbf3dc2a2ae,0.04873839056094698,False,351.4697000009619
bm25_e5_rrf_rerank,TF044,fact_specific,4,3abbb958-eafe-4ffe-bcfc-dafa7349c15c,0.047919705990822084,False,351.4697000009619
bm25_e5_rrf_rerank,TF044,fact_specific,5,fbf62ef9-25b7-437c-98d8-c4934fba0fe6,0.04663145903223146,False,351.4697000009619
bm25_e5_rrf_rerank,TF044,fact_specific,6,2cea4ea7-7aaf-4c54-ac4e-b660de52065d,0.04629552414058681,False,351.4697000009619
bm25_e5_rrf_rerank,TF044,fact_specific,7,21efe016-3004-45f3-a070-29ce2ecb0019,0.04521455736909216,False,351.4697000009619
bm25_e5_rrf_rerank,TF044,fact_specific,8,9131e9a9-eff3-4f4e-a20b-4bdd456c35bc,0.04445550164934263,False,351.4697000009619
bm25_e5_rrf_rerank,TF044,fact_specific,9,b66e5419-8a9c-47f4-866d-ebdb95b174b2,0.04348778531664894,False,351.4697000009619
bm25_e5_rrf_rerank,TF044,fact_specific,10,bc88f538-e881-4c81-85e9-fca20614315d,0.04210010167939299,False,351.4697000009619
bm25_e5_rrf_rerank,TF045,paraphrase,1,9131e9a9-eff3-4f4e-a20b-4bdd456c35bc,0.07675226807885983,False,285.01540000161185
bm25_e5_rrf_rerank,TF045,paraphrase,2,3abbb958-eafe-4ffe-bcfc-dafa7349c15c,0.0721593767364841,False,285.01540000161185
bm25_e5_rrf_rerank,TF045,paraphrase,3,fbf62ef9-25b7-437c-98d8-c4934fba0fe6,0.07034608321358203,False,285.01540000161185
bm25_e5_rrf_rerank,TF045,paraphrase,4,2cea4ea7-7aaf-4c54-ac4e-b660de52065d,0.06882963065564374,False,285.01540000161185
bm25_e5_rrf_rerank,TF045,paraphrase,5,eda54b74-cd2f-4808-8175-bcc5b916ce90,0.06856952549039003,False,285.01540000161185
bm25_e5_rrf_rerank,TF045,paraphrase,6,7adacb8c-91c0-4ea7-8d82-7505eeac5042,0.06644111333436951,False,285.01540000161185
bm25_e5_rrf_rerank,TF045,paraphrase,7,22e6c188-2e4c-4029-b200-7770a3f00e6e,0.06531714698240913,False,285.01540000161185
bm25_e5_rrf_rerank,TF045,paraphrase,8,d2e0fc0a-bf0e-4226-abbf-e9f3dea2fce8,0.06339022654156352,False,285.01540000161185
bm25_e5_rrf_rerank,TF045,paraphrase,9,dfb2693a-e821-4d6e-bbcc-0dbf3dc2a2ae,0.06170454787426308,False,285.01540000161185
bm25_e5_rrf_rerank,TF045,paraphrase,10,9b6cc313-9a59-4387-a5ce-2ed14389a0a7,0.06052142464030873,False,285.01540000161185
bm25_e5_rrf_rerank,TN001,negative_out_of_scope,1,bc88f538-e881-4c81-85e9-fca20614315d,0.030901480492616845,False,232.3617000001832
bm25_e5_rrf_rerank,TN001,negative_out_of_scope,2,2cea4ea7-7aaf-4c54-ac4e-b660de52065d,0.027554541693793403,False,232.3617000001832
bm25_e5_rrf_rerank,TN001,negative_out_of_scope,3,b66e5419-8a9c-47f4-866d-ebdb95b174b2,0.027407932836985976,False,232.3617000001832
bm25_e5_rrf_rerank,TN001,negative_out_of_scope,4,21efe016-3004-45f3-a070-29ce2ecb0019,0.026834871254857312,False,232.3617000001832
bm25_e5_rrf_rerank,TN001,negative_out_of_scope,5,4c0dde2a-0432-4cb2-ad33-987f5979ff76,0.026734315416657228,False,232.3617000001832
bm25_e5_rrf_rerank,TN001,negative_out_of_scope,6,391ad5dc-0d1c-4350-85ba-5aa601d9ac0d,0.021762198925018312,False,232.3617000001832
bm25_e5_rrf_rerank,TN001,negative_out_of_scope,7,64fa07b8-63c3-43c8-899e-5bd6282225ed,0.021271863128199724,False,232.3617000001832
bm25_e5_rrf_rerank,TN001,negative_out_of_scope,8,f4580736-a09e-471f-93d2-8089c695eb67,0.021034977969838612,False,232.3617000001832
bm25_e5_rrf_rerank,TN002,negative_out_of_scope,1,23c6ca0d-04bf-4081-b90a-9819029dcd73,0.031806159047903695,False,193.15730000107578
bm25_e5_rrf_rerank,TN002,negative_out_of_scope,2,e96acbc9-66b4-4df4-953b-3f7b0a846bbc,0.030195886532973105,False,193.15730000107578
bm25_e5_rrf_rerank,TN002,negative_out_of_scope,3,1b376f6f-5ee5-4d05-a585-f3aa6b7ee824,0.02960737989954017,False,193.15730000107578
bm25_e5_rrf_rerank,TN002,negative_out_of_scope,4,54fdf811-dedd-4016-b144-3e4bfdcd67c8,0.02868061518996545,False,193.15730000107578
bm25_e5_rrf_rerank,TN002,negative_out_of_scope,5,c78ff32d-ea17-41fd-98ef-2e8872f01df3,0.02764344262295082,False,193.15730000107578
bm25_e5_rrf_rerank,TN002,negative_out_of_scope,6,4c0dde2a-0432-4cb2-ad33-987f5979ff76,0.027037742636048096,False,193.15730000107578
bm25_e5_rrf_rerank,TN002,negative_out_of_scope,7,22e6c188-2e4c-4029-b200-7770a3f00e6e,0.026408464687039154,False,193.15730000107578
bm25_e5_rrf_rerank,TN002,negative_out_of_scope,8,5de4d74d-720e-4d86-a836-f946d70a2d32,0.022841949455073625,False,193.15730000107578
bm25_e5_rrf_rerank,TN002,negative_out_of_scope,9,15e829a9-a475-429d-b0e3-5c34bfbd3ab7,0.022571282509834534,False,193.15730000107578
bm25_e5_rrf_rerank,TN002,negative_out_of_scope,10,2e55093d-0a0f-4fd9-954b-4fc72df9eac0,0.019951403566308923,False,193.15730000107578
bm25_e5_rrf_rerank,TN003,negative_out_of_scope,1,f7a9837d-f8db-4461-abd8-a3607db2276f,0.04716251952646084,False,171.6389999992316
bm25_e5_rrf_rerank,TN003,negative_out_of_scope,2,6ffcd319-e868-444b-b6fe-8d192a4de3ff,0.04671816686924489,False,171.6389999992316
bm25_e5_rrf_rerank,TN003,negative_out_of_scope,3,ffcf7308-6e83-47bc-a519-0b4b7ba44562,0.033694454046856975,False,171.6389999992316
bm25_e5_rrf_rerank,TN003,negative_out_of_scope,4,fbf62ef9-25b7-437c-98d8-c4934fba0fe6,0.033592818444455066,False,171.6389999992316
bm25_e5_rrf_rerank,TN003,negative_out_of_scope,5,63b53156-440d-40c1-bc88-5c07c23ae77f,0.033364461085877394,False,171.6389999992316
bm25_e5_rrf_rerank,TN003,negative_out_of_scope,6,71d2e37c-44e2-4972-8e6b-a6449c2f8404,0.03307495506024378,False,171.6389999992316
bm25_e5_rrf_rerank,TN003,negative_out_of_scope,7,ba3d1d87-0c2d-4b67-a0c2-4615c8249c2a,0.03279147038059482,False,171.6389999992316
bm25_e5_rrf_rerank,TN003,negative_out_of_scope,8,0f6b0fc1-9d70-479f-a87d-a26e954e2adb,0.03190215020553662,False,171.6389999992316
bm25_e5_rrf_rerank,TN003,negative_out_of_scope,9,1b376f6f-5ee5-4d05-a585-f3aa6b7ee824,0.031094881740617163,False,171.6389999992316
bm25_e5_rrf_rerank,TN003,negative_out_of_scope,10,21efe016-3004-45f3-a070-29ce2ecb0019,0.03078960775842472,False,171.6389999992316
bm25_e5_rrf_rerank,TN004,negative_out_of_scope,1,4d18d11e-2a92-4690-8a64-46653931483e,0.03513858520055489,False,166.21300000133488
bm25_e5_rrf_rerank,TN004,negative_out_of_scope,2,23c6ca0d-04bf-4081-b90a-9819029dcd73,0.034503662507733304,False,166.21300000133488
bm25_e5_rrf_rerank,TN004,negative_out_of_scope,3,ffcf7308-6e83-47bc-a519-0b4b7ba44562,0.0332346435231283,False,166.21300000133488
bm25_e5_rrf_rerank,TN004,negative_out_of_scope,4,1b376f6f-5ee5-4d05-a585-f3aa6b7ee824,0.03258764263458582,False,166.21300000133488
bm25_e5_rrf_rerank,TN004,negative_out_of_scope,5,17abd2d4-27a2-40ba-a55b-0b3ceee19005,0.03250636365089887,False,166.21300000133488
bm25_e5_rrf_rerank,TN004,negative_out_of_scope,6,71d2e37c-44e2-4972-8e6b-a6449c2f8404,0.03228141016573519,False,166.21300000133488
bm25_e5_rrf_rerank,TN004,negative_out_of_scope,7,da79aa00-567d-434c-8441-915ac080f918,0.031984984629044096,False,166.21300000133488
bm25_e5_rrf_rerank,TN004,negative_out_of_scope,8,646d4165-73db-4f69-84da-5f393cd81988,0.03189213714844141,False,166.21300000133488
bm25_e5_rrf_rerank,TN004,negative_out_of_scope,9,1033ac46-dec8-493e-b577-7f5ad80f8e86,0.031002867093242882,False,166.21300000133488
bm25_e5_rrf_rerank,TN004,negative_out_of_scope,10,81a83ec4-b5d1-4305-9f44-93e5fa935ffe,0.02992376713560749,False,166.21300000133488
bm25_e5_rrf_rerank,TN005,negative_out_of_scope,1,fd678588-5ac2-400d-95c5-3309537781ec,0.048097057002371255,False,189.58149999980378
bm25_e5_rrf_rerank,TN005,negative_out_of_scope,2,3abbb958-eafe-4ffe-bcfc-dafa7349c15c,0.046921958554319014,False,189.58149999980378
bm25_e5_rrf_rerank,TN005,negative_out_of_scope,3,eda54b74-cd2f-4808-8175-bcc5b916ce90,0.045410998591329944,False,189.58149999980378
bm25_e5_rrf_rerank,TN005,negative_out_of_scope,4,84c0a864-176f-4776-a15e-167fc2518e5d,0.04403811846826891,False,189.58149999980378
bm25_e5_rrf_rerank,TN005,negative_out_of_scope,5,b225ae64-72d2-4e59-81c0-57f5d8438666,0.04387193231658176,False,189.58149999980378
bm25_e5_rrf_rerank,TN005,negative_out_of_scope,6,22e6c188-2e4c-4029-b200-7770a3f00e6e,0.043511433778807174,False,189.58149999980378
bm25_e5_rrf_rerank,TN005,negative_out_of_scope,7,7adacb8c-91c0-4ea7-8d82-7505eeac5042,0.04236102518819198,False,189.58149999980378
bm25_e5_rrf_rerank,TN005,negative_out_of_scope,8,dfb2693a-e821-4d6e-bbcc-0dbf3dc2a2ae,0.036170739696139376,False,189.58149999980378
bm25_e5_rrf_rerank,TN005,negative_out_of_scope,9,7e68f70a-ba74-4eb8-bbae-c7e9f7340567,0.033069292681557796,False,189.58149999980378
bm25_e5_rrf_rerank,TN005,negative_out_of_scope,10,a3d42ca5-54b5-4b8d-be4e-79337aaab880,0.031073085588567396,False,189.58149999980378
bm25_e5_rrf_rerank,TP001,product_specific,1,54fdf811-dedd-4016-b144-3e4bfdcd67c8,0.058048784717432765,False,339.61900000122114
bm25_e5_rrf_rerank,TP001,product_specific,2,0f6b0fc1-9d70-479f-a87d-a26e954e2adb,0.04681521992826917,False,339.61900000122114
bm25_e5_rrf_rerank,TP001,product_specific,3,ba3d1d87-0c2d-4b67-a0c2-4615c8249c2a,0.04582511929904713,True,339.61900000122114
bm25_e5_rrf_rerank,TP001,product_specific,4,b0b5bc4f-7d0b-4f56-8e37-84178d38637d,0.04095840370482293,False,339.61900000122114
bm25_e5_rrf_rerank,TP001,product_specific,5,2cea4ea7-7aaf-4c54-ac4e-b660de52065d,0.038573209176228855,False,339.61900000122114
bm25_e5_rrf_rerank,TP001,product_specific,6,23c6ca0d-04bf-4081-b90a-9819029dcd73,0.03447540731696816,True,339.61900000122114
bm25_e5_rrf_rerank,TP001,product_specific,7,e96acbc9-66b4-4df4-953b-3f7b0a846bbc,0.03330359978146023,False,339.61900000122114
bm25_e5_rrf_rerank,TP001,product_specific,8,4c0dde2a-0432-4cb2-ad33-987f5979ff76,0.032824240109166174,False,339.61900000122114
bm25_e5_rrf_rerank,TP001,product_specific,9,646d4165-73db-4f69-84da-5f393cd81988,0.03247991133744233,False,339.61900000122114
bm25_e5_rrf_rerank,TP001,product_specific,10,71d2e37c-44e2-4972-8e6b-a6449c2f8404,0.032376027907074056,False,339.61900000122114
bm25_e5_rrf_rerank,TP002,product_specific,1,4c0dde2a-0432-4cb2-ad33-987f5979ff76,0.05027881586154512,False,223.29379999882804
bm25_e5_rrf_rerank,TP002,product_specific,2,b0b5bc4f-7d0b-4f56-8e37-84178d38637d,0.05013625667940785,False,223.29379999882804
bm25_e5_rrf_rerank,TP002,product_specific,3,f7a9837d-f8db-4461-abd8-a3607db2276f,0.0494594379701922,False,223.29379999882804
bm25_e5_rrf_rerank,TP002,product_specific,4,c404e320-0bf2-4325-be92-7a0614f201ca,0.0492344736977229,False,223.29379999882804
bm25_e5_rrf_rerank,TP002,product_specific,5,b10b8f1c-ed17-44ca-8d7c-1a4f19a12c67,0.035176241174741316,False,223.29379999882804
bm25_e5_rrf_rerank,TP002,product_specific,6,7e68f70a-ba74-4eb8-bbae-c7e9f7340567,0.03479593277516121,False,223.29379999882804
bm25_e5_rrf_rerank,TP002,product_specific,7,b225ae64-72d2-4e59-81c0-57f5d8438666,0.03431999033887064,False,223.29379999882804
bm25_e5_rrf_rerank,TP002,product_specific,8,36bac780-b1a2-42dc-8cca-3605f80c5521,0.03401736417451898,False,223.29379999882804
bm25_e5_rrf_rerank,TP002,product_specific,9,21d38039-895b-46a4-8902-96e380ce41aa,0.033337735293568045,False,223.29379999882804
bm25_e5_rrf_rerank,TP002,product_specific,10,a3d42ca5-54b5-4b8d-be4e-79337aaab880,0.03281118479345599,False,223.29379999882804
bm25_e5_rrf_rerank,TP003,temporal,1,c404e320-0bf2-4325-be92-7a0614f201ca,0.05740964138110689,False,240.90380000052392
bm25_e5_rrf_rerank,TP003,temporal,2,21efe016-3004-45f3-a070-29ce2ecb0019,0.055873556317075496,False,240.90380000052392
bm25_e5_rrf_rerank,TP003,temporal,3,63b53156-440d-40c1-bc88-5c07c23ae77f,0.048017114147059226,True,240.90380000052392
bm25_e5_rrf_rerank,TP003,temporal,4,ffcf7308-6e83-47bc-a519-0b4b7ba44562,0.04659778734353873,False,240.90380000052392
bm25_e5_rrf_rerank,TP003,temporal,5,59d57c8a-c9d7-4f8d-b9a1-a2816f1f01f7,0.04656253715661856,False,240.90380000052392
bm25_e5_rrf_rerank,TP003,temporal,6,f7a9837d-f8db-4461-abd8-a3607db2276f,0.045406290002472684,False,240.90380000052392
bm25_e5_rrf_rerank,TP003,temporal,7,9131e9a9-eff3-4f4e-a20b-4bdd456c35bc,0.04440135586132282,False,240.90380000052392
bm25_e5_rrf_rerank,TP003,temporal,8,23c6ca0d-04bf-4081-b90a-9819029dcd73,0.04427963329891734,False,240.90380000052392
bm25_e5_rrf_rerank,TP003,temporal,9,5de4d74d-720e-4d86-a836-f946d70a2d32,0.04337074147405013,False,240.90380000052392
bm25_e5_rrf_rerank,TP003,temporal,10,71d2e37c-44e2-4972-8e6b-a6449c2f8404,0.04328209551697072,False,240.90380000052392
bm25_e5_rrf_rerank,TP004,temporal,1,63b53156-440d-40c1-bc88-5c07c23ae77f,0.047262117370230255,True,256.51489999927435
bm25_e5_rrf_rerank,TP004,temporal,2,c404e320-0bf2-4325-be92-7a0614f201ca,0.04614278901007868,False,256.51489999927435
bm25_e5_rrf_rerank,TP004,temporal,3,f7a9837d-f8db-4461-abd8-a3607db2276f,0.04577945097977707,False,256.51489999927435
bm25_e5_rrf_rerank,TP004,temporal,4,21efe016-3004-45f3-a070-29ce2ecb0019,0.04529617782739492,False,256.51489999927435
bm25_e5_rrf_rerank,TP004,temporal,5,23c6ca0d-04bf-4081-b90a-9819029dcd73,0.0440304227336898,False,256.51489999927435
bm25_e5_rrf_rerank,TP004,temporal,6,ffcf7308-6e83-47bc-a519-0b4b7ba44562,0.03736952046030153,False,256.51489999927435
bm25_e5_rrf_rerank,TP004,temporal,7,71d2e37c-44e2-4972-8e6b-a6449c2f8404,0.03706367235472708,True,256.51489999927435
bm25_e5_rrf_rerank,TP004,temporal,8,b66e5419-8a9c-47f4-866d-ebdb95b174b2,0.03584995384460319,False,256.51489999927435
bm25_e5_rrf_rerank,TP004,temporal,9,5de4d74d-720e-4d86-a836-f946d70a2d32,0.03522306475608177,False,256.51489999927435
bm25_e5_rrf_rerank,TP004,temporal,10,f4580736-a09e-471f-93d2-8089c695eb67,0.033416678531284404,False,256.51489999927435
bm25_e5_rrf_rerank,TP005,temporal,1,8259ed27-8646-4502-a959-aab1e9f1770f,0.05970588235294118,False,256.83610000032786
bm25_e5_rrf_rerank,TP005,temporal,2,c78ff32d-ea17-41fd-98ef-2e8872f01df3,0.05734567901234568,False,256.83610000032786
bm25_e5_rrf_rerank,TP005,temporal,3,da79aa00-567d-434c-8441-915ac080f918,0.03974135301933914,True,256.83610000032786
bm25_e5_rrf_rerank,TP005,temporal,4,ba3d1d87-0c2d-4b67-a0c2-4615c8249c2a,0.03875392257794928,False,256.83610000032786
bm25_e5_rrf_rerank,TP005,temporal,5,0f6b0fc1-9d70-479f-a87d-a26e954e2adb,0.037994293645479155,False,256.83610000032786
bm25_e5_rrf_rerank,TP005,temporal,6,5de4d74d-720e-4d86-a836-f946d70a2d32,0.0378295766723001,False,256.83610000032786
bm25_e5_rrf_rerank,TP005,temporal,7,54fdf811-dedd-4016-b144-3e4bfdcd67c8,0.03705427913104786,False,256.83610000032786
bm25_e5_rrf_rerank,TP005,temporal,8,c404e320-0bf2-4325-be92-7a0614f201ca,0.03613526181637983,False,256.83610000032786
bm25_e5_rrf_rerank,TP005,temporal,9,30ce28cb-f702-4cce-8105-137e2f73af0d,0.03521520470127915,False,256.83610000032786
bm25_e5_rrf_rerank,TP005,temporal,10,22e6c188-2e4c-4029-b200-7770a3f00e6e,0.03480767125251812,False,256.83610000032786
bm25_e5_rrf_rerank,TP006,product_specific,1,e96acbc9-66b4-4df4-953b-3f7b0a846bbc,0.06233599327431351,True,277.9255000004923
bm25_e5_rrf_rerank,TP006,product_specific,2,9131e9a9-eff3-4f4e-a20b-4bdd456c35bc,0.0616296651440282,False,277.9255000004923
bm25_e5_rrf_rerank,TP006,product_specific,3,54fdf811-dedd-4016-b144-3e4bfdcd67c8,0.061104260429503426,False,277.9255000004923
bm25_e5_rrf_rerank,TP006,product_specific,4,d4c1a9ca-23c5-4ae0-9a51-c56675b2e6d1,0.06053577280044556,False,277.9255000004923
bm25_e5_rrf_rerank,TP006,product_specific,5,3ecc27b9-634c-4026-b44e-e01123aa0467,0.056748573160244085,False,277.9255000004923
bm25_e5_rrf_rerank,TP006,product_specific,6,df699ccc-6f51-4281-b4a4-f3d2a20631e0,0.05437665384410864,False,277.9255000004923
bm25_e5_rrf_rerank,TP006,product_specific,7,324bc249-0e84-46e9-b77f-856c76cd5353,0.04787121624530105,False,277.9255000004923
bm25_e5_rrf_rerank,TP006,product_specific,8,4c0dde2a-0432-4cb2-ad33-987f5979ff76,0.047494186418415546,False,277.9255000004923
bm25_e5_rrf_rerank,TP006,product_specific,9,73735f01-c9d0-4dd5-8d46-c70045e4b334,0.04696521921832152,False,277.9255000004923
bm25_e5_rrf_rerank,TP006,product_specific,10,e62b0c91-ff0c-43b2-9bd5-ff173d9f8bc0,0.04679618397472802,False,277.9255000004923
bm25_e5_rrf_rerank,TP007,product_specific,1,e62b0c91-ff0c-43b2-9bd5-ff173d9f8bc0,0.06169612167727163,False,291.3349999989805
bm25_e5_rrf_rerank,TP007,product_specific,2,9131e9a9-eff3-4f4e-a20b-4bdd456c35bc,0.06078819995069959,False,291.3349999989805
bm25_e5_rrf_rerank,TP007,product_specific,3,7abe62fa-6fdb-4466-a16b-73e1770f0c57,0.060159310485377454,False,291.3349999989805
bm25_e5_rrf_rerank,TP007,product_specific,4,4c0dde2a-0432-4cb2-ad33-987f5979ff76,0.0601155839460039,False,291.3349999989805
bm25_e5_rrf_rerank,TP007,product_specific,5,3ecc27b9-634c-4026-b44e-e01123aa0467,0.059407374148994545,False,291.3349999989805
bm25_e5_rrf_rerank,TP007,product_specific,6,e96acbc9-66b4-4df4-953b-3f7b0a846bbc,0.05921063436780657,False,291.3349999989805
bm25_e5_rrf_rerank,TP007,product_specific,7,54fdf811-dedd-4016-b144-3e4bfdcd67c8,0.05905070410193978,False,291.3349999989805
bm25_e5_rrf_rerank,TP007,product_specific,8,d4c1a9ca-23c5-4ae0-9a51-c56675b2e6d1,0.0584191338606555,True,291.3349999989805
bm25_e5_rrf_rerank,TP007,product_specific,9,df699ccc-6f51-4281-b4a4-f3d2a20631e0,0.057857575587774684,False,291.3349999989805
bm25_e5_rrf_rerank,TP007,product_specific,10,f9cfc75b-a5e7-4633-a798-4b17ea462325,0.0565857960874255,False,291.3349999989805
bm25_e5_rrf_rerank,TP008,product_specific,1,9131e9a9-eff3-4f4e-a20b-4bdd456c35bc,0.05332436909038395,True,225.23280000041268
bm25_e5_rrf_rerank,TP008,product_specific,2,e62b0c91-ff0c-43b2-9bd5-ff173d9f8bc0,0.0527545108795166,False,225.23280000041268
bm25_e5_rrf_rerank,TP008,product_specific,3,df699ccc-6f51-4281-b4a4-f3d2a20631e0,0.05251754406540005,False,225.23280000041268
bm25_e5_rrf_rerank,TP008,product_specific,4,7c33fbb7-e931-4f6b-9520-23875ec9ee5b,0.051824086448563955,False,225.23280000041268
bm25_e5_rrf_rerank,TP008,product_specific,5,3ecc27b9-634c-4026-b44e-e01123aa0467,0.051568283801704515,False,225.23280000041268
bm25_e5_rrf_rerank,TP008,product_specific,6,4c0dde2a-0432-4cb2-ad33-987f5979ff76,0.05155274554368653,False,225.23280000041268
bm25_e5_rrf_rerank,TP008,product_specific,7,d4c1a9ca-23c5-4ae0-9a51-c56675b2e6d1,0.05090425325451966,False,225.23280000041268
bm25_e5_rrf_rerank,TP008,product_specific,8,a3d42ca5-54b5-4b8d-be4e-79337aaab880,0.04999760441145471,False,225.23280000041268
bm25_e5_rrf_rerank,TP008,product_specific,9,e96acbc9-66b4-4df4-953b-3f7b0a846bbc,0.04999077051117557,False,225.23280000041268
bm25_e5_rrf_rerank,TP008,product_specific,10,59d57c8a-c9d7-4f8d-b9a1-a2816f1f01f7,0.04989648724140877,False,225.23280000041268
bm25_e5_rrf_rerank,TP009,product_specific,1,bc88f538-e881-4c81-85e9-fca20614315d,0.08198757933788613,True,211.74789999986388
bm25_e5_rrf_rerank,TP009,product_specific,2,2cea4ea7-7aaf-4c54-ac4e-b660de52065d,0.07548691904147677,False,211.74789999986388
bm25_e5_rrf_rerank,TP009,product_specific,3,21efe016-3004-45f3-a070-29ce2ecb0019,0.06584060155973029,False,211.74789999986388
bm25_e5_rrf_rerank,TP009,product_specific,4,b66e5419-8a9c-47f4-866d-ebdb95b174b2,0.06505947108612246,False,211.74789999986388
bm25_e5_rrf_rerank,TP009,product_specific,5,4c0dde2a-0432-4cb2-ad33-987f5979ff76,0.06385196896669068,False,211.74789999986388
bm25_e5_rrf_rerank,TP009,product_specific,6,f9eb1471-4566-4c09-a18e-9f3d84a47e9c,0.053297183684851104,False,211.74789999986388
bm25_e5_rrf_rerank,TP009,product_specific,7,b0d368a1-d0fc-4b8b-8567-e190cf462986,0.05228700718886957,False,211.74789999986388
bm25_e5_rrf_rerank,TP009,product_specific,8,54fdf811-dedd-4016-b144-3e4bfdcd67c8,0.0489336042596307,False,211.74789999986388
bm25_e5_rrf_rerank,TP009,product_specific,9,a3d42ca5-54b5-4b8d-be4e-79337aaab880,0.04886828769956317,False,211.74789999986388
bm25_e5_rrf_rerank,TP009,product_specific,10,c78ff32d-ea17-41fd-98ef-2e8872f01df3,0.04582051282051282,False,211.74789999986388
bm25_e5_rrf_rerank,TP010,product_specific,1,2cea4ea7-7aaf-4c54-ac4e-b660de52065d,0.06663939392169527,False,180.11960000058025
bm25_e5_rrf_rerank,TP010,product_specific,2,b66e5419-8a9c-47f4-866d-ebdb95b174b2,0.06578942106640527,True,180.11960000058025
bm25_e5_rrf_rerank,TP010,product_specific,3,21efe016-3004-45f3-a070-29ce2ecb0019,0.06577680790808893,False,180.11960000058025
bm25_e5_rrf_rerank,TP010,product_specific,4,bc88f538-e881-4c81-85e9-fca20614315d,0.06574346985179752,False,180.11960000058025
bm25_e5_rrf_rerank,TP010,product_specific,5,4c0dde2a-0432-4cb2-ad33-987f5979ff76,0.05880100456403952,False,180.11960000058025
bm25_e5_rrf_rerank,TP010,product_specific,6,dfb2693a-e821-4d6e-bbcc-0dbf3dc2a2ae,0.04437690847351688,False,180.11960000058025
bm25_e5_rrf_rerank,TP010,product_specific,7,fbf62ef9-25b7-437c-98d8-c4934fba0fe6,0.043982918014587015,False,180.11960000058025
bm25_e5_rrf_rerank,TP010,product_specific,8,eda54b74-cd2f-4808-8175-bcc5b916ce90,0.042902415460719295,False,180.11960000058025
bm25_e5_rrf_rerank,TP010,product_specific,9,7adacb8c-91c0-4ea7-8d82-7505eeac5042,0.042318377475362955,False,180.11960000058025
bm25_e5_rrf_rerank,TP010,product_specific,10,5de4d74d-720e-4d86-a836-f946d70a2d32,0.04182460566923774,False,180.11960000058025
bm25_e5_rrf_rerank,TP011,temporal,1,b66e5419-8a9c-47f4-866d-ebdb95b174b2,0.05449387466510348,True,138.3293999979287
bm25_e5_rrf_rerank,TP011,temporal,2,23c6ca0d-04bf-4081-b90a-9819029dcd73,0.05059718196898871,False,138.3293999979287
bm25_e5_rrf_rerank,TP011,temporal,3,c404e320-0bf2-4325-be92-7a0614f201ca,0.039265424713007716,False,138.3293999979287
bm25_e5_rrf_rerank,TP011,temporal,4,ffcf7308-6e83-47bc-a519-0b4b7ba44562,0.03364748906063041,False,138.3293999979287
bm25_e5_rrf_rerank,TP011,temporal,5,63b53156-440d-40c1-bc88-5c07c23ae77f,0.03360655912166754,False,138.3293999979287
bm25_e5_rrf_rerank,TP011,temporal,6,d3b7d61b-50f0-4b96-a770-785a9f3c3886,0.03345363646410824,False,138.3293999979287
bm25_e5_rrf_rerank,TP011,temporal,7,21efe016-3004-45f3-a070-29ce2ecb0019,0.03309558090947494,True,138.3293999979287
bm25_e5_rrf_rerank,TP011,temporal,8,2cea4ea7-7aaf-4c54-ac4e-b660de52065d,0.03274225197033006,False,138.3293999979287
bm25_e5_rrf_rerank,TP011,temporal,9,4c0dde2a-0432-4cb2-ad33-987f5979ff76,0.03233809016152881,False,138.3293999979287
bm25_e5_rrf_rerank,TP011,temporal,10,71d2e37c-44e2-4972-8e6b-a6449c2f8404,0.031683762944224036,False,138.3293999979287
bm25_e5_rrf_rerank,TP012,product_specific,1,21efe016-3004-45f3-a070-29ce2ecb0019,0.05746072529183059,True,195.23019999815006
bm25_e5_rrf_rerank,TP012,product_specific,2,2cea4ea7-7aaf-4c54-ac4e-b660de52065d,0.047851503141464725,False,195.23019999815006
bm25_e5_rrf_rerank,TP012,product_specific,3,b66e5419-8a9c-47f4-866d-ebdb95b174b2,0.04677036428451538,False,195.23019999815006
bm25_e5_rrf_rerank,TP012,product_specific,4,bc88f538-e881-4c81-85e9-fca20614315d,0.04612329748743166,False,195.23019999815006
bm25_e5_rrf_rerank,TP012,product_specific,5,c404e320-0bf2-4325-be92-7a0614f201ca,0.04582691480754848,False,195.23019999815006
bm25_e5_rrf_rerank,TP012,product_specific,6,23c6ca0d-04bf-4081-b90a-9819029dcd73,0.04549229689714112,False,195.23019999815006
bm25_e5_rrf_rerank,TP012,product_specific,7,f7a9837d-f8db-4461-abd8-a3607db2276f,0.04545849013867961,False,195.23019999815006
bm25_e5_rrf_rerank,TP012,product_specific,8,4c0dde2a-0432-4cb2-ad33-987f5979ff76,0.045065400385573925,False,195.23019999815006
bm25_e5_rrf_rerank,TP012,product_specific,9,d3b7d61b-50f0-4b96-a770-785a9f3c3886,0.04116737104391123,False,195.23019999815006
bm25_e5_rrf_rerank,TP012,product_specific,10,3ecc27b9-634c-4026-b44e-e01123aa0467,0.03103380324644743,False,195.23019999815006
bm25_e5_rrf_rerank,TP013,procedure,1,c78ff32d-ea17-41fd-98ef-2e8872f01df3,0.0803735102129761,False,210.75769999788463
bm25_e5_rrf_rerank,TP013,procedure,2,8259ed27-8646-4502-a959-aab1e9f1770f,0.07712301259163098,False,210.75769999788463
bm25_e5_rrf_rerank,TP013,procedure,3,fd678588-5ac2-400d-95c5-3309537781ec,0.06634740364378777,False,210.75769999788463
bm25_e5_rrf_rerank,TP013,procedure,4,9b6cc313-9a59-4387-a5ce-2ed14389a0a7,0.038922473899653705,True,210.75769999788463
bm25_e5_rrf_rerank,TP013,procedure,5,5de4d74d-720e-4d86-a836-f946d70a2d32,0.03788670219762673,False,210.75769999788463
bm25_e5_rrf_rerank,TP013,procedure,6,a7cf71a5-8426-4d7c-8106-e0754e7cb4bf,0.03704745167290715,False,210.75769999788463
bm25_e5_rrf_rerank,TP013,procedure,7,30ce28cb-f702-4cce-8105-137e2f73af0d,0.03640286498599582,False,210.75769999788463
bm25_e5_rrf_rerank,TP013,procedure,8,22e6c188-2e4c-4029-b200-7770a3f00e6e,0.035946023708399784,True,210.75769999788463
bm25_e5_rrf_rerank,TP013,procedure,9,8f3ed830-3a06-41c6-8b06-cfcf6d36a83c,0.0348116877319298,False,210.75769999788463
bm25_e5_rrf_rerank,TP013,procedure,10,16efaa44-1554-4748-8407-48fac0bced94,0.03423164214102875,False,210.75769999788463
bm25_e5_rrf_rerank,TP014,temporal,1,8259ed27-8646-4502-a959-aab1e9f1770f,0.05734567901234568,False,211.6796999989674
bm25_e5_rrf_rerank,TP014,temporal,2,c78ff32d-ea17-41fd-98ef-2e8872f01df3,0.05719512195121951,False,211.6796999989674
bm25_e5_rrf_rerank,TP014,temporal,3,30ce28cb-f702-4cce-8105-137e2f73af0d,0.03929626129519155,True,211.6796999989674
bm25_e5_rrf_rerank,TP014,temporal,4,22e6c188-2e4c-4029-b200-7770a3f00e6e,0.03875536978629328,False,211.6796999989674
bm25_e5_rrf_rerank,TP014,temporal,5,70b95f72-95ec-43b5-b76f-657518103256,0.03772684874679103,False,211.6796999989674
bm25_e5_rrf_rerank,TP014,temporal,6,0a4f11c7-39e8-41fe-bd14-48456671f531,0.037705716536595275,False,211.6796999989674
bm25_e5_rrf_rerank,TP014,temporal,7,48b9789d-5088-4ba1-a82a-be3a6396ce85,0.03732854568028631,False,211.6796999989674
bm25_e5_rrf_rerank,TP014,temporal,8,cfff9bf0-05e4-4179-a793-f3c705d04812,0.036677757377055156,False,211.6796999989674
bm25_e5_rrf_rerank,TP014,temporal,9,d3b7d61b-50f0-4b96-a770-785a9f3c3886,0.03630880526959638,False,211.6796999989674
bm25_e5_rrf_rerank,TP014,temporal,10,6ffcd319-e868-444b-b6fe-8d192a4de3ff,0.0352787048215153,False,211.6796999989674
bm25_e5_rrf_rerank,TP015,preparation,1,30ce28cb-f702-4cce-8105-137e2f73af0d,0.05384271429430654,False,246.55400000119698
bm25_e5_rrf_rerank,TP015,preparation,2,22e6c188-2e4c-4029-b200-7770a3f00e6e,0.05306605862814283,False,246.55400000119698
bm25_e5_rrf_rerank,TP015,preparation,3,d3b7d61b-50f0-4b96-a770-785a9f3c3886,0.05290099314300625,True,246.55400000119698
bm25_e5_rrf_rerank,TP015,preparation,4,70b95f72-95ec-43b5-b76f-657518103256,0.0464849274235387,False,246.55400000119698
bm25_e5_rrf_rerank,TP015,preparation,5,48b9789d-5088-4ba1-a82a-be3a6396ce85,0.044796997950627256,False,246.55400000119698
bm25_e5_rrf_rerank,TP015,preparation,6,0a4f11c7-39e8-41fe-bd14-48456671f531,0.04386724962506975,False,246.55400000119698
bm25_e5_rrf_rerank,TP015,preparation,7,cfff9bf0-05e4-4179-a793-f3c705d04812,0.04340716379441252,False,246.55400000119698
bm25_e5_rrf_rerank,TP015,preparation,8,a952e706-800e-493c-886a-8f06602fb2be,0.0419256033300187,False,246.55400000119698
bm25_e5_rrf_rerank,TP015,preparation,9,4d18d11e-2a92-4690-8a64-46653931483e,0.041341353311225286,False,246.55400000119698
bm25_e5_rrf_rerank,TP015,preparation,10,17abd2d4-27a2-40ba-a55b-0b3ceee19005,0.0411980022760846,False,246.55400000119698
bm25_e5_rrf_rerank,TP016,temporal,1,0a4f11c7-39e8-41fe-bd14-48456671f531,0.05740461313327364,True,366.97080000067217
bm25_e5_rrf_rerank,TP016,temporal,2,d3b7d61b-50f0-4b96-a770-785a9f3c3886,0.05693502043896035,False,366.97080000067217
bm25_e5_rrf_rerank,TP016,temporal,3,48b9789d-5088-4ba1-a82a-be3a6396ce85,0.04759689772513605,False,366.97080000067217
bm25_e5_rrf_rerank,TP016,temporal,4,70b95f72-95ec-43b5-b76f-657518103256,0.04635961972527849,True,366.97080000067217
bm25_e5_rrf_rerank,TP016,temporal,5,b8c70ff9-e1b2-40ce-9a0a-f65a53899d13,0.04588819802753509,False,366.97080000067217
bm25_e5_rrf_rerank,TP016,temporal,6,30ce28cb-f702-4cce-8105-137e2f73af0d,0.04588324948426881,False,366.97080000067217
bm25_e5_rrf_rerank,TP016,temporal,7,22e6c188-2e4c-4029-b200-7770a3f00e6e,0.0451933484918931,False,366.97080000067217
bm25_e5_rrf_rerank,TP016,temporal,8,cfff9bf0-05e4-4179-a793-f3c705d04812,0.04477344632726575,False,366.97080000067217
bm25_e5_rrf_rerank,TP016,temporal,9,b66e5419-8a9c-47f4-866d-ebdb95b174b2,0.03626041311074203,False,366.97080000067217
bm25_e5_rrf_rerank,TP016,temporal,10,63b53156-440d-40c1-bc88-5c07c23ae77f,0.034282207968029,False,366.97080000067217
bm25_e5_rrf_rerank,TP017,preparation,1,c78ff32d-ea17-41fd-98ef-2e8872f01df3,0.08149999999999999,False,237.8591000006054
bm25_e5_rrf_rerank,TP017,preparation,2,8259ed27-8646-4502-a959-aab1e9f1770f,0.07400561805137405,False,237.8591000006054
bm25_e5_rrf_rerank,TP017,preparation,3,73735f01-c9d0-4dd5-8d46-c70045e4b334,0.05570772564014009,True,237.8591000006054
bm25_e5_rrf_rerank,TP017,preparation,4,b0b5bc4f-7d0b-4f56-8e37-84178d38637d,0.04413864693973527,False,237.8591000006054
bm25_e5_rrf_rerank,TP017,preparation,5,48b9789d-5088-4ba1-a82a-be3a6396ce85,0.04170039356881072,False,237.8591000006054
bm25_e5_rrf_rerank,TP017,preparation,6,9b6cc313-9a59-4387-a5ce-2ed14389a0a7,0.0388426425816412,False,237.8591000006054
bm25_e5_rrf_rerank,TP017,preparation,7,74c0eabe-77c7-4dbf-a321-27966a12fafb,0.038587739936889166,False,237.8591000006054
bm25_e5_rrf_rerank,TP017,preparation,8,16efaa44-1554-4748-8407-48fac0bced94,0.03796437828364363,False,237.8591000006054
bm25_e5_rrf_rerank,TP017,preparation,9,5de4d74d-720e-4d86-a836-f946d70a2d32,0.03780230042452404,False,237.8591000006054
bm25_e5_rrf_rerank,TP017,preparation,10,b0d368a1-d0fc-4b8b-8567-e190cf462986,0.03503171588213016,False,237.8591000006054
bm25_e5_rrf_rerank,TP018,preparation,1,6ffcd319-e868-444b-b6fe-8d192a4de3ff,0.06451802503665499,True,260.99859999976616
bm25_e5_rrf_rerank,TP018,preparation,2,73735f01-c9d0-4dd5-8d46-c70045e4b334,0.06367345059302545,True,260.99859999976616
bm25_e5_rrf_rerank,TP018,preparation,3,74c0eabe-77c7-4dbf-a321-27966a12fafb,0.06066725884938912,False,260.99859999976616
bm25_e5_rrf_rerank,TP018,preparation,4,d2e0fc0a-bf0e-4226-abbf-e9f3dea2fce8,0.05966294248158053,False,260.99859999976616
bm25_e5_rrf_rerank,TP018,preparation,5,919e93ca-fed9-4dde-b9b8-f870e207a3f3,0.057581524947267926,False,260.99859999976616
bm25_e5_rrf_rerank,TP018,preparation,6,8f3ed830-3a06-41c6-8b06-cfcf6d36a83c,0.04765264144088283,False,260.99859999976616
bm25_e5_rrf_rerank,TP018,preparation,7,84c0a864-176f-4776-a15e-167fc2518e5d,0.04676719908561852,False,260.99859999976616
bm25_e5_rrf_rerank,TP018,preparation,8,eda54b74-cd2f-4808-8175-bcc5b916ce90,0.04559615923504405,False,260.99859999976616
bm25_e5_rrf_rerank,TP018,preparation,9,b225ae64-72d2-4e59-81c0-57f5d8438666,0.04509635802089012,False,260.99859999976616
bm25_e5_rrf_rerank,TP018,preparation,10,a7cf71a5-8426-4d7c-8106-e0754e7cb4bf,0.04438031468398676,False,260.99859999976616
bm25_e5_rrf_rerank,TP019,temporal,1,b0d368a1-d0fc-4b8b-8567-e190cf462986,0.06641964733203462,False,288.1790999981604
bm25_e5_rrf_rerank,TP019,temporal,2,c404e320-0bf2-4325-be92-7a0614f201ca,0.05766037332614474,True,288.1790999981604
bm25_e5_rrf_rerank,TP019,temporal,3,919e93ca-fed9-4dde-b9b8-f870e207a3f3,0.05575497164113869,False,288.1790999981604
bm25_e5_rrf_rerank,TP019,temporal,4,74c0eabe-77c7-4dbf-a321-27966a12fafb,0.045792108737198495,False,288.1790999981604
bm25_e5_rrf_rerank,TP019,temporal,5,16efaa44-1554-4748-8407-48fac0bced94,0.045586757319314136,False,288.1790999981604
bm25_e5_rrf_rerank,TP019,temporal,6,b7876bcb-b1d0-409a-831d-45e59e35a44e,0.04415771445571652,False,288.1790999981604
bm25_e5_rrf_rerank,TP019,temporal,7,b66e5419-8a9c-47f4-866d-ebdb95b174b2,0.03763605075050829,False,288.1790999981604
bm25_e5_rrf_rerank,TP019,temporal,8,63b53156-440d-40c1-bc88-5c07c23ae77f,0.03664197834465682,False,288.1790999981604
bm25_e5_rrf_rerank,TP019,temporal,9,d3b7d61b-50f0-4b96-a770-785a9f3c3886,0.03388250663063743,False,288.1790999981604
bm25_e5_rrf_rerank,TP019,temporal,10,ffcf7308-6e83-47bc-a519-0b4b7ba44562,0.03199296890766792,False,288.1790999981604
bm25_e5_rrf_rerank,TP020,temporal,1,6ffcd319-e868-444b-b6fe-8d192a4de3ff,0.061824577923617875,False,216.47520000078657
bm25_e5_rrf_rerank,TP020,temporal,2,c404e320-0bf2-4325-be92-7a0614f201ca,0.06178829919894747,True,216.47520000078657
bm25_e5_rrf_rerank,TP020,temporal,3,919e93ca-fed9-4dde-b9b8-f870e207a3f3,0.06020961805490347,False,216.47520000078657
bm25_e5_rrf_rerank,TP020,temporal,4,b0d368a1-d0fc-4b8b-8567-e190cf462986,0.057439216129363535,False,216.47520000078657
bm25_e5_rrf_rerank,TP020,temporal,5,74c0eabe-77c7-4dbf-a321-27966a12fafb,0.05647525010652528,False,216.47520000078657
bm25_e5_rrf_rerank,TP020,temporal,6,16efaa44-1554-4748-8407-48fac0bced94,0.03625009065204196,False,216.47520000078657
bm25_e5_rrf_rerank,TP020,temporal,7,da79aa00-567d-434c-8441-915ac080f918,0.034589458054670674,False,216.47520000078657
bm25_e5_rrf_rerank,TP020,temporal,8,8f3ed830-3a06-41c6-8b06-cfcf6d36a83c,0.033843605301596906,False,216.47520000078657
bm25_e5_rrf_rerank,TP020,temporal,9,59d57c8a-c9d7-4f8d-b9a1-a2816f1f01f7,0.03353426217006645,False,216.47520000078657
bm25_e5_rrf_rerank,TP020,temporal,10,5de4d74d-720e-4d86-a836-f946d70a2d32,0.03338129299044525,False,216.47520000078657
bm25_e5_rrf_rerank,TP021,fact_specific,1,919e93ca-fed9-4dde-b9b8-f870e207a3f3,0.057480302925906696,True,281.8139999999403
bm25_e5_rrf_rerank,TP021,fact_specific,2,b0d368a1-d0fc-4b8b-8567-e190cf462986,0.05694867241010261,True,281.8139999999403
bm25_e5_rrf_rerank,TP021,fact_specific,3,f7a9837d-f8db-4461-abd8-a3607db2276f,0.056677448228208305,False,281.8139999999403
bm25_e5_rrf_rerank,TP021,fact_specific,4,74c0eabe-77c7-4dbf-a321-27966a12fafb,0.05616734313964844,False,281.8139999999403
bm25_e5_rrf_rerank,TP021,fact_specific,5,6ffcd319-e868-444b-b6fe-8d192a4de3ff,0.04641006337457048,False,281.8139999999403
bm25_e5_rrf_rerank,TP021,fact_specific,6,b7876bcb-b1d0-409a-831d-45e59e35a44e,0.04591106625672974,False,281.8139999999403
bm25_e5_rrf_rerank,TP021,fact_specific,7,c404e320-0bf2-4325-be92-7a0614f201ca,0.045886879490281605,False,281.8139999999403
bm25_e5_rrf_rerank,TP021,fact_specific,8,73735f01-c9d0-4dd5-8d46-c70045e4b334,0.044774370304145356,False,281.8139999999403
bm25_e5_rrf_rerank,TP021,fact_specific,9,16efaa44-1554-4748-8407-48fac0bced94,0.04435452923743553,False,281.8139999999403
bm25_e5_rrf_rerank,TP021,fact_specific,10,d2e0fc0a-bf0e-4226-abbf-e9f3dea2fce8,0.04394190711823721,False,281.8139999999403
bm25_e5_rrf_rerank,TP022,fact_specific,1,919e93ca-fed9-4dde-b9b8-f870e207a3f3,0.06637518655856661,False,241.87130000063917
bm25_e5_rrf_rerank,TP022,fact_specific,2,b7876bcb-b1d0-409a-831d-45e59e35a44e,0.06634385549624972,True,241.87130000063917
bm25_e5_rrf_rerank,TP022,fact_specific,3,16efaa44-1554-4748-8407-48fac0bced94,0.046959343389131505,False,241.87130000063917
bm25_e5_rrf_rerank,TP022,fact_specific,4,74c0eabe-77c7-4dbf-a321-27966a12fafb,0.04647604956771388,False,241.87130000063917
bm25_e5_rrf_rerank,TP022,fact_specific,5,b0d368a1-d0fc-4b8b-8567-e190cf462986,0.045547858319022055,False,241.87130000063917
bm25_e5_rrf_rerank,TP022,fact_specific,6,6ffcd319-e868-444b-b6fe-8d192a4de3ff,0.045099306864139835,False,241.87130000063917
bm25_e5_rrf_rerank,TP022,fact_specific,7,f7a9837d-f8db-4461-abd8-a3607db2276f,0.04467008983234359,False,241.87130000063917
bm25_e5_rrf_rerank,TP022,fact_specific,8,15e829a9-a475-429d-b0e3-5c34bfbd3ab7,0.043284357475269104,False,241.87130000063917
bm25_e5_rrf_rerank,TP022,fact_specific,9,7e68f70a-ba74-4eb8-bbae-c7e9f7340567,0.0349394909936074,False,241.87130000063917
bm25_e5_rrf_rerank,TP022,fact_specific,10,c404e320-0bf2-4325-be92-7a0614f201ca,0.034528479285356475,False,241.87130000063917
bm25_e5_rrf_rerank,TP023,preparation,1,b225ae64-72d2-4e59-81c0-57f5d8438666,0.06105184044200748,False,292.0757000001686
bm25_e5_rrf_rerank,TP023,preparation,2,eda54b74-cd2f-4808-8175-bcc5b916ce90,0.060993933337515294,True,292.0757000001686
bm25_e5_rrf_rerank,TP023,preparation,3,7adacb8c-91c0-4ea7-8d82-7505eeac5042,0.06001002317400121,False,292.0757000001686
bm25_e5_rrf_rerank,TP023,preparation,4,fd678588-5ac2-400d-95c5-3309537781ec,0.05864238763867493,False,292.0757000001686
bm25_e5_rrf_rerank,TP023,preparation,5,21d38039-895b-46a4-8902-96e380ce41aa,0.058566871476551846,False,292.0757000001686
bm25_e5_rrf_rerank,TP023,preparation,6,7e68f70a-ba74-4eb8-bbae-c7e9f7340567,0.057787093247068586,False,292.0757000001686
bm25_e5_rrf_rerank,TP023,preparation,7,b0d368a1-d0fc-4b8b-8567-e190cf462986,0.057628877567339545,False,292.0757000001686
bm25_e5_rrf_rerank,TP023,preparation,8,b8c70ff9-e1b2-40ce-9a0a-f65a53899d13,0.05755722428590824,False,292.0757000001686
bm25_e5_rrf_rerank,TP023,preparation,9,36bac780-b1a2-42dc-8cca-3605f80c5521,0.057337518178499663,False,292.0757000001686
bm25_e5_rrf_rerank,TP023,preparation,10,73735f01-c9d0-4dd5-8d46-c70045e4b334,0.05701101206183636,False,292.0757000001686
bm25_e5_rrf_rerank,TP024,preparation,1,b10b8f1c-ed17-44ca-8d7c-1a4f19a12c67,0.06769036467870077,False,322.27940000029776
bm25_e5_rrf_rerank,TP024,preparation,2,d4c1a9ca-23c5-4ae0-9a51-c56675b2e6d1,0.06301550667127405,False,322.27940000029776
bm25_e5_rrf_rerank,TP024,preparation,3,eda54b74-cd2f-4808-8175-bcc5b916ce90,0.0601830022907115,False,322.27940000029776
bm25_e5_rrf_rerank,TP024,preparation,4,98d006ac-5212-4c8c-8a63-4cbd4d6caffc,0.059803099110210034,False,322.27940000029776
bm25_e5_rrf_rerank,TP024,preparation,5,b225ae64-72d2-4e59-81c0-57f5d8438666,0.059695972738499935,False,322.27940000029776
bm25_e5_rrf_rerank,TP024,preparation,6,36bac780-b1a2-42dc-8cca-3605f80c5521,0.05942510327314719,True,322.27940000029776
bm25_e5_rrf_rerank,TP024,preparation,7,9552a4ac-31b4-43a8-aa92-37bd3e89362a,0.05851891728884524,False,322.27940000029776
bm25_e5_rrf_rerank,TP024,preparation,8,7adacb8c-91c0-4ea7-8d82-7505eeac5042,0.05714706750143142,False,322.27940000029776
bm25_e5_rrf_rerank,TP024,preparation,9,74c0eabe-77c7-4dbf-a321-27966a12fafb,0.05653536866741278,False,322.27940000029776
bm25_e5_rrf_rerank,TP024,preparation,10,21d38039-895b-46a4-8902-96e380ce41aa,0.05420574947120317,False,322.27940000029776
bm25_e5_rrf_rerank,TP025,temporal,1,54fdf811-dedd-4016-b144-3e4bfdcd67c8,0.049756641987831356,False,295.8513999992647
bm25_e5_rrf_rerank,TP025,temporal,2,a7cf71a5-8426-4d7c-8106-e0754e7cb4bf,0.04911960533706754,False,295.8513999992647
bm25_e5_rrf_rerank,TP025,temporal,3,f4580736-a09e-471f-93d2-8089c695eb67,0.048321504702808285,False,295.8513999992647
bm25_e5_rrf_rerank,TP025,temporal,4,8939253d-3272-4915-8c2b-c60062aeb818,0.0480558979141394,False,295.8513999992647
bm25_e5_rrf_rerank,TP025,temporal,5,f9cfc75b-a5e7-4633-a798-4b17ea462325,0.04797149590141661,False,295.8513999992647
bm25_e5_rrf_rerank,TP025,temporal,6,2e55093d-0a0f-4fd9-954b-4fc72df9eac0,0.04620632132664546,False,295.8513999992647
bm25_e5_rrf_rerank,TP025,temporal,7,23c6ca0d-04bf-4081-b90a-9819029dcd73,0.03376444912926391,False,295.8513999992647
bm25_e5_rrf_rerank,TP025,temporal,8,71d2e37c-44e2-4972-8e6b-a6449c2f8404,0.0318842968170089,False,295.8513999992647
bm25_e5_rrf_rerank,TP025,temporal,9,ffcf7308-6e83-47bc-a519-0b4b7ba44562,0.031621316096396804,False,295.8513999992647
bm25_e5_rrf_rerank,TP025,temporal,10,e96acbc9-66b4-4df4-953b-3f7b0a846bbc,0.03147187352001219,False,295.8513999992647
bm25_e5_rrf_rerank,TP026,procedure,1,9b6cc313-9a59-4387-a5ce-2ed14389a0a7,0.07224977491722732,False,316.672900001322
bm25_e5_rrf_rerank,TP026,procedure,2,b0b5bc4f-7d0b-4f56-8e37-84178d38637d,0.0662313816529082,False,316.672900001322
bm25_e5_rrf_rerank,TP026,procedure,3,5de4d74d-720e-4d86-a836-f946d70a2d32,0.060933617107451904,True,316.672900001322
bm25_e5_rrf_rerank,TP026,procedure,4,f9cfc75b-a5e7-4633-a798-4b17ea462325,0.05695824735671454,False,316.672900001322
bm25_e5_rrf_rerank,TP026,procedure,5,2cea4ea7-7aaf-4c54-ac4e-b660de52065d,0.05401614690531155,False,316.672900001322
bm25_e5_rrf_rerank,TP026,procedure,6,73735f01-c9d0-4dd5-8d46-c70045e4b334,0.05389835913553586,False,316.672900001322
bm25_e5_rrf_rerank,TP026,procedure,7,4c0dde2a-0432-4cb2-ad33-987f5979ff76,0.04610806055335732,False,316.672900001322
bm25_e5_rrf_rerank,TP026,procedure,8,59d57c8a-c9d7-4f8d-b9a1-a2816f1f01f7,0.0436375964282891,False,316.672900001322
bm25_e5_rrf_rerank,TP026,procedure,9,df699ccc-6f51-4281-b4a4-f3d2a20631e0,0.04303896164240953,False,316.672900001322
bm25_e5_rrf_rerank,TP026,procedure,10,74c0eabe-77c7-4dbf-a321-27966a12fafb,0.04283500170772315,False,316.672900001322
bm25_e5_rrf_rerank,TP027,fact_specific,1,8259ed27-8646-4502-a959-aab1e9f1770f,0.058333333333333334,False,300.0696000008247
bm25_e5_rrf_rerank,TP027,fact_specific,2,c78ff32d-ea17-41fd-98ef-2e8872f01df3,0.0581578947368421,False,300.0696000008247
bm25_e5_rrf_rerank,TP027,fact_specific,3,5de4d74d-720e-4d86-a836-f946d70a2d32,0.0394792395790439,True,300.0696000008247
bm25_e5_rrf_rerank,TP027,fact_specific,4,da79aa00-567d-434c-8441-915ac080f918,0.03626903682284885,False,300.0696000008247
bm25_e5_rrf_rerank,TP027,fact_specific,5,cfff9bf0-05e4-4179-a793-f3c705d04812,0.035461787081199334,False,300.0696000008247
bm25_e5_rrf_rerank,TP027,fact_specific,6,df699ccc-6f51-4281-b4a4-f3d2a20631e0,0.0351243699304144,False,300.0696000008247
bm25_e5_rrf_rerank,TP027,fact_specific,7,59d57c8a-c9d7-4f8d-b9a1-a2816f1f01f7,0.034709843421169305,False,300.0696000008247
bm25_e5_rrf_rerank,TP027,fact_specific,8,c404e320-0bf2-4325-be92-7a0614f201ca,0.0336107875324106,False,300.0696000008247
bm25_e5_rrf_rerank,TP027,fact_specific,9,21efe016-3004-45f3-a070-29ce2ecb0019,0.03335418536236499,False,300.0696000008247
bm25_e5_rrf_rerank,TP027,fact_specific,10,16efaa44-1554-4748-8407-48fac0bced94,0.03329828147410928,False,300.0696000008247
bm25_e5_rrf_rerank,TP028,fact_specific,1,23c6ca0d-04bf-4081-b90a-9819029dcd73,0.0891721994292581,False,308.20699999912904
bm25_e5_rrf_rerank,TP028,fact_specific,2,e62b0c91-ff0c-43b2-9bd5-ff173d9f8bc0,0.0779518499007592,True,308.20699999912904
bm25_e5_rrf_rerank,TP028,fact_specific,3,bc88f538-e881-4c81-85e9-fca20614315d,0.075800739398994,False,308.20699999912904
bm25_e5_rrf_rerank,TP028,fact_specific,4,73735f01-c9d0-4dd5-8d46-c70045e4b334,0.0747434448598649,False,308.20699999912904
bm25_e5_rrf_rerank,TP028,fact_specific,5,5de4d74d-720e-4d86-a836-f946d70a2d32,0.07279210930751316,False,308.20699999912904
bm25_e5_rrf_rerank,TP028,fact_specific,6,54fdf811-dedd-4016-b144-3e4bfdcd67c8,0.06201485693057589,False,308.20699999912904
bm25_e5_rrf_rerank,TP028,fact_specific,7,4c0dde2a-0432-4cb2-ad33-987f5979ff76,0.06177552173983266,False,308.20699999912904
bm25_e5_rrf_rerank,TP028,fact_specific,8,d4c1a9ca-23c5-4ae0-9a51-c56675b2e6d1,0.04949707742080874,False,308.20699999912904
bm25_e5_rrf_rerank,TP028,fact_specific,9,e96acbc9-66b4-4df4-953b-3f7b0a846bbc,0.04844042854598074,False,308.20699999912904
bm25_e5_rrf_rerank,TP028,fact_specific,10,df699ccc-6f51-4281-b4a4-f3d2a20631e0,0.035162973117060826,False,308.20699999912904
bm25_e5_rrf_rerank,TP029,product_specific,1,4c0dde2a-0432-4cb2-ad33-987f5979ff76,0.061642625101151004,False,246.7441000017061
bm25_e5_rrf_rerank,TP029,product_specific,2,54fdf811-dedd-4016-b144-3e4bfdcd67c8,0.06163415573488881,False,246.7441000017061
bm25_e5_rrf_rerank,TP029,product_specific,3,d4c1a9ca-23c5-4ae0-9a51-c56675b2e6d1,0.05352278069131959,False,246.7441000017061
bm25_e5_rrf_rerank,TP029,product_specific,4,59d57c8a-c9d7-4f8d-b9a1-a2816f1f01f7,0.05257703174081843,True,246.7441000017061
bm25_e5_rrf_rerank,TP029,product_specific,5,e96acbc9-66b4-4df4-953b-3f7b0a846bbc,0.04899611040262075,False,246.7441000017061
bm25_e5_rrf_rerank,TP029,product_specific,6,5de4d74d-720e-4d86-a836-f946d70a2d32,0.04486864749689956,False,246.7441000017061
bm25_e5_rrf_rerank,TP029,product_specific,7,7c33fbb7-e931-4f6b-9520-23875ec9ee5b,0.037294025954915516,False,246.7441000017061
bm25_e5_rrf_rerank,TP029,product_specific,8,3ecc27b9-634c-4026-b44e-e01123aa0467,0.037249850380948656,False,246.7441000017061
bm25_e5_rrf_rerank,TP029,product_specific,9,63b53156-440d-40c1-bc88-5c07c23ae77f,0.03569256993014403,False,246.7441000017061
bm25_e5_rrf_rerank,TP029,product_specific,10,1033ac46-dec8-493e-b577-7f5ad80f8e86,0.035450811243491816,False,246.7441000017061
bm25_e5_rrf_rerank,TP030,paraphrase,1,b0b5bc4f-7d0b-4f56-8e37-84178d38637d,0.0697659903939423,True,276.733200000308
bm25_e5_rrf_rerank,TP030,paraphrase,2,f7a9837d-f8db-4461-abd8-a3607db2276f,0.05960031508642529,False,276.733200000308
bm25_e5_rrf_rerank,TP030,paraphrase,3,7c33fbb7-e931-4f6b-9520-23875ec9ee5b,0.049664849310210264,False,276.733200000308
bm25_e5_rrf_rerank,TP030,paraphrase,4,4c0dde2a-0432-4cb2-ad33-987f5979ff76,0.04961101578909253,False,276.733200000308
bm25_e5_rrf_rerank,TP030,paraphrase,5,c404e320-0bf2-4325-be92-7a0614f201ca,0.047880233878519994,False,276.733200000308
bm25_e5_rrf_rerank,TP030,paraphrase,6,f4580736-a09e-471f-93d2-8089c695eb67,0.04690545814544135,False,276.733200000308
bm25_e5_rrf_rerank,TP030,paraphrase,7,23c6ca0d-04bf-4081-b90a-9819029dcd73,0.04681744985091381,False,276.733200000308
bm25_e5_rrf_rerank,TP030,paraphrase,8,8939253d-3272-4915-8c2b-c60062aeb818,0.045564977979732614,False,276.733200000308
bm25_e5_rrf_rerank,TP030,paraphrase,9,646d4165-73db-4f69-84da-5f393cd81988,0.045551170201682756,False,276.733200000308
bm25_e5_rrf_rerank,TP030,paraphrase,10,4d18d11e-2a92-4690-8a64-46653931483e,0.04494537460631219,False,276.733200000308
bm25_e5_rrf_rerank,TP031,monitoring,1,c78ff32d-ea17-41fd-98ef-2e8872f01df3,0.07711025242927748,False,208.6460000000443
bm25_e5_rrf_rerank,TP031,monitoring,2,8259ed27-8646-4502-a959-aab1e9f1770f,0.07611323880530024,False,208.6460000000443
bm25_e5_rrf_rerank,TP031,monitoring,3,a7cf71a5-8426-4d7c-8106-e0754e7cb4bf,0.038834972813932174,True,208.6460000000443
bm25_e5_rrf_rerank,TP031,monitoring,4,7e5199d4-e5c9-40ca-a69f-ea37f52c6ce3,0.03872927058127618,False,208.6460000000443
bm25_e5_rrf_rerank,TP031,monitoring,5,16efaa44-1554-4748-8407-48fac0bced94,0.03735619651341619,False,208.6460000000443
bm25_e5_rrf_rerank,TP031,monitoring,6,73735f01-c9d0-4dd5-8d46-c70045e4b334,0.03704950833860026,False,208.6460000000443
bm25_e5_rrf_rerank,TP031,monitoring,7,22e6c188-2e4c-4029-b200-7770a3f00e6e,0.035076029408145956,False,208.6460000000443
bm25_e5_rrf_rerank,TP031,monitoring,8,30ce28cb-f702-4cce-8105-137e2f73af0d,0.03506662673798818,False,208.6460000000443
bm25_e5_rrf_rerank,TP031,monitoring,9,d3b7d61b-50f0-4b96-a770-785a9f3c3886,0.03475545569996775,False,208.6460000000443
bm25_e5_rrf_rerank,TP031,monitoring,10,b225ae64-72d2-4e59-81c0-57f5d8438666,0.03424462516162558,False,208.6460000000443
bm25_e5_rrf_rerank,TP032,adverse_reaction,1,15e829a9-a475-429d-b0e3-5c34bfbd3ab7,0.05105121610985428,True,364.6688000007998
bm25_e5_rrf_rerank,TP032,adverse_reaction,2,a7cf71a5-8426-4d7c-8106-e0754e7cb4bf,0.04485719717558775,False,364.6688000007998
bm25_e5_rrf_rerank,TP032,adverse_reaction,3,9b6cc313-9a59-4387-a5ce-2ed14389a0a7,0.043844829569022206,False,364.6688000007998
bm25_e5_rrf_rerank,TP032,adverse_reaction,4,c78ff32d-ea17-41fd-98ef-2e8872f01df3,0.0426308529469874,False,364.6688000007998
bm25_e5_rrf_rerank,TP032,adverse_reaction,5,fd678588-5ac2-400d-95c5-3309537781ec,0.04051964237063088,False,364.6688000007998
bm25_e5_rrf_rerank,TP032,adverse_reaction,6,391ad5dc-0d1c-4350-85ba-5aa601d9ac0d,0.037860130490049125,False,364.6688000007998
bm25_e5_rrf_rerank,TP032,adverse_reaction,7,7abe62fa-6fdb-4466-a16b-73e1770f0c57,0.03754206299993579,False,364.6688000007998
bm25_e5_rrf_rerank,TP032,adverse_reaction,8,8939253d-3272-4915-8c2b-c60062aeb818,0.0367802049091884,True,364.6688000007998
bm25_e5_rrf_rerank,TP032,adverse_reaction,9,2e55093d-0a0f-4fd9-954b-4fc72df9eac0,0.03663354782831101,False,364.6688000007998
bm25_e5_rrf_rerank,TP032,adverse_reaction,10,5de4d74d-720e-4d86-a836-f946d70a2d32,0.03437205839374922,False,364.6688000007998
bm25_e5_rrf_rerank,TP033,adverse_reaction,1,8939253d-3272-4915-8c2b-c60062aeb818,0.057745294555288845,True,283.9954000000944
bm25_e5_rrf_rerank,TP033,adverse_reaction,2,324bc249-0e84-46e9-b77f-856c76cd5353,0.054454613135865026,False,283.9954000000944
bm25_e5_rrf_rerank,TP033,adverse_reaction,3,15e829a9-a475-429d-b0e3-5c34bfbd3ab7,0.047373266306467744,False,283.9954000000944
bm25_e5_rrf_rerank,TP033,adverse_reaction,4,7abe62fa-6fdb-4466-a16b-73e1770f0c57,0.04726067971426343,True,283.9954000000944
bm25_e5_rrf_rerank,TP033,adverse_reaction,5,2e55093d-0a0f-4fd9-954b-4fc72df9eac0,0.0469754681144733,False,283.9954000000944
bm25_e5_rrf_rerank,TP033,adverse_reaction,6,da79aa00-567d-434c-8441-915ac080f918,0.04257786142653313,False,283.9954000000944
bm25_e5_rrf_rerank,TP033,adverse_reaction,7,f4580736-a09e-471f-93d2-8089c695eb67,0.03707877997791066,False,283.9954000000944
bm25_e5_rrf_rerank,TP033,adverse_reaction,8,5de4d74d-720e-4d86-a836-f946d70a2d32,0.03228061460722403,False,283.9954000000944
bm25_e5_rrf_rerank,TP033,adverse_reaction,9,d3b7d61b-50f0-4b96-a770-785a9f3c3886,0.032001078612504244,False,283.9954000000944
bm25_e5_rrf_rerank,TP033,adverse_reaction,10,22e6c188-2e4c-4029-b200-7770a3f00e6e,0.03146321272746825,False,283.9954000000944
bm25_e5_rrf_rerank,TP034,adverse_reaction,1,7abe62fa-6fdb-4466-a16b-73e1770f0c57,0.05769410560951858,True,453.2410000001619
bm25_e5_rrf_rerank,TP034,adverse_reaction,2,2e55093d-0a0f-4fd9-954b-4fc72df9eac0,0.04781228839978766,True,453.2410000001619
bm25_e5_rrf_rerank,TP034,adverse_reaction,3,5e7838ae-0b80-4d05-b266-deb52de7b401,0.04777172958478522,False,453.2410000001619
bm25_e5_rrf_rerank,TP034,adverse_reaction,4,324bc249-0e84-46e9-b77f-856c76cd5353,0.046038597864263196,False,453.2410000001619
bm25_e5_rrf_rerank,TP034,adverse_reaction,5,8f3ed830-3a06-41c6-8b06-cfcf6d36a83c,0.04315226885310391,False,453.2410000001619
bm25_e5_rrf_rerank,TP034,adverse_reaction,6,22e6c188-2e4c-4029-b200-7770a3f00e6e,0.04303501769883268,False,453.2410000001619
bm25_e5_rrf_rerank,TP034,adverse_reaction,7,f7a9837d-f8db-4461-abd8-a3607db2276f,0.03884540891246982,False,453.2410000001619
bm25_e5_rrf_rerank,TP034,adverse_reaction,8,f9cfc75b-a5e7-4633-a798-4b17ea462325,0.03818929430549353,False,453.2410000001619
bm25_e5_rrf_rerank,TP034,adverse_reaction,9,74c0eabe-77c7-4dbf-a321-27966a12fafb,0.03766902886234119,False,453.2410000001619
bm25_e5_rrf_rerank,TP034,adverse_reaction,10,da79aa00-567d-434c-8441-915ac080f918,0.03730069738359594,False,453.2410000001619
bm25_e5_rrf_rerank,TN006,negative_out_of_scope,1,71d2e37c-44e2-4972-8e6b-a6449c2f8404,0.0620683946453157,False,225.85549999985233
bm25_e5_rrf_rerank,TN006,negative_out_of_scope,2,5de4d74d-720e-4d86-a836-f946d70a2d32,0.05960715829186784,False,225.85549999985233
bm25_e5_rrf_rerank,TN006,negative_out_of_scope,3,ffcf7308-6e83-47bc-a519-0b4b7ba44562,0.04997850763425421,False,225.85549999985233
bm25_e5_rrf_rerank,TN006,negative_out_of_scope,4,f4580736-a09e-471f-93d2-8089c695eb67,0.048672171642079334,False,225.85549999985233
bm25_e5_rrf_rerank,TN006,negative_out_of_scope,5,15e829a9-a475-429d-b0e3-5c34bfbd3ab7,0.0470103995398075,False,225.85549999985233
bm25_e5_rrf_rerank,TN006,negative_out_of_scope,6,54fdf811-dedd-4016-b144-3e4bfdcd67c8,0.038759854641492154,False,225.85549999985233
bm25_e5_rrf_rerank,TN006,negative_out_of_scope,7,0f6b0fc1-9d70-479f-a87d-a26e954e2adb,0.033538945525011084,False,225.85549999985233
bm25_e5_rrf_rerank,TN006,negative_out_of_scope,8,ba3d1d87-0c2d-4b67-a0c2-4615c8249c2a,0.03345781086849174,False,225.85549999985233
bm25_e5_rrf_rerank,TN006,negative_out_of_scope,9,da79aa00-567d-434c-8441-915ac080f918,0.03320414227181739,False,225.85549999985233
bm25_e5_rrf_rerank,TN006,negative_out_of_scope,10,646d4165-73db-4f69-84da-5f393cd81988,0.032167047301149054,False,225.85549999985233
bm25_e5_rrf_rerank,TN007,negative_out_of_scope,1,9131e9a9-eff3-4f4e-a20b-4bdd456c35bc,0.0540738665841652,False,206.01930000157154
bm25_e5_rrf_rerank,TN007,negative_out_of_scope,2,54fdf811-dedd-4016-b144-3e4bfdcd67c8,0.045435405095418296,False,206.01930000157154
bm25_e5_rrf_rerank,TN007,negative_out_of_scope,3,7c33fbb7-e931-4f6b-9520-23875ec9ee5b,0.04275181006603554,False,206.01930000157154
bm25_e5_rrf_rerank,TN007,negative_out_of_scope,4,2cea4ea7-7aaf-4c54-ac4e-b660de52065d,0.0377326078858235,False,206.01930000157154
bm25_e5_rrf_rerank,TN007,negative_out_of_scope,5,23c6ca0d-04bf-4081-b90a-9819029dcd73,0.035437686082776663,False,206.01930000157154
bm25_e5_rrf_rerank,TN007,negative_out_of_scope,6,ba3d1d87-0c2d-4b67-a0c2-4615c8249c2a,0.034816937851000436,False,206.01930000157154
bm25_e5_rrf_rerank,TN007,negative_out_of_scope,7,63b53156-440d-40c1-bc88-5c07c23ae77f,0.034614101593926146,False,206.01930000157154
bm25_e5_rrf_rerank,TN007,negative_out_of_scope,8,09f3c6d5-9e0c-4545-960f-b16c69abbeb1,0.034400519671515244,False,206.01930000157154
bm25_e5_rrf_rerank,TN007,negative_out_of_scope,9,0f6b0fc1-9d70-479f-a87d-a26e954e2adb,0.033945637283040515,False,206.01930000157154
bm25_e5_rrf_rerank,TN007,negative_out_of_scope,10,71d2e37c-44e2-4972-8e6b-a6449c2f8404,0.03312126485172774,False,206.01930000157154
bm25_e5_rrf_rerank,TN008,negative_out_of_scope,1,bc88f538-e881-4c81-85e9-fca20614315d,0.03666609817476415,False,252.78029999844875
bm25_e5_rrf_rerank,TN008,negative_out_of_scope,2,b66e5419-8a9c-47f4-866d-ebdb95b174b2,0.03664846209161867,False,252.78029999844875
bm25_e5_rrf_rerank,TN008,negative_out_of_scope,3,2cea4ea7-7aaf-4c54-ac4e-b660de52065d,0.034498298430381595,False,252.78029999844875
bm25_e5_rrf_rerank,TN008,negative_out_of_scope,4,21efe016-3004-45f3-a070-29ce2ecb0019,0.0333969616298876,False,252.78029999844875
bm25_e5_rrf_rerank,TN008,negative_out_of_scope,5,4c0dde2a-0432-4cb2-ad33-987f5979ff76,0.032780540776419474,False,252.78029999844875
bm25_e5_rrf_rerank,TN008,negative_out_of_scope,6,63e9db23-9c0a-4e6a-a272-3d118d242ca2,0.029706889675127756,False,252.78029999844875
bm25_e5_rrf_rerank,TN008,negative_out_of_scope,7,64fa07b8-63c3-43c8-899e-5bd6282225ed,0.02200866030889844,False,252.78029999844875
bm25_e5_rrf_rerank,TN008,negative_out_of_scope,8,391ad5dc-0d1c-4350-85ba-5aa601d9ac0d,0.0212721873774673,False,252.78029999844875
bm25_e5_rrf_rerank,TN008,negative_out_of_scope,9,59d57c8a-c9d7-4f8d-b9a1-a2816f1f01f7,0.017949769133613222,False,252.78029999844875
bm25_e5_rrf_rerank,TN008,negative_out_of_scope,10,16efaa44-1554-4748-8407-48fac0bced94,0.017806704268736,False,252.78029999844875
bm25_e5_rrf_rerank,TN009,negative_out_of_scope,1,54fdf811-dedd-4016-b144-3e4bfdcd67c8,0.032140961650987565,False,186.8079999985639
bm25_e5_rrf_rerank,TN009,negative_out_of_scope,2,63b53156-440d-40c1-bc88-5c07c23ae77f,0.031819527223256185,False,186.8079999985639
bm25_e5_rrf_rerank,TN009,negative_out_of_scope,3,e96acbc9-66b4-4df4-953b-3f7b0a846bbc,0.03165667176960703,False,186.8079999985639
bm25_e5_rrf_rerank,TN009,negative_out_of_scope,4,0f6b0fc1-9d70-479f-a87d-a26e954e2adb,0.029294138812308995,False,186.8079999985639
bm25_e5_rrf_rerank,TN009,negative_out_of_scope,5,646d4165-73db-4f69-84da-5f393cd81988,0.029168401629402308,False,186.8079999985639
bm25_e5_rrf_rerank,TN009,negative_out_of_scope,6,21efe016-3004-45f3-a070-29ce2ecb0019,0.02908895550276104,False,186.8079999985639
bm25_e5_rrf_rerank,TN009,negative_out_of_scope,7,21d38039-895b-46a4-8902-96e380ce41aa,0.022008268825591558,False,186.8079999985639
bm25_e5_rrf_rerank,TN009,negative_out_of_scope,8,c404e320-0bf2-4325-be92-7a0614f201ca,0.021498379670656646,False,186.8079999985639
bm25_e5_rrf_rerank,TN009,negative_out_of_scope,9,36bac780-b1a2-42dc-8cca-3605f80c5521,0.021260180140986587,False,186.8079999985639
bm25_e5_rrf_rerank,TN009,negative_out_of_scope,10,919e93ca-fed9-4dde-b9b8-f870e207a3f3,0.02080986718570485,False,186.8079999985639
bm25_e5_rrf_rerank,TN010,negative_out_of_scope,1,54fdf811-dedd-4016-b144-3e4bfdcd67c8,0.045395292526301395,False,207.92049999909068
bm25_e5_rrf_rerank,TN010,negative_out_of_scope,2,c78ff32d-ea17-41fd-98ef-2e8872f01df3,0.037379032258064514,False,207.92049999909068
bm25_e5_rrf_rerank,TN010,negative_out_of_scope,3,2cea4ea7-7aaf-4c54-ac4e-b660de52065d,0.03712913125212484,False,207.92049999909068
bm25_e5_rrf_rerank,TN010,negative_out_of_scope,4,fbf62ef9-25b7-437c-98d8-c4934fba0fe6,0.031988838195800784,False,207.92049999909068
bm25_e5_rrf_rerank,TN010,negative_out_of_scope,5,e96acbc9-66b4-4df4-953b-3f7b0a846bbc,0.0316098707482055,False,207.92049999909068
bm25_e5_rrf_rerank,TN010,negative_out_of_scope,6,d4c1a9ca-23c5-4ae0-9a51-c56675b2e6d1,0.03116178637411709,False,207.92049999909068
bm25_e5_rrf_rerank,TN010,negative_out_of_scope,7,8f3ed830-3a06-41c6-8b06-cfcf6d36a83c,0.030834931014240653,False,207.92049999909068
bm25_e5_rrf_rerank,TN010,negative_out_of_scope,8,bc88f538-e881-4c81-85e9-fca20614315d,0.030348824549874403,False,207.92049999909068
bm25_e5_rrf_rerank,TN010,negative_out_of_scope,9,22e6c188-2e4c-4029-b200-7770a3f00e6e,0.029463466292933414,False,207.92049999909068
bm25_e5_rrf_rerank,TN010,negative_out_of_scope,10,fd678588-5ac2-400d-95c5-3309537781ec,0.02929203904139531,False,207.92049999909068
bm25_e5_rrf_rerank,TN011,negative_out_of_scope,1,6ffcd319-e868-444b-b6fe-8d192a4de3ff,0.032248928070068364,False,265.85980000072595
bm25_e5_rrf_rerank,TN011,negative_out_of_scope,2,63e9db23-9c0a-4e6a-a272-3d118d242ca2,0.03097788345640984,False,265.85980000072595
bm25_e5_rrf_rerank,TN011,negative_out_of_scope,3,d2e0fc0a-bf0e-4226-abbf-e9f3dea2fce8,0.03085573400769915,False,265.85980000072595
bm25_e5_rrf_rerank,TN011,negative_out_of_scope,4,a3d42ca5-54b5-4b8d-be4e-79337aaab880,0.030651310497606304,False,265.85980000072595
bm25_e5_rrf_rerank,TN011,negative_out_of_scope,5,fd678588-5ac2-400d-95c5-3309537781ec,0.03045444303088718,False,265.85980000072595
bm25_e5_rrf_rerank,TN011,negative_out_of_scope,6,84c0a864-176f-4776-a15e-167fc2518e5d,0.03007012362093539,False,265.85980000072595
bm25_e5_rrf_rerank,TN011,negative_out_of_scope,7,b10b8f1c-ed17-44ca-8d7c-1a4f19a12c67,0.029889926751454673,False,265.85980000072595
bm25_e5_rrf_rerank,TN011,negative_out_of_scope,8,8f3ed830-3a06-41c6-8b06-cfcf6d36a83c,0.029210201190996772,False,265.85980000072595
bm25_e5_rrf_rerank,TN011,negative_out_of_scope,9,a7cf71a5-8426-4d7c-8106-e0754e7cb4bf,0.029042263507843016,False,265.85980000072595
bm25_e5_rrf_rerank,TN011,negative_out_of_scope,10,21efe016-3004-45f3-a070-29ce2ecb0019,0.0289709694140537,False,265.85980000072595
bm25_selective_e5,TF001,fact_specific,1,48b9789d-5088-4ba1-a82a-be3a6396ce85,0.030330882352941176,False,172.90970000067318
bm25_selective_e5,TF001,fact_specific,2,c78ff32d-ea17-41fd-98ef-2e8872f01df3,0.03028233151183971,True,172.90970000067318
bm25_selective_e5,TF001,fact_specific,3,73735f01-c9d0-4dd5-8d46-c70045e4b334,0.029513888888888888,False,172.90970000067318
bm25_selective_e5,TF001,fact_specific,4,cfff9bf0-05e4-4179-a793-f3c705d04812,0.028258706467661692,False,172.90970000067318
bm25_selective_e5,TF001,fact_specific,5,8f3ed830-3a06-41c6-8b06-cfcf6d36a83c,0.028068137824235385,False,172.90970000067318
bm25_selective_e5,TF001,fact_specific,6,16efaa44-1554-4748-8407-48fac0bced94,0.027984344422700584,False,172.90970000067318
bm25_selective_e5,TF001,fact_specific,7,5de4d74d-720e-4d86-a836-f946d70a2d32,0.027984344422700584,False,172.90970000067318
bm25_selective_e5,TF001,fact_specific,8,30ce28cb-f702-4cce-8105-137e2f73af0d,0.027809742999616416,False,172.90970000067318
bm25_selective_e5,TF001,fact_specific,9,0a4f11c7-39e8-41fe-bd14-48456671f531,0.027479766610201392,False,172.90970000067318
bm25_selective_e5,TF001,fact_specific,10,22e6c188-2e4c-4029-b200-7770a3f00e6e,0.026973565905412694,False,172.90970000067318
bm25_selective_e5,TF002,paraphrase,1,c78ff32d-ea17-41fd-98ef-2e8872f01df3,5.964251518249512,True,2.835199999935867
bm25_selective_e5,TF002,paraphrase,2,7e5199d4-e5c9-40ca-a69f-ea37f52c6ce3,0.9198150634765625,False,2.835199999935867
bm25_selective_e5,TF002,paraphrase,3,a7cf71a5-8426-4d7c-8106-e0754e7cb4bf,0.9092135429382324,False,2.835199999935867
bm25_selective_e5,TF002,paraphrase,4,5de4d74d-720e-4d86-a836-f946d70a2d32,0.901841402053833,False,2.835199999935867
bm25_selective_e5,TF002,paraphrase,5,c404e320-0bf2-4325-be92-7a0614f201ca,0.8950620293617249,False,2.835199999935867
bm25_selective_e5,TF002,paraphrase,6,73735f01-c9d0-4dd5-8d46-c70045e4b334,0.8702232837677002,False,2.835199999935867
bm25_selective_e5,TF002,paraphrase,7,16efaa44-1554-4748-8407-48fac0bced94,0.8496715426445007,False,2.835199999935867
bm25_selective_e5,TF002,paraphrase,8,30ce28cb-f702-4cce-8105-137e2f73af0d,0.8492841124534607,False,2.835199999935867
bm25_selective_e5,TF002,paraphrase,9,22e6c188-2e4c-4029-b200-7770a3f00e6e,0.8428277373313904,False,2.835199999935867
bm25_selective_e5,TF002,paraphrase,10,70b95f72-95ec-43b5-b76f-657518103256,0.842285692691803,False,2.835199999935867
bm25_selective_e5,TF003,product_specific,1,0f6b0fc1-9d70-479f-a87d-a26e954e2adb,0.03278688524590164,False,207.65269999992597
bm25_selective_e5,TF003,product_specific,2,ba3d1d87-0c2d-4b67-a0c2-4615c8249c2a,0.03200204813108039,True,207.65269999992597
bm25_selective_e5,TF003,product_specific,3,324bc249-0e84-46e9-b77f-856c76cd5353,0.029083245521601686,False,207.65269999992597
bm25_selective_e5,TF003,product_specific,4,646d4165-73db-4f69-84da-5f393cd81988,0.028404512489927477,False,207.65269999992597
bm25_selective_e5,TF003,product_specific,5,df699ccc-6f51-4281-b4a4-f3d2a20631e0,0.028125,False,207.65269999992597
bm25_selective_e5,TF003,product_specific,6,ffcf7308-6e83-47bc-a519-0b4b7ba44562,0.027222222222222224,False,207.65269999992597
bm25_selective_e5,TF003,product_specific,7,1b376f6f-5ee5-4d05-a585-f3aa6b7ee824,0.02715098147128967,False,207.65269999992597
bm25_selective_e5,TF003,product_specific,8,23c6ca0d-04bf-4081-b90a-9819029dcd73,0.02658450704225352,True,207.65269999992597
bm25_selective_e5,TF003,product_specific,9,71d2e37c-44e2-4972-8e6b-a6449c2f8404,0.026500526500526502,False,207.65269999992597
bm25_selective_e5,TF003,product_specific,10,54fdf811-dedd-4016-b144-3e4bfdcd67c8,0.02625418060200669,False,207.65269999992597
bm25_selective_e5,TF004,product_specific,1,63b53156-440d-40c1-bc88-5c07c23ae77f,5.776729106903076,False,1.0419000000183587
bm25_selective_e5,TF004,product_specific,2,a7cf71a5-8426-4d7c-8106-e0754e7cb4bf,4.858514785766602,False,1.0419000000183587
bm25_selective_e5,TF004,product_specific,3,71d2e37c-44e2-4972-8e6b-a6449c2f8404,2.6328694820404053,False,1.0419000000183587
bm25_selective_e5,TF004,product_specific,4,ffcf7308-6e83-47bc-a519-0b4b7ba44562,2.3771347999572754,True,1.0419000000183587
bm25_selective_e5,TF004,product_specific,5,d3b7d61b-50f0-4b96-a770-785a9f3c3886,1.2342151403427124,False,1.0419000000183587
bm25_selective_e5,TF004,product_specific,6,4d18d11e-2a92-4690-8a64-46653931483e,1.1490838527679443,False,1.0419000000183587
bm25_selective_e5,TF004,product_specific,7,81a83ec4-b5d1-4305-9f44-93e5fa935ffe,1.0469669103622437,False,1.0419000000183587
bm25_selective_e5,TF004,product_specific,8,7c33fbb7-e931-4f6b-9520-23875ec9ee5b,0.9736436009407043,False,1.0419000000183587
bm25_selective_e5,TF004,product_specific,9,1b376f6f-5ee5-4d05-a585-f3aa6b7ee824,0.9487273693084717,False,1.0419000000183587
bm25_selective_e5,TF004,product_specific,10,23c6ca0d-04bf-4081-b90a-9819029dcd73,0.9099183082580566,True,1.0419000000183587
bm25_selective_e5,TF005,temporal,1,63b53156-440d-40c1-bc88-5c07c23ae77f,0.03278688524590164,True,215.6078999987585
bm25_selective_e5,TF005,temporal,2,4d18d11e-2a92-4690-8a64-46653931483e,0.0304147465437788,False,215.6078999987585
bm25_selective_e5,TF005,temporal,3,1033ac46-dec8-493e-b577-7f5ad80f8e86,0.030330882352941176,False,215.6078999987585
bm25_selective_e5,TF005,temporal,4,ffcf7308-6e83-47bc-a519-0b4b7ba44562,0.03021353930031804,False,215.6078999987585
bm25_selective_e5,TF005,temporal,5,71d2e37c-44e2-4972-8e6b-a6449c2f8404,0.029138513513513514,False,215.6078999987585
bm25_selective_e5,TF005,temporal,6,09f3c6d5-9e0c-4545-960f-b16c69abbeb1,0.029083245521601686,False,215.6078999987585
bm25_selective_e5,TF005,temporal,7,646d4165-73db-4f69-84da-5f393cd81988,0.028985507246376812,False,215.6078999987585
bm25_selective_e5,TF005,temporal,8,3ecc27b9-634c-4026-b44e-e01123aa0467,0.028850145288501453,False,215.6078999987585
bm25_selective_e5,TF005,temporal,9,da79aa00-567d-434c-8441-915ac080f918,0.028814262023217248,False,215.6078999987585
bm25_selective_e5,TF005,temporal,10,b66e5419-8a9c-47f4-866d-ebdb95b174b2,0.02821869488536155,False,215.6078999987585
bm25_selective_e5,TF006,temporal,1,63b53156-440d-40c1-bc88-5c07c23ae77f,14.478358268737793,True,1.2514000000010128
bm25_selective_e5,TF006,temporal,2,71d2e37c-44e2-4972-8e6b-a6449c2f8404,10.167869567871094,True,1.2514000000010128
bm25_selective_e5,TF006,temporal,3,ffcf7308-6e83-47bc-a519-0b4b7ba44562,9.29672908782959,False,1.2514000000010128
bm25_selective_e5,TF006,temporal,4,3ecc27b9-634c-4026-b44e-e01123aa0467,7.5415730476379395,False,1.2514000000010128
bm25_selective_e5,TF006,temporal,5,1033ac46-dec8-493e-b577-7f5ad80f8e86,7.459507465362549,False,1.2514000000010128
bm25_selective_e5,TF006,temporal,6,09f3c6d5-9e0c-4545-960f-b16c69abbeb1,7.369271755218506,False,1.2514000000010128
bm25_selective_e5,TF006,temporal,7,4d18d11e-2a92-4690-8a64-46653931483e,6.227200508117676,False,1.2514000000010128
bm25_selective_e5,TF006,temporal,8,81a83ec4-b5d1-4305-9f44-93e5fa935ffe,5.167898178100586,False,1.2514000000010128
bm25_selective_e5,TF006,temporal,9,1b376f6f-5ee5-4d05-a585-f3aa6b7ee824,4.722105503082275,False,1.2514000000010128
bm25_selective_e5,TF006,temporal,10,23c6ca0d-04bf-4081-b90a-9819029dcd73,4.544641017913818,False,1.2514000000010128
bm25_selective_e5,TF007,temporal,1,5de4d74d-720e-4d86-a836-f946d70a2d32,7.858088493347168,False,1.294900000175403
bm25_selective_e5,TF007,temporal,2,71d2e37c-44e2-4972-8e6b-a6449c2f8404,6.282154083251953,False,1.294900000175403
bm25_selective_e5,TF007,temporal,3,c404e320-0bf2-4325-be92-7a0614f201ca,5.218914031982422,False,1.294900000175403
bm25_selective_e5,TF007,temporal,4,ffcf7308-6e83-47bc-a519-0b4b7ba44562,5.140227794647217,False,1.294900000175403
bm25_selective_e5,TF007,temporal,5,8259ed27-8646-4502-a959-aab1e9f1770f,4.400979995727539,False,1.294900000175403
bm25_selective_e5,TF007,temporal,6,15e829a9-a475-429d-b0e3-5c34bfbd3ab7,3.977898597717285,False,1.294900000175403
bm25_selective_e5,TF007,temporal,7,f4580736-a09e-471f-93d2-8089c695eb67,3.7442657947540283,False,1.294900000175403
bm25_selective_e5,TF007,temporal,8,b10b8f1c-ed17-44ca-8d7c-1a4f19a12c67,3.6728756427764893,False,1.294900000175403
bm25_selective_e5,TF007,temporal,9,b66e5419-8a9c-47f4-866d-ebdb95b174b2,2.1072568893432617,False,1.294900000175403
bm25_selective_e5,TF007,temporal,10,0a4f11c7-39e8-41fe-bd14-48456671f531,1.4438905715942383,False,1.294900000175403
bm25_selective_e5,TF008,product_specific,1,9131e9a9-eff3-4f4e-a20b-4bdd456c35bc,0.032266458495966696,False,123.20330000056856
bm25_selective_e5,TF008,product_specific,2,e96acbc9-66b4-4df4-953b-3f7b0a846bbc,0.03225806451612903,True,123.20330000056856
bm25_selective_e5,TF008,product_specific,3,54fdf811-dedd-4016-b144-3e4bfdcd67c8,0.032018442622950824,False,123.20330000056856
bm25_selective_e5,TF008,product_specific,4,d4c1a9ca-23c5-4ae0-9a51-c56675b2e6d1,0.03149801587301587,False,123.20330000056856
bm25_selective_e5,TF008,product_specific,5,23c6ca0d-04bf-4081-b90a-9819029dcd73,0.02877846790890269,False,123.20330000056856
bm25_selective_e5,TF008,product_specific,6,09f3c6d5-9e0c-4545-960f-b16c69abbeb1,0.028484848484848488,False,123.20330000056856
bm25_selective_e5,TF008,product_specific,7,3ecc27b9-634c-4026-b44e-e01123aa0467,0.027777777777777776,False,123.20330000056856
bm25_selective_e5,TF008,product_specific,8,0f6b0fc1-9d70-479f-a87d-a26e954e2adb,0.027242401779095628,False,123.20330000056856
bm25_selective_e5,TF008,product_specific,9,646d4165-73db-4f69-84da-5f393cd81988,0.027212143650499815,False,123.20330000056856
bm25_selective_e5,TF008,product_specific,10,4d18d11e-2a92-4690-8a64-46653931483e,0.027149321266968326,False,123.20330000056856
bm25_selective_e5,TF009,product_specific,1,9131e9a9-eff3-4f4e-a20b-4bdd456c35bc,8.340327262878418,False,0.44629999956669053
bm25_selective_e5,TF009,product_specific,2,d4c1a9ca-23c5-4ae0-9a51-c56675b2e6d1,5.195579528808594,True,0.44629999956669053
bm25_selective_e5,TF009,product_specific,3,fbf62ef9-25b7-437c-98d8-c4934fba0fe6,4.584576606750488,False,0.44629999956669053
bm25_selective_e5,TF009,product_specific,4,e96acbc9-66b4-4df4-953b-3f7b0a846bbc,4.372694969177246,False,0.44629999956669053
bm25_selective_e5,TF009,product_specific,5,2cea4ea7-7aaf-4c54-ac4e-b660de52065d,4.310486316680908,False,0.44629999956669053
bm25_selective_e5,TF009,product_specific,6,3abbb958-eafe-4ffe-bcfc-dafa7349c15c,4.2608842849731445,False,0.44629999956669053
bm25_selective_e5,TF009,product_specific,7,b66e5419-8a9c-47f4-866d-ebdb95b174b2,4.247298717498779,False,0.44629999956669053
bm25_selective_e5,TF009,product_specific,8,e62b0c91-ff0c-43b2-9bd5-ff173d9f8bc0,4.069652080535889,False,0.44629999956669053
bm25_selective_e5,TF009,product_specific,9,4c0dde2a-0432-4cb2-ad33-987f5979ff76,3.84786319732666,False,0.44629999956669053
bm25_selective_e5,TF009,product_specific,10,dfb2693a-e821-4d6e-bbcc-0dbf3dc2a2ae,3.7838845252990723,False,0.44629999956669053
bm25_selective_e5,TF010,product_specific,1,54fdf811-dedd-4016-b144-3e4bfdcd67c8,0.03252247488101534,True,115.5429999998887
bm25_selective_e5,TF010,product_specific,2,9131e9a9-eff3-4f4e-a20b-4bdd456c35bc,0.032266458495966696,True,115.5429999998887
bm25_selective_e5,TF010,product_specific,3,d4c1a9ca-23c5-4ae0-9a51-c56675b2e6d1,0.03200204813108039,False,115.5429999998887
bm25_selective_e5,TF010,product_specific,4,e96acbc9-66b4-4df4-953b-3f7b0a846bbc,0.03125,False,115.5429999998887
bm25_selective_e5,TF010,product_specific,5,df699ccc-6f51-4281-b4a4-f3d2a20631e0,0.029083245521601686,False,115.5429999998887
bm25_selective_e5,TF010,product_specific,6,23c6ca0d-04bf-4081-b90a-9819029dcd73,0.02658450704225352,False,115.5429999998887
bm25_selective_e5,TF010,product_specific,7,63b53156-440d-40c1-bc88-5c07c23ae77f,0.0264957264957265,False,115.5429999998887
bm25_selective_e5,TF010,product_specific,8,09f3c6d5-9e0c-4545-960f-b16c69abbeb1,0.026387470207694927,False,115.5429999998887
bm25_selective_e5,TF010,product_specific,9,ee8c2027-ad6d-4bb7-8077-5e4c42be1cc3,0.026234567901234566,False,115.5429999998887
bm25_selective_e5,TF010,product_specific,10,3ecc27b9-634c-4026-b44e-e01123aa0467,0.025274725274725275,False,115.5429999998887
bm25_selective_e5,TF011,paraphrase,1,9131e9a9-eff3-4f4e-a20b-4bdd456c35bc,7.8806376457214355,False,0.5148000000190223
bm25_selective_e5,TF011,paraphrase,2,d4c1a9ca-23c5-4ae0-9a51-c56675b2e6d1,5.195580005645752,False,0.5148000000190223
bm25_selective_e5,TF011,paraphrase,3,2cea4ea7-7aaf-4c54-ac4e-b660de52065d,5.016517639160156,False,0.5148000000190223
bm25_selective_e5,TF011,paraphrase,4,fbf62ef9-25b7-437c-98d8-c4934fba0fe6,4.652316093444824,False,0.5148000000190223
bm25_selective_e5,TF011,paraphrase,5,e96acbc9-66b4-4df4-953b-3f7b0a846bbc,4.372694492340088,False,0.5148000000190223
bm25_selective_e5,TF011,paraphrase,6,d3b7d61b-50f0-4b96-a770-785a9f3c3886,4.369418144226074,False,0.5148000000190223
bm25_selective_e5,TF011,paraphrase,7,dfb2693a-e821-4d6e-bbcc-0dbf3dc2a2ae,4.246716499328613,False,0.5148000000190223
bm25_selective_e5,TF011,paraphrase,8,e62b0c91-ff0c-43b2-9bd5-ff173d9f8bc0,4.0696516036987305,False,0.5148000000190223
bm25_selective_e5,TF011,paraphrase,9,4c0dde2a-0432-4cb2-ad33-987f5979ff76,3.84786319732666,False,0.5148000000190223
bm25_selective_e5,TF011,paraphrase,10,b66e5419-8a9c-47f4-866d-ebdb95b174b2,3.783297300338745,False,0.5148000000190223
bm25_selective_e5,TF012,product_specific,1,2cea4ea7-7aaf-4c54-ac4e-b660de52065d,10.292104721069336,False,1.0189000004174886
bm25_selective_e5,TF012,product_specific,2,bc88f538-e881-4c81-85e9-fca20614315d,8.61343002319336,True,1.0189000004174886
bm25_selective_e5,TF012,product_specific,3,21efe016-3004-45f3-a070-29ce2ecb0019,8.397098541259766,False,1.0189000004174886
bm25_selective_e5,TF012,product_specific,4,9b6cc313-9a59-4387-a5ce-2ed14389a0a7,7.561144828796387,False,1.0189000004174886
bm25_selective_e5,TF012,product_specific,5,5de4d74d-720e-4d86-a836-f946d70a2d32,7.242742538452148,False,1.0189000004174886
bm25_selective_e5,TF012,product_specific,6,b66e5419-8a9c-47f4-866d-ebdb95b174b2,6.799587249755859,False,1.0189000004174886
bm25_selective_e5,TF012,product_specific,7,e62b0c91-ff0c-43b2-9bd5-ff173d9f8bc0,5.039976596832275,False,1.0189000004174886
bm25_selective_e5,TF012,product_specific,8,23c6ca0d-04bf-4081-b90a-9819029dcd73,4.163450241088867,False,1.0189000004174886
bm25_selective_e5,TF012,product_specific,9,4c0dde2a-0432-4cb2-ad33-987f5979ff76,3.1096293926239014,False,1.0189000004174886
bm25_selective_e5,TF012,product_specific,10,73735f01-c9d0-4dd5-8d46-c70045e4b334,2.873859405517578,False,1.0189000004174886
bm25_selective_e5,TF013,product_specific,1,2cea4ea7-7aaf-4c54-ac4e-b660de52065d,16.646203994750977,False,1.2965999994776212
bm25_selective_e5,TF013,product_specific,2,21efe016-3004-45f3-a070-29ce2ecb0019,14.344087600708008,False,1.2965999994776212
bm25_selective_e5,TF013,product_specific,3,bc88f538-e881-4c81-85e9-fca20614315d,10.155176162719727,False,1.2965999994776212
bm25_selective_e5,TF013,product_specific,4,b66e5419-8a9c-47f4-866d-ebdb95b174b2,9.404409408569336,True,1.2965999994776212
bm25_selective_e5,TF013,product_specific,5,3abbb958-eafe-4ffe-bcfc-dafa7349c15c,7.678774356842041,False,1.2965999994776212
bm25_selective_e5,TF013,product_specific,6,22e6c188-2e4c-4029-b200-7770a3f00e6e,6.105709552764893,False,1.2965999994776212
bm25_selective_e5,TF013,product_specific,7,4c0dde2a-0432-4cb2-ad33-987f5979ff76,4.8308916091918945,False,1.2965999994776212
bm25_selective_e5,TF013,product_specific,8,fbf62ef9-25b7-437c-98d8-c4934fba0fe6,3.7905306816101074,False,1.2965999994776212
bm25_selective_e5,TF013,product_specific,9,48b9789d-5088-4ba1-a82a-be3a6396ce85,3.5334229469299316,False,1.2965999994776212
bm25_selective_e5,TF013,product_specific,10,dfb2693a-e821-4d6e-bbcc-0dbf3dc2a2ae,3.319882869720459,False,1.2965999994776212
bm25_selective_e5,TF014,temporal,1,b66e5419-8a9c-47f4-866d-ebdb95b174b2,20.310565948486328,True,0.751499999751104
bm25_selective_e5,TF014,temporal,2,2cea4ea7-7aaf-4c54-ac4e-b660de52065d,16.02041244506836,False,0.751499999751104
bm25_selective_e5,TF014,temporal,3,21efe016-3004-45f3-a070-29ce2ecb0019,14.604875564575195,True,0.751499999751104
bm25_selective_e5,TF014,temporal,4,9552a4ac-31b4-43a8-aa92-37bd3e89362a,5.974932670593262,False,0.751499999751104
bm25_selective_e5,TF014,temporal,5,bc88f538-e881-4c81-85e9-fca20614315d,5.920633316040039,False,0.751499999751104
bm25_selective_e5,TF014,temporal,6,4c0dde2a-0432-4cb2-ad33-987f5979ff76,4.8308916091918945,False,0.751499999751104
bm25_selective_e5,TF014,temporal,7,84c0a864-176f-4776-a15e-167fc2518e5d,4.772139549255371,False,0.751499999751104
bm25_selective_e5,TF014,temporal,8,fbf62ef9-25b7-437c-98d8-c4934fba0fe6,4.584576606750488,False,0.751499999751104
bm25_selective_e5,TF014,temporal,9,3abbb958-eafe-4ffe-bcfc-dafa7349c15c,4.2608842849731445,False,0.751499999751104
bm25_selective_e5,TF014,temporal,10,dfb2693a-e821-4d6e-bbcc-0dbf3dc2a2ae,3.7838845252990723,False,0.751499999751104
bm25_selective_e5,TF015,product_specific,1,2cea4ea7-7aaf-4c54-ac4e-b660de52065d,13.16294002532959,False,0.7623000001331093
bm25_selective_e5,TF015,product_specific,2,21efe016-3004-45f3-a070-29ce2ecb0019,12.845809936523438,True,0.7623000001331093
bm25_selective_e5,TF015,product_specific,3,b66e5419-8a9c-47f4-866d-ebdb95b174b2,6.1967058181762695,False,0.7623000001331093
bm25_selective_e5,TF015,product_specific,4,bc88f538-e881-4c81-85e9-fca20614315d,4.458576202392578,False,0.7623000001331093
bm25_selective_e5,TF015,product_specific,5,4c0dde2a-0432-4cb2-ad33-987f5979ff76,2.52020001411438,False,0.7623000001331093
bm25_selective_e5,TF015,product_specific,6,f7a9837d-f8db-4461-abd8-a3607db2276f,2.028798818588257,False,0.7623000001331093
bm25_selective_e5,TF015,product_specific,7,22e6c188-2e4c-4029-b200-7770a3f00e6e,1.379338264465332,False,0.7623000001331093
bm25_selective_e5,TF015,product_specific,8,48b9789d-5088-4ba1-a82a-be3a6396ce85,1.0481468439102173,False,0.7623000001331093
bm25_selective_e5,TF015,product_specific,9,9b6cc313-9a59-4387-a5ce-2ed14389a0a7,0.9718410968780518,False,0.7623000001331093
bm25_selective_e5,TF015,product_specific,10,5de4d74d-720e-4d86-a836-f946d70a2d32,0.9309166073799133,False,0.7623000001331093
bm25_selective_e5,TF016,paraphrase,1,2cea4ea7-7aaf-4c54-ac4e-b660de52065d,0.032266458495966696,False,196.01910000164935
bm25_selective_e5,TF016,paraphrase,2,bc88f538-e881-4c81-85e9-fca20614315d,0.032018442622950824,False,196.01910000164935
bm25_selective_e5,TF016,paraphrase,3,b66e5419-8a9c-47f4-866d-ebdb95b174b2,0.030158730158730156,False,196.01910000164935
bm25_selective_e5,TF016,paraphrase,4,21efe016-3004-45f3-a070-29ce2ecb0019,0.029827662395050816,False,196.01910000164935
bm25_selective_e5,TF016,paraphrase,5,4d18d11e-2a92-4690-8a64-46653931483e,0.029418126757516764,False,196.01910000164935
bm25_selective_e5,TF016,paraphrase,6,1b376f6f-5ee5-4d05-a585-f3aa6b7ee824,0.028612012987012988,False,196.01910000164935
bm25_selective_e5,TF016,paraphrase,7,1033ac46-dec8-493e-b577-7f5ad80f8e86,0.02821939586645469,False,196.01910000164935
bm25_selective_e5,TF016,paraphrase,8,23c6ca0d-04bf-4081-b90a-9819029dcd73,0.027972027972027972,False,196.01910000164935
bm25_selective_e5,TF016,paraphrase,9,81a83ec4-b5d1-4305-9f44-93e5fa935ffe,0.02758751902587519,False,196.01910000164935
bm25_selective_e5,TF016,paraphrase,10,da79aa00-567d-434c-8441-915ac080f918,0.026553280111072546,False,196.01910000164935
bm25_selective_e5,TF017,procedure,1,22e6c188-2e4c-4029-b200-7770a3f00e6e,0.03225806451612903,True,144.16820000133157
bm25_selective_e5,TF017,procedure,2,b225ae64-72d2-4e59-81c0-57f5d8438666,0.03149801587301587,True,144.16820000133157
bm25_selective_e5,TF017,procedure,3,fd678588-5ac2-400d-95c5-3309537781ec,0.03149801587301587,False,144.16820000133157
bm25_selective_e5,TF017,procedure,4,eda54b74-cd2f-4808-8175-bcc5b916ce90,0.02967032967032967,False,144.16820000133157
bm25_selective_e5,TF017,procedure,5,7e68f70a-ba74-4eb8-bbae-c7e9f7340567,0.029418126757516764,True,144.16820000133157
bm25_selective_e5,TF017,procedure,6,b8c70ff9-e1b2-40ce-9a0a-f65a53899d13,0.028309409888357256,False,144.16820000133157
bm25_selective_e5,TF017,procedure,7,7adacb8c-91c0-4ea7-8d82-7505eeac5042,0.02813852813852814,True,144.16820000133157
bm25_selective_e5,TF017,procedure,8,30ce28cb-f702-4cce-8105-137e2f73af0d,0.028021349599695006,False,144.16820000133157
bm25_selective_e5,TF017,procedure,9,a7cf71a5-8426-4d7c-8106-e0754e7cb4bf,0.027730294396961064,False,144.16820000133157
bm25_selective_e5,TF017,procedure,10,98d006ac-5212-4c8c-8a63-4cbd4d6caffc,0.027402402402402402,True,144.16820000133157
bm25_selective_e5,TF018,temporal,1,30ce28cb-f702-4cce-8105-137e2f73af0d,0.03278688524590164,True,164.34159999971598
bm25_selective_e5,TF018,temporal,2,70b95f72-95ec-43b5-b76f-657518103256,0.03149801587301587,False,164.34159999971598
bm25_selective_e5,TF018,temporal,3,d3b7d61b-50f0-4b96-a770-785a9f3c3886,0.03128054740957967,False,164.34159999971598
bm25_selective_e5,TF018,temporal,4,48b9789d-5088-4ba1-a82a-be3a6396ce85,0.03128054740957967,False,164.34159999971598
bm25_selective_e5,TF018,temporal,5,22e6c188-2e4c-4029-b200-7770a3f00e6e,0.03125763125763126,False,164.34159999971598
bm25_selective_e5,TF018,temporal,6,0a4f11c7-39e8-41fe-bd14-48456671f531,0.031009615384615385,False,164.34159999971598
bm25_selective_e5,TF018,temporal,7,cfff9bf0-05e4-4179-a793-f3c705d04812,0.029631255487269532,False,164.34159999971598
bm25_selective_e5,TF018,temporal,8,a952e706-800e-493c-886a-8f06602fb2be,0.02919863597612958,False,164.34159999971598
bm25_selective_e5,TF018,temporal,9,b8c70ff9-e1b2-40ce-9a0a-f65a53899d13,0.027799227799227798,False,164.34159999971598
bm25_selective_e5,TF018,temporal,10,a7cf71a5-8426-4d7c-8106-e0754e7cb4bf,0.02666666666666667,False,164.34159999971598
bm25_selective_e5,TF019,preparation,1,d3b7d61b-50f0-4b96-a770-785a9f3c3886,0.03278688524590164,True,320.43160000011994
bm25_selective_e5,TF019,preparation,2,30ce28cb-f702-4cce-8105-137e2f73af0d,0.03225806451612903,False,320.43160000011994
bm25_selective_e5,TF019,preparation,3,22e6c188-2e4c-4029-b200-7770a3f00e6e,0.03149801587301587,False,320.43160000011994
bm25_selective_e5,TF019,preparation,4,70b95f72-95ec-43b5-b76f-657518103256,0.030798389007344232,False,320.43160000011994
bm25_selective_e5,TF019,preparation,5,0a4f11c7-39e8-41fe-bd14-48456671f531,0.030536130536130537,False,320.43160000011994
bm25_selective_e5,TF019,preparation,6,48b9789d-5088-4ba1-a82a-be3a6396ce85,0.029857397504456328,False,320.43160000011994
bm25_selective_e5,TF019,preparation,7,cfff9bf0-05e4-4179-a793-f3c705d04812,0.027984344422700584,False,320.43160000011994
bm25_selective_e5,TF019,preparation,8,dfb2693a-e821-4d6e-bbcc-0dbf3dc2a2ae,0.027783137179239824,False,320.43160000011994
bm25_selective_e5,TF019,preparation,9,2cea4ea7-7aaf-4c54-ac4e-b660de52065d,0.027071520029266508,False,320.43160000011994
bm25_selective_e5,TF019,preparation,10,21efe016-3004-45f3-a070-29ce2ecb0019,0.026687875574407917,False,320.43160000011994
bm25_selective_e5,TF020,temporal,1,0a4f11c7-39e8-41fe-bd14-48456671f531,13.441629409790039,True,1.3017000001127599
bm25_selective_e5,TF020,temporal,2,48b9789d-5088-4ba1-a82a-be3a6396ce85,11.625682830810547,False,1.3017000001127599
bm25_selective_e5,TF020,temporal,3,d3b7d61b-50f0-4b96-a770-785a9f3c3886,8.911781311035156,False,1.3017000001127599
bm25_selective_e5,TF020,temporal,4,cfff9bf0-05e4-4179-a793-f3c705d04812,6.723996639251709,False,1.3017000001127599
bm25_selective_e5,TF020,temporal,5,70b95f72-95ec-43b5-b76f-657518103256,6.627815246582031,True,1.3017000001127599
bm25_selective_e5,TF020,temporal,6,30ce28cb-f702-4cce-8105-137e2f73af0d,6.516515254974365,False,1.3017000001127599
bm25_selective_e5,TF020,temporal,7,22e6c188-2e4c-4029-b200-7770a3f00e6e,5.939718723297119,False,1.3017000001127599
bm25_selective_e5,TF020,temporal,8,f1611d72-8c47-41f8-bfee-99d5ffdfe12a,5.778292179107666,False,1.3017000001127599
bm25_selective_e5,TF020,temporal,9,a952e706-800e-493c-886a-8f06602fb2be,4.3017683029174805,False,1.3017000001127599
bm25_selective_e5,TF020,temporal,10,b8c70ff9-e1b2-40ce-9a0a-f65a53899d13,2.589033365249634,False,1.3017000001127599
bm25_selective_e5,TF021,preparation,1,73735f01-c9d0-4dd5-8d46-c70045e4b334,8.644279479980469,True,1.0078000004796195
bm25_selective_e5,TF021,preparation,2,919e93ca-fed9-4dde-b9b8-f870e207a3f3,5.588634490966797,False,1.0078000004796195
bm25_selective_e5,TF021,preparation,3,e62b0c91-ff0c-43b2-9bd5-ff173d9f8bc0,5.015397548675537,False,1.0078000004796195
bm25_selective_e5,TF021,preparation,4,b7876bcb-b1d0-409a-831d-45e59e35a44e,4.509583473205566,False,1.0078000004796195
bm25_selective_e5,TF021,preparation,5,6ffcd319-e868-444b-b6fe-8d192a4de3ff,4.417672634124756,False,1.0078000004796195
bm25_selective_e5,TF021,preparation,6,16efaa44-1554-4748-8407-48fac0bced94,4.405827045440674,False,1.0078000004796195
bm25_selective_e5,TF021,preparation,7,cfff9bf0-05e4-4179-a793-f3c705d04812,4.048162460327148,False,1.0078000004796195
bm25_selective_e5,TF021,preparation,8,b0d368a1-d0fc-4b8b-8567-e190cf462986,4.019526481628418,False,1.0078000004796195
bm25_selective_e5,TF021,preparation,9,74c0eabe-77c7-4dbf-a321-27966a12fafb,3.957832098007202,False,1.0078000004796195
bm25_selective_e5,TF021,preparation,10,23c6ca0d-04bf-4081-b90a-9819029dcd73,3.8351571559906006,False,1.0078000004796195
bm25_selective_e5,TF022,preparation,1,84c0a864-176f-4776-a15e-167fc2518e5d,0.031754032258064516,False,261.3080000000991
bm25_selective_e5,TF022,preparation,2,74c0eabe-77c7-4dbf-a321-27966a12fafb,0.031746031746031744,False,261.3080000000991
bm25_selective_e5,TF022,preparation,3,6ffcd319-e868-444b-b6fe-8d192a4de3ff,0.031099324975891997,True,261.3080000000991
bm25_selective_e5,TF022,preparation,4,36bac780-b1a2-42dc-8cca-3605f80c5521,0.03055037313432836,False,261.3080000000991
bm25_selective_e5,TF022,preparation,5,98d006ac-5212-4c8c-8a63-4cbd4d6caffc,0.030017921146953404,False,261.3080000000991
bm25_selective_e5,TF022,preparation,6,8f3ed830-3a06-41c6-8b06-cfcf6d36a83c,0.02964426877470356,False,261.3080000000991
bm25_selective_e5,TF022,preparation,7,9552a4ac-31b4-43a8-aa92-37bd3e89362a,0.029051670471052088,False,261.3080000000991
bm25_selective_e5,TF022,preparation,8,a7cf71a5-8426-4d7c-8106-e0754e7cb4bf,0.028991596638655463,False,261.3080000000991
bm25_selective_e5,TF022,preparation,9,eda54b74-cd2f-4808-8175-bcc5b916ce90,0.02877846790890269,False,261.3080000000991
bm25_selective_e5,TF022,preparation,10,73735f01-c9d0-4dd5-8d46-c70045e4b334,0.02871794871794872,True,261.3080000000991
bm25_selective_e5,TF023,temporal,1,f7a9837d-f8db-4461-abd8-a3607db2276f,8.460973739624023,False,0.7709000001341337
bm25_selective_e5,TF023,temporal,2,b66e5419-8a9c-47f4-866d-ebdb95b174b2,7.0815043449401855,False,0.7709000001341337
bm25_selective_e5,TF023,temporal,3,c404e320-0bf2-4325-be92-7a0614f201ca,1.8160502910614014,True,0.7709000001341337
bm25_selective_e5,TF023,temporal,4,73735f01-c9d0-4dd5-8d46-c70045e4b334,1.6709109544754028,False,0.7709000001341337
bm25_selective_e5,TF023,temporal,5,b0d368a1-d0fc-4b8b-8567-e190cf462986,1.4178316593170166,False,0.7709000001341337
bm25_selective_e5,TF023,temporal,6,919e93ca-fed9-4dde-b9b8-f870e207a3f3,1.4114233255386353,False,0.7709000001341337
bm25_selective_e5,TF023,temporal,7,b7876bcb-b1d0-409a-831d-45e59e35a44e,0.8736749887466431,False,0.7709000001341337
bm25_selective_e5,TF023,temporal,8,16efaa44-1554-4748-8407-48fac0bced94,0.8237892985343933,False,0.7709000001341337
bm25_selective_e5,TF023,temporal,9,5e7838ae-0b80-4d05-b266-deb52de7b401,0.7666929960250854,False,0.7709000001341337
bm25_selective_e5,TF023,temporal,10,6ffcd319-e868-444b-b6fe-8d192a4de3ff,0.7619568109512329,False,0.7709000001341337
bm25_selective_e5,TF024,temporal,1,b0d368a1-d0fc-4b8b-8567-e190cf462986,0.031099324975891997,False,186.68450000041048
bm25_selective_e5,TF024,temporal,2,919e93ca-fed9-4dde-b9b8-f870e207a3f3,0.031009615384615385,False,186.68450000041048
bm25_selective_e5,TF024,temporal,3,6ffcd319-e868-444b-b6fe-8d192a4de3ff,0.0304147465437788,False,186.68450000041048
bm25_selective_e5,TF024,temporal,4,d3b7d61b-50f0-4b96-a770-785a9f3c3886,0.029957522915269395,False,186.68450000041048
bm25_selective_e5,TF024,temporal,5,c404e320-0bf2-4325-be92-7a0614f201ca,0.029206349206349208,True,186.68450000041048
bm25_selective_e5,TF024,temporal,6,15e829a9-a475-429d-b0e3-5c34bfbd3ab7,0.028083267871170464,False,186.68450000041048
bm25_selective_e5,TF024,temporal,7,74c0eabe-77c7-4dbf-a321-27966a12fafb,0.027972027972027972,False,186.68450000041048
bm25_selective_e5,TF024,temporal,8,b7876bcb-b1d0-409a-831d-45e59e35a44e,0.027820121951219513,False,186.68450000041048
bm25_selective_e5,TF024,temporal,9,73735f01-c9d0-4dd5-8d46-c70045e4b334,0.027402402402402402,False,186.68450000041048
bm25_selective_e5,TF024,temporal,10,f7a9837d-f8db-4461-abd8-a3607db2276f,0.027402402402402402,False,186.68450000041048
bm25_selective_e5,TF025,fact_specific,1,f7a9837d-f8db-4461-abd8-a3607db2276f,10.36142349243164,False,1.1543999999048538
bm25_selective_e5,TF025,fact_specific,2,b0d368a1-d0fc-4b8b-8567-e190cf462986,4.658625602722168,True,1.1543999999048538
bm25_selective_e5,TF025,fact_specific,3,b7876bcb-b1d0-409a-831d-45e59e35a44e,4.509583473205566,False,1.1543999999048538
bm25_selective_e5,TF025,fact_specific,4,919e93ca-fed9-4dde-b9b8-f870e207a3f3,4.350883960723877,True,1.1543999999048538
bm25_selective_e5,TF025,fact_specific,5,73735f01-c9d0-4dd5-8d46-c70045e4b334,4.134036540985107,False,1.1543999999048538
bm25_selective_e5,TF025,fact_specific,6,6ffcd319-e868-444b-b6fe-8d192a4de3ff,3.932936191558838,False,1.1543999999048538
bm25_selective_e5,TF025,fact_specific,7,74c0eabe-77c7-4dbf-a321-27966a12fafb,3.925515651702881,False,1.1543999999048538
bm25_selective_e5,TF025,fact_specific,8,16efaa44-1554-4748-8407-48fac0bced94,3.5561554431915283,False,1.1543999999048538
bm25_selective_e5,TF025,fact_specific,9,cfff9bf0-05e4-4179-a793-f3c705d04812,3.2247838973999023,False,1.1543999999048538
bm25_selective_e5,TF025,fact_specific,10,22e6c188-2e4c-4029-b200-7770a3f00e6e,2.7293875217437744,False,1.1543999999048538
bm25_selective_e5,TF026,fact_specific,1,b7876bcb-b1d0-409a-831d-45e59e35a44e,12.085392951965332,True,1.1367999995854916
bm25_selective_e5,TF026,fact_specific,2,919e93ca-fed9-4dde-b9b8-f870e207a3f3,10.648041725158691,False,1.1367999995854916
bm25_selective_e5,TF026,fact_specific,3,16efaa44-1554-4748-8407-48fac0bced94,9.473323822021484,False,1.1367999995854916
bm25_selective_e5,TF026,fact_specific,4,74c0eabe-77c7-4dbf-a321-27966a12fafb,7.7976861000061035,False,1.1367999995854916
bm25_selective_e5,TF026,fact_specific,5,b0d368a1-d0fc-4b8b-8567-e190cf462986,7.680944442749023,False,1.1367999995854916
bm25_selective_e5,TF026,fact_specific,6,6ffcd319-e868-444b-b6fe-8d192a4de3ff,7.129397869110107,False,1.1367999995854916
bm25_selective_e5,TF026,fact_specific,7,9552a4ac-31b4-43a8-aa92-37bd3e89362a,6.16940975189209,False,1.1367999995854916
bm25_selective_e5,TF026,fact_specific,8,84c0a864-176f-4776-a15e-167fc2518e5d,5.551422119140625,False,1.1367999995854916
bm25_selective_e5,TF026,fact_specific,9,f7a9837d-f8db-4461-abd8-a3607db2276f,5.268797874450684,False,1.1367999995854916
bm25_selective_e5,TF026,fact_specific,10,73735f01-c9d0-4dd5-8d46-c70045e4b334,4.554635524749756,False,1.1367999995854916
bm25_selective_e5,TF027,procedure,1,3abbb958-eafe-4ffe-bcfc-dafa7349c15c,0.03252247488101534,False,192.66770000012912
bm25_selective_e5,TF027,procedure,2,dfb2693a-e821-4d6e-bbcc-0dbf3dc2a2ae,0.032018442622950824,False,192.66770000012912
bm25_selective_e5,TF027,procedure,3,eda54b74-cd2f-4808-8175-bcc5b916ce90,0.03200204813108039,False,192.66770000012912
bm25_selective_e5,TF027,procedure,4,7adacb8c-91c0-4ea7-8d82-7505eeac5042,0.03125763125763126,False,192.66770000012912
bm25_selective_e5,TF027,procedure,5,fbf62ef9-25b7-437c-98d8-c4934fba0fe6,0.03055037313432836,False,192.66770000012912
bm25_selective_e5,TF027,procedure,6,22e6c188-2e4c-4029-b200-7770a3f00e6e,0.02967032967032967,False,192.66770000012912
bm25_selective_e5,TF027,procedure,7,fd678588-5ac2-400d-95c5-3309537781ec,0.02964426877470356,False,192.66770000012912
bm25_selective_e5,TF027,procedure,8,7e68f70a-ba74-4eb8-bbae-c7e9f7340567,0.028790389395194696,False,192.66770000012912
bm25_selective_e5,TF027,procedure,9,2cea4ea7-7aaf-4c54-ac4e-b660de52065d,0.02819138376017471,False,192.66770000012912
bm25_selective_e5,TF027,procedure,10,b225ae64-72d2-4e59-81c0-57f5d8438666,0.02803921568627451,False,192.66770000012912
bm25_selective_e5,TF028,preparation,1,dfb2693a-e821-4d6e-bbcc-0dbf3dc2a2ae,0.032266458495966696,False,289.2660000006799
bm25_selective_e5,TF028,preparation,2,eda54b74-cd2f-4808-8175-bcc5b916ce90,0.03131881575727918,True,289.2660000006799
bm25_selective_e5,TF028,preparation,3,2cea4ea7-7aaf-4c54-ac4e-b660de52065d,0.031054405392392875,False,289.2660000006799
bm25_selective_e5,TF028,preparation,4,7adacb8c-91c0-4ea7-8d82-7505eeac5042,0.030834914611005692,False,289.2660000006799
bm25_selective_e5,TF028,preparation,5,3abbb958-eafe-4ffe-bcfc-dafa7349c15c,0.030536130536130537,False,289.2660000006799
bm25_selective_e5,TF028,preparation,6,d3b7d61b-50f0-4b96-a770-785a9f3c3886,0.029236022193768675,False,289.2660000006799
bm25_selective_e5,TF028,preparation,7,bc88f538-e881-4c81-85e9-fca20614315d,0.028985507246376812,False,289.2660000006799
bm25_selective_e5,TF028,preparation,8,fbf62ef9-25b7-437c-98d8-c4934fba0fe6,0.02886002886002886,False,289.2660000006799
bm25_selective_e5,TF028,preparation,9,30ce28cb-f702-4cce-8105-137e2f73af0d,0.02854251012145749,False,289.2660000006799
bm25_selective_e5,TF028,preparation,10,22e6c188-2e4c-4029-b200-7770a3f00e6e,0.02803921568627451,False,289.2660000006799
bm25_selective_e5,TF029,preparation,1,7e5199d4-e5c9-40ca-a69f-ea37f52c6ce3,10.472630500793457,False,1.4929999997548293
bm25_selective_e5,TF029,preparation,2,9552a4ac-31b4-43a8-aa92-37bd3e89362a,9.22361946105957,False,1.4929999997548293
bm25_selective_e5,TF029,preparation,3,36bac780-b1a2-42dc-8cca-3605f80c5521,9.049737930297852,True,1.4929999997548293
bm25_selective_e5,TF029,preparation,4,84c0a864-176f-4776-a15e-167fc2518e5d,8.359821319580078,False,1.4929999997548293
bm25_selective_e5,TF029,preparation,5,98d006ac-5212-4c8c-8a63-4cbd4d6caffc,7.574398040771484,False,1.4929999997548293
bm25_selective_e5,TF029,preparation,6,8f3ed830-3a06-41c6-8b06-cfcf6d36a83c,3.7762579917907715,False,1.4929999997548293
bm25_selective_e5,TF029,preparation,7,74c0eabe-77c7-4dbf-a321-27966a12fafb,3.43363356590271,False,1.4929999997548293
bm25_selective_e5,TF029,preparation,8,48b9789d-5088-4ba1-a82a-be3a6396ce85,3.2934343814849854,False,1.4929999997548293
bm25_selective_e5,TF029,preparation,9,a7cf71a5-8426-4d7c-8106-e0754e7cb4bf,2.8844265937805176,False,1.4929999997548293
bm25_selective_e5,TF029,preparation,10,b0b5bc4f-7d0b-4f56-8e37-84178d38637d,2.8099758625030518,False,1.4929999997548293
bm25_selective_e5,TF030,temporal,1,73735f01-c9d0-4dd5-8d46-c70045e4b334,0.032018442622950824,False,173.09629999908793
bm25_selective_e5,TF030,temporal,2,a7cf71a5-8426-4d7c-8106-e0754e7cb4bf,0.02928692699490662,False,173.09629999908793
bm25_selective_e5,TF030,temporal,3,b66e5419-8a9c-47f4-866d-ebdb95b174b2,0.02871794871794872,False,173.09629999908793
bm25_selective_e5,TF030,temporal,4,16efaa44-1554-4748-8407-48fac0bced94,0.027651515151515153,False,173.09629999908793
bm25_selective_e5,TF030,temporal,5,d3b7d61b-50f0-4b96-a770-785a9f3c3886,0.027146130794993832,False,173.09629999908793
bm25_selective_e5,TF030,temporal,6,22e6c188-2e4c-4029-b200-7770a3f00e6e,0.02712049508554787,False,173.09629999908793
bm25_selective_e5,TF030,temporal,7,7e5199d4-e5c9-40ca-a69f-ea37f52c6ce3,0.02684684684684685,True,173.09629999908793
bm25_selective_e5,TF030,temporal,8,da79aa00-567d-434c-8441-915ac080f918,0.026655348047538198,False,173.09629999908793
bm25_selective_e5,TF030,temporal,9,c404e320-0bf2-4325-be92-7a0614f201ca,0.026547116736990152,False,173.09629999908793
bm25_selective_e5,TF030,temporal,10,f9eb1471-4566-4c09-a18e-9f3d84a47e9c,0.02564935064935065,False,173.09629999908793
bm25_selective_e5,TF031,procedure,1,9b6cc313-9a59-4387-a5ce-2ed14389a0a7,0.03278688524590164,False,196.49850000041624
bm25_selective_e5,TF031,procedure,2,5de4d74d-720e-4d86-a836-f946d70a2d32,0.03200204813108039,True,196.49850000041624
bm25_selective_e5,TF031,procedure,3,22e6c188-2e4c-4029-b200-7770a3f00e6e,0.02967032967032967,False,196.49850000041624
bm25_selective_e5,TF031,procedure,4,b225ae64-72d2-4e59-81c0-57f5d8438666,0.02919863597612958,False,196.49850000041624
bm25_selective_e5,TF031,procedure,5,f9cfc75b-a5e7-4633-a798-4b17ea462325,0.028474711270410194,False,196.49850000041624
bm25_selective_e5,TF031,procedure,6,98d006ac-5212-4c8c-8a63-4cbd4d6caffc,0.028309409888357256,False,196.49850000041624
bm25_selective_e5,TF031,procedure,7,eda54b74-cd2f-4808-8175-bcc5b916ce90,0.02797339593114241,False,196.49850000041624
bm25_selective_e5,TF031,procedure,8,fd678588-5ac2-400d-95c5-3309537781ec,0.027272727272727275,False,196.49850000041624
bm25_selective_e5,TF031,procedure,9,df699ccc-6f51-4281-b4a4-f3d2a20631e0,0.027242401779095628,False,196.49850000041624
bm25_selective_e5,TF031,procedure,10,59d57c8a-c9d7-4f8d-b9a1-a2816f1f01f7,0.027149321266968326,False,196.49850000041624
bm25_selective_e5,TF032,fact_specific,1,5de4d74d-720e-4d86-a836-f946d70a2d32,11.056583404541016,True,1.1856999999508844
bm25_selective_e5,TF032,fact_specific,2,9552a4ac-31b4-43a8-aa92-37bd3e89362a,6.485934734344482,False,1.1856999999508844
bm25_selective_e5,TF032,fact_specific,3,84c0a864-176f-4776-a15e-167fc2518e5d,4.970741271972656,False,1.1856999999508844
bm25_selective_e5,TF032,fact_specific,4,df699ccc-6f51-4281-b4a4-f3d2a20631e0,4.395046710968018,False,1.1856999999508844
bm25_selective_e5,TF032,fact_specific,5,d3b7d61b-50f0-4b96-a770-785a9f3c3886,1.8082045316696167,False,1.1856999999508844
bm25_selective_e5,TF032,fact_specific,6,73735f01-c9d0-4dd5-8d46-c70045e4b334,1.6301363706588745,False,1.1856999999508844
bm25_selective_e5,TF032,fact_specific,7,27025cb7-0eea-4e71-b338-65cf293e45ee,1.533604383468628,False,1.1856999999508844
bm25_selective_e5,TF032,fact_specific,8,7e5199d4-e5c9-40ca-a69f-ea37f52c6ce3,0.9198150634765625,False,1.1856999999508844
bm25_selective_e5,TF032,fact_specific,9,a7cf71a5-8426-4d7c-8106-e0754e7cb4bf,0.9092135429382324,False,1.1856999999508844
bm25_selective_e5,TF032,fact_specific,10,c404e320-0bf2-4325-be92-7a0614f201ca,0.8950620293617249,False,1.1856999999508844
bm25_selective_e5,TF033,fact_specific,1,e62b0c91-ff0c-43b2-9bd5-ff173d9f8bc0,0.03278688524590164,True,277.8422000010323
bm25_selective_e5,TF033,fact_specific,2,df699ccc-6f51-4281-b4a4-f3d2a20631e0,0.03128054740957967,False,277.8422000010323
bm25_selective_e5,TF033,fact_specific,3,3ecc27b9-634c-4026-b44e-e01123aa0467,0.03125763125763126,False,277.8422000010323
bm25_selective_e5,TF033,fact_specific,4,9131e9a9-eff3-4f4e-a20b-4bdd456c35bc,0.030776515151515152,False,277.8422000010323
bm25_selective_e5,TF033,fact_specific,5,4c0dde2a-0432-4cb2-ad33-987f5979ff76,0.03021353930031804,False,277.8422000010323
bm25_selective_e5,TF033,fact_specific,6,d4c1a9ca-23c5-4ae0-9a51-c56675b2e6d1,0.0288981288981289,False,277.8422000010323
bm25_selective_e5,TF033,fact_specific,7,23c6ca0d-04bf-4081-b90a-9819029dcd73,0.02886002886002886,False,277.8422000010323
bm25_selective_e5,TF033,fact_specific,8,59d57c8a-c9d7-4f8d-b9a1-a2816f1f01f7,0.02862400327131466,False,277.8422000010323
bm25_selective_e5,TF033,fact_specific,9,73735f01-c9d0-4dd5-8d46-c70045e4b334,0.02821939586645469,False,277.8422000010323
bm25_selective_e5,TF033,fact_specific,10,5de4d74d-720e-4d86-a836-f946d70a2d32,0.028083267871170464,False,277.8422000010323
bm25_selective_e5,TF034,product_specific,1,59d57c8a-c9d7-4f8d-b9a1-a2816f1f01f7,8.857224464416504,True,0.9348000003228663
bm25_selective_e5,TF034,product_specific,2,9b6cc313-9a59-4387-a5ce-2ed14389a0a7,7.293910980224609,False,0.9348000003228663
bm25_selective_e5,TF034,product_specific,3,e62b0c91-ff0c-43b2-9bd5-ff173d9f8bc0,7.234122276306152,False,0.9348000003228663
bm25_selective_e5,TF034,product_specific,4,7c33fbb7-e931-4f6b-9520-23875ec9ee5b,6.044244289398193,False,0.9348000003228663
bm25_selective_e5,TF034,product_specific,5,3ecc27b9-634c-4026-b44e-e01123aa0467,6.001184463500977,False,0.9348000003228663
bm25_selective_e5,TF034,product_specific,6,4c0dde2a-0432-4cb2-ad33-987f5979ff76,4.898802280426025,False,0.9348000003228663
bm25_selective_e5,TF034,product_specific,7,d4c1a9ca-23c5-4ae0-9a51-c56675b2e6d1,4.80902624130249,False,0.9348000003228663
bm25_selective_e5,TF034,product_specific,8,9131e9a9-eff3-4f4e-a20b-4bdd456c35bc,4.687402725219727,False,0.9348000003228663
bm25_selective_e5,TF034,product_specific,9,a7cf71a5-8426-4d7c-8106-e0754e7cb4bf,4.556581497192383,False,0.9348000003228663
bm25_selective_e5,TF034,product_specific,10,5de4d74d-720e-4d86-a836-f946d70a2d32,4.42374849319458,False,0.9348000003228663
bm25_selective_e5,TF035,paraphrase,1,b0b5bc4f-7d0b-4f56-8e37-84178d38637d,0.03225806451612903,True,206.6859000005934
bm25_selective_e5,TF035,paraphrase,2,da79aa00-567d-434c-8441-915ac080f918,0.031009615384615385,False,206.6859000005934
bm25_selective_e5,TF035,paraphrase,3,1033ac46-dec8-493e-b577-7f5ad80f8e86,0.030309988518943745,False,206.6859000005934
bm25_selective_e5,TF035,paraphrase,4,3ecc27b9-634c-4026-b44e-e01123aa0467,0.02919863597612958,False,206.6859000005934
bm25_selective_e5,TF035,paraphrase,5,23c6ca0d-04bf-4081-b90a-9819029dcd73,0.028381642512077296,False,206.6859000005934
bm25_selective_e5,TF035,paraphrase,6,54fdf811-dedd-4016-b144-3e4bfdcd67c8,0.02681010928961749,False,206.6859000005934
bm25_selective_e5,TF035,paraphrase,7,646d4165-73db-4f69-84da-5f393cd81988,0.02658450704225352,False,206.6859000005934
bm25_selective_e5,TF035,paraphrase,8,17abd2d4-27a2-40ba-a55b-0b3ceee19005,0.02632034632034632,False,206.6859000005934
bm25_selective_e5,TF035,paraphrase,9,ba3d1d87-0c2d-4b67-a0c2-4615c8249c2a,0.025155279503105588,False,206.6859000005934
bm25_selective_e5,TF035,paraphrase,10,a7cf71a5-8426-4d7c-8106-e0754e7cb4bf,0.024868705591597158,False,206.6859000005934
bm25_selective_e5,TF036,monitoring,1,a7cf71a5-8426-4d7c-8106-e0754e7cb4bf,0.03278688524590164,True,202.3007999987385
bm25_selective_e5,TF036,monitoring,2,8f3ed830-3a06-41c6-8b06-cfcf6d36a83c,0.031054405392392875,False,202.3007999987385
bm25_selective_e5,TF036,monitoring,3,36bac780-b1a2-42dc-8cca-3605f80c5521,0.031009615384615385,False,202.3007999987385
bm25_selective_e5,TF036,monitoring,4,f9cfc75b-a5e7-4633-a798-4b17ea462325,0.030834914611005692,False,202.3007999987385
bm25_selective_e5,TF036,monitoring,5,98d006ac-5212-4c8c-8a63-4cbd4d6caffc,0.03057889822595705,False,202.3007999987385
bm25_selective_e5,TF036,monitoring,6,22e6c188-2e4c-4029-b200-7770a3f00e6e,0.029910714285714284,False,202.3007999987385
bm25_selective_e5,TF036,monitoring,7,30ce28cb-f702-4cce-8105-137e2f73af0d,0.029386529386529386,False,202.3007999987385
bm25_selective_e5,TF036,monitoring,8,8259ed27-8646-4502-a959-aab1e9f1770f,0.029236022193768675,False,202.3007999987385
bm25_selective_e5,TF036,monitoring,9,7e5199d4-e5c9-40ca-a69f-ea37f52c6ce3,0.02782608695652174,False,202.3007999987385
bm25_selective_e5,TF036,monitoring,10,eda54b74-cd2f-4808-8175-bcc5b916ce90,0.027745885954841176,False,202.3007999987385
bm25_selective_e5,TF037,adverse_reaction,1,15e829a9-a475-429d-b0e3-5c34bfbd3ab7,11.560527801513672,True,0.8660000003146706
bm25_selective_e5,TF037,adverse_reaction,2,324bc249-0e84-46e9-b77f-856c76cd5353,7.553943634033203,False,0.8660000003146706
bm25_selective_e5,TF037,adverse_reaction,3,8939253d-3272-4915-8c2b-c60062aeb818,1.9931259155273438,True,0.8660000003146706
bm25_selective_e5,TF037,adverse_reaction,4,7abe62fa-6fdb-4466-a16b-73e1770f0c57,1.600231409072876,False,0.8660000003146706
bm25_selective_e5,TF037,adverse_reaction,5,391ad5dc-0d1c-4350-85ba-5aa601d9ac0d,1.3353826999664307,False,0.8660000003146706
bm25_selective_e5,TF037,adverse_reaction,6,2e55093d-0a0f-4fd9-954b-4fc72df9eac0,0.949152946472168,False,0.8660000003146706
bm25_selective_e5,TF037,adverse_reaction,7,da79aa00-567d-434c-8441-915ac080f918,0.8504177927970886,False,0.8660000003146706
bm25_selective_e5,TF037,adverse_reaction,8,5de4d74d-720e-4d86-a836-f946d70a2d32,0.773520827293396,False,0.8660000003146706
bm25_selective_e5,TF037,adverse_reaction,9,d4c1a9ca-23c5-4ae0-9a51-c56675b2e6d1,0.6956260800361633,False,0.8660000003146706
bm25_selective_e5,TF037,adverse_reaction,10,7e5199d4-e5c9-40ca-a69f-ea37f52c6ce3,0.1314123421907425,False,0.8660000003146706
bm25_selective_e5,TF038,adverse_reaction,1,324bc249-0e84-46e9-b77f-856c76cd5353,7.7097554206848145,False,0.8993999999802327
bm25_selective_e5,TF038,adverse_reaction,2,8939253d-3272-4915-8c2b-c60062aeb818,5.776628017425537,True,0.8993999999802327
bm25_selective_e5,TF038,adverse_reaction,3,15e829a9-a475-429d-b0e3-5c34bfbd3ab7,2.2149574756622314,False,0.8993999999802327
bm25_selective_e5,TF038,adverse_reaction,4,7abe62fa-6fdb-4466-a16b-73e1770f0c57,1.5427136421203613,True,0.8993999999802327
bm25_selective_e5,TF038,adverse_reaction,5,391ad5dc-0d1c-4350-85ba-5aa601d9ac0d,1.2345267534255981,False,0.8993999999802327
bm25_selective_e5,TF038,adverse_reaction,6,2e55093d-0a0f-4fd9-954b-4fc72df9eac0,0.8617947697639465,False,0.8993999999802327
bm25_selective_e5,TF038,adverse_reaction,7,e62b0c91-ff0c-43b2-9bd5-ff173d9f8bc0,0.823145866394043,False,0.8993999999802327
bm25_selective_e5,TF038,adverse_reaction,8,da79aa00-567d-434c-8441-915ac080f918,0.7254837155342102,False,0.8993999999802327
bm25_selective_e5,TF038,adverse_reaction,9,d4c1a9ca-23c5-4ae0-9a51-c56675b2e6d1,0.6956260800361633,False,0.8993999999802327
bm25_selective_e5,TF038,adverse_reaction,10,5de4d74d-720e-4d86-a836-f946d70a2d32,0.6446763873100281,False,0.8993999999802327
bm25_selective_e5,TF039,adverse_reaction,1,324bc249-0e84-46e9-b77f-856c76cd5353,5.971460819244385,False,1.0401999998066458
bm25_selective_e5,TF039,adverse_reaction,2,7abe62fa-6fdb-4466-a16b-73e1770f0c57,5.051360607147217,True,1.0401999998066458
bm25_selective_e5,TF039,adverse_reaction,3,2e55093d-0a0f-4fd9-954b-4fc72df9eac0,3.3720645904541016,True,1.0401999998066458
bm25_selective_e5,TF039,adverse_reaction,4,391ad5dc-0d1c-4350-85ba-5aa601d9ac0d,1.3353826999664307,False,1.0401999998066458
bm25_selective_e5,TF039,adverse_reaction,5,da79aa00-567d-434c-8441-915ac080f918,0.8504177927970886,False,1.0401999998066458
bm25_selective_e5,TF039,adverse_reaction,6,15e829a9-a475-429d-b0e3-5c34bfbd3ab7,0.7488635182380676,False,1.0401999998066458
bm25_selective_e5,TF039,adverse_reaction,7,d4c1a9ca-23c5-4ae0-9a51-c56675b2e6d1,0.6956260800361633,False,1.0401999998066458
bm25_selective_e5,TF039,adverse_reaction,8,8939253d-3272-4915-8c2b-c60062aeb818,0.6486386656761169,False,1.0401999998066458
bm25_selective_e5,TF039,adverse_reaction,9,7e5199d4-e5c9-40ca-a69f-ea37f52c6ce3,0.1314123421907425,False,1.0401999998066458
bm25_selective_e5,TF039,adverse_reaction,10,a7cf71a5-8426-4d7c-8106-e0754e7cb4bf,0.12989771366119385,False,1.0401999998066458
bm25_selective_e5,TF040,adverse_reaction,1,f4580736-a09e-471f-93d2-8089c695eb67,0.03278688524590164,True,195.6319999999323
bm25_selective_e5,TF040,adverse_reaction,2,2e55093d-0a0f-4fd9-954b-4fc72df9eac0,0.03225806451612903,True,195.6319999999323
bm25_selective_e5,TF040,adverse_reaction,3,391ad5dc-0d1c-4350-85ba-5aa601d9ac0d,0.030798389007344232,False,195.6319999999323
bm25_selective_e5,TF040,adverse_reaction,4,a7cf71a5-8426-4d7c-8106-e0754e7cb4bf,0.029236022193768675,False,195.6319999999323
bm25_selective_e5,TF040,adverse_reaction,5,5de4d74d-720e-4d86-a836-f946d70a2d32,0.028258706467661692,False,195.6319999999323
bm25_selective_e5,TF040,adverse_reaction,6,22e6c188-2e4c-4029-b200-7770a3f00e6e,0.02758751902587519,False,195.6319999999323
bm25_selective_e5,TF040,adverse_reaction,7,30ce28cb-f702-4cce-8105-137e2f73af0d,0.027071520029266508,False,195.6319999999323
bm25_selective_e5,TF040,adverse_reaction,8,da79aa00-567d-434c-8441-915ac080f918,0.027046783625730993,False,195.6319999999323
bm25_selective_e5,TF040,adverse_reaction,9,7abe62fa-6fdb-4466-a16b-73e1770f0c57,0.026992753623188405,False,195.6319999999323
bm25_selective_e5,TF040,adverse_reaction,10,70b95f72-95ec-43b5-b76f-657518103256,0.026856524873828405,False,195.6319999999323
bm25_selective_e5,TF041,adverse_reaction,1,7abe62fa-6fdb-4466-a16b-73e1770f0c57,0.03252247488101534,False,192.53570000000764
bm25_selective_e5,TF041,adverse_reaction,2,5e7838ae-0b80-4d05-b266-deb52de7b401,0.032018442622950824,True,192.53570000000764
bm25_selective_e5,TF041,adverse_reaction,3,f4580736-a09e-471f-93d2-8089c695eb67,0.03200204813108039,True,192.53570000000764
bm25_selective_e5,TF041,adverse_reaction,4,15e829a9-a475-429d-b0e3-5c34bfbd3ab7,0.03057889822595705,False,192.53570000000764
bm25_selective_e5,TF041,adverse_reaction,5,391ad5dc-0d1c-4350-85ba-5aa601d9ac0d,0.030309988518943745,False,192.53570000000764
bm25_selective_e5,TF041,adverse_reaction,6,2e55093d-0a0f-4fd9-954b-4fc72df9eac0,0.030303030303030304,False,192.53570000000764
bm25_selective_e5,TF041,adverse_reaction,7,324bc249-0e84-46e9-b77f-856c76cd5353,0.029709507042253523,False,192.53570000000764
bm25_selective_e5,TF041,adverse_reaction,8,8939253d-3272-4915-8c2b-c60062aeb818,0.02967032967032967,False,192.53570000000764
bm25_selective_e5,TF041,adverse_reaction,9,a7cf71a5-8426-4d7c-8106-e0754e7cb4bf,0.028594771241830064,False,192.53570000000764
bm25_selective_e5,TF041,adverse_reaction,10,8f3ed830-3a06-41c6-8b06-cfcf6d36a83c,0.027443609022556388,False,192.53570000000764
bm25_selective_e5,TF042,procedure,1,fbf62ef9-25b7-437c-98d8-c4934fba0fe6,0.032266458495966696,False,179.55609999989974
bm25_selective_e5,TF042,procedure,2,dfb2693a-e821-4d6e-bbcc-0dbf3dc2a2ae,0.032018442622950824,True,179.55609999989974
bm25_selective_e5,TF042,procedure,3,2cea4ea7-7aaf-4c54-ac4e-b660de52065d,0.03149801587301587,False,179.55609999989974
bm25_selective_e5,TF042,procedure,4,3abbb958-eafe-4ffe-bcfc-dafa7349c15c,0.03128054740957967,True,179.55609999989974
bm25_selective_e5,TF042,procedure,5,21efe016-3004-45f3-a070-29ce2ecb0019,0.030309988518943745,False,179.55609999989974
bm25_selective_e5,TF042,procedure,6,b66e5419-8a9c-47f4-866d-ebdb95b174b2,0.028814262023217248,False,179.55609999989974
bm25_selective_e5,TF042,procedure,7,9131e9a9-eff3-4f4e-a20b-4bdd456c35bc,0.02817460317460317,False,179.55609999989974
bm25_selective_e5,TF042,procedure,8,bc88f538-e881-4c81-85e9-fca20614315d,0.027783137179239824,False,179.55609999989974
bm25_selective_e5,TF042,procedure,9,d3b7d61b-50f0-4b96-a770-785a9f3c3886,0.027364110201042444,False,179.55609999989974
bm25_selective_e5,TF042,procedure,10,e96acbc9-66b4-4df4-953b-3f7b0a846bbc,0.02702702702702703,False,179.55609999989974
bm25_selective_e5,TF043,procedure,1,e62b0c91-ff0c-43b2-9bd5-ff173d9f8bc0,0.0315136476426799,False,231.11990000052174
bm25_selective_e5,TF043,procedure,2,fbf62ef9-25b7-437c-98d8-c4934fba0fe6,0.03009207275993712,True,231.11990000052174
bm25_selective_e5,TF043,procedure,3,4c0dde2a-0432-4cb2-ad33-987f5979ff76,0.02976190476190476,False,231.11990000052174
bm25_selective_e5,TF043,procedure,4,3ecc27b9-634c-4026-b44e-e01123aa0467,0.02964426877470356,False,231.11990000052174
bm25_selective_e5,TF043,procedure,5,59d57c8a-c9d7-4f8d-b9a1-a2816f1f01f7,0.029571646010002173,False,231.11990000052174
bm25_selective_e5,TF043,procedure,6,f9eb1471-4566-4c09-a18e-9f3d84a47e9c,0.02946912242686891,True,231.11990000052174
bm25_selective_e5,TF043,procedure,7,a3d42ca5-54b5-4b8d-be4e-79337aaab880,0.028665028665028666,False,231.11990000052174
bm25_selective_e5,TF043,procedure,8,b0b5bc4f-7d0b-4f56-8e37-84178d38637d,0.02857142857142857,False,231.11990000052174
bm25_selective_e5,TF043,procedure,9,df699ccc-6f51-4281-b4a4-f3d2a20631e0,0.02821939586645469,False,231.11990000052174
bm25_selective_e5,TF043,procedure,10,2cea4ea7-7aaf-4c54-ac4e-b660de52065d,0.027051561365286855,False,231.11990000052174
bm25_selective_e5,TF044,fact_specific,1,09f3c6d5-9e0c-4545-960f-b16c69abbeb1,6.416562557220459,False,0.9328000005552894
bm25_selective_e5,TF044,fact_specific,2,dfb2693a-e821-4d6e-bbcc-0dbf3dc2a2ae,5.222231864929199,False,0.9328000005552894
bm25_selective_e5,TF044,fact_specific,3,919e93ca-fed9-4dde-b9b8-f870e207a3f3,4.688266754150391,False,0.9328000005552894
bm25_selective_e5,TF044,fact_specific,4,3abbb958-eafe-4ffe-bcfc-dafa7349c15c,4.684035301208496,False,0.9328000005552894
bm25_selective_e5,TF044,fact_specific,5,3ecc27b9-634c-4026-b44e-e01123aa0467,4.577188014984131,False,0.9328000005552894
bm25_selective_e5,TF044,fact_specific,6,9131e9a9-eff3-4f4e-a20b-4bdd456c35bc,4.499397277832031,False,0.9328000005552894
bm25_selective_e5,TF044,fact_specific,7,2cea4ea7-7aaf-4c54-ac4e-b660de52065d,4.399069309234619,False,0.9328000005552894
bm25_selective_e5,TF044,fact_specific,8,fbf62ef9-25b7-437c-98d8-c4934fba0fe6,4.2966814041137695,False,0.9328000005552894
bm25_selective_e5,TF044,fact_specific,9,1033ac46-dec8-493e-b577-7f5ad80f8e86,4.093734264373779,False,0.9328000005552894
bm25_selective_e5,TF044,fact_specific,10,9552a4ac-31b4-43a8-aa92-37bd3e89362a,3.5061025619506836,False,0.9328000005552894
bm25_selective_e5,TF045,paraphrase,1,3abbb958-eafe-4ffe-bcfc-dafa7349c15c,6.537220001220703,False,1.0015000007115304
bm25_selective_e5,TF045,paraphrase,2,eda54b74-cd2f-4808-8175-bcc5b916ce90,5.430171489715576,False,1.0015000007115304
bm25_selective_e5,TF045,paraphrase,3,7adacb8c-91c0-4ea7-8d82-7505eeac5042,5.366875648498535,False,1.0015000007115304
bm25_selective_e5,TF045,paraphrase,4,dfb2693a-e821-4d6e-bbcc-0dbf3dc2a2ae,5.349342346191406,False,1.0015000007115304
bm25_selective_e5,TF045,paraphrase,5,22e6c188-2e4c-4029-b200-7770a3f00e6e,5.186156272888184,False,1.0015000007115304
bm25_selective_e5,TF045,paraphrase,6,2cea4ea7-7aaf-4c54-ac4e-b660de52065d,3.7989649772644043,False,1.0015000007115304
bm25_selective_e5,TF045,paraphrase,7,fbf62ef9-25b7-437c-98d8-c4934fba0fe6,3.7905306816101074,False,1.0015000007115304
bm25_selective_e5,TF045,paraphrase,8,b225ae64-72d2-4e59-81c0-57f5d8438666,3.657823085784912,False,1.0015000007115304
bm25_selective_e5,TF045,paraphrase,9,9131e9a9-eff3-4f4e-a20b-4bdd456c35bc,3.4647159576416016,False,1.0015000007115304
bm25_selective_e5,TF045,paraphrase,10,fd678588-5ac2-400d-95c5-3309537781ec,3.287501573562622,True,1.0015000007115304
bm25_selective_e5,TN001,negative_out_of_scope,1,ee8c2027-ad6d-4bb7-8077-5e4c42be1cc3,0.0315136476426799,False,200.4623000002539
bm25_selective_e5,TN001,negative_out_of_scope,2,d9a4a9c8-fbd4-41f2-bab6-6abd72575204,0.03149801587301587,False,200.4623000002539
bm25_selective_e5,TN001,negative_out_of_scope,3,761b9529-5b18-4262-8174-6062c35fb31c,0.0304147465437788,False,200.4623000002539
bm25_selective_e5,TN001,negative_out_of_scope,4,edd76252-eb29-4acf-9a31-735463528b7d,0.030309988518943745,False,200.4623000002539
bm25_selective_e5,TN001,negative_out_of_scope,5,fb4884e3-8fea-42fa-b996-7e9c333e7fef,0.03028233151183971,False,200.4623000002539
bm25_selective_e5,TN001,negative_out_of_scope,6,66dba192-bac5-4b3a-bd4d-77e9eacb4192,0.029857397504456328,False,200.4623000002539
bm25_selective_e5,TN001,negative_out_of_scope,7,eeb8db46-f757-41f1-9ca5-c022f3d4ea3e,0.027783137179239824,False,200.4623000002539
bm25_selective_e5,TN001,negative_out_of_scope,8,843aa4c8-3ffd-4747-97eb-8699b0a0eeaf,0.025694893341952164,False,200.4623000002539
bm25_selective_e5,TN001,negative_out_of_scope,9,10537058-d160-4786-a6cf-95de46d7189c,0.02492401215805471,False,200.4623000002539
bm25_selective_e5,TN001,negative_out_of_scope,10,bc88f538-e881-4c81-85e9-fca20614315d,0.02483719521429653,False,200.4623000002539
bm25_selective_e5,TN002,negative_out_of_scope,1,fb4884e3-8fea-42fa-b996-7e9c333e7fef,0.03200204813108039,False,151.30690000114555
bm25_selective_e5,TN002,negative_out_of_scope,2,eeb8db46-f757-41f1-9ca5-c022f3d4ea3e,0.029709507042253523,False,151.30690000114555
bm25_selective_e5,TN002,negative_out_of_scope,3,761b9529-5b18-4262-8174-6062c35fb31c,0.028373015873015873,False,151.30690000114555
bm25_selective_e5,TN002,negative_out_of_scope,4,843aa4c8-3ffd-4747-97eb-8699b0a0eeaf,0.027364110201042444,False,151.30690000114555
bm25_selective_e5,TN002,negative_out_of_scope,5,ee8c2027-ad6d-4bb7-8077-5e4c42be1cc3,0.02728937728937729,False,151.30690000114555
bm25_selective_e5,TN002,negative_out_of_scope,6,66dba192-bac5-4b3a-bd4d-77e9eacb4192,0.026779422128259338,False,151.30690000114555
bm25_selective_e5,TN002,negative_out_of_scope,7,17e22a4e-78d9-4607-b75b-151e52cc4d20,0.02625418060200669,False,151.30690000114555
bm25_selective_e5,TN002,negative_out_of_scope,8,23c6ca0d-04bf-4081-b90a-9819029dcd73,0.02546333601933924,False,151.30690000114555
bm25_selective_e5,TN002,negative_out_of_scope,9,fbb0340e-b19d-43c3-a23a-5ee07899e8cd,0.02535559678416821,False,151.30690000114555
bm25_selective_e5,TN002,negative_out_of_scope,10,e96acbc9-66b4-4df4-953b-3f7b0a846bbc,0.023839931885908897,False,151.30690000114555
bm25_selective_e5,TN003,negative_out_of_scope,1,6ffcd319-e868-444b-b6fe-8d192a4de3ff,5.228564262390137,False,0.841000000036729
bm25_selective_e5,TN003,negative_out_of_scope,2,f7a9837d-f8db-4461-abd8-a3607db2276f,0.9105718731880188,False,0.841000000036729
bm25_selective_e5,TN003,negative_out_of_scope,3,fbf62ef9-25b7-437c-98d8-c4934fba0fe6,0.7948442697525024,False,0.841000000036729
bm25_selective_e5,TN003,negative_out_of_scope,4,fb4884e3-8fea-42fa-b996-7e9c333e7fef,0.0,False,0.841000000036729
bm25_selective_e5,TN003,negative_out_of_scope,5,761b9529-5b18-4262-8174-6062c35fb31c,0.0,False,0.841000000036729
bm25_selective_e5,TN003,negative_out_of_scope,6,c78ff32d-ea17-41fd-98ef-2e8872f01df3,0.0,False,0.841000000036729
bm25_selective_e5,TN003,negative_out_of_scope,7,d9a4a9c8-fbd4-41f2-bab6-6abd72575204,0.0,False,0.841000000036729
bm25_selective_e5,TN003,negative_out_of_scope,8,ee8c2027-ad6d-4bb7-8077-5e4c42be1cc3,0.0,False,0.841000000036729
bm25_selective_e5,TN003,negative_out_of_scope,9,66dba192-bac5-4b3a-bd4d-77e9eacb4192,0.0,False,0.841000000036729
bm25_selective_e5,TN003,negative_out_of_scope,10,edd76252-eb29-4acf-9a31-735463528b7d,0.0,False,0.841000000036729
bm25_selective_e5,TN004,negative_out_of_scope,1,ee8c2027-ad6d-4bb7-8077-5e4c42be1cc3,0.03125763125763126,False,140.4145000005883
bm25_selective_e5,TN004,negative_out_of_scope,2,761b9529-5b18-4262-8174-6062c35fb31c,0.030834914611005692,False,140.4145000005883
bm25_selective_e5,TN004,negative_out_of_scope,3,66dba192-bac5-4b3a-bd4d-77e9eacb4192,0.030776515151515152,False,140.4145000005883
bm25_selective_e5,TN004,negative_out_of_scope,4,10537058-d160-4786-a6cf-95de46d7189c,0.030679156908665108,False,140.4145000005883
bm25_selective_e5,TN004,negative_out_of_scope,5,843aa4c8-3ffd-4747-97eb-8699b0a0eeaf,0.029857397504456328,False,140.4145000005883
bm25_selective_e5,TN004,negative_out_of_scope,6,fb4884e3-8fea-42fa-b996-7e9c333e7fef,0.029051670471052088,False,140.4145000005883
bm25_selective_e5,TN004,negative_out_of_scope,7,4d18d11e-2a92-4690-8a64-46653931483e,0.028814262023217248,False,140.4145000005883
bm25_selective_e5,TN004,negative_out_of_scope,8,d9a4a9c8-fbd4-41f2-bab6-6abd72575204,0.028782894736842105,False,140.4145000005883
bm25_selective_e5,TN004,negative_out_of_scope,9,23c6ca0d-04bf-4081-b90a-9819029dcd73,0.02819138376017471,False,140.4145000005883
bm25_selective_e5,TN004,negative_out_of_scope,10,ffcf7308-6e83-47bc-a519-0b4b7ba44562,0.02694394213381555,False,140.4145000005883
bm25_selective_e5,TN005,negative_out_of_scope,1,fd678588-5ac2-400d-95c5-3309537781ec,0.031544957774465976,False,141.66350000050443
bm25_selective_e5,TN005,negative_out_of_scope,2,3abbb958-eafe-4ffe-bcfc-dafa7349c15c,0.030536130536130537,False,141.66350000050443
bm25_selective_e5,TN005,negative_out_of_scope,3,dfb2693a-e821-4d6e-bbcc-0dbf3dc2a2ae,0.02976190476190476,False,141.66350000050443
bm25_selective_e5,TN005,negative_out_of_scope,4,eda54b74-cd2f-4808-8175-bcc5b916ce90,0.029116045245077504,False,141.66350000050443
bm25_selective_e5,TN005,negative_out_of_scope,5,84c0a864-176f-4776-a15e-167fc2518e5d,0.027745885954841176,False,141.66350000050443
bm25_selective_e5,TN005,negative_out_of_scope,6,b225ae64-72d2-4e59-81c0-57f5d8438666,0.027629397679130595,False,141.66350000050443
bm25_selective_e5,TN005,negative_out_of_scope,7,22e6c188-2e4c-4029-b200-7770a3f00e6e,0.027252906976744186,False,141.66350000050443
bm25_selective_e5,TN005,negative_out_of_scope,8,7e68f70a-ba74-4eb8-bbae-c7e9f7340567,0.026785714285714288,False,141.66350000050443
bm25_selective_e5,TN005,negative_out_of_scope,9,7adacb8c-91c0-4ea7-8d82-7505eeac5042,0.026182294223531334,False,141.66350000050443
bm25_selective_e5,TN005,negative_out_of_scope,10,66dba192-bac5-4b3a-bd4d-77e9eacb4192,0.025478740668614087,False,141.66350000050443
bm25_selective_e5,TP001,product_specific,1,0f6b0fc1-9d70-479f-a87d-a26e954e2adb,6.211029052734375,False,0.3764000002774992
bm25_selective_e5,TP001,product_specific,2,9552a4ac-31b4-43a8-aa92-37bd3e89362a,5.7914910316467285,False,0.3764000002774992
bm25_selective_e5,TP001,product_specific,3,54fdf811-dedd-4016-b144-3e4bfdcd67c8,5.593297481536865,False,0.3764000002774992
bm25_selective_e5,TP001,product_specific,4,ba3d1d87-0c2d-4b67-a0c2-4615c8249c2a,5.1758856773376465,True,0.3764000002774992
bm25_selective_e5,TP001,product_specific,5,84c0a864-176f-4776-a15e-167fc2518e5d,3.892451524734497,False,0.3764000002774992
bm25_selective_e5,TP001,product_specific,6,fb4884e3-8fea-42fa-b996-7e9c333e7fef,0.0,False,0.3764000002774992
bm25_selective_e5,TP001,product_specific,7,761b9529-5b18-4262-8174-6062c35fb31c,0.0,False,0.3764000002774992
bm25_selective_e5,TP001,product_specific,8,c78ff32d-ea17-41fd-98ef-2e8872f01df3,0.0,False,0.3764000002774992
bm25_selective_e5,TP001,product_specific,9,d9a4a9c8-fbd4-41f2-bab6-6abd72575204,0.0,False,0.3764000002774992
bm25_selective_e5,TP001,product_specific,10,ee8c2027-ad6d-4bb7-8077-5e4c42be1cc3,0.0,False,0.3764000002774992
bm25_selective_e5,TP002,product_specific,1,4c0dde2a-0432-4cb2-ad33-987f5979ff76,4.5704240798950195,False,0.6235999999262276
bm25_selective_e5,TP002,product_specific,2,f7a9837d-f8db-4461-abd8-a3607db2276f,4.295620918273926,False,0.6235999999262276
bm25_selective_e5,TP002,product_specific,3,b0b5bc4f-7d0b-4f56-8e37-84178d38637d,3.8005127906799316,False,0.6235999999262276
bm25_selective_e5,TP002,product_specific,4,c404e320-0bf2-4325-be92-7a0614f201ca,3.50697922706604,False,0.6235999999262276
bm25_selective_e5,TP002,product_specific,5,a3d42ca5-54b5-4b8d-be4e-79337aaab880,2.6698713302612305,False,0.6235999999262276
bm25_selective_e5,TP002,product_specific,6,7adacb8c-91c0-4ea7-8d82-7505eeac5042,0.9279085397720337,False,0.6235999999262276
bm25_selective_e5,TP002,product_specific,7,7e68f70a-ba74-4eb8-bbae-c7e9f7340567,0.9048877954483032,False,0.6235999999262276
bm25_selective_e5,TP002,product_specific,8,17abd2d4-27a2-40ba-a55b-0b3ceee19005,0.8584475517272949,False,0.6235999999262276
bm25_selective_e5,TP002,product_specific,9,21d38039-895b-46a4-8902-96e380ce41aa,0.7931140065193176,False,0.6235999999262276
bm25_selective_e5,TP002,product_specific,10,b10b8f1c-ed17-44ca-8d7c-1a4f19a12c67,0.7817808985710144,False,0.6235999999262276
bm25_selective_e5,TP003,temporal,1,63b53156-440d-40c1-bc88-5c07c23ae77f,7.014914035797119,True,0.6530999999085907
bm25_selective_e5,TP003,temporal,2,c404e320-0bf2-4325-be92-7a0614f201ca,6.746158599853516,False,0.6530999999085907
bm25_selective_e5,TP003,temporal,3,9131e9a9-eff3-4f4e-a20b-4bdd456c35bc,5.673131942749023,False,0.6530999999085907
bm25_selective_e5,TP003,temporal,4,59d57c8a-c9d7-4f8d-b9a1-a2816f1f01f7,5.521611213684082,False,0.6530999999085907
bm25_selective_e5,TP003,temporal,5,ffcf7308-6e83-47bc-a519-0b4b7ba44562,5.474223613739014,False,0.6530999999085907
bm25_selective_e5,TP003,temporal,6,d2e0fc0a-bf0e-4226-abbf-e9f3dea2fce8,5.082720756530762,False,0.6530999999085907
bm25_selective_e5,TP003,temporal,7,21efe016-3004-45f3-a070-29ce2ecb0019,5.051664352416992,False,0.6530999999085907
bm25_selective_e5,TP003,temporal,8,f7a9837d-f8db-4461-abd8-a3607db2276f,4.295620918273926,False,0.6530999999085907
bm25_selective_e5,TP003,temporal,9,3ecc27b9-634c-4026-b44e-e01123aa0467,3.9162402153015137,False,0.6530999999085907
bm25_selective_e5,TP003,temporal,10,23c6ca0d-04bf-4081-b90a-9819029dcd73,3.50697922706604,False,0.6530999999085907
bm25_selective_e5,TP004,temporal,1,63b53156-440d-40c1-bc88-5c07c23ae77f,8.07597541809082,True,1.03190000027098
bm25_selective_e5,TP004,temporal,2,f7a9837d-f8db-4461-abd8-a3607db2276f,4.295620918273926,False,1.03190000027098
bm25_selective_e5,TP004,temporal,3,23c6ca0d-04bf-4081-b90a-9819029dcd73,3.50697922706604,False,1.03190000027098
bm25_selective_e5,TP004,temporal,4,c404e320-0bf2-4325-be92-7a0614f201ca,3.50697922706604,False,1.03190000027098
bm25_selective_e5,TP004,temporal,5,21efe016-3004-45f3-a070-29ce2ecb0019,2.6260993480682373,False,1.03190000027098
bm25_selective_e5,TP004,temporal,6,71d2e37c-44e2-4972-8e6b-a6449c2f8404,1.058933973312378,True,1.03190000027098
bm25_selective_e5,TP004,temporal,7,a7cf71a5-8426-4d7c-8106-e0754e7cb4bf,0.7901211380958557,False,1.03190000027098
bm25_selective_e5,TP004,temporal,8,ffcf7308-6e83-47bc-a519-0b4b7ba44562,0.7786510586738586,False,1.03190000027098
bm25_selective_e5,TP004,temporal,9,15e829a9-a475-429d-b0e3-5c34bfbd3ab7,0.6971055865287781,False,1.03190000027098
bm25_selective_e5,TP004,temporal,10,b66e5419-8a9c-47f4-866d-ebdb95b174b2,0.6754313707351685,False,1.03190000027098
bm25_selective_e5,TP005,temporal,1,da79aa00-567d-434c-8441-915ac080f918,8.468080520629883,True,0.8509999997841078
bm25_selective_e5,TP005,temporal,2,ba3d1d87-0c2d-4b67-a0c2-4615c8249c2a,5.760707378387451,False,0.8509999997841078
bm25_selective_e5,TP005,temporal,3,0f6b0fc1-9d70-479f-a87d-a26e954e2adb,5.537386417388916,False,0.8509999997841078
bm25_selective_e5,TP005,temporal,4,54fdf811-dedd-4016-b144-3e4bfdcd67c8,4.545566082000732,False,0.8509999997841078
bm25_selective_e5,TP005,temporal,5,e96acbc9-66b4-4df4-953b-3f7b0a846bbc,3.0434024333953857,False,0.8509999997841078
bm25_selective_e5,TP005,temporal,6,c404e320-0bf2-4325-be92-7a0614f201ca,1.71193528175354,False,0.8509999997841078
bm25_selective_e5,TP005,temporal,7,5de4d74d-720e-4d86-a836-f946d70a2d32,1.5024938583374023,False,0.8509999997841078
bm25_selective_e5,TP005,temporal,8,8259ed27-8646-4502-a959-aab1e9f1770f,1.4493985176086426,False,0.8509999997841078
bm25_selective_e5,TP005,temporal,9,9b6cc313-9a59-4387-a5ce-2ed14389a0a7,1.36068856716156,False,0.8509999997841078
bm25_selective_e5,TP005,temporal,10,b10b8f1c-ed17-44ca-8d7c-1a4f19a12c67,1.046776294708252,False,0.8509999997841078
bm25_selective_e5,TP006,product_specific,1,e96acbc9-66b4-4df4-953b-3f7b0a846bbc,13.520915031433105,True,0.7735999997748877
bm25_selective_e5,TP006,product_specific,2,9131e9a9-eff3-4f4e-a20b-4bdd456c35bc,7.239568710327148,False,0.7735999997748877
bm25_selective_e5,TP006,product_specific,3,54fdf811-dedd-4016-b144-3e4bfdcd67c8,6.474274635314941,False,0.7735999997748877
bm25_selective_e5,TP006,product_specific,4,d4c1a9ca-23c5-4ae0-9a51-c56675b2e6d1,5.540075778961182,False,0.7735999997748877
bm25_selective_e5,TP006,product_specific,5,e62b0c91-ff0c-43b2-9bd5-ff173d9f8bc0,4.853871822357178,False,0.7735999997748877
bm25_selective_e5,TP006,product_specific,6,73735f01-c9d0-4dd5-8d46-c70045e4b334,4.753549098968506,False,0.7735999997748877
bm25_selective_e5,TP006,product_specific,7,7c33fbb7-e931-4f6b-9520-23875ec9ee5b,4.394296646118164,False,0.7735999997748877
bm25_selective_e5,TP006,product_specific,8,324bc249-0e84-46e9-b77f-856c76cd5353,3.799816370010376,False,0.7735999997748877
bm25_selective_e5,TP006,product_specific,9,48b9789d-5088-4ba1-a82a-be3a6396ce85,3.434281349182129,False,0.7735999997748877
bm25_selective_e5,TP006,product_specific,10,3abbb958-eafe-4ffe-bcfc-dafa7349c15c,3.0214383602142334,False,0.7735999997748877
bm25_selective_e5,TP007,product_specific,1,e62b0c91-ff0c-43b2-9bd5-ff173d9f8bc0,10.254488945007324,False,1.2285999991945573
bm25_selective_e5,TP007,product_specific,2,7c33fbb7-e931-4f6b-9520-23875ec9ee5b,9.132205963134766,False,1.2285999991945573
bm25_selective_e5,TP007,product_specific,3,4c0dde2a-0432-4cb2-ad33-987f5979ff76,7.46903657913208,False,1.2285999991945573
bm25_selective_e5,TP007,product_specific,4,e96acbc9-66b4-4df4-953b-3f7b0a846bbc,7.376331806182861,False,1.2285999991945573
bm25_selective_e5,TP007,product_specific,5,3ecc27b9-634c-4026-b44e-e01123aa0467,6.703591346740723,False,1.2285999991945573
bm25_selective_e5,TP007,product_specific,6,7abe62fa-6fdb-4466-a16b-73e1770f0c57,5.780395984649658,False,1.2285999991945573
bm25_selective_e5,TP007,product_specific,7,9131e9a9-eff3-4f4e-a20b-4bdd456c35bc,5.747225761413574,False,1.2285999991945573
bm25_selective_e5,TP007,product_specific,8,f9cfc75b-a5e7-4633-a798-4b17ea462325,5.744747638702393,False,1.2285999991945573
bm25_selective_e5,TP007,product_specific,9,df699ccc-6f51-4281-b4a4-f3d2a20631e0,4.723957061767578,False,1.2285999991945573
bm25_selective_e5,TP007,product_specific,10,54fdf811-dedd-4016-b144-3e4bfdcd67c8,4.067595481872559,False,1.2285999991945573
bm25_selective_e5,TP008,product_specific,1,9131e9a9-eff3-4f4e-a20b-4bdd456c35bc,0.031544957774465976,True,156.16970000064612
bm25_selective_e5,TP008,product_specific,2,e62b0c91-ff0c-43b2-9bd5-ff173d9f8bc0,0.03125,False,156.16970000064612
bm25_selective_e5,TP008,product_specific,3,df699ccc-6f51-4281-b4a4-f3d2a20631e0,0.031099324975891997,False,156.16970000064612
bm25_selective_e5,TP008,product_specific,4,7c33fbb7-e931-4f6b-9520-23875ec9ee5b,0.0304147465437788,False,156.16970000064612
bm25_selective_e5,TP008,product_specific,5,54fdf811-dedd-4016-b144-3e4bfdcd67c8,0.030158730158730156,True,156.16970000064612
bm25_selective_e5,TP008,product_specific,6,3ecc27b9-634c-4026-b44e-e01123aa0467,0.030090497737556562,False,156.16970000064612
bm25_selective_e5,TP008,product_specific,7,4c0dde2a-0432-4cb2-ad33-987f5979ff76,0.03007688828584351,False,156.16970000064612
bm25_selective_e5,TP008,product_specific,8,d4c1a9ca-23c5-4ae0-9a51-c56675b2e6d1,0.02928692699490662,False,156.16970000064612
bm25_selective_e5,TP008,product_specific,9,a3d42ca5-54b5-4b8d-be4e-79337aaab880,0.028693528693528692,False,156.16970000064612
bm25_selective_e5,TP008,product_specific,10,e96acbc9-66b4-4df4-953b-3f7b0a846bbc,0.028577260665441927,False,156.16970000064612
bm25_selective_e5,TP009,product_specific,1,2cea4ea7-7aaf-4c54-ac4e-b660de52065d,0.03252247488101534,False,154.96950000033394
bm25_selective_e5,TP009,product_specific,2,bc88f538-e881-4c81-85e9-fca20614315d,0.032018442622950824,True,154.96950000033394
bm25_selective_e5,TP009,product_specific,3,21efe016-3004-45f3-a070-29ce2ecb0019,0.03200204813108039,False,154.96950000033394
bm25_selective_e5,TP009,product_specific,4,b66e5419-8a9c-47f4-866d-ebdb95b174b2,0.03125763125763126,False,154.96950000033394
bm25_selective_e5,TP009,product_specific,5,4c0dde2a-0432-4cb2-ad33-987f5979ff76,0.03007688828584351,False,154.96950000033394
bm25_selective_e5,TP009,product_specific,6,f9eb1471-4566-4c09-a18e-9f3d84a47e9c,0.028577260665441927,False,154.96950000033394
bm25_selective_e5,TP009,product_specific,7,b0d368a1-d0fc-4b8b-8567-e190cf462986,0.02758751902587519,False,154.96950000033394
bm25_selective_e5,TP009,product_specific,8,16efaa44-1554-4748-8407-48fac0bced94,0.026041666666666664,False,154.96950000033394
bm25_selective_e5,TP009,product_specific,9,6ffcd319-e868-444b-b6fe-8d192a4de3ff,0.025987006496751626,False,154.96950000033394
bm25_selective_e5,TP009,product_specific,10,36bac780-b1a2-42dc-8cca-3605f80c5521,0.025694893341952164,False,154.96950000033394
bm25_selective_e5,TP010,product_specific,1,2cea4ea7-7aaf-4c54-ac4e-b660de52065d,13.960373878479004,False,0.4966000005879323
bm25_selective_e5,TP010,product_specific,2,21efe016-3004-45f3-a070-29ce2ecb0019,12.33632755279541,False,0.4966000005879323
bm25_selective_e5,TP010,product_specific,3,b66e5419-8a9c-47f4-866d-ebdb95b174b2,6.799587249755859,True,0.4966000005879323
bm25_selective_e5,TP010,product_specific,4,9b6cc313-9a59-4387-a5ce-2ed14389a0a7,4.617155075073242,False,0.4966000005879323
bm25_selective_e5,TP010,product_specific,5,5de4d74d-720e-4d86-a836-f946d70a2d32,4.422725200653076,False,0.4966000005879323
bm25_selective_e5,TP010,product_specific,6,bc88f538-e881-4c81-85e9-fca20614315d,4.358898639678955,False,0.4966000005879323
bm25_selective_e5,TP010,product_specific,7,4c0dde2a-0432-4cb2-ad33-987f5979ff76,3.1096293926239014,False,0.4966000005879323
bm25_selective_e5,TP010,product_specific,8,fbf62ef9-25b7-437c-98d8-c4934fba0fe6,1.1337631940841675,False,0.4966000005879323
bm25_selective_e5,TP010,product_specific,9,22e6c188-2e4c-4029-b200-7770a3f00e6e,1.1185088157653809,False,0.4966000005879323
bm25_selective_e5,TP010,product_specific,10,3abbb958-eafe-4ffe-bcfc-dafa7349c15c,1.0435376167297363,False,0.4966000005879323
bm25_selective_e5,TP011,temporal,1,b66e5419-8a9c-47f4-866d-ebdb95b174b2,6.226665019989014,True,0.3644999997050036
bm25_selective_e5,TP011,temporal,2,23c6ca0d-04bf-4081-b90a-9819029dcd73,4.8180952072143555,False,0.3644999997050036
bm25_selective_e5,TP011,temporal,3,c404e320-0bf2-4325-be92-7a0614f201ca,1.2884047031402588,False,0.3644999997050036
bm25_selective_e5,TP011,temporal,4,d3b7d61b-50f0-4b96-a770-785a9f3c3886,0.6454505324363708,False,0.3644999997050036
bm25_selective_e5,TP011,temporal,5,fb4884e3-8fea-42fa-b996-7e9c333e7fef,0.0,False,0.3644999997050036
bm25_selective_e5,TP011,temporal,6,761b9529-5b18-4262-8174-6062c35fb31c,0.0,False,0.3644999997050036
bm25_selective_e5,TP011,temporal,7,c78ff32d-ea17-41fd-98ef-2e8872f01df3,0.0,False,0.3644999997050036
bm25_selective_e5,TP011,temporal,8,d9a4a9c8-fbd4-41f2-bab6-6abd72575204,0.0,False,0.3644999997050036
bm25_selective_e5,TP011,temporal,9,ee8c2027-ad6d-4bb7-8077-5e4c42be1cc3,0.0,False,0.3644999997050036
bm25_selective_e5,TP011,temporal,10,66dba192-bac5-4b3a-bd4d-77e9eacb4192,0.0,False,0.3644999997050036
bm25_selective_e5,TP012,product_specific,1,21efe016-3004-45f3-a070-29ce2ecb0019,10.14687728881836,True,0.576800000089861
bm25_selective_e5,TP012,product_specific,2,2cea4ea7-7aaf-4c54-ac4e-b660de52065d,8.7315092086792,False,0.576800000089861
bm25_selective_e5,TP012,product_specific,3,d3b7d61b-50f0-4b96-a770-785a9f3c3886,6.171075820922852,False,0.576800000089861
bm25_selective_e5,TP012,product_specific,4,b66e5419-8a9c-47f4-866d-ebdb95b174b2,5.925224781036377,False,0.576800000089861
bm25_selective_e5,TP012,product_specific,5,f7a9837d-f8db-4461-abd8-a3607db2276f,4.295620918273926,False,0.576800000089861
bm25_selective_e5,TP012,product_specific,6,23c6ca0d-04bf-4081-b90a-9819029dcd73,3.50697922706604,False,0.576800000089861
bm25_selective_e5,TP012,product_specific,7,c404e320-0bf2-4325-be92-7a0614f201ca,3.50697922706604,False,0.576800000089861
bm25_selective_e5,TP012,product_specific,8,bc88f538-e881-4c81-85e9-fca20614315d,2.9587535858154297,False,0.576800000089861
bm25_selective_e5,TP012,product_specific,9,4c0dde2a-0432-4cb2-ad33-987f5979ff76,2.3178772926330566,False,0.576800000089861
bm25_selective_e5,TP012,product_specific,10,fb4884e3-8fea-42fa-b996-7e9c333e7fef,0.0,False,0.576800000089861
bm25_selective_e5,TP013,procedure,1,d4c1a9ca-23c5-4ae0-9a51-c56675b2e6d1,6.5267109870910645,False,0.434099999438331
bm25_selective_e5,TP013,procedure,2,a7cf71a5-8426-4d7c-8106-e0754e7cb4bf,1.699334740638733,False,0.434099999438331
bm25_selective_e5,TP013,procedure,3,5de4d74d-720e-4d86-a836-f946d70a2d32,1.675468921661377,False,0.434099999438331
bm25_selective_e5,TP013,procedure,4,9b6cc313-9a59-4387-a5ce-2ed14389a0a7,1.5412678718566895,True,0.434099999438331
bm25_selective_e5,TP013,procedure,5,d3b7d61b-50f0-4b96-a770-785a9f3c3886,1.3908843994140625,False,0.434099999438331
bm25_selective_e5,TP013,procedure,6,b66e5419-8a9c-47f4-866d-ebdb95b174b2,1.2524173259735107,False,0.434099999438331
bm25_selective_e5,TP013,procedure,7,84c0a864-176f-4776-a15e-167fc2518e5d,1.0782902240753174,False,0.434099999438331
bm25_selective_e5,TP013,procedure,8,7e5199d4-e5c9-40ca-a69f-ea37f52c6ce3,0.9198150634765625,False,0.434099999438331
bm25_selective_e5,TP013,procedure,9,c404e320-0bf2-4325-be92-7a0614f201ca,0.8950620293617249,False,0.434099999438331
bm25_selective_e5,TP013,procedure,10,73735f01-c9d0-4dd5-8d46-c70045e4b334,0.8702232837677002,False,0.434099999438331
bm25_selective_e5,TP014,temporal,1,6ffcd319-e868-444b-b6fe-8d192a4de3ff,6.696747779846191,False,0.6224999997357372
bm25_selective_e5,TP014,temporal,2,b0d368a1-d0fc-4b8b-8567-e190cf462986,4.711930274963379,False,0.6224999997357372
bm25_selective_e5,TP014,temporal,3,30ce28cb-f702-4cce-8105-137e2f73af0d,2.4998116493225098,True,0.6224999997357372
bm25_selective_e5,TP014,temporal,4,22e6c188-2e4c-4029-b200-7770a3f00e6e,2.3875579833984375,False,0.6224999997357372
bm25_selective_e5,TP014,temporal,5,0a4f11c7-39e8-41fe-bd14-48456671f531,1.7343227863311768,False,0.6224999997357372
bm25_selective_e5,TP014,temporal,6,70b95f72-95ec-43b5-b76f-657518103256,1.6964178085327148,False,0.6224999997357372
bm25_selective_e5,TP014,temporal,7,cfff9bf0-05e4-4179-a793-f3c705d04812,1.562166690826416,False,0.6224999997357372
bm25_selective_e5,TP014,temporal,8,f1611d72-8c47-41f8-bfee-99d5ffdfe12a,1.531539797782898,False,0.6224999997357372
bm25_selective_e5,TP014,temporal,9,48b9789d-5088-4ba1-a82a-be3a6396ce85,1.4986698627471924,False,0.6224999997357372
bm25_selective_e5,TP014,temporal,10,d3b7d61b-50f0-4b96-a770-785a9f3c3886,1.4326435327529907,False,0.6224999997357372
bm25_selective_e5,TP015,preparation,1,30ce28cb-f702-4cce-8105-137e2f73af0d,0.032266458495966696,False,172.50070000045525
bm25_selective_e5,TP015,preparation,2,70b95f72-95ec-43b5-b76f-657518103256,0.03225806451612903,False,172.50070000045525
bm25_selective_e5,TP015,preparation,3,22e6c188-2e4c-4029-b200-7770a3f00e6e,0.03149801587301587,False,172.50070000045525
bm25_selective_e5,TP015,preparation,4,d3b7d61b-50f0-4b96-a770-785a9f3c3886,0.031099324975891997,True,172.50070000045525
bm25_selective_e5,TP015,preparation,5,48b9789d-5088-4ba1-a82a-be3a6396ce85,0.03076923076923077,False,172.50070000045525
bm25_selective_e5,TP015,preparation,6,0a4f11c7-39e8-41fe-bd14-48456671f531,0.029910714285714284,False,172.50070000045525
bm25_selective_e5,TP015,preparation,7,cfff9bf0-05e4-4179-a793-f3c705d04812,0.029418126757516764,False,172.50070000045525
bm25_selective_e5,TP015,preparation,8,f1611d72-8c47-41f8-bfee-99d5ffdfe12a,0.029236022193768675,False,172.50070000045525
bm25_selective_e5,TP015,preparation,9,a952e706-800e-493c-886a-8f06602fb2be,0.027984344422700584,False,172.50070000045525
bm25_selective_e5,TP015,preparation,10,4d18d11e-2a92-4690-8a64-46653931483e,0.027417840375586856,False,172.50070000045525
bm25_selective_e5,TP016,temporal,1,0a4f11c7-39e8-41fe-bd14-48456671f531,9.35996150970459,True,1.1279999998805579
bm25_selective_e5,TP016,temporal,2,48b9789d-5088-4ba1-a82a-be3a6396ce85,7.533435821533203,False,1.1279999998805579
bm25_selective_e5,TP016,temporal,3,b8c70ff9-e1b2-40ce-9a0a-f65a53899d13,7.136985778808594,False,1.1279999998805579
bm25_selective_e5,TP016,temporal,4,d3b7d61b-50f0-4b96-a770-785a9f3c3886,5.822196960449219,False,1.1279999998805579
bm25_selective_e5,TP016,temporal,5,cfff9bf0-05e4-4179-a793-f3c705d04812,2.921675205230713,False,1.1279999998805579
bm25_selective_e5,TP016,temporal,6,70b95f72-95ec-43b5-b76f-657518103256,2.3258304595947266,True,1.1279999998805579
bm25_selective_e5,TP016,temporal,7,30ce28cb-f702-4cce-8105-137e2f73af0d,1.9520052671432495,False,1.1279999998805579
bm25_selective_e5,TP016,temporal,8,22e6c188-2e4c-4029-b200-7770a3f00e6e,1.7668474912643433,False,1.1279999998805579
bm25_selective_e5,TP016,temporal,9,f1611d72-8c47-41f8-bfee-99d5ffdfe12a,1.7380001544952393,False,1.1279999998805579
bm25_selective_e5,TP016,temporal,10,d4c1a9ca-23c5-4ae0-9a51-c56675b2e6d1,1.4104297161102295,False,1.1279999998805579
bm25_selective_e5,TP017,preparation,1,73735f01-c9d0-4dd5-8d46-c70045e4b334,0.03252247488101534,True,153.32090000083554
bm25_selective_e5,TP017,preparation,2,74c0eabe-77c7-4dbf-a321-27966a12fafb,0.03149801587301587,False,153.32090000083554
bm25_selective_e5,TP017,preparation,3,16efaa44-1554-4748-8407-48fac0bced94,0.030834914611005692,False,153.32090000083554
bm25_selective_e5,TP017,preparation,4,b0d368a1-d0fc-4b8b-8567-e190cf462986,0.028205128205128206,False,153.32090000083554
bm25_selective_e5,TP017,preparation,5,c404e320-0bf2-4325-be92-7a0614f201ca,0.02797339593114241,False,153.32090000083554
bm25_selective_e5,TP017,preparation,6,d2e0fc0a-bf0e-4226-abbf-e9f3dea2fce8,0.027598020555767037,False,153.32090000083554
bm25_selective_e5,TP017,preparation,7,6ffcd319-e868-444b-b6fe-8d192a4de3ff,0.027425373134328357,False,153.32090000083554
bm25_selective_e5,TP017,preparation,8,7e5199d4-e5c9-40ca-a69f-ea37f52c6ce3,0.027271052146674038,False,153.32090000083554
bm25_selective_e5,TP017,preparation,9,22e6c188-2e4c-4029-b200-7770a3f00e6e,0.027222222222222224,False,153.32090000083554
bm25_selective_e5,TP017,preparation,10,48b9789d-5088-4ba1-a82a-be3a6396ce85,0.026916221033868093,False,153.32090000083554
bm25_selective_e5,TP018,preparation,1,9552a4ac-31b4-43a8-aa92-37bd3e89362a,9.442490577697754,False,1.0383000008005183
bm25_selective_e5,TP018,preparation,2,6ffcd319-e868-444b-b6fe-8d192a4de3ff,8.2786226272583,True,1.0383000008005183
bm25_selective_e5,TP018,preparation,3,84c0a864-176f-4776-a15e-167fc2518e5d,8.223052024841309,False,1.0383000008005183
bm25_selective_e5,TP018,preparation,4,73735f01-c9d0-4dd5-8d46-c70045e4b334,5.698094844818115,True,1.0383000008005183
bm25_selective_e5,TP018,preparation,5,36bac780-b1a2-42dc-8cca-3605f80c5521,5.455326080322266,False,1.0383000008005183
bm25_selective_e5,TP018,preparation,6,8f3ed830-3a06-41c6-8b06-cfcf6d36a83c,4.959287643432617,False,1.0383000008005183
bm25_selective_e5,TP018,preparation,7,7e5199d4-e5c9-40ca-a69f-ea37f52c6ce3,4.9151177406311035,False,1.0383000008005183
bm25_selective_e5,TP018,preparation,8,919e93ca-fed9-4dde-b9b8-f870e207a3f3,4.756850719451904,False,1.0383000008005183
bm25_selective_e5,TP018,preparation,9,b0d368a1-d0fc-4b8b-8567-e190cf462986,4.516320705413818,False,1.0383000008005183
bm25_selective_e5,TP018,preparation,10,eda54b74-cd2f-4808-8175-bcc5b916ce90,4.276338577270508,False,1.0383000008005183
bm25_selective_e5,TP019,temporal,1,b0d368a1-d0fc-4b8b-8567-e190cf462986,9.466052055358887,False,1.340899999377143
bm25_selective_e5,TP019,temporal,2,c404e320-0bf2-4325-be92-7a0614f201ca,9.00384521484375,True,1.340899999377143
bm25_selective_e5,TP019,temporal,3,919e93ca-fed9-4dde-b9b8-f870e207a3f3,6.4468278884887695,False,1.340899999377143
bm25_selective_e5,TP019,temporal,4,16efaa44-1554-4748-8407-48fac0bced94,5.454773902893066,False,1.340899999377143
bm25_selective_e5,TP019,temporal,5,b7876bcb-b1d0-409a-831d-45e59e35a44e,4.456645965576172,False,1.340899999377143
bm25_selective_e5,TP019,temporal,6,74c0eabe-77c7-4dbf-a321-27966a12fafb,2.872466564178467,False,1.340899999377143
bm25_selective_e5,TP019,temporal,7,b66e5419-8a9c-47f4-866d-ebdb95b174b2,1.350862741470337,False,1.340899999377143
bm25_selective_e5,TP019,temporal,8,a7cf71a5-8426-4d7c-8106-e0754e7cb4bf,0.7901211380958557,False,1.340899999377143
bm25_selective_e5,TP019,temporal,9,63b53156-440d-40c1-bc88-5c07c23ae77f,0.7743428945541382,False,1.340899999377143
bm25_selective_e5,TP019,temporal,10,d3b7d61b-50f0-4b96-a770-785a9f3c3886,0.6454505324363708,False,1.340899999377143
bm25_selective_e5,TP020,temporal,1,c404e320-0bf2-4325-be92-7a0614f201ca,8.193949699401855,True,1.0872000002564164
bm25_selective_e5,TP020,temporal,2,6ffcd319-e868-444b-b6fe-8d192a4de3ff,6.3165483474731445,False,1.0872000002564164
bm25_selective_e5,TP020,temporal,3,b0d368a1-d0fc-4b8b-8567-e190cf462986,5.487527370452881,False,1.0872000002564164
bm25_selective_e5,TP020,temporal,4,919e93ca-fed9-4dde-b9b8-f870e207a3f3,5.4526262283325195,False,1.0872000002564164
bm25_selective_e5,TP020,temporal,5,a7cf71a5-8426-4d7c-8106-e0754e7cb4bf,1.003361463546753,False,1.0872000002564164
bm25_selective_e5,TP020,temporal,6,7e5199d4-e5c9-40ca-a69f-ea37f52c6ce3,0.1314123421907425,False,1.0872000002564164
bm25_selective_e5,TP020,temporal,7,5de4d74d-720e-4d86-a836-f946d70a2d32,0.1288444697856903,False,1.0872000002564164
bm25_selective_e5,TP020,temporal,8,73735f01-c9d0-4dd5-8d46-c70045e4b334,0.1281001716852188,False,1.0872000002564164
bm25_selective_e5,TP020,temporal,9,da79aa00-567d-434c-8441-915ac080f918,0.12493409961462021,False,1.0872000002564164
bm25_selective_e5,TP020,temporal,10,8f3ed830-3a06-41c6-8b06-cfcf6d36a83c,0.12376230210065842,False,1.0872000002564164
bm25_selective_e5,TP021,fact_specific,1,f7a9837d-f8db-4461-abd8-a3607db2276f,10.361422538757324,False,1.1036999994757934
bm25_selective_e5,TP021,fact_specific,2,919e93ca-fed9-4dde-b9b8-f870e207a3f3,9.123147964477539,True,1.1036999994757934
bm25_selective_e5,TP021,fact_specific,3,b0d368a1-d0fc-4b8b-8567-e190cf462986,7.95120906829834,True,1.1036999994757934
bm25_selective_e5,TP021,fact_specific,4,74c0eabe-77c7-4dbf-a321-27966a12fafb,7.1537628173828125,False,1.1036999994757934
bm25_selective_e5,TP021,fact_specific,5,6ffcd319-e868-444b-b6fe-8d192a4de3ff,4.870049476623535,False,1.1036999994757934
bm25_selective_e5,TP021,fact_specific,6,b7876bcb-b1d0-409a-831d-45e59e35a44e,4.509583473205566,False,1.1036999994757934
bm25_selective_e5,TP021,fact_specific,7,73735f01-c9d0-4dd5-8d46-c70045e4b334,4.134036540985107,False,1.1036999994757934
bm25_selective_e5,TP021,fact_specific,8,16efaa44-1554-4748-8407-48fac0bced94,3.5561554431915283,False,1.1036999994757934
bm25_selective_e5,TP021,fact_specific,9,cfff9bf0-05e4-4179-a793-f3c705d04812,3.2247838973999023,False,1.1036999994757934
bm25_selective_e5,TP021,fact_specific,10,22e6c188-2e4c-4029-b200-7770a3f00e6e,2.862337589263916,False,1.1036999994757934
bm25_selective_e5,TP022,fact_specific,1,b7876bcb-b1d0-409a-831d-45e59e35a44e,11.854276657104492,True,0.8804000008240109
bm25_selective_e5,TP022,fact_specific,2,919e93ca-fed9-4dde-b9b8-f870e207a3f3,11.108168601989746,False,0.8804000008240109
bm25_selective_e5,TP022,fact_specific,3,16efaa44-1554-4748-8407-48fac0bced94,5.917168140411377,False,0.8804000008240109
bm25_selective_e5,TP022,fact_specific,4,74c0eabe-77c7-4dbf-a321-27966a12fafb,3.962033748626709,False,0.8804000008240109
bm25_selective_e5,TP022,fact_specific,5,b0d368a1-d0fc-4b8b-8567-e190cf462986,3.6614186763763428,False,0.8804000008240109
bm25_selective_e5,TP022,fact_specific,6,6ffcd319-e868-444b-b6fe-8d192a4de3ff,3.1964619159698486,False,0.8804000008240109
bm25_selective_e5,TP022,fact_specific,7,f7a9837d-f8db-4461-abd8-a3607db2276f,2.9116885662078857,False,0.8804000008240109
bm25_selective_e5,TP022,fact_specific,8,15e829a9-a475-429d-b0e3-5c34bfbd3ab7,2.618285894393921,False,0.8804000008240109
bm25_selective_e5,TP022,fact_specific,9,7abe62fa-6fdb-4466-a16b-73e1770f0c57,0.8910548090934753,False,0.8804000008240109
bm25_selective_e5,TP022,fact_specific,10,7e5199d4-e5c9-40ca-a69f-ea37f52c6ce3,0.4702845513820648,False,0.8804000008240109
bm25_selective_e5,TP023,preparation,1,b225ae64-72d2-4e59-81c0-57f5d8438666,0.031544957774465976,False,211.12600000014936
bm25_selective_e5,TP023,preparation,2,eda54b74-cd2f-4808-8175-bcc5b916ce90,0.031544957774465976,True,211.12600000014936
bm25_selective_e5,TP023,preparation,3,7adacb8c-91c0-4ea7-8d82-7505eeac5042,0.03055037313432836,False,211.12600000014936
bm25_selective_e5,TP023,preparation,4,fd678588-5ac2-400d-95c5-3309537781ec,0.02928692699490662,False,211.12600000014936
bm25_selective_e5,TP023,preparation,5,21d38039-895b-46a4-8902-96e380ce41aa,0.029206349206349208,False,211.12600000014936
bm25_selective_e5,TP023,preparation,6,7e68f70a-ba74-4eb8-bbae-c7e9f7340567,0.028404512489927477,False,211.12600000014936
bm25_selective_e5,TP023,preparation,7,b0d368a1-d0fc-4b8b-8567-e190cf462986,0.028283227848101264,False,211.12600000014936
bm25_selective_e5,TP023,preparation,8,b8c70ff9-e1b2-40ce-9a0a-f65a53899d13,0.028205128205128206,False,211.12600000014936
bm25_selective_e5,TP023,preparation,9,36bac780-b1a2-42dc-8cca-3605f80c5521,0.027884615384615386,False,211.12600000014936
bm25_selective_e5,TP023,preparation,10,73735f01-c9d0-4dd5-8d46-c70045e4b334,0.027583600982429624,False,211.12600000014936
bm25_selective_e5,TP024,preparation,1,eda54b74-cd2f-4808-8175-bcc5b916ce90,7.792858600616455,False,1.1986999998043757
bm25_selective_e5,TP024,preparation,2,84c0a864-176f-4776-a15e-167fc2518e5d,7.192139148712158,False,1.1986999998043757
bm25_selective_e5,TP024,preparation,3,9552a4ac-31b4-43a8-aa92-37bd3e89362a,6.906689167022705,False,1.1986999998043757
bm25_selective_e5,TP024,preparation,4,63b53156-440d-40c1-bc88-5c07c23ae77f,6.220160484313965,False,1.1986999998043757
bm25_selective_e5,TP024,preparation,5,36bac780-b1a2-42dc-8cca-3605f80c5521,5.983499526977539,True,1.1986999998043757
bm25_selective_e5,TP024,preparation,6,b225ae64-72d2-4e59-81c0-57f5d8438666,5.9340081214904785,False,1.1986999998043757
bm25_selective_e5,TP024,preparation,7,d4c1a9ca-23c5-4ae0-9a51-c56675b2e6d1,5.856475353240967,False,1.1986999998043757
bm25_selective_e5,TP024,preparation,8,98d006ac-5212-4c8c-8a63-4cbd4d6caffc,5.782294750213623,False,1.1986999998043757
bm25_selective_e5,TP024,preparation,9,74c0eabe-77c7-4dbf-a321-27966a12fafb,5.61318826675415,False,1.1986999998043757
bm25_selective_e5,TP024,preparation,10,7adacb8c-91c0-4ea7-8d82-7505eeac5042,5.281603813171387,False,1.1986999998043757
bm25_selective_e5,TP025,temporal,1,f9cfc75b-a5e7-4633-a798-4b17ea462325,6.9508376121521,False,2.152099999875645
bm25_selective_e5,TP025,temporal,2,54fdf811-dedd-4016-b144-3e4bfdcd67c8,5.593297481536865,False,2.152099999875645
bm25_selective_e5,TP025,temporal,3,f4580736-a09e-471f-93d2-8089c695eb67,4.74151611328125,False,2.152099999875645
bm25_selective_e5,TP025,temporal,4,5e7838ae-0b80-4d05-b266-deb52de7b401,3.833465099334717,False,2.152099999875645
bm25_selective_e5,TP025,temporal,5,2e55093d-0a0f-4fd9-954b-4fc72df9eac0,3.1352901458740234,False,2.152099999875645
bm25_selective_e5,TP025,temporal,6,8939253d-3272-4915-8c2b-c60062aeb818,3.0032620429992676,False,2.152099999875645
bm25_selective_e5,TP025,temporal,7,d3b7d61b-50f0-4b96-a770-785a9f3c3886,2.7699732780456543,False,2.152099999875645
bm25_selective_e5,TP025,temporal,8,a7cf71a5-8426-4d7c-8106-e0754e7cb4bf,2.620391368865967,False,2.152099999875645
bm25_selective_e5,TP025,temporal,9,fb4884e3-8fea-42fa-b996-7e9c333e7fef,0.0,False,2.152099999875645
bm25_selective_e5,TP025,temporal,10,761b9529-5b18-4262-8174-6062c35fb31c,0.0,False,2.152099999875645
bm25_selective_e5,TP026,procedure,1,9b6cc313-9a59-4387-a5ce-2ed14389a0a7,0.03278688524590164,False,216.65560000110418
bm25_selective_e5,TP026,procedure,2,5de4d74d-720e-4d86-a836-f946d70a2d32,0.03149801587301587,True,216.65560000110418
bm25_selective_e5,TP026,procedure,3,f9cfc75b-a5e7-4633-a798-4b17ea462325,0.028949545078577336,False,216.65560000110418
bm25_selective_e5,TP026,procedure,4,b0b5bc4f-7d0b-4f56-8e37-84178d38637d,0.02803379416282642,False,216.65560000110418
bm25_selective_e5,TP026,procedure,5,4c0dde2a-0432-4cb2-ad33-987f5979ff76,0.027972027972027972,False,216.65560000110418
bm25_selective_e5,TP026,procedure,6,36bac780-b1a2-42dc-8cca-3605f80c5521,0.027884615384615386,False,216.65560000110418
bm25_selective_e5,TP026,procedure,7,98d006ac-5212-4c8c-8a63-4cbd4d6caffc,0.02661401098901099,False,216.65560000110418
bm25_selective_e5,TP026,procedure,8,74c0eabe-77c7-4dbf-a321-27966a12fafb,0.0260840108401084,False,216.65560000110418
bm25_selective_e5,TP026,procedure,9,2cea4ea7-7aaf-4c54-ac4e-b660de52065d,0.0259915611814346,False,216.65560000110418
bm25_selective_e5,TP026,procedure,10,73735f01-c9d0-4dd5-8d46-c70045e4b334,0.02591362126245847,False,216.65560000110418
bm25_selective_e5,TP027,fact_specific,1,63e9db23-9c0a-4e6a-a272-3d118d242ca2,5.894291400909424,False,1.2349000007816358
bm25_selective_e5,TP027,fact_specific,2,5de4d74d-720e-4d86-a836-f946d70a2d32,5.330313205718994,True,1.2349000007816358
bm25_selective_e5,TP027,fact_specific,3,7e5199d4-e5c9-40ca-a69f-ea37f52c6ce3,0.9198150634765625,False,1.2349000007816358
bm25_selective_e5,TP027,fact_specific,4,a7cf71a5-8426-4d7c-8106-e0754e7cb4bf,0.9092135429382324,False,1.2349000007816358
bm25_selective_e5,TP027,fact_specific,5,c404e320-0bf2-4325-be92-7a0614f201ca,0.8950620293617249,False,1.2349000007816358
bm25_selective_e5,TP027,fact_specific,6,73735f01-c9d0-4dd5-8d46-c70045e4b334,0.8702232837677002,False,1.2349000007816358
bm25_selective_e5,TP027,fact_specific,7,16efaa44-1554-4748-8407-48fac0bced94,0.8496715426445007,False,1.2349000007816358
bm25_selective_e5,TP027,fact_specific,8,30ce28cb-f702-4cce-8105-137e2f73af0d,0.8492841124534607,False,1.2349000007816358
bm25_selective_e5,TP027,fact_specific,9,22e6c188-2e4c-4029-b200-7770a3f00e6e,0.8428277373313904,False,1.2349000007816358
bm25_selective_e5,TP027,fact_specific,10,70b95f72-95ec-43b5-b76f-657518103256,0.842285692691803,False,1.2349000007816358
bm25_selective_e5,TP028,fact_specific,1,54fdf811-dedd-4016-b144-3e4bfdcd67c8,9.588592529296875,False,1.6485999994984013
bm25_selective_e5,TP028,fact_specific,2,23c6ca0d-04bf-4081-b90a-9819029dcd73,8.653252601623535,False,1.6485999994984013
bm25_selective_e5,TP028,fact_specific,3,4c0dde2a-0432-4cb2-ad33-987f5979ff76,7.2013936042785645,False,1.6485999994984013
bm25_selective_e5,TP028,fact_specific,4,e62b0c91-ff0c-43b2-9bd5-ff173d9f8bc0,4.3692169189453125,True,1.6485999994984013
bm25_selective_e5,TP028,fact_specific,5,d4c1a9ca-23c5-4ae0-9a51-c56675b2e6d1,4.125542640686035,False,1.6485999994984013
bm25_selective_e5,TP028,fact_specific,6,e96acbc9-66b4-4df4-953b-3f7b0a846bbc,3.545820713043213,False,1.6485999994984013
bm25_selective_e5,TP028,fact_specific,7,bc88f538-e881-4c81-85e9-fca20614315d,3.000521183013916,False,1.6485999994984013
bm25_selective_e5,TP028,fact_specific,8,9b6cc313-9a59-4387-a5ce-2ed14389a0a7,2.9439892768859863,False,1.6485999994984013
bm25_selective_e5,TP028,fact_specific,9,5de4d74d-720e-4d86-a836-f946d70a2d32,2.820017099380493,False,1.6485999994984013
bm25_selective_e5,TP028,fact_specific,10,73735f01-c9d0-4dd5-8d46-c70045e4b334,2.7700257301330566,False,1.6485999994984013
bm25_selective_e5,TP029,product_specific,1,54fdf811-dedd-4016-b144-3e4bfdcd67c8,9.356358528137207,False,0.6986000007600524
bm25_selective_e5,TP029,product_specific,2,4c0dde2a-0432-4cb2-ad33-987f5979ff76,7.889040946960449,False,0.6986000007600524
bm25_selective_e5,TP029,product_specific,3,d4c1a9ca-23c5-4ae0-9a51-c56675b2e6d1,4.697351932525635,False,0.6986000007600524
bm25_selective_e5,TP029,product_specific,4,e96acbc9-66b4-4df4-953b-3f7b0a846bbc,3.545820713043213,False,0.6986000007600524
bm25_selective_e5,TP029,product_specific,5,3ecc27b9-634c-4026-b44e-e01123aa0467,0.7089129686355591,False,0.6986000007600524
bm25_selective_e5,TP029,product_specific,6,63b53156-440d-40c1-bc88-5c07c23ae77f,0.618414044380188,False,0.6986000007600524
bm25_selective_e5,TP029,product_specific,7,7c33fbb7-e931-4f6b-9520-23875ec9ee5b,0.5645987391471863,False,0.6986000007600524
bm25_selective_e5,TP029,product_specific,8,1033ac46-dec8-493e-b577-7f5ad80f8e86,0.5276455879211426,False,0.6986000007600524
bm25_selective_e5,TP029,product_specific,9,09f3c6d5-9e0c-4545-960f-b16c69abbeb1,0.5191509127616882,False,0.6986000007600524
bm25_selective_e5,TP029,product_specific,10,59d57c8a-c9d7-4f8d-b9a1-a2816f1f01f7,0.4734208881855011,True,0.6986000007600524
bm25_selective_e5,TP030,paraphrase,1,9552a4ac-31b4-43a8-aa92-37bd3e89362a,6.240203857421875,False,1.130199999352044
bm25_selective_e5,TP030,paraphrase,2,f4580736-a09e-471f-93d2-8089c695eb67,4.74151611328125,False,1.130199999352044
bm25_selective_e5,TP030,paraphrase,3,f7a9837d-f8db-4461-abd8-a3607db2276f,4.718916416168213,False,1.130199999352044
bm25_selective_e5,TP030,paraphrase,4,4c0dde2a-0432-4cb2-ad33-987f5979ff76,4.5704240798950195,False,1.130199999352044
bm25_selective_e5,TP030,paraphrase,5,84c0a864-176f-4776-a15e-167fc2518e5d,4.19403076171875,False,1.130199999352044
bm25_selective_e5,TP030,paraphrase,6,b0b5bc4f-7d0b-4f56-8e37-84178d38637d,4.157996654510498,True,1.130199999352044
bm25_selective_e5,TP030,paraphrase,7,c404e320-0bf2-4325-be92-7a0614f201ca,3.9960734844207764,False,1.130199999352044
bm25_selective_e5,TP030,paraphrase,8,5e7838ae-0b80-4d05-b266-deb52de7b401,3.833465099334717,False,1.130199999352044
bm25_selective_e5,TP030,paraphrase,9,4d18d11e-2a92-4690-8a64-46653931483e,3.619680881500244,False,1.130199999352044
bm25_selective_e5,TP030,paraphrase,10,81a83ec4-b5d1-4305-9f44-93e5fa935ffe,3.298006534576416,False,1.130199999352044
bm25_selective_e5,TP031,monitoring,1,b0d368a1-d0fc-4b8b-8567-e190cf462986,3.7695443630218506,False,1.075700000001234
bm25_selective_e5,TP031,monitoring,2,7e5199d4-e5c9-40ca-a69f-ea37f52c6ce3,1.9381946325302124,False,1.075700000001234
bm25_selective_e5,TP031,monitoring,3,64fa07b8-63c3-43c8-899e-5bd6282225ed,1.6739897727966309,False,1.075700000001234
bm25_selective_e5,TP031,monitoring,4,d3b7d61b-50f0-4b96-a770-785a9f3c3886,1.21943998336792,False,1.075700000001234
bm25_selective_e5,TP031,monitoring,5,a7cf71a5-8426-4d7c-8106-e0754e7cb4bf,0.9092135429382324,True,1.075700000001234
bm25_selective_e5,TP031,monitoring,6,5de4d74d-720e-4d86-a836-f946d70a2d32,0.901841402053833,False,1.075700000001234
bm25_selective_e5,TP031,monitoring,7,c404e320-0bf2-4325-be92-7a0614f201ca,0.8950620293617249,False,1.075700000001234
bm25_selective_e5,TP031,monitoring,8,73735f01-c9d0-4dd5-8d46-c70045e4b334,0.8702232837677002,False,1.075700000001234
bm25_selective_e5,TP031,monitoring,9,16efaa44-1554-4748-8407-48fac0bced94,0.8496715426445007,False,1.075700000001234
bm25_selective_e5,TP031,monitoring,10,30ce28cb-f702-4cce-8105-137e2f73af0d,0.8492841124534607,False,1.075700000001234
bm25_selective_e5,TP032,adverse_reaction,1,15e829a9-a475-429d-b0e3-5c34bfbd3ab7,0.03278688524590164,True,285.79500000068947
bm25_selective_e5,TP032,adverse_reaction,2,391ad5dc-0d1c-4350-85ba-5aa601d9ac0d,0.031054405392392875,False,285.79500000068947
bm25_selective_e5,TP032,adverse_reaction,3,7abe62fa-6fdb-4466-a16b-73e1770f0c57,0.030621785881252923,False,285.79500000068947
bm25_selective_e5,TP032,adverse_reaction,4,8939253d-3272-4915-8c2b-c60062aeb818,0.029910714285714284,True,285.79500000068947
bm25_selective_e5,TP032,adverse_reaction,5,2e55093d-0a0f-4fd9-954b-4fc72df9eac0,0.02976190476190476,False,285.79500000068947
bm25_selective_e5,TP032,adverse_reaction,6,a7cf71a5-8426-4d7c-8106-e0754e7cb4bf,0.02804284323271665,False,285.79500000068947
bm25_selective_e5,TP032,adverse_reaction,7,5de4d74d-720e-4d86-a836-f946d70a2d32,0.027598020555767037,False,285.79500000068947
bm25_selective_e5,TP032,adverse_reaction,8,9b6cc313-9a59-4387-a5ce-2ed14389a0a7,0.027051561365286855,False,285.79500000068947
bm25_selective_e5,TP032,adverse_reaction,9,da79aa00-567d-434c-8441-915ac080f918,0.02668564312399929,False,285.79500000068947
bm25_selective_e5,TP032,adverse_reaction,10,9552a4ac-31b4-43a8-aa92-37bd3e89362a,0.026494565217391304,False,285.79500000068947
bm25_selective_e5,TP033,adverse_reaction,1,8939253d-3272-4915-8c2b-c60062aeb818,9.275681495666504,True,1.013200000670622
bm25_selective_e5,TP033,adverse_reaction,2,324bc249-0e84-46e9-b77f-856c76cd5353,6.799183368682861,False,1.013200000670622
bm25_selective_e5,TP033,adverse_reaction,3,2e55093d-0a0f-4fd9-954b-4fc72df9eac0,5.139026165008545,False,1.013200000670622
bm25_selective_e5,TP033,adverse_reaction,4,7abe62fa-6fdb-4466-a16b-73e1770f0c57,3.6548519134521484,True,1.013200000670622
bm25_selective_e5,TP033,adverse_reaction,5,15e829a9-a475-429d-b0e3-5c34bfbd3ab7,3.027144432067871,False,1.013200000670622
bm25_selective_e5,TP033,adverse_reaction,6,d3b7d61b-50f0-4b96-a770-785a9f3c3886,0.816895067691803,False,1.013200000670622
bm25_selective_e5,TP033,adverse_reaction,7,b10b8f1c-ed17-44ca-8d7c-1a4f19a12c67,0.7817808985710144,False,1.013200000670622
bm25_selective_e5,TP033,adverse_reaction,8,f4580736-a09e-471f-93d2-8089c695eb67,0.7641695737838745,False,1.013200000670622
bm25_selective_e5,TP033,adverse_reaction,9,da79aa00-567d-434c-8441-915ac080f918,0.7254837155342102,False,1.013200000670622
bm25_selective_e5,TP033,adverse_reaction,10,a3d42ca5-54b5-4b8d-be4e-79337aaab880,0.6644303798675537,False,1.013200000670622
bm25_selective_e5,TP034,adverse_reaction,1,7abe62fa-6fdb-4466-a16b-73e1770f0c57,0.03278688524590164,True,384.38610000048357
bm25_selective_e5,TP034,adverse_reaction,2,2e55093d-0a0f-4fd9-954b-4fc72df9eac0,0.03200204813108039,True,384.38610000048357
bm25_selective_e5,TP034,adverse_reaction,3,5e7838ae-0b80-4d05-b266-deb52de7b401,0.03200204813108039,False,384.38610000048357
bm25_selective_e5,TP034,adverse_reaction,4,da79aa00-567d-434c-8441-915ac080f918,0.03055037313432836,False,384.38610000048357
bm25_selective_e5,TP034,adverse_reaction,5,324bc249-0e84-46e9-b77f-856c76cd5353,0.030330882352941176,False,384.38610000048357
bm25_selective_e5,TP034,adverse_reaction,6,15e829a9-a475-429d-b0e3-5c34bfbd3ab7,0.030090497737556562,False,384.38610000048357
bm25_selective_e5,TP034,adverse_reaction,7,8939253d-3272-4915-8c2b-c60062aeb818,0.029418126757516764,False,384.38610000048357
bm25_selective_e5,TP034,adverse_reaction,8,70b95f72-95ec-43b5-b76f-657518103256,0.026785714285714288,False,384.38610000048357
bm25_selective_e5,TP034,adverse_reaction,9,9552a4ac-31b4-43a8-aa92-37bd3e89362a,0.0264957264957265,False,384.38610000048357
bm25_selective_e5,TP034,adverse_reaction,10,8f3ed830-3a06-41c6-8b06-cfcf6d36a83c,0.02649122807017544,False,384.38610000048357
bm25_selective_e5,TN006,negative_out_of_scope,1,71d2e37c-44e2-4972-8e6b-a6449c2f8404,0.03278688524590164,False,171.21859999951994
bm25_selective_e5,TN006,negative_out_of_scope,2,ffcf7308-6e83-47bc-a519-0b4b7ba44562,0.03200204813108039,False,171.21859999951994
bm25_selective_e5,TN006,negative_out_of_scope,3,f4580736-a09e-471f-93d2-8089c695eb67,0.030798389007344232,False,171.21859999951994
bm25_selective_e5,TN006,negative_out_of_scope,4,5de4d74d-720e-4d86-a836-f946d70a2d32,0.030536130536130537,False,171.21859999951994
bm25_selective_e5,TN006,negative_out_of_scope,5,15e829a9-a475-429d-b0e3-5c34bfbd3ab7,0.029236022193768675,False,171.21859999951994
bm25_selective_e5,TN006,negative_out_of_scope,6,ee8c2027-ad6d-4bb7-8077-5e4c42be1cc3,0.028381642512077296,False,171.21859999951994
bm25_selective_e5,TN006,negative_out_of_scope,7,66dba192-bac5-4b3a-bd4d-77e9eacb4192,0.027984344422700584,False,171.21859999951994
bm25_selective_e5,TN006,negative_out_of_scope,8,0f6b0fc1-9d70-479f-a87d-a26e954e2adb,0.026973565905412694,False,171.21859999951994
bm25_selective_e5,TN006,negative_out_of_scope,9,ba3d1d87-0c2d-4b67-a0c2-4615c8249c2a,0.02690100430416069,False,171.21859999951994
bm25_selective_e5,TN006,negative_out_of_scope,10,da79aa00-567d-434c-8441-915ac080f918,0.02661401098901099,False,171.21859999951994
bm25_selective_e5,TN007,negative_out_of_scope,1,54fdf811-dedd-4016-b144-3e4bfdcd67c8,0.028958333333333336,False,150.55520000078104
bm25_selective_e5,TN007,negative_out_of_scope,2,23c6ca0d-04bf-4081-b90a-9819029dcd73,0.02886002886002886,False,150.55520000078104
bm25_selective_e5,TN007,negative_out_of_scope,3,ba3d1d87-0c2d-4b67-a0c2-4615c8249c2a,0.028283227848101264,False,150.55520000078104
bm25_selective_e5,TN007,negative_out_of_scope,4,63b53156-440d-40c1-bc88-5c07c23ae77f,0.02788769549651404,False,150.55520000078104
bm25_selective_e5,TN007,negative_out_of_scope,5,09f3c6d5-9e0c-4545-960f-b16c69abbeb1,0.0277569392348087,False,150.55520000078104
bm25_selective_e5,TN007,negative_out_of_scope,6,9131e9a9-eff3-4f4e-a20b-4bdd456c35bc,0.027637721755368813,False,150.55520000078104
bm25_selective_e5,TN007,negative_out_of_scope,7,0f6b0fc1-9d70-479f-a87d-a26e954e2adb,0.027425373134328357,False,150.55520000078104
bm25_selective_e5,TN007,negative_out_of_scope,8,10537058-d160-4786-a6cf-95de46d7189c,0.02667140825035562,False,150.55520000078104
bm25_selective_e5,TN007,negative_out_of_scope,9,71d2e37c-44e2-4972-8e6b-a6449c2f8404,0.02661064425770308,False,150.55520000078104
bm25_selective_e5,TN007,negative_out_of_scope,10,7c33fbb7-e931-4f6b-9520-23875ec9ee5b,0.02639344262295082,False,150.55520000078104
bm25_selective_e5,TN008,negative_out_of_scope,1,d9a4a9c8-fbd4-41f2-bab6-6abd72575204,0.030621785881252923,False,214.48139999847626
bm25_selective_e5,TN008,negative_out_of_scope,2,b66e5419-8a9c-47f4-866d-ebdb95b174b2,0.03057889822595705,False,214.48139999847626
bm25_selective_e5,TN008,negative_out_of_scope,3,bc88f538-e881-4c81-85e9-fca20614315d,0.03055037313432836,False,214.48139999847626
bm25_selective_e5,TN008,negative_out_of_scope,4,ee8c2027-ad6d-4bb7-8077-5e4c42be1cc3,0.02967032967032967,False,214.48139999847626
bm25_selective_e5,TN008,negative_out_of_scope,5,fb4884e3-8fea-42fa-b996-7e9c333e7fef,0.02964426877470356,False,214.48139999847626
bm25_selective_e5,TN008,negative_out_of_scope,6,edd76252-eb29-4acf-9a31-735463528b7d,0.029513888888888888,False,214.48139999847626
bm25_selective_e5,TN008,negative_out_of_scope,7,2cea4ea7-7aaf-4c54-ac4e-b660de52065d,0.02844163539403516,False,214.48139999847626
bm25_selective_e5,TN008,negative_out_of_scope,8,eeb8db46-f757-41f1-9ca5-c022f3d4ea3e,0.027443609022556388,False,214.48139999847626
bm25_selective_e5,TN008,negative_out_of_scope,9,21efe016-3004-45f3-a070-29ce2ecb0019,0.02736498731424429,False,214.48139999847626
bm25_selective_e5,TN008,negative_out_of_scope,10,761b9529-5b18-4262-8174-6062c35fb31c,0.027271052146674038,False,214.48139999847626
bm25_selective_e5,TN009,negative_out_of_scope,1,ee8c2027-ad6d-4bb7-8077-5e4c42be1cc3,0.0315136476426799,False,146.11499999864463
bm25_selective_e5,TN009,negative_out_of_scope,2,66dba192-bac5-4b3a-bd4d-77e9eacb4192,0.029437229437229435,False,146.11499999864463
bm25_selective_e5,TN009,negative_out_of_scope,3,10537058-d160-4786-a6cf-95de46d7189c,0.02877846790890269,False,146.11499999864463
bm25_selective_e5,TN009,negative_out_of_scope,4,761b9529-5b18-4262-8174-6062c35fb31c,0.02832415420928403,False,146.11499999864463
bm25_selective_e5,TN009,negative_out_of_scope,5,fb4884e3-8fea-42fa-b996-7e9c333e7fef,0.02815814850530376,False,146.11499999864463
bm25_selective_e5,TN009,negative_out_of_scope,6,54fdf811-dedd-4016-b144-3e4bfdcd67c8,0.02603648424543947,False,146.11499999864463
bm25_selective_e5,TN009,negative_out_of_scope,7,63b53156-440d-40c1-bc88-5c07c23ae77f,0.02574682290807064,False,146.11499999864463
bm25_selective_e5,TN009,negative_out_of_scope,8,eeb8db46-f757-41f1-9ca5-c022f3d4ea3e,0.02571241401899771,False,146.11499999864463
bm25_selective_e5,TN009,negative_out_of_scope,9,e96acbc9-66b4-4df4-953b-3f7b0a846bbc,0.02557875991581674,False,146.11499999864463
bm25_selective_e5,TN009,negative_out_of_scope,10,0f6b0fc1-9d70-479f-a87d-a26e954e2adb,0.023258904837852208,False,146.11499999864463
bm25_selective_e5,TN010,negative_out_of_scope,1,54fdf811-dedd-4016-b144-3e4bfdcd67c8,0.029083245521601686,False,146.46469999934197
bm25_selective_e5,TN010,negative_out_of_scope,2,761b9529-5b18-4262-8174-6062c35fb31c,0.028814262023217248,False,146.46469999934197
bm25_selective_e5,TN010,negative_out_of_scope,3,ee8c2027-ad6d-4bb7-8077-5e4c42be1cc3,0.02782608695652174,False,146.46469999934197
bm25_selective_e5,TN010,negative_out_of_scope,4,fb4884e3-8fea-42fa-b996-7e9c333e7fef,0.02719970792259949,False,146.46469999934197
bm25_selective_e5,TN010,negative_out_of_scope,5,e96acbc9-66b4-4df4-953b-3f7b0a846bbc,0.025274725274725275,False,146.46469999934197
bm25_selective_e5,TN010,negative_out_of_scope,6,eeb8db46-f757-41f1-9ca5-c022f3d4ea3e,0.02523809523809524,False,146.46469999934197
bm25_selective_e5,TN010,negative_out_of_scope,7,d9a4a9c8-fbd4-41f2-bab6-6abd72575204,0.02490996398559424,False,146.46469999934197
bm25_selective_e5,TN010,negative_out_of_scope,8,d4c1a9ca-23c5-4ae0-9a51-c56675b2e6d1,0.02483719521429653,False,146.46469999934197
bm25_selective_e5,TN010,negative_out_of_scope,9,66dba192-bac5-4b3a-bd4d-77e9eacb4192,0.02470238095238095,False,146.46469999934197
bm25_selective_e5,TN010,negative_out_of_scope,10,bc88f538-e881-4c81-85e9-fca20614315d,0.024039829302987197,False,146.46469999934197
bm25_selective_e5,TN011,negative_out_of_scope,1,ee8c2027-ad6d-4bb7-8077-5e4c42be1cc3,0.029877369007803793,False,206.84150000033696
bm25_selective_e5,TN011,negative_out_of_scope,2,66dba192-bac5-4b3a-bd4d-77e9eacb4192,0.028309409888357256,False,206.84150000033696
bm25_selective_e5,TN011,negative_out_of_scope,3,edd76252-eb29-4acf-9a31-735463528b7d,0.025342039800995024,False,206.84150000033696
bm25_selective_e5,TN011,negative_out_of_scope,4,63e9db23-9c0a-4e6a-a272-3d118d242ca2,0.024492753623188406,False,206.84150000033696
bm25_selective_e5,TN011,negative_out_of_scope,5,21efe016-3004-45f3-a070-29ce2ecb0019,0.022431077694235586,False,206.84150000033696
bm25_selective_e5,TN011,negative_out_of_scope,6,fb4884e3-8fea-42fa-b996-7e9c333e7fef,0.01639344262295082,False,206.84150000033696
bm25_selective_e5,TN011,negative_out_of_scope,7,f4580736-a09e-471f-93d2-8089c695eb67,0.01639344262295082,False,206.84150000033696
bm25_selective_e5,TN011,negative_out_of_scope,8,761b9529-5b18-4262-8174-6062c35fb31c,0.016129032258064516,False,206.84150000033696
bm25_selective_e5,TN011,negative_out_of_scope,9,64fa07b8-63c3-43c8-899e-5bd6282225ed,0.016129032258064516,False,206.84150000033696
bm25_selective_e5,TN011,negative_out_of_scope,10,c78ff32d-ea17-41fd-98ef-2e8872f01df3,0.015873015873015872,False,206.84150000033696
