dataset_version,document_version,chunk_version,retriever,question_id,question_type,expected_answerable,needs_human_review,k,rank,retrieved_chunk_id,score,is_gold,latency_ms
transfusion-retrieval-v3,sha256:5fc6a9a0d5ff5721954fad8f2855c204301e59ef0b28a91d8d9bdbaf48cb659b,4,chromadb,TF001,fact_specific,True,False,1,1,63cb7040-3526-4f6f-9f88-e295bbe5edaf,0.6859796047210693,False,81.4247999987856
transfusion-retrieval-v3,sha256:5fc6a9a0d5ff5721954fad8f2855c204301e59ef0b28a91d8d9bdbaf48cb659b,4,chromadb,TF001,fact_specific,True,False,3,1,63cb7040-3526-4f6f-9f88-e295bbe5edaf,0.6859796047210693,False,81.4247999987856
transfusion-retrieval-v3,sha256:5fc6a9a0d5ff5721954fad8f2855c204301e59ef0b28a91d8d9bdbaf48cb659b,4,chromadb,TF001,fact_specific,True,False,3,2,16efaa44-1554-4748-8407-48fac0bced94,0.6116716861724854,False,81.4247999987856
transfusion-retrieval-v3,sha256:5fc6a9a0d5ff5721954fad8f2855c204301e59ef0b28a91d8d9bdbaf48cb659b,4,chromadb,TF001,fact_specific,True,False,3,3,fb4884e3-8fea-42fa-b996-7e9c333e7fef,0.6077877283096313,False,81.4247999987856
transfusion-retrieval-v3,sha256:5fc6a9a0d5ff5721954fad8f2855c204301e59ef0b28a91d8d9bdbaf48cb659b,4,chromadb,TF001,fact_specific,True,False,5,1,63cb7040-3526-4f6f-9f88-e295bbe5edaf,0.6859796047210693,False,81.4247999987856
transfusion-retrieval-v3,sha256:5fc6a9a0d5ff5721954fad8f2855c204301e59ef0b28a91d8d9bdbaf48cb659b,4,chromadb,TF001,fact_specific,True,False,5,2,16efaa44-1554-4748-8407-48fac0bced94,0.6116716861724854,False,81.4247999987856
transfusion-retrieval-v3,sha256:5fc6a9a0d5ff5721954fad8f2855c204301e59ef0b28a91d8d9bdbaf48cb659b,4,chromadb,TF001,fact_specific,True,False,5,3,fb4884e3-8fea-42fa-b996-7e9c333e7fef,0.6077877283096313,False,81.4247999987856
transfusion-retrieval-v3,sha256:5fc6a9a0d5ff5721954fad8f2855c204301e59ef0b28a91d8d9bdbaf48cb659b,4,chromadb,TF001,fact_specific,True,False,5,4,eeb8db46-f757-41f1-9ca5-c022f3d4ea3e,0.6077877283096313,False,81.4247999987856
transfusion-retrieval-v3,sha256:5fc6a9a0d5ff5721954fad8f2855c204301e59ef0b28a91d8d9bdbaf48cb659b,4,chromadb,TF001,fact_specific,True,False,5,5,17e22a4e-78d9-4607-b75b-151e52cc4d20,0.6077877283096313,False,81.4247999987856
transfusion-retrieval-v3,sha256:5fc6a9a0d5ff5721954fad8f2855c204301e59ef0b28a91d8d9bdbaf48cb659b,4,chromadb,TF001,fact_specific,True,False,10,1,63cb7040-3526-4f6f-9f88-e295bbe5edaf,0.6859796047210693,False,81.4247999987856
transfusion-retrieval-v3,sha256:5fc6a9a0d5ff5721954fad8f2855c204301e59ef0b28a91d8d9bdbaf48cb659b,4,chromadb,TF001,fact_specific,True,False,10,2,16efaa44-1554-4748-8407-48fac0bced94,0.6116716861724854,False,81.4247999987856
transfusion-retrieval-v3,sha256:5fc6a9a0d5ff5721954fad8f2855c204301e59ef0b28a91d8d9bdbaf48cb659b,4,chromadb,TF001,fact_specific,True,False,10,3,fb4884e3-8fea-42fa-b996-7e9c333e7fef,0.6077877283096313,False,81.4247999987856
transfusion-retrieval-v3,sha256:5fc6a9a0d5ff5721954fad8f2855c204301e59ef0b28a91d8d9bdbaf48cb659b,4,chromadb,TF001,fact_specific,True,False,10,4,eeb8db46-f757-41f1-9ca5-c022f3d4ea3e,0.6077877283096313,False,81.4247999987856
transfusion-retrieval-v3,sha256:5fc6a9a0d5ff5721954fad8f2855c204301e59ef0b28a91d8d9bdbaf48cb659b,4,chromadb,TF001,fact_specific,True,False,10,5,17e22a4e-78d9-4607-b75b-151e52cc4d20,0.6077877283096313,False,81.4247999987856
transfusion-retrieval-v3,sha256:5fc6a9a0d5ff5721954fad8f2855c204301e59ef0b28a91d8d9bdbaf48cb659b,4,chromadb,TF001,fact_specific,True,False,10,6,fbb0340e-b19d-43c3-a23a-5ee07899e8cd,0.6077877283096313,False,81.4247999987856
transfusion-retrieval-v3,sha256:5fc6a9a0d5ff5721954fad8f2855c204301e59ef0b28a91d8d9bdbaf48cb659b,4,chromadb,TF001,fact_specific,True,False,10,7,9c5f18b5-9491-4cb2-9eba-9a0d2462f8bb,0.6077877283096313,False,81.4247999987856
transfusion-retrieval-v3,sha256:5fc6a9a0d5ff5721954fad8f2855c204301e59ef0b28a91d8d9bdbaf48cb659b,4,chromadb,TF001,fact_specific,True,False,10,8,cf1adf23-d1e1-4e53-990c-b241ad636d39,0.6077877283096313,False,81.4247999987856
transfusion-retrieval-v3,sha256:5fc6a9a0d5ff5721954fad8f2855c204301e59ef0b28a91d8d9bdbaf48cb659b,4,chromadb,TF001,fact_specific,True,False,10,9,756d12b3-7bab-48b3-86c9-f2911e308f0e,0.6077877283096313,False,81.4247999987856
transfusion-retrieval-v3,sha256:5fc6a9a0d5ff5721954fad8f2855c204301e59ef0b28a91d8d9bdbaf48cb659b,4,chromadb,TF001,fact_specific,True,False,10,10,e9ad4f9e-f150-4d2b-b7cd-20a8a3327864,0.6077877283096313,False,81.4247999987856
transfusion-retrieval-v3,sha256:5fc6a9a0d5ff5721954fad8f2855c204301e59ef0b28a91d8d9bdbaf48cb659b,4,chromadb,TF002,paraphrase,True,False,1,1,63cb7040-3526-4f6f-9f88-e295bbe5edaf,0.7628269195556641,False,51.876900000934256
transfusion-retrieval-v3,sha256:5fc6a9a0d5ff5721954fad8f2855c204301e59ef0b28a91d8d9bdbaf48cb659b,4,chromadb,TF002,paraphrase,True,False,3,1,63cb7040-3526-4f6f-9f88-e295bbe5edaf,0.7628269195556641,False,51.876900000934256
transfusion-retrieval-v3,sha256:5fc6a9a0d5ff5721954fad8f2855c204301e59ef0b28a91d8d9bdbaf48cb659b,4,chromadb,TF002,paraphrase,True,False,3,2,16efaa44-1554-4748-8407-48fac0bced94,0.7584704160690308,False,51.876900000934256
transfusion-retrieval-v3,sha256:5fc6a9a0d5ff5721954fad8f2855c204301e59ef0b28a91d8d9bdbaf48cb659b,4,chromadb,TF002,paraphrase,True,False,3,3,602c933f-0b8f-4533-87a5-f27ecd5f2af9,0.7451353073120117,False,51.876900000934256
transfusion-retrieval-v3,sha256:5fc6a9a0d5ff5721954fad8f2855c204301e59ef0b28a91d8d9bdbaf48cb659b,4,chromadb,TF002,paraphrase,True,False,5,1,63cb7040-3526-4f6f-9f88-e295bbe5edaf,0.7628269195556641,False,51.876900000934256
transfusion-retrieval-v3,sha256:5fc6a9a0d5ff5721954fad8f2855c204301e59ef0b28a91d8d9bdbaf48cb659b,4,chromadb,TF002,paraphrase,True,False,5,2,16efaa44-1554-4748-8407-48fac0bced94,0.7584704160690308,False,51.876900000934256
transfusion-retrieval-v3,sha256:5fc6a9a0d5ff5721954fad8f2855c204301e59ef0b28a91d8d9bdbaf48cb659b,4,chromadb,TF002,paraphrase,True,False,5,3,602c933f-0b8f-4533-87a5-f27ecd5f2af9,0.7451353073120117,False,51.876900000934256
transfusion-retrieval-v3,sha256:5fc6a9a0d5ff5721954fad8f2855c204301e59ef0b28a91d8d9bdbaf48cb659b,4,chromadb,TF002,paraphrase,True,False,5,4,761b9529-5b18-4262-8174-6062c35fb31c,0.7042036056518555,False,51.876900000934256
transfusion-retrieval-v3,sha256:5fc6a9a0d5ff5721954fad8f2855c204301e59ef0b28a91d8d9bdbaf48cb659b,4,chromadb,TF002,paraphrase,True,False,5,5,cfff9bf0-05e4-4179-a793-f3c705d04812,0.652480959892273,False,51.876900000934256
transfusion-retrieval-v3,sha256:5fc6a9a0d5ff5721954fad8f2855c204301e59ef0b28a91d8d9bdbaf48cb659b,4,chromadb,TF002,paraphrase,True,False,10,1,63cb7040-3526-4f6f-9f88-e295bbe5edaf,0.7628269195556641,False,51.876900000934256
transfusion-retrieval-v3,sha256:5fc6a9a0d5ff5721954fad8f2855c204301e59ef0b28a91d8d9bdbaf48cb659b,4,chromadb,TF002,paraphrase,True,False,10,2,16efaa44-1554-4748-8407-48fac0bced94,0.7584704160690308,False,51.876900000934256
transfusion-retrieval-v3,sha256:5fc6a9a0d5ff5721954fad8f2855c204301e59ef0b28a91d8d9bdbaf48cb659b,4,chromadb,TF002,paraphrase,True,False,10,3,602c933f-0b8f-4533-87a5-f27ecd5f2af9,0.7451353073120117,False,51.876900000934256
transfusion-retrieval-v3,sha256:5fc6a9a0d5ff5721954fad8f2855c204301e59ef0b28a91d8d9bdbaf48cb659b,4,chromadb,TF002,paraphrase,True,False,10,4,761b9529-5b18-4262-8174-6062c35fb31c,0.7042036056518555,False,51.876900000934256
transfusion-retrieval-v3,sha256:5fc6a9a0d5ff5721954fad8f2855c204301e59ef0b28a91d8d9bdbaf48cb659b,4,chromadb,TF002,paraphrase,True,False,10,5,cfff9bf0-05e4-4179-a793-f3c705d04812,0.652480959892273,False,51.876900000934256
transfusion-retrieval-v3,sha256:5fc6a9a0d5ff5721954fad8f2855c204301e59ef0b28a91d8d9bdbaf48cb659b,4,chromadb,TF002,paraphrase,True,False,10,6,10537058-d160-4786-a6cf-95de46d7189c,0.650094747543335,False,51.876900000934256
transfusion-retrieval-v3,sha256:5fc6a9a0d5ff5721954fad8f2855c204301e59ef0b28a91d8d9bdbaf48cb659b,4,chromadb,TF002,paraphrase,True,False,10,7,17e22a4e-78d9-4607-b75b-151e52cc4d20,0.6401965618133545,False,51.876900000934256
transfusion-retrieval-v3,sha256:5fc6a9a0d5ff5721954fad8f2855c204301e59ef0b28a91d8d9bdbaf48cb659b,4,chromadb,TF002,paraphrase,True,False,10,8,e4892114-b8eb-4f39-a7c4-427217039236,0.6401965618133545,False,51.876900000934256
transfusion-retrieval-v3,sha256:5fc6a9a0d5ff5721954fad8f2855c204301e59ef0b28a91d8d9bdbaf48cb659b,4,chromadb,TF002,paraphrase,True,False,10,9,cf1adf23-d1e1-4e53-990c-b241ad636d39,0.6401965618133545,False,51.876900000934256
transfusion-retrieval-v3,sha256:5fc6a9a0d5ff5721954fad8f2855c204301e59ef0b28a91d8d9bdbaf48cb659b,4,chromadb,TF002,paraphrase,True,False,10,10,756d12b3-7bab-48b3-86c9-f2911e308f0e,0.6401965618133545,False,51.876900000934256
transfusion-retrieval-v3,sha256:5fc6a9a0d5ff5721954fad8f2855c204301e59ef0b28a91d8d9bdbaf48cb659b,4,chromadb,TF003,product_specific,True,False,1,1,63cb7040-3526-4f6f-9f88-e295bbe5edaf,0.7501245737075806,False,14.6935000011581
transfusion-retrieval-v3,sha256:5fc6a9a0d5ff5721954fad8f2855c204301e59ef0b28a91d8d9bdbaf48cb659b,4,chromadb,TF003,product_specific,True,False,3,1,63cb7040-3526-4f6f-9f88-e295bbe5edaf,0.7501245737075806,False,14.6935000011581
transfusion-retrieval-v3,sha256:5fc6a9a0d5ff5721954fad8f2855c204301e59ef0b28a91d8d9bdbaf48cb659b,4,chromadb,TF003,product_specific,True,False,3,2,10537058-d160-4786-a6cf-95de46d7189c,0.7237762808799744,False,14.6935000011581
transfusion-retrieval-v3,sha256:5fc6a9a0d5ff5721954fad8f2855c204301e59ef0b28a91d8d9bdbaf48cb659b,4,chromadb,TF003,product_specific,True,False,3,3,16efaa44-1554-4748-8407-48fac0bced94,0.6840605139732361,False,14.6935000011581
transfusion-retrieval-v3,sha256:5fc6a9a0d5ff5721954fad8f2855c204301e59ef0b28a91d8d9bdbaf48cb659b,4,chromadb,TF003,product_specific,True,False,5,1,63cb7040-3526-4f6f-9f88-e295bbe5edaf,0.7501245737075806,False,14.6935000011581
transfusion-retrieval-v3,sha256:5fc6a9a0d5ff5721954fad8f2855c204301e59ef0b28a91d8d9bdbaf48cb659b,4,chromadb,TF003,product_specific,True,False,5,2,10537058-d160-4786-a6cf-95de46d7189c,0.7237762808799744,False,14.6935000011581
transfusion-retrieval-v3,sha256:5fc6a9a0d5ff5721954fad8f2855c204301e59ef0b28a91d8d9bdbaf48cb659b,4,chromadb,TF003,product_specific,True,False,5,3,16efaa44-1554-4748-8407-48fac0bced94,0.6840605139732361,False,14.6935000011581
transfusion-retrieval-v3,sha256:5fc6a9a0d5ff5721954fad8f2855c204301e59ef0b28a91d8d9bdbaf48cb659b,4,chromadb,TF003,product_specific,True,False,5,4,4797ba3b-c3d9-4d11-be5f-86db44dbda83,0.6714717745780945,False,14.6935000011581
transfusion-retrieval-v3,sha256:5fc6a9a0d5ff5721954fad8f2855c204301e59ef0b28a91d8d9bdbaf48cb659b,4,chromadb,TF003,product_specific,True,False,5,5,66dba192-bac5-4b3a-bd4d-77e9eacb4192,0.6259375810623169,False,14.6935000011581
transfusion-retrieval-v3,sha256:5fc6a9a0d5ff5721954fad8f2855c204301e59ef0b28a91d8d9bdbaf48cb659b,4,chromadb,TF003,product_specific,True,False,10,1,63cb7040-3526-4f6f-9f88-e295bbe5edaf,0.7501245737075806,False,14.6935000011581
transfusion-retrieval-v3,sha256:5fc6a9a0d5ff5721954fad8f2855c204301e59ef0b28a91d8d9bdbaf48cb659b,4,chromadb,TF003,product_specific,True,False,10,2,10537058-d160-4786-a6cf-95de46d7189c,0.7237762808799744,False,14.6935000011581
transfusion-retrieval-v3,sha256:5fc6a9a0d5ff5721954fad8f2855c204301e59ef0b28a91d8d9bdbaf48cb659b,4,chromadb,TF003,product_specific,True,False,10,3,16efaa44-1554-4748-8407-48fac0bced94,0.6840605139732361,False,14.6935000011581
transfusion-retrieval-v3,sha256:5fc6a9a0d5ff5721954fad8f2855c204301e59ef0b28a91d8d9bdbaf48cb659b,4,chromadb,TF003,product_specific,True,False,10,4,4797ba3b-c3d9-4d11-be5f-86db44dbda83,0.6714717745780945,False,14.6935000011581
transfusion-retrieval-v3,sha256:5fc6a9a0d5ff5721954fad8f2855c204301e59ef0b28a91d8d9bdbaf48cb659b,4,chromadb,TF003,product_specific,True,False,10,5,66dba192-bac5-4b3a-bd4d-77e9eacb4192,0.6259375810623169,False,14.6935000011581
transfusion-retrieval-v3,sha256:5fc6a9a0d5ff5721954fad8f2855c204301e59ef0b28a91d8d9bdbaf48cb659b,4,chromadb,TF003,product_specific,True,False,10,6,843aa4c8-3ffd-4747-97eb-8699b0a0eeaf,0.6206480860710144,False,14.6935000011581
transfusion-retrieval-v3,sha256:5fc6a9a0d5ff5721954fad8f2855c204301e59ef0b28a91d8d9bdbaf48cb659b,4,chromadb,TF003,product_specific,True,False,10,7,602c933f-0b8f-4533-87a5-f27ecd5f2af9,0.6075922846794128,False,14.6935000011581
transfusion-retrieval-v3,sha256:5fc6a9a0d5ff5721954fad8f2855c204301e59ef0b28a91d8d9bdbaf48cb659b,4,chromadb,TF003,product_specific,True,False,10,8,81a83ec4-b5d1-4305-9f44-93e5fa935ffe,0.5950267314910889,False,14.6935000011581
transfusion-retrieval-v3,sha256:5fc6a9a0d5ff5721954fad8f2855c204301e59ef0b28a91d8d9bdbaf48cb659b,4,chromadb,TF003,product_specific,True,False,10,9,59d57c8a-c9d7-4f8d-b9a1-a2816f1f01f7,0.5762600302696228,False,14.6935000011581
transfusion-retrieval-v3,sha256:5fc6a9a0d5ff5721954fad8f2855c204301e59ef0b28a91d8d9bdbaf48cb659b,4,chromadb,TF003,product_specific,True,False,10,10,ee8c2027-ad6d-4bb7-8077-5e4c42be1cc3,0.561958372592926,False,14.6935000011581
transfusion-retrieval-v3,sha256:5fc6a9a0d5ff5721954fad8f2855c204301e59ef0b28a91d8d9bdbaf48cb659b,4,chromadb,TF004,product_specific,True,False,1,1,63cb7040-3526-4f6f-9f88-e295bbe5edaf,0.724223256111145,False,13.691599999219761
transfusion-retrieval-v3,sha256:5fc6a9a0d5ff5721954fad8f2855c204301e59ef0b28a91d8d9bdbaf48cb659b,4,chromadb,TF004,product_specific,True,False,3,1,63cb7040-3526-4f6f-9f88-e295bbe5edaf,0.724223256111145,False,13.691599999219761
transfusion-retrieval-v3,sha256:5fc6a9a0d5ff5721954fad8f2855c204301e59ef0b28a91d8d9bdbaf48cb659b,4,chromadb,TF004,product_specific,True,False,3,2,16efaa44-1554-4748-8407-48fac0bced94,0.6324325799942017,False,13.691599999219761
transfusion-retrieval-v3,sha256:5fc6a9a0d5ff5721954fad8f2855c204301e59ef0b28a91d8d9bdbaf48cb659b,4,chromadb,TF004,product_specific,True,False,3,3,fb4884e3-8fea-42fa-b996-7e9c333e7fef,0.631127119064331,False,13.691599999219761
transfusion-retrieval-v3,sha256:5fc6a9a0d5ff5721954fad8f2855c204301e59ef0b28a91d8d9bdbaf48cb659b,4,chromadb,TF004,product_specific,True,False,5,1,63cb7040-3526-4f6f-9f88-e295bbe5edaf,0.724223256111145,False,13.691599999219761
transfusion-retrieval-v3,sha256:5fc6a9a0d5ff5721954fad8f2855c204301e59ef0b28a91d8d9bdbaf48cb659b,4,chromadb,TF004,product_specific,True,False,5,2,16efaa44-1554-4748-8407-48fac0bced94,0.6324325799942017,False,13.691599999219761
transfusion-retrieval-v3,sha256:5fc6a9a0d5ff5721954fad8f2855c204301e59ef0b28a91d8d9bdbaf48cb659b,4,chromadb,TF004,product_specific,True,False,5,3,fb4884e3-8fea-42fa-b996-7e9c333e7fef,0.631127119064331,False,13.691599999219761
transfusion-retrieval-v3,sha256:5fc6a9a0d5ff5721954fad8f2855c204301e59ef0b28a91d8d9bdbaf48cb659b,4,chromadb,TF004,product_specific,True,False,5,4,eeb8db46-f757-41f1-9ca5-c022f3d4ea3e,0.631127119064331,False,13.691599999219761
transfusion-retrieval-v3,sha256:5fc6a9a0d5ff5721954fad8f2855c204301e59ef0b28a91d8d9bdbaf48cb659b,4,chromadb,TF004,product_specific,True,False,5,5,e4892114-b8eb-4f39-a7c4-427217039236,0.631127119064331,False,13.691599999219761
transfusion-retrieval-v3,sha256:5fc6a9a0d5ff5721954fad8f2855c204301e59ef0b28a91d8d9bdbaf48cb659b,4,chromadb,TF004,product_specific,True,False,10,1,63cb7040-3526-4f6f-9f88-e295bbe5edaf,0.724223256111145,False,13.691599999219761
transfusion-retrieval-v3,sha256:5fc6a9a0d5ff5721954fad8f2855c204301e59ef0b28a91d8d9bdbaf48cb659b,4,chromadb,TF004,product_specific,True,False,10,2,16efaa44-1554-4748-8407-48fac0bced94,0.6324325799942017,False,13.691599999219761
transfusion-retrieval-v3,sha256:5fc6a9a0d5ff5721954fad8f2855c204301e59ef0b28a91d8d9bdbaf48cb659b,4,chromadb,TF004,product_specific,True,False,10,3,fb4884e3-8fea-42fa-b996-7e9c333e7fef,0.631127119064331,False,13.691599999219761
transfusion-retrieval-v3,sha256:5fc6a9a0d5ff5721954fad8f2855c204301e59ef0b28a91d8d9bdbaf48cb659b,4,chromadb,TF004,product_specific,True,False,10,4,eeb8db46-f757-41f1-9ca5-c022f3d4ea3e,0.631127119064331,False,13.691599999219761
transfusion-retrieval-v3,sha256:5fc6a9a0d5ff5721954fad8f2855c204301e59ef0b28a91d8d9bdbaf48cb659b,4,chromadb,TF004,product_specific,True,False,10,5,e4892114-b8eb-4f39-a7c4-427217039236,0.631127119064331,False,13.691599999219761
transfusion-retrieval-v3,sha256:5fc6a9a0d5ff5721954fad8f2855c204301e59ef0b28a91d8d9bdbaf48cb659b,4,chromadb,TF004,product_specific,True,False,10,6,9c5f18b5-9491-4cb2-9eba-9a0d2462f8bb,0.631127119064331,False,13.691599999219761
transfusion-retrieval-v3,sha256:5fc6a9a0d5ff5721954fad8f2855c204301e59ef0b28a91d8d9bdbaf48cb659b,4,chromadb,TF004,product_specific,True,False,10,7,c141d593-8af3-43e4-b0a9-f60c7c49da12,0.631127119064331,False,13.691599999219761
transfusion-retrieval-v3,sha256:5fc6a9a0d5ff5721954fad8f2855c204301e59ef0b28a91d8d9bdbaf48cb659b,4,chromadb,TF004,product_specific,True,False,10,8,635840ee-2aa9-43b0-86b4-74229536c495,0.631127119064331,False,13.691599999219761
transfusion-retrieval-v3,sha256:5fc6a9a0d5ff5721954fad8f2855c204301e59ef0b28a91d8d9bdbaf48cb659b,4,chromadb,TF004,product_specific,True,False,10,9,cf1adf23-d1e1-4e53-990c-b241ad636d39,0.631127119064331,False,13.691599999219761
transfusion-retrieval-v3,sha256:5fc6a9a0d5ff5721954fad8f2855c204301e59ef0b28a91d8d9bdbaf48cb659b,4,chromadb,TF004,product_specific,True,False,10,10,756d12b3-7bab-48b3-86c9-f2911e308f0e,0.631127119064331,False,13.691599999219761
transfusion-retrieval-v3,sha256:5fc6a9a0d5ff5721954fad8f2855c204301e59ef0b28a91d8d9bdbaf48cb659b,4,chromadb,TF005,temporal,True,False,1,1,63cb7040-3526-4f6f-9f88-e295bbe5edaf,0.6970383524894714,False,13.094400001136819
transfusion-retrieval-v3,sha256:5fc6a9a0d5ff5721954fad8f2855c204301e59ef0b28a91d8d9bdbaf48cb659b,4,chromadb,TF005,temporal,True,False,3,1,63cb7040-3526-4f6f-9f88-e295bbe5edaf,0.6970383524894714,False,13.094400001136819
transfusion-retrieval-v3,sha256:5fc6a9a0d5ff5721954fad8f2855c204301e59ef0b28a91d8d9bdbaf48cb659b,4,chromadb,TF005,temporal,True,False,3,2,16efaa44-1554-4748-8407-48fac0bced94,0.6191054582595825,False,13.094400001136819
transfusion-retrieval-v3,sha256:5fc6a9a0d5ff5721954fad8f2855c204301e59ef0b28a91d8d9bdbaf48cb659b,4,chromadb,TF005,temporal,True,False,3,3,fb4884e3-8fea-42fa-b996-7e9c333e7fef,0.5957515239715576,False,13.094400001136819
transfusion-retrieval-v3,sha256:5fc6a9a0d5ff5721954fad8f2855c204301e59ef0b28a91d8d9bdbaf48cb659b,4,chromadb,TF005,temporal,True,False,5,1,63cb7040-3526-4f6f-9f88-e295bbe5edaf,0.6970383524894714,False,13.094400001136819
transfusion-retrieval-v3,sha256:5fc6a9a0d5ff5721954fad8f2855c204301e59ef0b28a91d8d9bdbaf48cb659b,4,chromadb,TF005,temporal,True,False,5,2,16efaa44-1554-4748-8407-48fac0bced94,0.6191054582595825,False,13.094400001136819
transfusion-retrieval-v3,sha256:5fc6a9a0d5ff5721954fad8f2855c204301e59ef0b28a91d8d9bdbaf48cb659b,4,chromadb,TF005,temporal,True,False,5,3,fb4884e3-8fea-42fa-b996-7e9c333e7fef,0.5957515239715576,False,13.094400001136819
transfusion-retrieval-v3,sha256:5fc6a9a0d5ff5721954fad8f2855c204301e59ef0b28a91d8d9bdbaf48cb659b,4,chromadb,TF005,temporal,True,False,5,4,17e22a4e-78d9-4607-b75b-151e52cc4d20,0.5957515239715576,False,13.094400001136819
transfusion-retrieval-v3,sha256:5fc6a9a0d5ff5721954fad8f2855c204301e59ef0b28a91d8d9bdbaf48cb659b,4,chromadb,TF005,temporal,True,False,5,5,fbb0340e-b19d-43c3-a23a-5ee07899e8cd,0.5957515239715576,False,13.094400001136819
transfusion-retrieval-v3,sha256:5fc6a9a0d5ff5721954fad8f2855c204301e59ef0b28a91d8d9bdbaf48cb659b,4,chromadb,TF005,temporal,True,False,10,1,63cb7040-3526-4f6f-9f88-e295bbe5edaf,0.6970383524894714,False,13.094400001136819
transfusion-retrieval-v3,sha256:5fc6a9a0d5ff5721954fad8f2855c204301e59ef0b28a91d8d9bdbaf48cb659b,4,chromadb,TF005,temporal,True,False,10,2,16efaa44-1554-4748-8407-48fac0bced94,0.6191054582595825,False,13.094400001136819
transfusion-retrieval-v3,sha256:5fc6a9a0d5ff5721954fad8f2855c204301e59ef0b28a91d8d9bdbaf48cb659b,4,chromadb,TF005,temporal,True,False,10,3,fb4884e3-8fea-42fa-b996-7e9c333e7fef,0.5957515239715576,False,13.094400001136819
transfusion-retrieval-v3,sha256:5fc6a9a0d5ff5721954fad8f2855c204301e59ef0b28a91d8d9bdbaf48cb659b,4,chromadb,TF005,temporal,True,False,10,4,17e22a4e-78d9-4607-b75b-151e52cc4d20,0.5957515239715576,False,13.094400001136819
transfusion-retrieval-v3,sha256:5fc6a9a0d5ff5721954fad8f2855c204301e59ef0b28a91d8d9bdbaf48cb659b,4,chromadb,TF005,temporal,True,False,10,5,fbb0340e-b19d-43c3-a23a-5ee07899e8cd,0.5957515239715576,False,13.094400001136819
transfusion-retrieval-v3,sha256:5fc6a9a0d5ff5721954fad8f2855c204301e59ef0b28a91d8d9bdbaf48cb659b,4,chromadb,TF005,temporal,True,False,10,6,e4892114-b8eb-4f39-a7c4-427217039236,0.5957515239715576,False,13.094400001136819
transfusion-retrieval-v3,sha256:5fc6a9a0d5ff5721954fad8f2855c204301e59ef0b28a91d8d9bdbaf48cb659b,4,chromadb,TF005,temporal,True,False,10,7,c141d593-8af3-43e4-b0a9-f60c7c49da12,0.5957515239715576,False,13.094400001136819
transfusion-retrieval-v3,sha256:5fc6a9a0d5ff5721954fad8f2855c204301e59ef0b28a91d8d9bdbaf48cb659b,4,chromadb,TF005,temporal,True,False,10,8,635840ee-2aa9-43b0-86b4-74229536c495,0.5957515239715576,False,13.094400001136819
transfusion-retrieval-v3,sha256:5fc6a9a0d5ff5721954fad8f2855c204301e59ef0b28a91d8d9bdbaf48cb659b,4,chromadb,TF005,temporal,True,False,10,9,cf1adf23-d1e1-4e53-990c-b241ad636d39,0.5957515239715576,False,13.094400001136819
transfusion-retrieval-v3,sha256:5fc6a9a0d5ff5721954fad8f2855c204301e59ef0b28a91d8d9bdbaf48cb659b,4,chromadb,TF005,temporal,True,False,10,10,e9ad4f9e-f150-4d2b-b7cd-20a8a3327864,0.5957515239715576,False,13.094400001136819
transfusion-retrieval-v3,sha256:5fc6a9a0d5ff5721954fad8f2855c204301e59ef0b28a91d8d9bdbaf48cb659b,4,chromadb,TF006,temporal,True,False,1,1,f1611d72-8c47-41f8-bfee-99d5ffdfe12a,0.5594058632850647,False,13.943100000687991
transfusion-retrieval-v3,sha256:5fc6a9a0d5ff5721954fad8f2855c204301e59ef0b28a91d8d9bdbaf48cb659b,4,chromadb,TF006,temporal,True,False,3,1,f1611d72-8c47-41f8-bfee-99d5ffdfe12a,0.5594058632850647,False,13.943100000687991
transfusion-retrieval-v3,sha256:5fc6a9a0d5ff5721954fad8f2855c204301e59ef0b28a91d8d9bdbaf48cb659b,4,chromadb,TF006,temporal,True,False,3,2,64fa07b8-63c3-43c8-899e-5bd6282225ed,0.5331168174743652,False,13.943100000687991
transfusion-retrieval-v3,sha256:5fc6a9a0d5ff5721954fad8f2855c204301e59ef0b28a91d8d9bdbaf48cb659b,4,chromadb,TF006,temporal,True,False,3,3,63cb7040-3526-4f6f-9f88-e295bbe5edaf,0.4845513105392456,False,13.943100000687991
transfusion-retrieval-v3,sha256:5fc6a9a0d5ff5721954fad8f2855c204301e59ef0b28a91d8d9bdbaf48cb659b,4,chromadb,TF006,temporal,True,False,5,1,f1611d72-8c47-41f8-bfee-99d5ffdfe12a,0.5594058632850647,False,13.943100000687991
transfusion-retrieval-v3,sha256:5fc6a9a0d5ff5721954fad8f2855c204301e59ef0b28a91d8d9bdbaf48cb659b,4,chromadb,TF006,temporal,True,False,5,2,64fa07b8-63c3-43c8-899e-5bd6282225ed,0.5331168174743652,False,13.943100000687991
transfusion-retrieval-v3,sha256:5fc6a9a0d5ff5721954fad8f2855c204301e59ef0b28a91d8d9bdbaf48cb659b,4,chromadb,TF006,temporal,True,False,5,3,63cb7040-3526-4f6f-9f88-e295bbe5edaf,0.4845513105392456,False,13.943100000687991
transfusion-retrieval-v3,sha256:5fc6a9a0d5ff5721954fad8f2855c204301e59ef0b28a91d8d9bdbaf48cb659b,4,chromadb,TF006,temporal,True,False,5,4,eeb8db46-f757-41f1-9ca5-c022f3d4ea3e,0.47166043519973755,False,13.943100000687991
transfusion-retrieval-v3,sha256:5fc6a9a0d5ff5721954fad8f2855c204301e59ef0b28a91d8d9bdbaf48cb659b,4,chromadb,TF006,temporal,True,False,5,5,e4892114-b8eb-4f39-a7c4-427217039236,0.47166043519973755,False,13.943100000687991
transfusion-retrieval-v3,sha256:5fc6a9a0d5ff5721954fad8f2855c204301e59ef0b28a91d8d9bdbaf48cb659b,4,chromadb,TF006,temporal,True,False,10,1,f1611d72-8c47-41f8-bfee-99d5ffdfe12a,0.5594058632850647,False,13.943100000687991
transfusion-retrieval-v3,sha256:5fc6a9a0d5ff5721954fad8f2855c204301e59ef0b28a91d8d9bdbaf48cb659b,4,chromadb,TF006,temporal,True,False,10,2,64fa07b8-63c3-43c8-899e-5bd6282225ed,0.5331168174743652,False,13.943100000687991
transfusion-retrieval-v3,sha256:5fc6a9a0d5ff5721954fad8f2855c204301e59ef0b28a91d8d9bdbaf48cb659b,4,chromadb,TF006,temporal,True,False,10,3,63cb7040-3526-4f6f-9f88-e295bbe5edaf,0.4845513105392456,False,13.943100000687991
transfusion-retrieval-v3,sha256:5fc6a9a0d5ff5721954fad8f2855c204301e59ef0b28a91d8d9bdbaf48cb659b,4,chromadb,TF006,temporal,True,False,10,4,eeb8db46-f757-41f1-9ca5-c022f3d4ea3e,0.47166043519973755,False,13.943100000687991
transfusion-retrieval-v3,sha256:5fc6a9a0d5ff5721954fad8f2855c204301e59ef0b28a91d8d9bdbaf48cb659b,4,chromadb,TF006,temporal,True,False,10,5,e4892114-b8eb-4f39-a7c4-427217039236,0.47166043519973755,False,13.943100000687991
transfusion-retrieval-v3,sha256:5fc6a9a0d5ff5721954fad8f2855c204301e59ef0b28a91d8d9bdbaf48cb659b,4,chromadb,TF006,temporal,True,False,10,6,9c5f18b5-9491-4cb2-9eba-9a0d2462f8bb,0.47166043519973755,False,13.943100000687991
transfusion-retrieval-v3,sha256:5fc6a9a0d5ff5721954fad8f2855c204301e59ef0b28a91d8d9bdbaf48cb659b,4,chromadb,TF006,temporal,True,False,10,7,c141d593-8af3-43e4-b0a9-f60c7c49da12,0.47166043519973755,False,13.943100000687991
transfusion-retrieval-v3,sha256:5fc6a9a0d5ff5721954fad8f2855c204301e59ef0b28a91d8d9bdbaf48cb659b,4,chromadb,TF006,temporal,True,False,10,8,635840ee-2aa9-43b0-86b4-74229536c495,0.47166043519973755,False,13.943100000687991
transfusion-retrieval-v3,sha256:5fc6a9a0d5ff5721954fad8f2855c204301e59ef0b28a91d8d9bdbaf48cb659b,4,chromadb,TF006,temporal,True,False,10,9,cf1adf23-d1e1-4e53-990c-b241ad636d39,0.47166043519973755,False,13.943100000687991
transfusion-retrieval-v3,sha256:5fc6a9a0d5ff5721954fad8f2855c204301e59ef0b28a91d8d9bdbaf48cb659b,4,chromadb,TF006,temporal,True,False,10,10,e9ad4f9e-f150-4d2b-b7cd-20a8a3327864,0.47166043519973755,False,13.943100000687991
transfusion-retrieval-v3,sha256:5fc6a9a0d5ff5721954fad8f2855c204301e59ef0b28a91d8d9bdbaf48cb659b,4,chromadb,TF007,temporal,True,False,1,1,63cb7040-3526-4f6f-9f88-e295bbe5edaf,0.7409083843231201,False,11.129000000437372
transfusion-retrieval-v3,sha256:5fc6a9a0d5ff5721954fad8f2855c204301e59ef0b28a91d8d9bdbaf48cb659b,4,chromadb,TF007,temporal,True,False,3,1,63cb7040-3526-4f6f-9f88-e295bbe5edaf,0.7409083843231201,False,11.129000000437372
transfusion-retrieval-v3,sha256:5fc6a9a0d5ff5721954fad8f2855c204301e59ef0b28a91d8d9bdbaf48cb659b,4,chromadb,TF007,temporal,True,False,3,2,16efaa44-1554-4748-8407-48fac0bced94,0.7324363589286804,False,11.129000000437372
transfusion-retrieval-v3,sha256:5fc6a9a0d5ff5721954fad8f2855c204301e59ef0b28a91d8d9bdbaf48cb659b,4,chromadb,TF007,temporal,True,False,3,3,59d57c8a-c9d7-4f8d-b9a1-a2816f1f01f7,0.6878118515014648,False,11.129000000437372
transfusion-retrieval-v3,sha256:5fc6a9a0d5ff5721954fad8f2855c204301e59ef0b28a91d8d9bdbaf48cb659b,4,chromadb,TF007,temporal,True,False,5,1,63cb7040-3526-4f6f-9f88-e295bbe5edaf,0.7409083843231201,False,11.129000000437372
transfusion-retrieval-v3,sha256:5fc6a9a0d5ff5721954fad8f2855c204301e59ef0b28a91d8d9bdbaf48cb659b,4,chromadb,TF007,temporal,True,False,5,2,16efaa44-1554-4748-8407-48fac0bced94,0.7324363589286804,False,11.129000000437372
transfusion-retrieval-v3,sha256:5fc6a9a0d5ff5721954fad8f2855c204301e59ef0b28a91d8d9bdbaf48cb659b,4,chromadb,TF007,temporal,True,False,5,3,59d57c8a-c9d7-4f8d-b9a1-a2816f1f01f7,0.6878118515014648,False,11.129000000437372
transfusion-retrieval-v3,sha256:5fc6a9a0d5ff5721954fad8f2855c204301e59ef0b28a91d8d9bdbaf48cb659b,4,chromadb,TF007,temporal,True,False,5,4,761b9529-5b18-4262-8174-6062c35fb31c,0.5975438356399536,False,11.129000000437372
transfusion-retrieval-v3,sha256:5fc6a9a0d5ff5721954fad8f2855c204301e59ef0b28a91d8d9bdbaf48cb659b,4,chromadb,TF007,temporal,True,False,5,5,eeb8db46-f757-41f1-9ca5-c022f3d4ea3e,0.5841647386550903,False,11.129000000437372
transfusion-retrieval-v3,sha256:5fc6a9a0d5ff5721954fad8f2855c204301e59ef0b28a91d8d9bdbaf48cb659b,4,chromadb,TF007,temporal,True,False,10,1,63cb7040-3526-4f6f-9f88-e295bbe5edaf,0.7409083843231201,False,11.129000000437372
transfusion-retrieval-v3,sha256:5fc6a9a0d5ff5721954fad8f2855c204301e59ef0b28a91d8d9bdbaf48cb659b,4,chromadb,TF007,temporal,True,False,10,2,16efaa44-1554-4748-8407-48fac0bced94,0.7324363589286804,False,11.129000000437372
transfusion-retrieval-v3,sha256:5fc6a9a0d5ff5721954fad8f2855c204301e59ef0b28a91d8d9bdbaf48cb659b,4,chromadb,TF007,temporal,True,False,10,3,59d57c8a-c9d7-4f8d-b9a1-a2816f1f01f7,0.6878118515014648,False,11.129000000437372
transfusion-retrieval-v3,sha256:5fc6a9a0d5ff5721954fad8f2855c204301e59ef0b28a91d8d9bdbaf48cb659b,4,chromadb,TF007,temporal,True,False,10,4,761b9529-5b18-4262-8174-6062c35fb31c,0.5975438356399536,False,11.129000000437372
transfusion-retrieval-v3,sha256:5fc6a9a0d5ff5721954fad8f2855c204301e59ef0b28a91d8d9bdbaf48cb659b,4,chromadb,TF007,temporal,True,False,10,5,eeb8db46-f757-41f1-9ca5-c022f3d4ea3e,0.5841647386550903,False,11.129000000437372
transfusion-retrieval-v3,sha256:5fc6a9a0d5ff5721954fad8f2855c204301e59ef0b28a91d8d9bdbaf48cb659b,4,chromadb,TF007,temporal,True,False,10,6,17e22a4e-78d9-4607-b75b-151e52cc4d20,0.5841647386550903,False,11.129000000437372
transfusion-retrieval-v3,sha256:5fc6a9a0d5ff5721954fad8f2855c204301e59ef0b28a91d8d9bdbaf48cb659b,4,chromadb,TF007,temporal,True,False,10,7,fbb0340e-b19d-43c3-a23a-5ee07899e8cd,0.5841647386550903,False,11.129000000437372
transfusion-retrieval-v3,sha256:5fc6a9a0d5ff5721954fad8f2855c204301e59ef0b28a91d8d9bdbaf48cb659b,4,chromadb,TF007,temporal,True,False,10,8,9c5f18b5-9491-4cb2-9eba-9a0d2462f8bb,0.5841647386550903,False,11.129000000437372
transfusion-retrieval-v3,sha256:5fc6a9a0d5ff5721954fad8f2855c204301e59ef0b28a91d8d9bdbaf48cb659b,4,chromadb,TF007,temporal,True,False,10,9,635840ee-2aa9-43b0-86b4-74229536c495,0.5841647386550903,False,11.129000000437372
transfusion-retrieval-v3,sha256:5fc6a9a0d5ff5721954fad8f2855c204301e59ef0b28a91d8d9bdbaf48cb659b,4,chromadb,TF007,temporal,True,False,10,10,e9ad4f9e-f150-4d2b-b7cd-20a8a3327864,0.5841647386550903,False,11.129000000437372
transfusion-retrieval-v3,sha256:5fc6a9a0d5ff5721954fad8f2855c204301e59ef0b28a91d8d9bdbaf48cb659b,4,chromadb,TF008,product_specific,True,False,1,1,4797ba3b-c3d9-4d11-be5f-86db44dbda83,0.7803806066513062,False,10.264299999107607
transfusion-retrieval-v3,sha256:5fc6a9a0d5ff5721954fad8f2855c204301e59ef0b28a91d8d9bdbaf48cb659b,4,chromadb,TF008,product_specific,True,False,3,1,4797ba3b-c3d9-4d11-be5f-86db44dbda83,0.7803806066513062,False,10.264299999107607
transfusion-retrieval-v3,sha256:5fc6a9a0d5ff5721954fad8f2855c204301e59ef0b28a91d8d9bdbaf48cb659b,4,chromadb,TF008,product_specific,True,False,3,2,10537058-d160-4786-a6cf-95de46d7189c,0.7763928771018982,False,10.264299999107607
transfusion-retrieval-v3,sha256:5fc6a9a0d5ff5721954fad8f2855c204301e59ef0b28a91d8d9bdbaf48cb659b,4,chromadb,TF008,product_specific,True,False,3,3,66dba192-bac5-4b3a-bd4d-77e9eacb4192,0.7442080974578857,False,10.264299999107607
transfusion-retrieval-v3,sha256:5fc6a9a0d5ff5721954fad8f2855c204301e59ef0b28a91d8d9bdbaf48cb659b,4,chromadb,TF008,product_specific,True,False,5,1,4797ba3b-c3d9-4d11-be5f-86db44dbda83,0.7803806066513062,False,10.264299999107607
transfusion-retrieval-v3,sha256:5fc6a9a0d5ff5721954fad8f2855c204301e59ef0b28a91d8d9bdbaf48cb659b,4,chromadb,TF008,product_specific,True,False,5,2,10537058-d160-4786-a6cf-95de46d7189c,0.7763928771018982,False,10.264299999107607
transfusion-retrieval-v3,sha256:5fc6a9a0d5ff5721954fad8f2855c204301e59ef0b28a91d8d9bdbaf48cb659b,4,chromadb,TF008,product_specific,True,False,5,3,66dba192-bac5-4b3a-bd4d-77e9eacb4192,0.7442080974578857,False,10.264299999107607
transfusion-retrieval-v3,sha256:5fc6a9a0d5ff5721954fad8f2855c204301e59ef0b28a91d8d9bdbaf48cb659b,4,chromadb,TF008,product_specific,True,False,5,4,63cb7040-3526-4f6f-9f88-e295bbe5edaf,0.7381162643432617,False,10.264299999107607
transfusion-retrieval-v3,sha256:5fc6a9a0d5ff5721954fad8f2855c204301e59ef0b28a91d8d9bdbaf48cb659b,4,chromadb,TF008,product_specific,True,False,5,5,ee8c2027-ad6d-4bb7-8077-5e4c42be1cc3,0.7177135944366455,False,10.264299999107607
transfusion-retrieval-v3,sha256:5fc6a9a0d5ff5721954fad8f2855c204301e59ef0b28a91d8d9bdbaf48cb659b,4,chromadb,TF008,product_specific,True,False,10,1,4797ba3b-c3d9-4d11-be5f-86db44dbda83,0.7803806066513062,False,10.264299999107607
transfusion-retrieval-v3,sha256:5fc6a9a0d5ff5721954fad8f2855c204301e59ef0b28a91d8d9bdbaf48cb659b,4,chromadb,TF008,product_specific,True,False,10,2,10537058-d160-4786-a6cf-95de46d7189c,0.7763928771018982,False,10.264299999107607
transfusion-retrieval-v3,sha256:5fc6a9a0d5ff5721954fad8f2855c204301e59ef0b28a91d8d9bdbaf48cb659b,4,chromadb,TF008,product_specific,True,False,10,3,66dba192-bac5-4b3a-bd4d-77e9eacb4192,0.7442080974578857,False,10.264299999107607
transfusion-retrieval-v3,sha256:5fc6a9a0d5ff5721954fad8f2855c204301e59ef0b28a91d8d9bdbaf48cb659b,4,chromadb,TF008,product_specific,True,False,10,4,63cb7040-3526-4f6f-9f88-e295bbe5edaf,0.7381162643432617,False,10.264299999107607
transfusion-retrieval-v3,sha256:5fc6a9a0d5ff5721954fad8f2855c204301e59ef0b28a91d8d9bdbaf48cb659b,4,chromadb,TF008,product_specific,True,False,10,5,ee8c2027-ad6d-4bb7-8077-5e4c42be1cc3,0.7177135944366455,False,10.264299999107607
transfusion-retrieval-v3,sha256:5fc6a9a0d5ff5721954fad8f2855c204301e59ef0b28a91d8d9bdbaf48cb659b,4,chromadb,TF008,product_specific,True,False,10,6,e96acbc9-66b4-4df4-953b-3f7b0a846bbc,0.7117804288864136,True,10.264299999107607
transfusion-retrieval-v3,sha256:5fc6a9a0d5ff5721954fad8f2855c204301e59ef0b28a91d8d9bdbaf48cb659b,4,chromadb,TF008,product_specific,True,False,10,7,843aa4c8-3ffd-4747-97eb-8699b0a0eeaf,0.7117459774017334,False,10.264299999107607
transfusion-retrieval-v3,sha256:5fc6a9a0d5ff5721954fad8f2855c204301e59ef0b28a91d8d9bdbaf48cb659b,4,chromadb,TF008,product_specific,True,False,10,8,59d57c8a-c9d7-4f8d-b9a1-a2816f1f01f7,0.693236231803894,False,10.264299999107607
transfusion-retrieval-v3,sha256:5fc6a9a0d5ff5721954fad8f2855c204301e59ef0b28a91d8d9bdbaf48cb659b,4,chromadb,TF008,product_specific,True,False,10,9,e62b0c91-ff0c-43b2-9bd5-ff173d9f8bc0,0.6881363391876221,False,10.264299999107607
transfusion-retrieval-v3,sha256:5fc6a9a0d5ff5721954fad8f2855c204301e59ef0b28a91d8d9bdbaf48cb659b,4,chromadb,TF008,product_specific,True,False,10,10,f9eb1471-4566-4c09-a18e-9f3d84a47e9c,0.6813487410545349,False,10.264299999107607
transfusion-retrieval-v3,sha256:5fc6a9a0d5ff5721954fad8f2855c204301e59ef0b28a91d8d9bdbaf48cb659b,4,chromadb,TF009,product_specific,True,False,1,1,66dba192-bac5-4b3a-bd4d-77e9eacb4192,0.7877829670906067,False,10.791599999720347
transfusion-retrieval-v3,sha256:5fc6a9a0d5ff5721954fad8f2855c204301e59ef0b28a91d8d9bdbaf48cb659b,4,chromadb,TF009,product_specific,True,False,3,1,66dba192-bac5-4b3a-bd4d-77e9eacb4192,0.7877829670906067,False,10.791599999720347
transfusion-retrieval-v3,sha256:5fc6a9a0d5ff5721954fad8f2855c204301e59ef0b28a91d8d9bdbaf48cb659b,4,chromadb,TF009,product_specific,True,False,3,2,4797ba3b-c3d9-4d11-be5f-86db44dbda83,0.777899980545044,False,10.791599999720347
transfusion-retrieval-v3,sha256:5fc6a9a0d5ff5721954fad8f2855c204301e59ef0b28a91d8d9bdbaf48cb659b,4,chromadb,TF009,product_specific,True,False,3,3,63cb7040-3526-4f6f-9f88-e295bbe5edaf,0.7751435041427612,False,10.791599999720347
transfusion-retrieval-v3,sha256:5fc6a9a0d5ff5721954fad8f2855c204301e59ef0b28a91d8d9bdbaf48cb659b,4,chromadb,TF009,product_specific,True,False,5,1,66dba192-bac5-4b3a-bd4d-77e9eacb4192,0.7877829670906067,False,10.791599999720347
transfusion-retrieval-v3,sha256:5fc6a9a0d5ff5721954fad8f2855c204301e59ef0b28a91d8d9bdbaf48cb659b,4,chromadb,TF009,product_specific,True,False,5,2,4797ba3b-c3d9-4d11-be5f-86db44dbda83,0.777899980545044,False,10.791599999720347
transfusion-retrieval-v3,sha256:5fc6a9a0d5ff5721954fad8f2855c204301e59ef0b28a91d8d9bdbaf48cb659b,4,chromadb,TF009,product_specific,True,False,5,3,63cb7040-3526-4f6f-9f88-e295bbe5edaf,0.7751435041427612,False,10.791599999720347
transfusion-retrieval-v3,sha256:5fc6a9a0d5ff5721954fad8f2855c204301e59ef0b28a91d8d9bdbaf48cb659b,4,chromadb,TF009,product_specific,True,False,5,4,843aa4c8-3ffd-4747-97eb-8699b0a0eeaf,0.7592827677726746,False,10.791599999720347
transfusion-retrieval-v3,sha256:5fc6a9a0d5ff5721954fad8f2855c204301e59ef0b28a91d8d9bdbaf48cb659b,4,chromadb,TF009,product_specific,True,False,5,5,10537058-d160-4786-a6cf-95de46d7189c,0.7495498061180115,False,10.791599999720347
transfusion-retrieval-v3,sha256:5fc6a9a0d5ff5721954fad8f2855c204301e59ef0b28a91d8d9bdbaf48cb659b,4,chromadb,TF009,product_specific,True,False,10,1,66dba192-bac5-4b3a-bd4d-77e9eacb4192,0.7877829670906067,False,10.791599999720347
transfusion-retrieval-v3,sha256:5fc6a9a0d5ff5721954fad8f2855c204301e59ef0b28a91d8d9bdbaf48cb659b,4,chromadb,TF009,product_specific,True,False,10,2,4797ba3b-c3d9-4d11-be5f-86db44dbda83,0.777899980545044,False,10.791599999720347
transfusion-retrieval-v3,sha256:5fc6a9a0d5ff5721954fad8f2855c204301e59ef0b28a91d8d9bdbaf48cb659b,4,chromadb,TF009,product_specific,True,False,10,3,63cb7040-3526-4f6f-9f88-e295bbe5edaf,0.7751435041427612,False,10.791599999720347
transfusion-retrieval-v3,sha256:5fc6a9a0d5ff5721954fad8f2855c204301e59ef0b28a91d8d9bdbaf48cb659b,4,chromadb,TF009,product_specific,True,False,10,4,843aa4c8-3ffd-4747-97eb-8699b0a0eeaf,0.7592827677726746,False,10.791599999720347
transfusion-retrieval-v3,sha256:5fc6a9a0d5ff5721954fad8f2855c204301e59ef0b28a91d8d9bdbaf48cb659b,4,chromadb,TF009,product_specific,True,False,10,5,10537058-d160-4786-a6cf-95de46d7189c,0.7495498061180115,False,10.791599999720347
transfusion-retrieval-v3,sha256:5fc6a9a0d5ff5721954fad8f2855c204301e59ef0b28a91d8d9bdbaf48cb659b,4,chromadb,TF009,product_specific,True,False,10,6,59d57c8a-c9d7-4f8d-b9a1-a2816f1f01f7,0.7444852590560913,False,10.791599999720347
transfusion-retrieval-v3,sha256:5fc6a9a0d5ff5721954fad8f2855c204301e59ef0b28a91d8d9bdbaf48cb659b,4,chromadb,TF009,product_specific,True,False,10,7,e62b0c91-ff0c-43b2-9bd5-ff173d9f8bc0,0.7353490591049194,False,10.791599999720347
transfusion-retrieval-v3,sha256:5fc6a9a0d5ff5721954fad8f2855c204301e59ef0b28a91d8d9bdbaf48cb659b,4,chromadb,TF009,product_specific,True,False,10,8,602c933f-0b8f-4533-87a5-f27ecd5f2af9,0.7291387319564819,False,10.791599999720347
transfusion-retrieval-v3,sha256:5fc6a9a0d5ff5721954fad8f2855c204301e59ef0b28a91d8d9bdbaf48cb659b,4,chromadb,TF009,product_specific,True,False,10,9,16efaa44-1554-4748-8407-48fac0bced94,0.7105731964111328,False,10.791599999720347
transfusion-retrieval-v3,sha256:5fc6a9a0d5ff5721954fad8f2855c204301e59ef0b28a91d8d9bdbaf48cb659b,4,chromadb,TF009,product_specific,True,False,10,10,d9a4a9c8-fbd4-41f2-bab6-6abd72575204,0.6825986504554749,False,10.791599999720347
transfusion-retrieval-v3,sha256:5fc6a9a0d5ff5721954fad8f2855c204301e59ef0b28a91d8d9bdbaf48cb659b,4,chromadb,TF010,product_specific,True,False,1,1,f1611d72-8c47-41f8-bfee-99d5ffdfe12a,0.49460577964782715,False,13.930799999798182
transfusion-retrieval-v3,sha256:5fc6a9a0d5ff5721954fad8f2855c204301e59ef0b28a91d8d9bdbaf48cb659b,4,chromadb,TF010,product_specific,True,False,3,1,f1611d72-8c47-41f8-bfee-99d5ffdfe12a,0.49460577964782715,False,13.930799999798182
transfusion-retrieval-v3,sha256:5fc6a9a0d5ff5721954fad8f2855c204301e59ef0b28a91d8d9bdbaf48cb659b,4,chromadb,TF010,product_specific,True,False,3,2,4797ba3b-c3d9-4d11-be5f-86db44dbda83,0.37603944540023804,False,13.930799999798182
transfusion-retrieval-v3,sha256:5fc6a9a0d5ff5721954fad8f2855c204301e59ef0b28a91d8d9bdbaf48cb659b,4,chromadb,TF010,product_specific,True,False,3,3,761b9529-5b18-4262-8174-6062c35fb31c,0.3282490372657776,False,13.930799999798182
transfusion-retrieval-v3,sha256:5fc6a9a0d5ff5721954fad8f2855c204301e59ef0b28a91d8d9bdbaf48cb659b,4,chromadb,TF010,product_specific,True,False,5,1,f1611d72-8c47-41f8-bfee-99d5ffdfe12a,0.49460577964782715,False,13.930799999798182
transfusion-retrieval-v3,sha256:5fc6a9a0d5ff5721954fad8f2855c204301e59ef0b28a91d8d9bdbaf48cb659b,4,chromadb,TF010,product_specific,True,False,5,2,4797ba3b-c3d9-4d11-be5f-86db44dbda83,0.37603944540023804,False,13.930799999798182
transfusion-retrieval-v3,sha256:5fc6a9a0d5ff5721954fad8f2855c204301e59ef0b28a91d8d9bdbaf48cb659b,4,chromadb,TF010,product_specific,True,False,5,3,761b9529-5b18-4262-8174-6062c35fb31c,0.3282490372657776,False,13.930799999798182
transfusion-retrieval-v3,sha256:5fc6a9a0d5ff5721954fad8f2855c204301e59ef0b28a91d8d9bdbaf48cb659b,4,chromadb,TF010,product_specific,True,False,5,4,9131e9a9-eff3-4f4e-a20b-4bdd456c35bc,0.32232850790023804,True,13.930799999798182
transfusion-retrieval-v3,sha256:5fc6a9a0d5ff5721954fad8f2855c204301e59ef0b28a91d8d9bdbaf48cb659b,4,chromadb,TF010,product_specific,True,False,5,5,d9a4a9c8-fbd4-41f2-bab6-6abd72575204,0.3216429352760315,False,13.930799999798182
transfusion-retrieval-v3,sha256:5fc6a9a0d5ff5721954fad8f2855c204301e59ef0b28a91d8d9bdbaf48cb659b,4,chromadb,TF010,product_specific,True,False,10,1,f1611d72-8c47-41f8-bfee-99d5ffdfe12a,0.49460577964782715,False,13.930799999798182
transfusion-retrieval-v3,sha256:5fc6a9a0d5ff5721954fad8f2855c204301e59ef0b28a91d8d9bdbaf48cb659b,4,chromadb,TF010,product_specific,True,False,10,2,4797ba3b-c3d9-4d11-be5f-86db44dbda83,0.37603944540023804,False,13.930799999798182
transfusion-retrieval-v3,sha256:5fc6a9a0d5ff5721954fad8f2855c204301e59ef0b28a91d8d9bdbaf48cb659b,4,chromadb,TF010,product_specific,True,False,10,3,761b9529-5b18-4262-8174-6062c35fb31c,0.3282490372657776,False,13.930799999798182
transfusion-retrieval-v3,sha256:5fc6a9a0d5ff5721954fad8f2855c204301e59ef0b28a91d8d9bdbaf48cb659b,4,chromadb,TF010,product_specific,True,False,10,4,9131e9a9-eff3-4f4e-a20b-4bdd456c35bc,0.32232850790023804,True,13.930799999798182
transfusion-retrieval-v3,sha256:5fc6a9a0d5ff5721954fad8f2855c204301e59ef0b28a91d8d9bdbaf48cb659b,4,chromadb,TF010,product_specific,True,False,10,5,d9a4a9c8-fbd4-41f2-bab6-6abd72575204,0.3216429352760315,False,13.930799999798182
transfusion-retrieval-v3,sha256:5fc6a9a0d5ff5721954fad8f2855c204301e59ef0b28a91d8d9bdbaf48cb659b,4,chromadb,TF010,product_specific,True,False,10,6,17e22a4e-78d9-4607-b75b-151e52cc4d20,0.32010817527770996,False,13.930799999798182
transfusion-retrieval-v3,sha256:5fc6a9a0d5ff5721954fad8f2855c204301e59ef0b28a91d8d9bdbaf48cb659b,4,chromadb,TF010,product_specific,True,False,10,7,e4892114-b8eb-4f39-a7c4-427217039236,0.32010817527770996,False,13.930799999798182
transfusion-retrieval-v3,sha256:5fc6a9a0d5ff5721954fad8f2855c204301e59ef0b28a91d8d9bdbaf48cb659b,4,chromadb,TF010,product_specific,True,False,10,8,c141d593-8af3-43e4-b0a9-f60c7c49da12,0.32010817527770996,False,13.930799999798182
transfusion-retrieval-v3,sha256:5fc6a9a0d5ff5721954fad8f2855c204301e59ef0b28a91d8d9bdbaf48cb659b,4,chromadb,TF010,product_specific,True,False,10,9,756d12b3-7bab-48b3-86c9-f2911e308f0e,0.32010817527770996,False,13.930799999798182
transfusion-retrieval-v3,sha256:5fc6a9a0d5ff5721954fad8f2855c204301e59ef0b28a91d8d9bdbaf48cb659b,4,chromadb,TF010,product_specific,True,False,10,10,e9ad4f9e-f150-4d2b-b7cd-20a8a3327864,0.32010817527770996,False,13.930799999798182
transfusion-retrieval-v3,sha256:5fc6a9a0d5ff5721954fad8f2855c204301e59ef0b28a91d8d9bdbaf48cb659b,4,chromadb,TF011,paraphrase,True,False,1,1,63cb7040-3526-4f6f-9f88-e295bbe5edaf,0.8015379905700684,False,15.737300000182586
transfusion-retrieval-v3,sha256:5fc6a9a0d5ff5721954fad8f2855c204301e59ef0b28a91d8d9bdbaf48cb659b,4,chromadb,TF011,paraphrase,True,False,3,1,63cb7040-3526-4f6f-9f88-e295bbe5edaf,0.8015379905700684,False,15.737300000182586
transfusion-retrieval-v3,sha256:5fc6a9a0d5ff5721954fad8f2855c204301e59ef0b28a91d8d9bdbaf48cb659b,4,chromadb,TF011,paraphrase,True,False,3,2,16efaa44-1554-4748-8407-48fac0bced94,0.6947489976882935,False,15.737300000182586
transfusion-retrieval-v3,sha256:5fc6a9a0d5ff5721954fad8f2855c204301e59ef0b28a91d8d9bdbaf48cb659b,4,chromadb,TF011,paraphrase,True,False,3,3,fb4884e3-8fea-42fa-b996-7e9c333e7fef,0.6299631595611572,False,15.737300000182586
transfusion-retrieval-v3,sha256:5fc6a9a0d5ff5721954fad8f2855c204301e59ef0b28a91d8d9bdbaf48cb659b,4,chromadb,TF011,paraphrase,True,False,5,1,63cb7040-3526-4f6f-9f88-e295bbe5edaf,0.8015379905700684,False,15.737300000182586
transfusion-retrieval-v3,sha256:5fc6a9a0d5ff5721954fad8f2855c204301e59ef0b28a91d8d9bdbaf48cb659b,4,chromadb,TF011,paraphrase,True,False,5,2,16efaa44-1554-4748-8407-48fac0bced94,0.6947489976882935,False,15.737300000182586
transfusion-retrieval-v3,sha256:5fc6a9a0d5ff5721954fad8f2855c204301e59ef0b28a91d8d9bdbaf48cb659b,4,chromadb,TF011,paraphrase,True,False,5,3,fb4884e3-8fea-42fa-b996-7e9c333e7fef,0.6299631595611572,False,15.737300000182586
transfusion-retrieval-v3,sha256:5fc6a9a0d5ff5721954fad8f2855c204301e59ef0b28a91d8d9bdbaf48cb659b,4,chromadb,TF011,paraphrase,True,False,5,4,e4892114-b8eb-4f39-a7c4-427217039236,0.6299631595611572,False,15.737300000182586
transfusion-retrieval-v3,sha256:5fc6a9a0d5ff5721954fad8f2855c204301e59ef0b28a91d8d9bdbaf48cb659b,4,chromadb,TF011,paraphrase,True,False,5,5,9c5f18b5-9491-4cb2-9eba-9a0d2462f8bb,0.6299631595611572,False,15.737300000182586
transfusion-retrieval-v3,sha256:5fc6a9a0d5ff5721954fad8f2855c204301e59ef0b28a91d8d9bdbaf48cb659b,4,chromadb,TF011,paraphrase,True,False,10,1,63cb7040-3526-4f6f-9f88-e295bbe5edaf,0.8015379905700684,False,15.737300000182586
transfusion-retrieval-v3,sha256:5fc6a9a0d5ff5721954fad8f2855c204301e59ef0b28a91d8d9bdbaf48cb659b,4,chromadb,TF011,paraphrase,True,False,10,2,16efaa44-1554-4748-8407-48fac0bced94,0.6947489976882935,False,15.737300000182586
transfusion-retrieval-v3,sha256:5fc6a9a0d5ff5721954fad8f2855c204301e59ef0b28a91d8d9bdbaf48cb659b,4,chromadb,TF011,paraphrase,True,False,10,3,fb4884e3-8fea-42fa-b996-7e9c333e7fef,0.6299631595611572,False,15.737300000182586
transfusion-retrieval-v3,sha256:5fc6a9a0d5ff5721954fad8f2855c204301e59ef0b28a91d8d9bdbaf48cb659b,4,chromadb,TF011,paraphrase,True,False,10,4,e4892114-b8eb-4f39-a7c4-427217039236,0.6299631595611572,False,15.737300000182586
transfusion-retrieval-v3,sha256:5fc6a9a0d5ff5721954fad8f2855c204301e59ef0b28a91d8d9bdbaf48cb659b,4,chromadb,TF011,paraphrase,True,False,10,5,9c5f18b5-9491-4cb2-9eba-9a0d2462f8bb,0.6299631595611572,False,15.737300000182586
transfusion-retrieval-v3,sha256:5fc6a9a0d5ff5721954fad8f2855c204301e59ef0b28a91d8d9bdbaf48cb659b,4,chromadb,TF011,paraphrase,True,False,10,6,c141d593-8af3-43e4-b0a9-f60c7c49da12,0.6299631595611572,False,15.737300000182586
transfusion-retrieval-v3,sha256:5fc6a9a0d5ff5721954fad8f2855c204301e59ef0b28a91d8d9bdbaf48cb659b,4,chromadb,TF011,paraphrase,True,False,10,7,635840ee-2aa9-43b0-86b4-74229536c495,0.6299631595611572,False,15.737300000182586
transfusion-retrieval-v3,sha256:5fc6a9a0d5ff5721954fad8f2855c204301e59ef0b28a91d8d9bdbaf48cb659b,4,chromadb,TF011,paraphrase,True,False,10,8,cf1adf23-d1e1-4e53-990c-b241ad636d39,0.6299631595611572,False,15.737300000182586
transfusion-retrieval-v3,sha256:5fc6a9a0d5ff5721954fad8f2855c204301e59ef0b28a91d8d9bdbaf48cb659b,4,chromadb,TF011,paraphrase,True,False,10,9,756d12b3-7bab-48b3-86c9-f2911e308f0e,0.6299631595611572,False,15.737300000182586
transfusion-retrieval-v3,sha256:5fc6a9a0d5ff5721954fad8f2855c204301e59ef0b28a91d8d9bdbaf48cb659b,4,chromadb,TF011,paraphrase,True,False,10,10,e9ad4f9e-f150-4d2b-b7cd-20a8a3327864,0.6299631595611572,False,15.737300000182586
transfusion-retrieval-v3,sha256:5fc6a9a0d5ff5721954fad8f2855c204301e59ef0b28a91d8d9bdbaf48cb659b,4,chromadb,TF012,product_specific,True,False,1,1,63cb7040-3526-4f6f-9f88-e295bbe5edaf,0.77192223072052,False,17.600899998797104
transfusion-retrieval-v3,sha256:5fc6a9a0d5ff5721954fad8f2855c204301e59ef0b28a91d8d9bdbaf48cb659b,4,chromadb,TF012,product_specific,True,False,3,1,63cb7040-3526-4f6f-9f88-e295bbe5edaf,0.77192223072052,False,17.600899998797104
transfusion-retrieval-v3,sha256:5fc6a9a0d5ff5721954fad8f2855c204301e59ef0b28a91d8d9bdbaf48cb659b,4,chromadb,TF012,product_specific,True,False,3,2,16efaa44-1554-4748-8407-48fac0bced94,0.7550902962684631,False,17.600899998797104
transfusion-retrieval-v3,sha256:5fc6a9a0d5ff5721954fad8f2855c204301e59ef0b28a91d8d9bdbaf48cb659b,4,chromadb,TF012,product_specific,True,False,3,3,2cea4ea7-7aaf-4c54-ac4e-b660de52065d,0.6658574938774109,False,17.600899998797104
transfusion-retrieval-v3,sha256:5fc6a9a0d5ff5721954fad8f2855c204301e59ef0b28a91d8d9bdbaf48cb659b,4,chromadb,TF012,product_specific,True,False,5,1,63cb7040-3526-4f6f-9f88-e295bbe5edaf,0.77192223072052,False,17.600899998797104
transfusion-retrieval-v3,sha256:5fc6a9a0d5ff5721954fad8f2855c204301e59ef0b28a91d8d9bdbaf48cb659b,4,chromadb,TF012,product_specific,True,False,5,2,16efaa44-1554-4748-8407-48fac0bced94,0.7550902962684631,False,17.600899998797104
transfusion-retrieval-v3,sha256:5fc6a9a0d5ff5721954fad8f2855c204301e59ef0b28a91d8d9bdbaf48cb659b,4,chromadb,TF012,product_specific,True,False,5,3,2cea4ea7-7aaf-4c54-ac4e-b660de52065d,0.6658574938774109,False,17.600899998797104
transfusion-retrieval-v3,sha256:5fc6a9a0d5ff5721954fad8f2855c204301e59ef0b28a91d8d9bdbaf48cb659b,4,chromadb,TF012,product_specific,True,False,5,4,10537058-d160-4786-a6cf-95de46d7189c,0.6156712770462036,False,17.600899998797104
transfusion-retrieval-v3,sha256:5fc6a9a0d5ff5721954fad8f2855c204301e59ef0b28a91d8d9bdbaf48cb659b,4,chromadb,TF012,product_specific,True,False,5,5,4797ba3b-c3d9-4d11-be5f-86db44dbda83,0.6064194440841675,False,17.600899998797104
transfusion-retrieval-v3,sha256:5fc6a9a0d5ff5721954fad8f2855c204301e59ef0b28a91d8d9bdbaf48cb659b,4,chromadb,TF012,product_specific,True,False,10,1,63cb7040-3526-4f6f-9f88-e295bbe5edaf,0.77192223072052,False,17.600899998797104
transfusion-retrieval-v3,sha256:5fc6a9a0d5ff5721954fad8f2855c204301e59ef0b28a91d8d9bdbaf48cb659b,4,chromadb,TF012,product_specific,True,False,10,2,16efaa44-1554-4748-8407-48fac0bced94,0.7550902962684631,False,17.600899998797104
transfusion-retrieval-v3,sha256:5fc6a9a0d5ff5721954fad8f2855c204301e59ef0b28a91d8d9bdbaf48cb659b,4,chromadb,TF012,product_specific,True,False,10,3,2cea4ea7-7aaf-4c54-ac4e-b660de52065d,0.6658574938774109,False,17.600899998797104
transfusion-retrieval-v3,sha256:5fc6a9a0d5ff5721954fad8f2855c204301e59ef0b28a91d8d9bdbaf48cb659b,4,chromadb,TF012,product_specific,True,False,10,4,10537058-d160-4786-a6cf-95de46d7189c,0.6156712770462036,False,17.600899998797104
transfusion-retrieval-v3,sha256:5fc6a9a0d5ff5721954fad8f2855c204301e59ef0b28a91d8d9bdbaf48cb659b,4,chromadb,TF012,product_specific,True,False,10,5,4797ba3b-c3d9-4d11-be5f-86db44dbda83,0.6064194440841675,False,17.600899998797104
transfusion-retrieval-v3,sha256:5fc6a9a0d5ff5721954fad8f2855c204301e59ef0b28a91d8d9bdbaf48cb659b,4,chromadb,TF012,product_specific,True,False,10,6,bc88f538-e881-4c81-85e9-fca20614315d,0.5946832895278931,True,17.600899998797104
transfusion-retrieval-v3,sha256:5fc6a9a0d5ff5721954fad8f2855c204301e59ef0b28a91d8d9bdbaf48cb659b,4,chromadb,TF012,product_specific,True,False,10,7,59d57c8a-c9d7-4f8d-b9a1-a2816f1f01f7,0.5916811227798462,False,17.600899998797104
transfusion-retrieval-v3,sha256:5fc6a9a0d5ff5721954fad8f2855c204301e59ef0b28a91d8d9bdbaf48cb659b,4,chromadb,TF012,product_specific,True,False,10,8,602c933f-0b8f-4533-87a5-f27ecd5f2af9,0.5844029188156128,False,17.600899998797104
transfusion-retrieval-v3,sha256:5fc6a9a0d5ff5721954fad8f2855c204301e59ef0b28a91d8d9bdbaf48cb659b,4,chromadb,TF012,product_specific,True,False,10,9,761b9529-5b18-4262-8174-6062c35fb31c,0.5625250935554504,False,17.600899998797104
transfusion-retrieval-v3,sha256:5fc6a9a0d5ff5721954fad8f2855c204301e59ef0b28a91d8d9bdbaf48cb659b,4,chromadb,TF012,product_specific,True,False,10,10,756d12b3-7bab-48b3-86c9-f2911e308f0e,0.543818473815918,False,17.600899998797104
transfusion-retrieval-v3,sha256:5fc6a9a0d5ff5721954fad8f2855c204301e59ef0b28a91d8d9bdbaf48cb659b,4,chromadb,TF013,product_specific,True,False,1,1,bc88f538-e881-4c81-85e9-fca20614315d,0.8282928466796875,False,11.855999999170308
transfusion-retrieval-v3,sha256:5fc6a9a0d5ff5721954fad8f2855c204301e59ef0b28a91d8d9bdbaf48cb659b,4,chromadb,TF013,product_specific,True,False,3,1,bc88f538-e881-4c81-85e9-fca20614315d,0.8282928466796875,False,11.855999999170308
transfusion-retrieval-v3,sha256:5fc6a9a0d5ff5721954fad8f2855c204301e59ef0b28a91d8d9bdbaf48cb659b,4,chromadb,TF013,product_specific,True,False,3,2,2cea4ea7-7aaf-4c54-ac4e-b660de52065d,0.808372974395752,False,11.855999999170308
transfusion-retrieval-v3,sha256:5fc6a9a0d5ff5721954fad8f2855c204301e59ef0b28a91d8d9bdbaf48cb659b,4,chromadb,TF013,product_specific,True,False,3,3,21efe016-3004-45f3-a070-29ce2ecb0019,0.7172494530677795,False,11.855999999170308
transfusion-retrieval-v3,sha256:5fc6a9a0d5ff5721954fad8f2855c204301e59ef0b28a91d8d9bdbaf48cb659b,4,chromadb,TF013,product_specific,True,False,5,1,bc88f538-e881-4c81-85e9-fca20614315d,0.8282928466796875,False,11.855999999170308
transfusion-retrieval-v3,sha256:5fc6a9a0d5ff5721954fad8f2855c204301e59ef0b28a91d8d9bdbaf48cb659b,4,chromadb,TF013,product_specific,True,False,5,2,2cea4ea7-7aaf-4c54-ac4e-b660de52065d,0.808372974395752,False,11.855999999170308
transfusion-retrieval-v3,sha256:5fc6a9a0d5ff5721954fad8f2855c204301e59ef0b28a91d8d9bdbaf48cb659b,4,chromadb,TF013,product_specific,True,False,5,3,21efe016-3004-45f3-a070-29ce2ecb0019,0.7172494530677795,False,11.855999999170308
transfusion-retrieval-v3,sha256:5fc6a9a0d5ff5721954fad8f2855c204301e59ef0b28a91d8d9bdbaf48cb659b,4,chromadb,TF013,product_specific,True,False,5,4,16efaa44-1554-4748-8407-48fac0bced94,0.6905303597450256,False,11.855999999170308
transfusion-retrieval-v3,sha256:5fc6a9a0d5ff5721954fad8f2855c204301e59ef0b28a91d8d9bdbaf48cb659b,4,chromadb,TF013,product_specific,True,False,5,5,66dba192-bac5-4b3a-bd4d-77e9eacb4192,0.6653029322624207,False,11.855999999170308
transfusion-retrieval-v3,sha256:5fc6a9a0d5ff5721954fad8f2855c204301e59ef0b28a91d8d9bdbaf48cb659b,4,chromadb,TF013,product_specific,True,False,10,1,bc88f538-e881-4c81-85e9-fca20614315d,0.8282928466796875,False,11.855999999170308
transfusion-retrieval-v3,sha256:5fc6a9a0d5ff5721954fad8f2855c204301e59ef0b28a91d8d9bdbaf48cb659b,4,chromadb,TF013,product_specific,True,False,10,2,2cea4ea7-7aaf-4c54-ac4e-b660de52065d,0.808372974395752,False,11.855999999170308
transfusion-retrieval-v3,sha256:5fc6a9a0d5ff5721954fad8f2855c204301e59ef0b28a91d8d9bdbaf48cb659b,4,chromadb,TF013,product_specific,True,False,10,3,21efe016-3004-45f3-a070-29ce2ecb0019,0.7172494530677795,False,11.855999999170308
transfusion-retrieval-v3,sha256:5fc6a9a0d5ff5721954fad8f2855c204301e59ef0b28a91d8d9bdbaf48cb659b,4,chromadb,TF013,product_specific,True,False,10,4,16efaa44-1554-4748-8407-48fac0bced94,0.6905303597450256,False,11.855999999170308
transfusion-retrieval-v3,sha256:5fc6a9a0d5ff5721954fad8f2855c204301e59ef0b28a91d8d9bdbaf48cb659b,4,chromadb,TF013,product_specific,True,False,10,5,66dba192-bac5-4b3a-bd4d-77e9eacb4192,0.6653029322624207,False,11.855999999170308
transfusion-retrieval-v3,sha256:5fc6a9a0d5ff5721954fad8f2855c204301e59ef0b28a91d8d9bdbaf48cb659b,4,chromadb,TF013,product_specific,True,False,10,6,b66e5419-8a9c-47f4-866d-ebdb95b174b2,0.6397445201873779,True,11.855999999170308
transfusion-retrieval-v3,sha256:5fc6a9a0d5ff5721954fad8f2855c204301e59ef0b28a91d8d9bdbaf48cb659b,4,chromadb,TF013,product_specific,True,False,10,7,63cb7040-3526-4f6f-9f88-e295bbe5edaf,0.6397399306297302,False,11.855999999170308
transfusion-retrieval-v3,sha256:5fc6a9a0d5ff5721954fad8f2855c204301e59ef0b28a91d8d9bdbaf48cb659b,4,chromadb,TF013,product_specific,True,False,10,8,59d57c8a-c9d7-4f8d-b9a1-a2816f1f01f7,0.6258590221405029,False,11.855999999170308
transfusion-retrieval-v3,sha256:5fc6a9a0d5ff5721954fad8f2855c204301e59ef0b28a91d8d9bdbaf48cb659b,4,chromadb,TF013,product_specific,True,False,10,9,4797ba3b-c3d9-4d11-be5f-86db44dbda83,0.6232512593269348,False,11.855999999170308
transfusion-retrieval-v3,sha256:5fc6a9a0d5ff5721954fad8f2855c204301e59ef0b28a91d8d9bdbaf48cb659b,4,chromadb,TF013,product_specific,True,False,10,10,602c933f-0b8f-4533-87a5-f27ecd5f2af9,0.623050332069397,False,11.855999999170308
transfusion-retrieval-v3,sha256:5fc6a9a0d5ff5721954fad8f2855c204301e59ef0b28a91d8d9bdbaf48cb659b,4,chromadb,TF014,temporal,True,False,1,1,2cea4ea7-7aaf-4c54-ac4e-b660de52065d,0.7685236930847168,False,12.507499999628635
transfusion-retrieval-v3,sha256:5fc6a9a0d5ff5721954fad8f2855c204301e59ef0b28a91d8d9bdbaf48cb659b,4,chromadb,TF014,temporal,True,False,3,1,2cea4ea7-7aaf-4c54-ac4e-b660de52065d,0.7685236930847168,False,12.507499999628635
transfusion-retrieval-v3,sha256:5fc6a9a0d5ff5721954fad8f2855c204301e59ef0b28a91d8d9bdbaf48cb659b,4,chromadb,TF014,temporal,True,False,3,2,21efe016-3004-45f3-a070-29ce2ecb0019,0.7383894920349121,True,12.507499999628635
transfusion-retrieval-v3,sha256:5fc6a9a0d5ff5721954fad8f2855c204301e59ef0b28a91d8d9bdbaf48cb659b,4,chromadb,TF014,temporal,True,False,3,3,bc88f538-e881-4c81-85e9-fca20614315d,0.7319422960281372,False,12.507499999628635
transfusion-retrieval-v3,sha256:5fc6a9a0d5ff5721954fad8f2855c204301e59ef0b28a91d8d9bdbaf48cb659b,4,chromadb,TF014,temporal,True,False,5,1,2cea4ea7-7aaf-4c54-ac4e-b660de52065d,0.7685236930847168,False,12.507499999628635
transfusion-retrieval-v3,sha256:5fc6a9a0d5ff5721954fad8f2855c204301e59ef0b28a91d8d9bdbaf48cb659b,4,chromadb,TF014,temporal,True,False,5,2,21efe016-3004-45f3-a070-29ce2ecb0019,0.7383894920349121,True,12.507499999628635
transfusion-retrieval-v3,sha256:5fc6a9a0d5ff5721954fad8f2855c204301e59ef0b28a91d8d9bdbaf48cb659b,4,chromadb,TF014,temporal,True,False,5,3,bc88f538-e881-4c81-85e9-fca20614315d,0.7319422960281372,False,12.507499999628635
transfusion-retrieval-v3,sha256:5fc6a9a0d5ff5721954fad8f2855c204301e59ef0b28a91d8d9bdbaf48cb659b,4,chromadb,TF014,temporal,True,False,5,4,16efaa44-1554-4748-8407-48fac0bced94,0.7125402688980103,False,12.507499999628635
transfusion-retrieval-v3,sha256:5fc6a9a0d5ff5721954fad8f2855c204301e59ef0b28a91d8d9bdbaf48cb659b,4,chromadb,TF014,temporal,True,False,5,5,b66e5419-8a9c-47f4-866d-ebdb95b174b2,0.7080128192901611,True,12.507499999628635
transfusion-retrieval-v3,sha256:5fc6a9a0d5ff5721954fad8f2855c204301e59ef0b28a91d8d9bdbaf48cb659b,4,chromadb,TF014,temporal,True,False,10,1,2cea4ea7-7aaf-4c54-ac4e-b660de52065d,0.7685236930847168,False,12.507499999628635
transfusion-retrieval-v3,sha256:5fc6a9a0d5ff5721954fad8f2855c204301e59ef0b28a91d8d9bdbaf48cb659b,4,chromadb,TF014,temporal,True,False,10,2,21efe016-3004-45f3-a070-29ce2ecb0019,0.7383894920349121,True,12.507499999628635
transfusion-retrieval-v3,sha256:5fc6a9a0d5ff5721954fad8f2855c204301e59ef0b28a91d8d9bdbaf48cb659b,4,chromadb,TF014,temporal,True,False,10,3,bc88f538-e881-4c81-85e9-fca20614315d,0.7319422960281372,False,12.507499999628635
transfusion-retrieval-v3,sha256:5fc6a9a0d5ff5721954fad8f2855c204301e59ef0b28a91d8d9bdbaf48cb659b,4,chromadb,TF014,temporal,True,False,10,4,16efaa44-1554-4748-8407-48fac0bced94,0.7125402688980103,False,12.507499999628635
transfusion-retrieval-v3,sha256:5fc6a9a0d5ff5721954fad8f2855c204301e59ef0b28a91d8d9bdbaf48cb659b,4,chromadb,TF014,temporal,True,False,10,5,b66e5419-8a9c-47f4-866d-ebdb95b174b2,0.7080128192901611,True,12.507499999628635
transfusion-retrieval-v3,sha256:5fc6a9a0d5ff5721954fad8f2855c204301e59ef0b28a91d8d9bdbaf48cb659b,4,chromadb,TF014,temporal,True,False,10,6,63cb7040-3526-4f6f-9f88-e295bbe5edaf,0.6464880704879761,False,12.507499999628635
transfusion-retrieval-v3,sha256:5fc6a9a0d5ff5721954fad8f2855c204301e59ef0b28a91d8d9bdbaf48cb659b,4,chromadb,TF014,temporal,True,False,10,7,59d57c8a-c9d7-4f8d-b9a1-a2816f1f01f7,0.645916223526001,False,12.507499999628635
transfusion-retrieval-v3,sha256:5fc6a9a0d5ff5721954fad8f2855c204301e59ef0b28a91d8d9bdbaf48cb659b,4,chromadb,TF014,temporal,True,False,10,8,66dba192-bac5-4b3a-bd4d-77e9eacb4192,0.6269832253456116,False,12.507499999628635
transfusion-retrieval-v3,sha256:5fc6a9a0d5ff5721954fad8f2855c204301e59ef0b28a91d8d9bdbaf48cb659b,4,chromadb,TF014,temporal,True,False,10,9,4797ba3b-c3d9-4d11-be5f-86db44dbda83,0.6055699586868286,False,12.507499999628635
transfusion-retrieval-v3,sha256:5fc6a9a0d5ff5721954fad8f2855c204301e59ef0b28a91d8d9bdbaf48cb659b,4,chromadb,TF014,temporal,True,False,10,10,602c933f-0b8f-4533-87a5-f27ecd5f2af9,0.596518874168396,False,12.507499999628635
transfusion-retrieval-v3,sha256:5fc6a9a0d5ff5721954fad8f2855c204301e59ef0b28a91d8d9bdbaf48cb659b,4,chromadb,TF015,product_specific,True,False,1,1,16efaa44-1554-4748-8407-48fac0bced94,0.7269142866134644,False,12.921400000777794
transfusion-retrieval-v3,sha256:5fc6a9a0d5ff5721954fad8f2855c204301e59ef0b28a91d8d9bdbaf48cb659b,4,chromadb,TF015,product_specific,True,False,3,1,16efaa44-1554-4748-8407-48fac0bced94,0.7269142866134644,False,12.921400000777794
transfusion-retrieval-v3,sha256:5fc6a9a0d5ff5721954fad8f2855c204301e59ef0b28a91d8d9bdbaf48cb659b,4,chromadb,TF015,product_specific,True,False,3,2,63cb7040-3526-4f6f-9f88-e295bbe5edaf,0.7170640230178833,False,12.921400000777794
transfusion-retrieval-v3,sha256:5fc6a9a0d5ff5721954fad8f2855c204301e59ef0b28a91d8d9bdbaf48cb659b,4,chromadb,TF015,product_specific,True,False,3,3,2cea4ea7-7aaf-4c54-ac4e-b660de52065d,0.6113945245742798,False,12.921400000777794
transfusion-retrieval-v3,sha256:5fc6a9a0d5ff5721954fad8f2855c204301e59ef0b28a91d8d9bdbaf48cb659b,4,chromadb,TF015,product_specific,True,False,5,1,16efaa44-1554-4748-8407-48fac0bced94,0.7269142866134644,False,12.921400000777794
transfusion-retrieval-v3,sha256:5fc6a9a0d5ff5721954fad8f2855c204301e59ef0b28a91d8d9bdbaf48cb659b,4,chromadb,TF015,product_specific,True,False,5,2,63cb7040-3526-4f6f-9f88-e295bbe5edaf,0.7170640230178833,False,12.921400000777794
transfusion-retrieval-v3,sha256:5fc6a9a0d5ff5721954fad8f2855c204301e59ef0b28a91d8d9bdbaf48cb659b,4,chromadb,TF015,product_specific,True,False,5,3,2cea4ea7-7aaf-4c54-ac4e-b660de52065d,0.6113945245742798,False,12.921400000777794
transfusion-retrieval-v3,sha256:5fc6a9a0d5ff5721954fad8f2855c204301e59ef0b28a91d8d9bdbaf48cb659b,4,chromadb,TF015,product_specific,True,False,5,4,59d57c8a-c9d7-4f8d-b9a1-a2816f1f01f7,0.5702563524246216,False,12.921400000777794
transfusion-retrieval-v3,sha256:5fc6a9a0d5ff5721954fad8f2855c204301e59ef0b28a91d8d9bdbaf48cb659b,4,chromadb,TF015,product_specific,True,False,5,5,eeb8db46-f757-41f1-9ca5-c022f3d4ea3e,0.5650937557220459,False,12.921400000777794
transfusion-retrieval-v3,sha256:5fc6a9a0d5ff5721954fad8f2855c204301e59ef0b28a91d8d9bdbaf48cb659b,4,chromadb,TF015,product_specific,True,False,10,1,16efaa44-1554-4748-8407-48fac0bced94,0.7269142866134644,False,12.921400000777794
transfusion-retrieval-v3,sha256:5fc6a9a0d5ff5721954fad8f2855c204301e59ef0b28a91d8d9bdbaf48cb659b,4,chromadb,TF015,product_specific,True,False,10,2,63cb7040-3526-4f6f-9f88-e295bbe5edaf,0.7170640230178833,False,12.921400000777794
transfusion-retrieval-v3,sha256:5fc6a9a0d5ff5721954fad8f2855c204301e59ef0b28a91d8d9bdbaf48cb659b,4,chromadb,TF015,product_specific,True,False,10,3,2cea4ea7-7aaf-4c54-ac4e-b660de52065d,0.6113945245742798,False,12.921400000777794
transfusion-retrieval-v3,sha256:5fc6a9a0d5ff5721954fad8f2855c204301e59ef0b28a91d8d9bdbaf48cb659b,4,chromadb,TF015,product_specific,True,False,10,4,59d57c8a-c9d7-4f8d-b9a1-a2816f1f01f7,0.5702563524246216,False,12.921400000777794
transfusion-retrieval-v3,sha256:5fc6a9a0d5ff5721954fad8f2855c204301e59ef0b28a91d8d9bdbaf48cb659b,4,chromadb,TF015,product_specific,True,False,10,5,eeb8db46-f757-41f1-9ca5-c022f3d4ea3e,0.5650937557220459,False,12.921400000777794
transfusion-retrieval-v3,sha256:5fc6a9a0d5ff5721954fad8f2855c204301e59ef0b28a91d8d9bdbaf48cb659b,4,chromadb,TF015,product_specific,True,False,10,6,fbb0340e-b19d-43c3-a23a-5ee07899e8cd,0.5650937557220459,False,12.921400000777794
transfusion-retrieval-v3,sha256:5fc6a9a0d5ff5721954fad8f2855c204301e59ef0b28a91d8d9bdbaf48cb659b,4,chromadb,TF015,product_specific,True,False,10,7,e4892114-b8eb-4f39-a7c4-427217039236,0.5650937557220459,False,12.921400000777794
transfusion-retrieval-v3,sha256:5fc6a9a0d5ff5721954fad8f2855c204301e59ef0b28a91d8d9bdbaf48cb659b,4,chromadb,TF015,product_specific,True,False,10,8,635840ee-2aa9-43b0-86b4-74229536c495,0.5650937557220459,False,12.921400000777794
transfusion-retrieval-v3,sha256:5fc6a9a0d5ff5721954fad8f2855c204301e59ef0b28a91d8d9bdbaf48cb659b,4,chromadb,TF015,product_specific,True,False,10,9,756d12b3-7bab-48b3-86c9-f2911e308f0e,0.5650937557220459,False,12.921400000777794
transfusion-retrieval-v3,sha256:5fc6a9a0d5ff5721954fad8f2855c204301e59ef0b28a91d8d9bdbaf48cb659b,4,chromadb,TF015,product_specific,True,False,10,10,e9ad4f9e-f150-4d2b-b7cd-20a8a3327864,0.5650937557220459,False,12.921400000777794
transfusion-retrieval-v3,sha256:5fc6a9a0d5ff5721954fad8f2855c204301e59ef0b28a91d8d9bdbaf48cb659b,4,chromadb,TF016,paraphrase,True,False,1,1,2cea4ea7-7aaf-4c54-ac4e-b660de52065d,0.8324886560440063,False,10.569500000201515
transfusion-retrieval-v3,sha256:5fc6a9a0d5ff5721954fad8f2855c204301e59ef0b28a91d8d9bdbaf48cb659b,4,chromadb,TF016,paraphrase,True,False,3,1,2cea4ea7-7aaf-4c54-ac4e-b660de52065d,0.8324886560440063,False,10.569500000201515
transfusion-retrieval-v3,sha256:5fc6a9a0d5ff5721954fad8f2855c204301e59ef0b28a91d8d9bdbaf48cb659b,4,chromadb,TF016,paraphrase,True,False,3,2,bc88f538-e881-4c81-85e9-fca20614315d,0.8141853213310242,False,10.569500000201515
transfusion-retrieval-v3,sha256:5fc6a9a0d5ff5721954fad8f2855c204301e59ef0b28a91d8d9bdbaf48cb659b,4,chromadb,TF016,paraphrase,True,False,3,3,21efe016-3004-45f3-a070-29ce2ecb0019,0.6745274662971497,False,10.569500000201515
transfusion-retrieval-v3,sha256:5fc6a9a0d5ff5721954fad8f2855c204301e59ef0b28a91d8d9bdbaf48cb659b,4,chromadb,TF016,paraphrase,True,False,5,1,2cea4ea7-7aaf-4c54-ac4e-b660de52065d,0.8324886560440063,False,10.569500000201515
transfusion-retrieval-v3,sha256:5fc6a9a0d5ff5721954fad8f2855c204301e59ef0b28a91d8d9bdbaf48cb659b,4,chromadb,TF016,paraphrase,True,False,5,2,bc88f538-e881-4c81-85e9-fca20614315d,0.8141853213310242,False,10.569500000201515
transfusion-retrieval-v3,sha256:5fc6a9a0d5ff5721954fad8f2855c204301e59ef0b28a91d8d9bdbaf48cb659b,4,chromadb,TF016,paraphrase,True,False,5,3,21efe016-3004-45f3-a070-29ce2ecb0019,0.6745274662971497,False,10.569500000201515
transfusion-retrieval-v3,sha256:5fc6a9a0d5ff5721954fad8f2855c204301e59ef0b28a91d8d9bdbaf48cb659b,4,chromadb,TF016,paraphrase,True,False,5,4,16efaa44-1554-4748-8407-48fac0bced94,0.6633223295211792,False,10.569500000201515
transfusion-retrieval-v3,sha256:5fc6a9a0d5ff5721954fad8f2855c204301e59ef0b28a91d8d9bdbaf48cb659b,4,chromadb,TF016,paraphrase,True,False,5,5,10537058-d160-4786-a6cf-95de46d7189c,0.6529830694198608,False,10.569500000201515
transfusion-retrieval-v3,sha256:5fc6a9a0d5ff5721954fad8f2855c204301e59ef0b28a91d8d9bdbaf48cb659b,4,chromadb,TF016,paraphrase,True,False,10,1,2cea4ea7-7aaf-4c54-ac4e-b660de52065d,0.8324886560440063,False,10.569500000201515
transfusion-retrieval-v3,sha256:5fc6a9a0d5ff5721954fad8f2855c204301e59ef0b28a91d8d9bdbaf48cb659b,4,chromadb,TF016,paraphrase,True,False,10,2,bc88f538-e881-4c81-85e9-fca20614315d,0.8141853213310242,False,10.569500000201515
transfusion-retrieval-v3,sha256:5fc6a9a0d5ff5721954fad8f2855c204301e59ef0b28a91d8d9bdbaf48cb659b,4,chromadb,TF016,paraphrase,True,False,10,3,21efe016-3004-45f3-a070-29ce2ecb0019,0.6745274662971497,False,10.569500000201515
transfusion-retrieval-v3,sha256:5fc6a9a0d5ff5721954fad8f2855c204301e59ef0b28a91d8d9bdbaf48cb659b,4,chromadb,TF016,paraphrase,True,False,10,4,16efaa44-1554-4748-8407-48fac0bced94,0.6633223295211792,False,10.569500000201515
transfusion-retrieval-v3,sha256:5fc6a9a0d5ff5721954fad8f2855c204301e59ef0b28a91d8d9bdbaf48cb659b,4,chromadb,TF016,paraphrase,True,False,10,5,10537058-d160-4786-a6cf-95de46d7189c,0.6529830694198608,False,10.569500000201515
transfusion-retrieval-v3,sha256:5fc6a9a0d5ff5721954fad8f2855c204301e59ef0b28a91d8d9bdbaf48cb659b,4,chromadb,TF016,paraphrase,True,False,10,6,66dba192-bac5-4b3a-bd4d-77e9eacb4192,0.604423999786377,False,10.569500000201515
transfusion-retrieval-v3,sha256:5fc6a9a0d5ff5721954fad8f2855c204301e59ef0b28a91d8d9bdbaf48cb659b,4,chromadb,TF016,paraphrase,True,False,10,7,f9eb1471-4566-4c09-a18e-9f3d84a47e9c,0.6013998985290527,False,10.569500000201515
transfusion-retrieval-v3,sha256:5fc6a9a0d5ff5721954fad8f2855c204301e59ef0b28a91d8d9bdbaf48cb659b,4,chromadb,TF016,paraphrase,True,False,10,8,8f3ed830-3a06-41c6-8b06-cfcf6d36a83c,0.5976983308792114,False,10.569500000201515
transfusion-retrieval-v3,sha256:5fc6a9a0d5ff5721954fad8f2855c204301e59ef0b28a91d8d9bdbaf48cb659b,4,chromadb,TF016,paraphrase,True,False,10,9,b66e5419-8a9c-47f4-866d-ebdb95b174b2,0.5960755348205566,False,10.569500000201515
transfusion-retrieval-v3,sha256:5fc6a9a0d5ff5721954fad8f2855c204301e59ef0b28a91d8d9bdbaf48cb659b,4,chromadb,TF016,paraphrase,True,False,10,10,4c0dde2a-0432-4cb2-ad33-987f5979ff76,0.5953884124755859,True,10.569500000201515
transfusion-retrieval-v3,sha256:5fc6a9a0d5ff5721954fad8f2855c204301e59ef0b28a91d8d9bdbaf48cb659b,4,chromadb,TF017,procedure,True,False,1,1,16efaa44-1554-4748-8407-48fac0bced94,0.7535514831542969,False,11.152299999594106
transfusion-retrieval-v3,sha256:5fc6a9a0d5ff5721954fad8f2855c204301e59ef0b28a91d8d9bdbaf48cb659b,4,chromadb,TF017,procedure,True,False,3,1,16efaa44-1554-4748-8407-48fac0bced94,0.7535514831542969,False,11.152299999594106
transfusion-retrieval-v3,sha256:5fc6a9a0d5ff5721954fad8f2855c204301e59ef0b28a91d8d9bdbaf48cb659b,4,chromadb,TF017,procedure,True,False,3,2,d9a4a9c8-fbd4-41f2-bab6-6abd72575204,0.7443356513977051,False,11.152299999594106
transfusion-retrieval-v3,sha256:5fc6a9a0d5ff5721954fad8f2855c204301e59ef0b28a91d8d9bdbaf48cb659b,4,chromadb,TF017,procedure,True,False,3,3,761b9529-5b18-4262-8174-6062c35fb31c,0.7213929891586304,False,11.152299999594106
transfusion-retrieval-v3,sha256:5fc6a9a0d5ff5721954fad8f2855c204301e59ef0b28a91d8d9bdbaf48cb659b,4,chromadb,TF017,procedure,True,False,5,1,16efaa44-1554-4748-8407-48fac0bced94,0.7535514831542969,False,11.152299999594106
transfusion-retrieval-v3,sha256:5fc6a9a0d5ff5721954fad8f2855c204301e59ef0b28a91d8d9bdbaf48cb659b,4,chromadb,TF017,procedure,True,False,5,2,d9a4a9c8-fbd4-41f2-bab6-6abd72575204,0.7443356513977051,False,11.152299999594106
transfusion-retrieval-v3,sha256:5fc6a9a0d5ff5721954fad8f2855c204301e59ef0b28a91d8d9bdbaf48cb659b,4,chromadb,TF017,procedure,True,False,5,3,761b9529-5b18-4262-8174-6062c35fb31c,0.7213929891586304,False,11.152299999594106
transfusion-retrieval-v3,sha256:5fc6a9a0d5ff5721954fad8f2855c204301e59ef0b28a91d8d9bdbaf48cb659b,4,chromadb,TF017,procedure,True,False,5,4,63cb7040-3526-4f6f-9f88-e295bbe5edaf,0.7131555676460266,False,11.152299999594106
transfusion-retrieval-v3,sha256:5fc6a9a0d5ff5721954fad8f2855c204301e59ef0b28a91d8d9bdbaf48cb659b,4,chromadb,TF017,procedure,True,False,5,5,66dba192-bac5-4b3a-bd4d-77e9eacb4192,0.695408046245575,False,11.152299999594106
transfusion-retrieval-v3,sha256:5fc6a9a0d5ff5721954fad8f2855c204301e59ef0b28a91d8d9bdbaf48cb659b,4,chromadb,TF017,procedure,True,False,10,1,16efaa44-1554-4748-8407-48fac0bced94,0.7535514831542969,False,11.152299999594106
transfusion-retrieval-v3,sha256:5fc6a9a0d5ff5721954fad8f2855c204301e59ef0b28a91d8d9bdbaf48cb659b,4,chromadb,TF017,procedure,True,False,10,2,d9a4a9c8-fbd4-41f2-bab6-6abd72575204,0.7443356513977051,False,11.152299999594106
transfusion-retrieval-v3,sha256:5fc6a9a0d5ff5721954fad8f2855c204301e59ef0b28a91d8d9bdbaf48cb659b,4,chromadb,TF017,procedure,True,False,10,3,761b9529-5b18-4262-8174-6062c35fb31c,0.7213929891586304,False,11.152299999594106
transfusion-retrieval-v3,sha256:5fc6a9a0d5ff5721954fad8f2855c204301e59ef0b28a91d8d9bdbaf48cb659b,4,chromadb,TF017,procedure,True,False,10,4,63cb7040-3526-4f6f-9f88-e295bbe5edaf,0.7131555676460266,False,11.152299999594106
transfusion-retrieval-v3,sha256:5fc6a9a0d5ff5721954fad8f2855c204301e59ef0b28a91d8d9bdbaf48cb659b,4,chromadb,TF017,procedure,True,False,10,5,66dba192-bac5-4b3a-bd4d-77e9eacb4192,0.695408046245575,False,11.152299999594106
transfusion-retrieval-v3,sha256:5fc6a9a0d5ff5721954fad8f2855c204301e59ef0b28a91d8d9bdbaf48cb659b,4,chromadb,TF017,procedure,True,False,10,6,8f3ed830-3a06-41c6-8b06-cfcf6d36a83c,0.6844238638877869,False,11.152299999594106
transfusion-retrieval-v3,sha256:5fc6a9a0d5ff5721954fad8f2855c204301e59ef0b28a91d8d9bdbaf48cb659b,4,chromadb,TF017,procedure,True,False,10,7,59d57c8a-c9d7-4f8d-b9a1-a2816f1f01f7,0.6790823340415955,False,11.152299999594106
transfusion-retrieval-v3,sha256:5fc6a9a0d5ff5721954fad8f2855c204301e59ef0b28a91d8d9bdbaf48cb659b,4,chromadb,TF017,procedure,True,False,10,8,4797ba3b-c3d9-4d11-be5f-86db44dbda83,0.6786064505577087,False,11.152299999594106
transfusion-retrieval-v3,sha256:5fc6a9a0d5ff5721954fad8f2855c204301e59ef0b28a91d8d9bdbaf48cb659b,4,chromadb,TF017,procedure,True,False,10,9,10537058-d160-4786-a6cf-95de46d7189c,0.6762763857841492,False,11.152299999594106
transfusion-retrieval-v3,sha256:5fc6a9a0d5ff5721954fad8f2855c204301e59ef0b28a91d8d9bdbaf48cb659b,4,chromadb,TF017,procedure,True,False,10,10,fd678588-5ac2-400d-95c5-3309537781ec,0.6710525751113892,False,11.152299999594106
transfusion-retrieval-v3,sha256:5fc6a9a0d5ff5721954fad8f2855c204301e59ef0b28a91d8d9bdbaf48cb659b,4,chromadb,TF018,temporal,True,False,1,1,63cb7040-3526-4f6f-9f88-e295bbe5edaf,0.6571767330169678,False,9.083899998586276
transfusion-retrieval-v3,sha256:5fc6a9a0d5ff5721954fad8f2855c204301e59ef0b28a91d8d9bdbaf48cb659b,4,chromadb,TF018,temporal,True,False,3,1,63cb7040-3526-4f6f-9f88-e295bbe5edaf,0.6571767330169678,False,9.083899998586276
transfusion-retrieval-v3,sha256:5fc6a9a0d5ff5721954fad8f2855c204301e59ef0b28a91d8d9bdbaf48cb659b,4,chromadb,TF018,temporal,True,False,3,2,16efaa44-1554-4748-8407-48fac0bced94,0.589053213596344,False,9.083899998586276
transfusion-retrieval-v3,sha256:5fc6a9a0d5ff5721954fad8f2855c204301e59ef0b28a91d8d9bdbaf48cb659b,4,chromadb,TF018,temporal,True,False,3,3,eeb8db46-f757-41f1-9ca5-c022f3d4ea3e,0.5863193273544312,False,9.083899998586276
transfusion-retrieval-v3,sha256:5fc6a9a0d5ff5721954fad8f2855c204301e59ef0b28a91d8d9bdbaf48cb659b,4,chromadb,TF018,temporal,True,False,5,1,63cb7040-3526-4f6f-9f88-e295bbe5edaf,0.6571767330169678,False,9.083899998586276
transfusion-retrieval-v3,sha256:5fc6a9a0d5ff5721954fad8f2855c204301e59ef0b28a91d8d9bdbaf48cb659b,4,chromadb,TF018,temporal,True,False,5,2,16efaa44-1554-4748-8407-48fac0bced94,0.589053213596344,False,9.083899998586276
transfusion-retrieval-v3,sha256:5fc6a9a0d5ff5721954fad8f2855c204301e59ef0b28a91d8d9bdbaf48cb659b,4,chromadb,TF018,temporal,True,False,5,3,eeb8db46-f757-41f1-9ca5-c022f3d4ea3e,0.5863193273544312,False,9.083899998586276
transfusion-retrieval-v3,sha256:5fc6a9a0d5ff5721954fad8f2855c204301e59ef0b28a91d8d9bdbaf48cb659b,4,chromadb,TF018,temporal,True,False,5,4,17e22a4e-78d9-4607-b75b-151e52cc4d20,0.5863193273544312,False,9.083899998586276
transfusion-retrieval-v3,sha256:5fc6a9a0d5ff5721954fad8f2855c204301e59ef0b28a91d8d9bdbaf48cb659b,4,chromadb,TF018,temporal,True,False,5,5,fbb0340e-b19d-43c3-a23a-5ee07899e8cd,0.5863193273544312,False,9.083899998586276
transfusion-retrieval-v3,sha256:5fc6a9a0d5ff5721954fad8f2855c204301e59ef0b28a91d8d9bdbaf48cb659b,4,chromadb,TF018,temporal,True,False,10,1,63cb7040-3526-4f6f-9f88-e295bbe5edaf,0.6571767330169678,False,9.083899998586276
transfusion-retrieval-v3,sha256:5fc6a9a0d5ff5721954fad8f2855c204301e59ef0b28a91d8d9bdbaf48cb659b,4,chromadb,TF018,temporal,True,False,10,2,16efaa44-1554-4748-8407-48fac0bced94,0.589053213596344,False,9.083899998586276
transfusion-retrieval-v3,sha256:5fc6a9a0d5ff5721954fad8f2855c204301e59ef0b28a91d8d9bdbaf48cb659b,4,chromadb,TF018,temporal,True,False,10,3,eeb8db46-f757-41f1-9ca5-c022f3d4ea3e,0.5863193273544312,False,9.083899998586276
transfusion-retrieval-v3,sha256:5fc6a9a0d5ff5721954fad8f2855c204301e59ef0b28a91d8d9bdbaf48cb659b,4,chromadb,TF018,temporal,True,False,10,4,17e22a4e-78d9-4607-b75b-151e52cc4d20,0.5863193273544312,False,9.083899998586276
transfusion-retrieval-v3,sha256:5fc6a9a0d5ff5721954fad8f2855c204301e59ef0b28a91d8d9bdbaf48cb659b,4,chromadb,TF018,temporal,True,False,10,5,fbb0340e-b19d-43c3-a23a-5ee07899e8cd,0.5863193273544312,False,9.083899998586276
transfusion-retrieval-v3,sha256:5fc6a9a0d5ff5721954fad8f2855c204301e59ef0b28a91d8d9bdbaf48cb659b,4,chromadb,TF018,temporal,True,False,10,6,c141d593-8af3-43e4-b0a9-f60c7c49da12,0.5863193273544312,False,9.083899998586276
transfusion-retrieval-v3,sha256:5fc6a9a0d5ff5721954fad8f2855c204301e59ef0b28a91d8d9bdbaf48cb659b,4,chromadb,TF018,temporal,True,False,10,7,635840ee-2aa9-43b0-86b4-74229536c495,0.5863193273544312,False,9.083899998586276
transfusion-retrieval-v3,sha256:5fc6a9a0d5ff5721954fad8f2855c204301e59ef0b28a91d8d9bdbaf48cb659b,4,chromadb,TF018,temporal,True,False,10,8,cf1adf23-d1e1-4e53-990c-b241ad636d39,0.5863193273544312,False,9.083899998586276
transfusion-retrieval-v3,sha256:5fc6a9a0d5ff5721954fad8f2855c204301e59ef0b28a91d8d9bdbaf48cb659b,4,chromadb,TF018,temporal,True,False,10,9,756d12b3-7bab-48b3-86c9-f2911e308f0e,0.5863193273544312,False,9.083899998586276
transfusion-retrieval-v3,sha256:5fc6a9a0d5ff5721954fad8f2855c204301e59ef0b28a91d8d9bdbaf48cb659b,4,chromadb,TF018,temporal,True,False,10,10,e9ad4f9e-f150-4d2b-b7cd-20a8a3327864,0.5863193273544312,False,9.083899998586276
transfusion-retrieval-v3,sha256:5fc6a9a0d5ff5721954fad8f2855c204301e59ef0b28a91d8d9bdbaf48cb659b,4,chromadb,TF019,preparation,True,False,1,1,d3b7d61b-50f0-4b96-a770-785a9f3c3886,0.8067424297332764,True,40.26310000153899
transfusion-retrieval-v3,sha256:5fc6a9a0d5ff5721954fad8f2855c204301e59ef0b28a91d8d9bdbaf48cb659b,4,chromadb,TF019,preparation,True,False,3,1,d3b7d61b-50f0-4b96-a770-785a9f3c3886,0.8067424297332764,True,40.26310000153899
transfusion-retrieval-v3,sha256:5fc6a9a0d5ff5721954fad8f2855c204301e59ef0b28a91d8d9bdbaf48cb659b,4,chromadb,TF019,preparation,True,False,3,2,66dba192-bac5-4b3a-bd4d-77e9eacb4192,0.7816461324691772,False,40.26310000153899
transfusion-retrieval-v3,sha256:5fc6a9a0d5ff5721954fad8f2855c204301e59ef0b28a91d8d9bdbaf48cb659b,4,chromadb,TF019,preparation,True,False,3,3,70b95f72-95ec-43b5-b76f-657518103256,0.7747611999511719,False,40.26310000153899
transfusion-retrieval-v3,sha256:5fc6a9a0d5ff5721954fad8f2855c204301e59ef0b28a91d8d9bdbaf48cb659b,4,chromadb,TF019,preparation,True,False,5,1,d3b7d61b-50f0-4b96-a770-785a9f3c3886,0.8067424297332764,True,40.26310000153899
transfusion-retrieval-v3,sha256:5fc6a9a0d5ff5721954fad8f2855c204301e59ef0b28a91d8d9bdbaf48cb659b,4,chromadb,TF019,preparation,True,False,5,2,66dba192-bac5-4b3a-bd4d-77e9eacb4192,0.7816461324691772,False,40.26310000153899
transfusion-retrieval-v3,sha256:5fc6a9a0d5ff5721954fad8f2855c204301e59ef0b28a91d8d9bdbaf48cb659b,4,chromadb,TF019,preparation,True,False,5,3,70b95f72-95ec-43b5-b76f-657518103256,0.7747611999511719,False,40.26310000153899
transfusion-retrieval-v3,sha256:5fc6a9a0d5ff5721954fad8f2855c204301e59ef0b28a91d8d9bdbaf48cb659b,4,chromadb,TF019,preparation,True,False,5,4,59d57c8a-c9d7-4f8d-b9a1-a2816f1f01f7,0.7481861114501953,False,40.26310000153899
transfusion-retrieval-v3,sha256:5fc6a9a0d5ff5721954fad8f2855c204301e59ef0b28a91d8d9bdbaf48cb659b,4,chromadb,TF019,preparation,True,False,5,5,eda54b74-cd2f-4808-8175-bcc5b916ce90,0.7346091270446777,False,40.26310000153899
transfusion-retrieval-v3,sha256:5fc6a9a0d5ff5721954fad8f2855c204301e59ef0b28a91d8d9bdbaf48cb659b,4,chromadb,TF019,preparation,True,False,10,1,d3b7d61b-50f0-4b96-a770-785a9f3c3886,0.8067424297332764,True,40.26310000153899
transfusion-retrieval-v3,sha256:5fc6a9a0d5ff5721954fad8f2855c204301e59ef0b28a91d8d9bdbaf48cb659b,4,chromadb,TF019,preparation,True,False,10,2,66dba192-bac5-4b3a-bd4d-77e9eacb4192,0.7816461324691772,False,40.26310000153899
transfusion-retrieval-v3,sha256:5fc6a9a0d5ff5721954fad8f2855c204301e59ef0b28a91d8d9bdbaf48cb659b,4,chromadb,TF019,preparation,True,False,10,3,70b95f72-95ec-43b5-b76f-657518103256,0.7747611999511719,False,40.26310000153899
transfusion-retrieval-v3,sha256:5fc6a9a0d5ff5721954fad8f2855c204301e59ef0b28a91d8d9bdbaf48cb659b,4,chromadb,TF019,preparation,True,False,10,4,59d57c8a-c9d7-4f8d-b9a1-a2816f1f01f7,0.7481861114501953,False,40.26310000153899
transfusion-retrieval-v3,sha256:5fc6a9a0d5ff5721954fad8f2855c204301e59ef0b28a91d8d9bdbaf48cb659b,4,chromadb,TF019,preparation,True,False,10,5,eda54b74-cd2f-4808-8175-bcc5b916ce90,0.7346091270446777,False,40.26310000153899
transfusion-retrieval-v3,sha256:5fc6a9a0d5ff5721954fad8f2855c204301e59ef0b28a91d8d9bdbaf48cb659b,4,chromadb,TF019,preparation,True,False,10,6,fbf62ef9-25b7-437c-98d8-c4934fba0fe6,0.7225032448768616,False,40.26310000153899
transfusion-retrieval-v3,sha256:5fc6a9a0d5ff5721954fad8f2855c204301e59ef0b28a91d8d9bdbaf48cb659b,4,chromadb,TF019,preparation,True,False,10,7,0a4f11c7-39e8-41fe-bd14-48456671f531,0.7157963514328003,False,40.26310000153899
transfusion-retrieval-v3,sha256:5fc6a9a0d5ff5721954fad8f2855c204301e59ef0b28a91d8d9bdbaf48cb659b,4,chromadb,TF019,preparation,True,False,10,8,dfb2693a-e821-4d6e-bbcc-0dbf3dc2a2ae,0.709267795085907,False,40.26310000153899
transfusion-retrieval-v3,sha256:5fc6a9a0d5ff5721954fad8f2855c204301e59ef0b28a91d8d9bdbaf48cb659b,4,chromadb,TF019,preparation,True,False,10,9,a3d42ca5-54b5-4b8d-be4e-79337aaab880,0.7066858410835266,False,40.26310000153899
transfusion-retrieval-v3,sha256:5fc6a9a0d5ff5721954fad8f2855c204301e59ef0b28a91d8d9bdbaf48cb659b,4,chromadb,TF019,preparation,True,False,10,10,f9eb1471-4566-4c09-a18e-9f3d84a47e9c,0.7061405181884766,False,40.26310000153899
transfusion-retrieval-v3,sha256:5fc6a9a0d5ff5721954fad8f2855c204301e59ef0b28a91d8d9bdbaf48cb659b,4,chromadb,TF020,temporal,True,False,1,1,63cb7040-3526-4f6f-9f88-e295bbe5edaf,0.6978280544281006,False,14.50010000007751
transfusion-retrieval-v3,sha256:5fc6a9a0d5ff5721954fad8f2855c204301e59ef0b28a91d8d9bdbaf48cb659b,4,chromadb,TF020,temporal,True,False,3,1,63cb7040-3526-4f6f-9f88-e295bbe5edaf,0.6978280544281006,False,14.50010000007751
transfusion-retrieval-v3,sha256:5fc6a9a0d5ff5721954fad8f2855c204301e59ef0b28a91d8d9bdbaf48cb659b,4,chromadb,TF020,temporal,True,False,3,2,16efaa44-1554-4748-8407-48fac0bced94,0.6446359753608704,False,14.50010000007751
transfusion-retrieval-v3,sha256:5fc6a9a0d5ff5721954fad8f2855c204301e59ef0b28a91d8d9bdbaf48cb659b,4,chromadb,TF020,temporal,True,False,3,3,fb4884e3-8fea-42fa-b996-7e9c333e7fef,0.6015839576721191,False,14.50010000007751
transfusion-retrieval-v3,sha256:5fc6a9a0d5ff5721954fad8f2855c204301e59ef0b28a91d8d9bdbaf48cb659b,4,chromadb,TF020,temporal,True,False,5,1,63cb7040-3526-4f6f-9f88-e295bbe5edaf,0.6978280544281006,False,14.50010000007751
transfusion-retrieval-v3,sha256:5fc6a9a0d5ff5721954fad8f2855c204301e59ef0b28a91d8d9bdbaf48cb659b,4,chromadb,TF020,temporal,True,False,5,2,16efaa44-1554-4748-8407-48fac0bced94,0.6446359753608704,False,14.50010000007751
transfusion-retrieval-v3,sha256:5fc6a9a0d5ff5721954fad8f2855c204301e59ef0b28a91d8d9bdbaf48cb659b,4,chromadb,TF020,temporal,True,False,5,3,fb4884e3-8fea-42fa-b996-7e9c333e7fef,0.6015839576721191,False,14.50010000007751
transfusion-retrieval-v3,sha256:5fc6a9a0d5ff5721954fad8f2855c204301e59ef0b28a91d8d9bdbaf48cb659b,4,chromadb,TF020,temporal,True,False,5,4,eeb8db46-f757-41f1-9ca5-c022f3d4ea3e,0.6015839576721191,False,14.50010000007751
transfusion-retrieval-v3,sha256:5fc6a9a0d5ff5721954fad8f2855c204301e59ef0b28a91d8d9bdbaf48cb659b,4,chromadb,TF020,temporal,True,False,5,5,fbb0340e-b19d-43c3-a23a-5ee07899e8cd,0.6015839576721191,False,14.50010000007751
transfusion-retrieval-v3,sha256:5fc6a9a0d5ff5721954fad8f2855c204301e59ef0b28a91d8d9bdbaf48cb659b,4,chromadb,TF020,temporal,True,False,10,1,63cb7040-3526-4f6f-9f88-e295bbe5edaf,0.6978280544281006,False,14.50010000007751
transfusion-retrieval-v3,sha256:5fc6a9a0d5ff5721954fad8f2855c204301e59ef0b28a91d8d9bdbaf48cb659b,4,chromadb,TF020,temporal,True,False,10,2,16efaa44-1554-4748-8407-48fac0bced94,0.6446359753608704,False,14.50010000007751
transfusion-retrieval-v3,sha256:5fc6a9a0d5ff5721954fad8f2855c204301e59ef0b28a91d8d9bdbaf48cb659b,4,chromadb,TF020,temporal,True,False,10,3,fb4884e3-8fea-42fa-b996-7e9c333e7fef,0.6015839576721191,False,14.50010000007751
transfusion-retrieval-v3,sha256:5fc6a9a0d5ff5721954fad8f2855c204301e59ef0b28a91d8d9bdbaf48cb659b,4,chromadb,TF020,temporal,True,False,10,4,eeb8db46-f757-41f1-9ca5-c022f3d4ea3e,0.6015839576721191,False,14.50010000007751
transfusion-retrieval-v3,sha256:5fc6a9a0d5ff5721954fad8f2855c204301e59ef0b28a91d8d9bdbaf48cb659b,4,chromadb,TF020,temporal,True,False,10,5,fbb0340e-b19d-43c3-a23a-5ee07899e8cd,0.6015839576721191,False,14.50010000007751
transfusion-retrieval-v3,sha256:5fc6a9a0d5ff5721954fad8f2855c204301e59ef0b28a91d8d9bdbaf48cb659b,4,chromadb,TF020,temporal,True,False,10,6,e4892114-b8eb-4f39-a7c4-427217039236,0.6015839576721191,False,14.50010000007751
transfusion-retrieval-v3,sha256:5fc6a9a0d5ff5721954fad8f2855c204301e59ef0b28a91d8d9bdbaf48cb659b,4,chromadb,TF020,temporal,True,False,10,7,9c5f18b5-9491-4cb2-9eba-9a0d2462f8bb,0.6015839576721191,False,14.50010000007751
transfusion-retrieval-v3,sha256:5fc6a9a0d5ff5721954fad8f2855c204301e59ef0b28a91d8d9bdbaf48cb659b,4,chromadb,TF020,temporal,True,False,10,8,c141d593-8af3-43e4-b0a9-f60c7c49da12,0.6015839576721191,False,14.50010000007751
transfusion-retrieval-v3,sha256:5fc6a9a0d5ff5721954fad8f2855c204301e59ef0b28a91d8d9bdbaf48cb659b,4,chromadb,TF020,temporal,True,False,10,9,635840ee-2aa9-43b0-86b4-74229536c495,0.6015839576721191,False,14.50010000007751
transfusion-retrieval-v3,sha256:5fc6a9a0d5ff5721954fad8f2855c204301e59ef0b28a91d8d9bdbaf48cb659b,4,chromadb,TF020,temporal,True,False,10,10,756d12b3-7bab-48b3-86c9-f2911e308f0e,0.6015839576721191,False,14.50010000007751
transfusion-retrieval-v3,sha256:5fc6a9a0d5ff5721954fad8f2855c204301e59ef0b28a91d8d9bdbaf48cb659b,4,chromadb,TF021,preparation,True,False,1,1,16efaa44-1554-4748-8407-48fac0bced94,0.8860716819763184,False,7.195000000137952
transfusion-retrieval-v3,sha256:5fc6a9a0d5ff5721954fad8f2855c204301e59ef0b28a91d8d9bdbaf48cb659b,4,chromadb,TF021,preparation,True,False,3,1,16efaa44-1554-4748-8407-48fac0bced94,0.8860716819763184,False,7.195000000137952
transfusion-retrieval-v3,sha256:5fc6a9a0d5ff5721954fad8f2855c204301e59ef0b28a91d8d9bdbaf48cb659b,4,chromadb,TF021,preparation,True,False,3,2,63cb7040-3526-4f6f-9f88-e295bbe5edaf,0.8040101528167725,False,7.195000000137952
transfusion-retrieval-v3,sha256:5fc6a9a0d5ff5721954fad8f2855c204301e59ef0b28a91d8d9bdbaf48cb659b,4,chromadb,TF021,preparation,True,False,3,3,761b9529-5b18-4262-8174-6062c35fb31c,0.7678166627883911,False,7.195000000137952
transfusion-retrieval-v3,sha256:5fc6a9a0d5ff5721954fad8f2855c204301e59ef0b28a91d8d9bdbaf48cb659b,4,chromadb,TF021,preparation,True,False,5,1,16efaa44-1554-4748-8407-48fac0bced94,0.8860716819763184,False,7.195000000137952
transfusion-retrieval-v3,sha256:5fc6a9a0d5ff5721954fad8f2855c204301e59ef0b28a91d8d9bdbaf48cb659b,4,chromadb,TF021,preparation,True,False,5,2,63cb7040-3526-4f6f-9f88-e295bbe5edaf,0.8040101528167725,False,7.195000000137952
transfusion-retrieval-v3,sha256:5fc6a9a0d5ff5721954fad8f2855c204301e59ef0b28a91d8d9bdbaf48cb659b,4,chromadb,TF021,preparation,True,False,5,3,761b9529-5b18-4262-8174-6062c35fb31c,0.7678166627883911,False,7.195000000137952
transfusion-retrieval-v3,sha256:5fc6a9a0d5ff5721954fad8f2855c204301e59ef0b28a91d8d9bdbaf48cb659b,4,chromadb,TF021,preparation,True,False,5,4,602c933f-0b8f-4533-87a5-f27ecd5f2af9,0.719841718673706,False,7.195000000137952
transfusion-retrieval-v3,sha256:5fc6a9a0d5ff5721954fad8f2855c204301e59ef0b28a91d8d9bdbaf48cb659b,4,chromadb,TF021,preparation,True,False,5,5,fb4884e3-8fea-42fa-b996-7e9c333e7fef,0.7192050218582153,False,7.195000000137952
transfusion-retrieval-v3,sha256:5fc6a9a0d5ff5721954fad8f2855c204301e59ef0b28a91d8d9bdbaf48cb659b,4,chromadb,TF021,preparation,True,False,10,1,16efaa44-1554-4748-8407-48fac0bced94,0.8860716819763184,False,7.195000000137952
transfusion-retrieval-v3,sha256:5fc6a9a0d5ff5721954fad8f2855c204301e59ef0b28a91d8d9bdbaf48cb659b,4,chromadb,TF021,preparation,True,False,10,2,63cb7040-3526-4f6f-9f88-e295bbe5edaf,0.8040101528167725,False,7.195000000137952
transfusion-retrieval-v3,sha256:5fc6a9a0d5ff5721954fad8f2855c204301e59ef0b28a91d8d9bdbaf48cb659b,4,chromadb,TF021,preparation,True,False,10,3,761b9529-5b18-4262-8174-6062c35fb31c,0.7678166627883911,False,7.195000000137952
transfusion-retrieval-v3,sha256:5fc6a9a0d5ff5721954fad8f2855c204301e59ef0b28a91d8d9bdbaf48cb659b,4,chromadb,TF021,preparation,True,False,10,4,602c933f-0b8f-4533-87a5-f27ecd5f2af9,0.719841718673706,False,7.195000000137952
transfusion-retrieval-v3,sha256:5fc6a9a0d5ff5721954fad8f2855c204301e59ef0b28a91d8d9bdbaf48cb659b,4,chromadb,TF021,preparation,True,False,10,5,fb4884e3-8fea-42fa-b996-7e9c333e7fef,0.7192050218582153,False,7.195000000137952
transfusion-retrieval-v3,sha256:5fc6a9a0d5ff5721954fad8f2855c204301e59ef0b28a91d8d9bdbaf48cb659b,4,chromadb,TF021,preparation,True,False,10,6,eeb8db46-f757-41f1-9ca5-c022f3d4ea3e,0.7192050218582153,False,7.195000000137952
transfusion-retrieval-v3,sha256:5fc6a9a0d5ff5721954fad8f2855c204301e59ef0b28a91d8d9bdbaf48cb659b,4,chromadb,TF021,preparation,True,False,10,7,fbb0340e-b19d-43c3-a23a-5ee07899e8cd,0.7192050218582153,False,7.195000000137952
transfusion-retrieval-v3,sha256:5fc6a9a0d5ff5721954fad8f2855c204301e59ef0b28a91d8d9bdbaf48cb659b,4,chromadb,TF021,preparation,True,False,10,8,9c5f18b5-9491-4cb2-9eba-9a0d2462f8bb,0.7192050218582153,False,7.195000000137952
transfusion-retrieval-v3,sha256:5fc6a9a0d5ff5721954fad8f2855c204301e59ef0b28a91d8d9bdbaf48cb659b,4,chromadb,TF021,preparation,True,False,10,9,635840ee-2aa9-43b0-86b4-74229536c495,0.7192050218582153,False,7.195000000137952
transfusion-retrieval-v3,sha256:5fc6a9a0d5ff5721954fad8f2855c204301e59ef0b28a91d8d9bdbaf48cb659b,4,chromadb,TF021,preparation,True,False,10,10,756d12b3-7bab-48b3-86c9-f2911e308f0e,0.7192050218582153,False,7.195000000137952
transfusion-retrieval-v3,sha256:5fc6a9a0d5ff5721954fad8f2855c204301e59ef0b28a91d8d9bdbaf48cb659b,4,chromadb,TF022,preparation,True,False,1,1,63cb7040-3526-4f6f-9f88-e295bbe5edaf,0.7052872180938721,False,11.30139999986568
transfusion-retrieval-v3,sha256:5fc6a9a0d5ff5721954fad8f2855c204301e59ef0b28a91d8d9bdbaf48cb659b,4,chromadb,TF022,preparation,True,False,3,1,63cb7040-3526-4f6f-9f88-e295bbe5edaf,0.7052872180938721,False,11.30139999986568
transfusion-retrieval-v3,sha256:5fc6a9a0d5ff5721954fad8f2855c204301e59ef0b28a91d8d9bdbaf48cb659b,4,chromadb,TF022,preparation,True,False,3,2,16efaa44-1554-4748-8407-48fac0bced94,0.6833779215812683,False,11.30139999986568
transfusion-retrieval-v3,sha256:5fc6a9a0d5ff5721954fad8f2855c204301e59ef0b28a91d8d9bdbaf48cb659b,4,chromadb,TF022,preparation,True,False,3,3,fb4884e3-8fea-42fa-b996-7e9c333e7fef,0.6758400201797485,False,11.30139999986568
transfusion-retrieval-v3,sha256:5fc6a9a0d5ff5721954fad8f2855c204301e59ef0b28a91d8d9bdbaf48cb659b,4,chromadb,TF022,preparation,True,False,5,1,63cb7040-3526-4f6f-9f88-e295bbe5edaf,0.7052872180938721,False,11.30139999986568
transfusion-retrieval-v3,sha256:5fc6a9a0d5ff5721954fad8f2855c204301e59ef0b28a91d8d9bdbaf48cb659b,4,chromadb,TF022,preparation,True,False,5,2,16efaa44-1554-4748-8407-48fac0bced94,0.6833779215812683,False,11.30139999986568
transfusion-retrieval-v3,sha256:5fc6a9a0d5ff5721954fad8f2855c204301e59ef0b28a91d8d9bdbaf48cb659b,4,chromadb,TF022,preparation,True,False,5,3,fb4884e3-8fea-42fa-b996-7e9c333e7fef,0.6758400201797485,False,11.30139999986568
transfusion-retrieval-v3,sha256:5fc6a9a0d5ff5721954fad8f2855c204301e59ef0b28a91d8d9bdbaf48cb659b,4,chromadb,TF022,preparation,True,False,5,4,eeb8db46-f757-41f1-9ca5-c022f3d4ea3e,0.6758400201797485,False,11.30139999986568
transfusion-retrieval-v3,sha256:5fc6a9a0d5ff5721954fad8f2855c204301e59ef0b28a91d8d9bdbaf48cb659b,4,chromadb,TF022,preparation,True,False,5,5,17e22a4e-78d9-4607-b75b-151e52cc4d20,0.6758400201797485,False,11.30139999986568
transfusion-retrieval-v3,sha256:5fc6a9a0d5ff5721954fad8f2855c204301e59ef0b28a91d8d9bdbaf48cb659b,4,chromadb,TF022,preparation,True,False,10,1,63cb7040-3526-4f6f-9f88-e295bbe5edaf,0.7052872180938721,False,11.30139999986568
transfusion-retrieval-v3,sha256:5fc6a9a0d5ff5721954fad8f2855c204301e59ef0b28a91d8d9bdbaf48cb659b,4,chromadb,TF022,preparation,True,False,10,2,16efaa44-1554-4748-8407-48fac0bced94,0.6833779215812683,False,11.30139999986568
transfusion-retrieval-v3,sha256:5fc6a9a0d5ff5721954fad8f2855c204301e59ef0b28a91d8d9bdbaf48cb659b,4,chromadb,TF022,preparation,True,False,10,3,fb4884e3-8fea-42fa-b996-7e9c333e7fef,0.6758400201797485,False,11.30139999986568
transfusion-retrieval-v3,sha256:5fc6a9a0d5ff5721954fad8f2855c204301e59ef0b28a91d8d9bdbaf48cb659b,4,chromadb,TF022,preparation,True,False,10,4,eeb8db46-f757-41f1-9ca5-c022f3d4ea3e,0.6758400201797485,False,11.30139999986568
transfusion-retrieval-v3,sha256:5fc6a9a0d5ff5721954fad8f2855c204301e59ef0b28a91d8d9bdbaf48cb659b,4,chromadb,TF022,preparation,True,False,10,5,17e22a4e-78d9-4607-b75b-151e52cc4d20,0.6758400201797485,False,11.30139999986568
transfusion-retrieval-v3,sha256:5fc6a9a0d5ff5721954fad8f2855c204301e59ef0b28a91d8d9bdbaf48cb659b,4,chromadb,TF022,preparation,True,False,10,6,9c5f18b5-9491-4cb2-9eba-9a0d2462f8bb,0.6758400201797485,False,11.30139999986568
transfusion-retrieval-v3,sha256:5fc6a9a0d5ff5721954fad8f2855c204301e59ef0b28a91d8d9bdbaf48cb659b,4,chromadb,TF022,preparation,True,False,10,7,635840ee-2aa9-43b0-86b4-74229536c495,0.6758400201797485,False,11.30139999986568
transfusion-retrieval-v3,sha256:5fc6a9a0d5ff5721954fad8f2855c204301e59ef0b28a91d8d9bdbaf48cb659b,4,chromadb,TF022,preparation,True,False,10,8,cf1adf23-d1e1-4e53-990c-b241ad636d39,0.6758400201797485,False,11.30139999986568
transfusion-retrieval-v3,sha256:5fc6a9a0d5ff5721954fad8f2855c204301e59ef0b28a91d8d9bdbaf48cb659b,4,chromadb,TF022,preparation,True,False,10,9,756d12b3-7bab-48b3-86c9-f2911e308f0e,0.6758400201797485,False,11.30139999986568
transfusion-retrieval-v3,sha256:5fc6a9a0d5ff5721954fad8f2855c204301e59ef0b28a91d8d9bdbaf48cb659b,4,chromadb,TF022,preparation,True,False,10,10,e9ad4f9e-f150-4d2b-b7cd-20a8a3327864,0.6758400201797485,False,11.30139999986568
transfusion-retrieval-v3,sha256:5fc6a9a0d5ff5721954fad8f2855c204301e59ef0b28a91d8d9bdbaf48cb659b,4,chromadb,TF023,temporal,True,False,1,1,16efaa44-1554-4748-8407-48fac0bced94,0.7601342797279358,False,11.012300001311814
transfusion-retrieval-v3,sha256:5fc6a9a0d5ff5721954fad8f2855c204301e59ef0b28a91d8d9bdbaf48cb659b,4,chromadb,TF023,temporal,True,False,3,1,16efaa44-1554-4748-8407-48fac0bced94,0.7601342797279358,False,11.012300001311814
transfusion-retrieval-v3,sha256:5fc6a9a0d5ff5721954fad8f2855c204301e59ef0b28a91d8d9bdbaf48cb659b,4,chromadb,TF023,temporal,True,False,3,2,63cb7040-3526-4f6f-9f88-e295bbe5edaf,0.6813104152679443,False,11.012300001311814
transfusion-retrieval-v3,sha256:5fc6a9a0d5ff5721954fad8f2855c204301e59ef0b28a91d8d9bdbaf48cb659b,4,chromadb,TF023,temporal,True,False,3,3,59d57c8a-c9d7-4f8d-b9a1-a2816f1f01f7,0.6699410676956177,False,11.012300001311814
transfusion-retrieval-v3,sha256:5fc6a9a0d5ff5721954fad8f2855c204301e59ef0b28a91d8d9bdbaf48cb659b,4,chromadb,TF023,temporal,True,False,5,1,16efaa44-1554-4748-8407-48fac0bced94,0.7601342797279358,False,11.012300001311814
transfusion-retrieval-v3,sha256:5fc6a9a0d5ff5721954fad8f2855c204301e59ef0b28a91d8d9bdbaf48cb659b,4,chromadb,TF023,temporal,True,False,5,2,63cb7040-3526-4f6f-9f88-e295bbe5edaf,0.6813104152679443,False,11.012300001311814
transfusion-retrieval-v3,sha256:5fc6a9a0d5ff5721954fad8f2855c204301e59ef0b28a91d8d9bdbaf48cb659b,4,chromadb,TF023,temporal,True,False,5,3,59d57c8a-c9d7-4f8d-b9a1-a2816f1f01f7,0.6699410676956177,False,11.012300001311814
transfusion-retrieval-v3,sha256:5fc6a9a0d5ff5721954fad8f2855c204301e59ef0b28a91d8d9bdbaf48cb659b,4,chromadb,TF023,temporal,True,False,5,4,602c933f-0b8f-4533-87a5-f27ecd5f2af9,0.6080871224403381,False,11.012300001311814
transfusion-retrieval-v3,sha256:5fc6a9a0d5ff5721954fad8f2855c204301e59ef0b28a91d8d9bdbaf48cb659b,4,chromadb,TF023,temporal,True,False,5,5,10537058-d160-4786-a6cf-95de46d7189c,0.6009573936462402,False,11.012300001311814
transfusion-retrieval-v3,sha256:5fc6a9a0d5ff5721954fad8f2855c204301e59ef0b28a91d8d9bdbaf48cb659b,4,chromadb,TF023,temporal,True,False,10,1,16efaa44-1554-4748-8407-48fac0bced94,0.7601342797279358,False,11.012300001311814
transfusion-retrieval-v3,sha256:5fc6a9a0d5ff5721954fad8f2855c204301e59ef0b28a91d8d9bdbaf48cb659b,4,chromadb,TF023,temporal,True,False,10,2,63cb7040-3526-4f6f-9f88-e295bbe5edaf,0.6813104152679443,False,11.012300001311814
transfusion-retrieval-v3,sha256:5fc6a9a0d5ff5721954fad8f2855c204301e59ef0b28a91d8d9bdbaf48cb659b,4,chromadb,TF023,temporal,True,False,10,3,59d57c8a-c9d7-4f8d-b9a1-a2816f1f01f7,0.6699410676956177,False,11.012300001311814
transfusion-retrieval-v3,sha256:5fc6a9a0d5ff5721954fad8f2855c204301e59ef0b28a91d8d9bdbaf48cb659b,4,chromadb,TF023,temporal,True,False,10,4,602c933f-0b8f-4533-87a5-f27ecd5f2af9,0.6080871224403381,False,11.012300001311814
transfusion-retrieval-v3,sha256:5fc6a9a0d5ff5721954fad8f2855c204301e59ef0b28a91d8d9bdbaf48cb659b,4,chromadb,TF023,temporal,True,False,10,5,10537058-d160-4786-a6cf-95de46d7189c,0.6009573936462402,False,11.012300001311814
transfusion-retrieval-v3,sha256:5fc6a9a0d5ff5721954fad8f2855c204301e59ef0b28a91d8d9bdbaf48cb659b,4,chromadb,TF023,temporal,True,False,10,6,919e93ca-fed9-4dde-b9b8-f870e207a3f3,0.6004359126091003,False,11.012300001311814
transfusion-retrieval-v3,sha256:5fc6a9a0d5ff5721954fad8f2855c204301e59ef0b28a91d8d9bdbaf48cb659b,4,chromadb,TF023,temporal,True,False,10,7,4797ba3b-c3d9-4d11-be5f-86db44dbda83,0.5948623418807983,False,11.012300001311814
transfusion-retrieval-v3,sha256:5fc6a9a0d5ff5721954fad8f2855c204301e59ef0b28a91d8d9bdbaf48cb659b,4,chromadb,TF023,temporal,True,False,10,8,b0d368a1-d0fc-4b8b-8567-e190cf462986,0.5837562084197998,False,11.012300001311814
transfusion-retrieval-v3,sha256:5fc6a9a0d5ff5721954fad8f2855c204301e59ef0b28a91d8d9bdbaf48cb659b,4,chromadb,TF023,temporal,True,False,10,9,b66e5419-8a9c-47f4-866d-ebdb95b174b2,0.5827356576919556,False,11.012300001311814
transfusion-retrieval-v3,sha256:5fc6a9a0d5ff5721954fad8f2855c204301e59ef0b28a91d8d9bdbaf48cb659b,4,chromadb,TF023,temporal,True,False,10,10,8f3ed830-3a06-41c6-8b06-cfcf6d36a83c,0.5817626118659973,False,11.012300001311814
transfusion-retrieval-v3,sha256:5fc6a9a0d5ff5721954fad8f2855c204301e59ef0b28a91d8d9bdbaf48cb659b,4,chromadb,TF024,temporal,True,False,1,1,16efaa44-1554-4748-8407-48fac0bced94,0.616195559501648,False,9.2664000003424
transfusion-retrieval-v3,sha256:5fc6a9a0d5ff5721954fad8f2855c204301e59ef0b28a91d8d9bdbaf48cb659b,4,chromadb,TF024,temporal,True,False,3,1,16efaa44-1554-4748-8407-48fac0bced94,0.616195559501648,False,9.2664000003424
transfusion-retrieval-v3,sha256:5fc6a9a0d5ff5721954fad8f2855c204301e59ef0b28a91d8d9bdbaf48cb659b,4,chromadb,TF024,temporal,True,False,3,2,63cb7040-3526-4f6f-9f88-e295bbe5edaf,0.6120022535324097,False,9.2664000003424
transfusion-retrieval-v3,sha256:5fc6a9a0d5ff5721954fad8f2855c204301e59ef0b28a91d8d9bdbaf48cb659b,4,chromadb,TF024,temporal,True,False,3,3,eeb8db46-f757-41f1-9ca5-c022f3d4ea3e,0.5300692319869995,False,9.2664000003424
transfusion-retrieval-v3,sha256:5fc6a9a0d5ff5721954fad8f2855c204301e59ef0b28a91d8d9bdbaf48cb659b,4,chromadb,TF024,temporal,True,False,5,1,16efaa44-1554-4748-8407-48fac0bced94,0.616195559501648,False,9.2664000003424
transfusion-retrieval-v3,sha256:5fc6a9a0d5ff5721954fad8f2855c204301e59ef0b28a91d8d9bdbaf48cb659b,4,chromadb,TF024,temporal,True,False,5,2,63cb7040-3526-4f6f-9f88-e295bbe5edaf,0.6120022535324097,False,9.2664000003424
transfusion-retrieval-v3,sha256:5fc6a9a0d5ff5721954fad8f2855c204301e59ef0b28a91d8d9bdbaf48cb659b,4,chromadb,TF024,temporal,True,False,5,3,eeb8db46-f757-41f1-9ca5-c022f3d4ea3e,0.5300692319869995,False,9.2664000003424
transfusion-retrieval-v3,sha256:5fc6a9a0d5ff5721954fad8f2855c204301e59ef0b28a91d8d9bdbaf48cb659b,4,chromadb,TF024,temporal,True,False,5,4,17e22a4e-78d9-4607-b75b-151e52cc4d20,0.5300692319869995,False,9.2664000003424
transfusion-retrieval-v3,sha256:5fc6a9a0d5ff5721954fad8f2855c204301e59ef0b28a91d8d9bdbaf48cb659b,4,chromadb,TF024,temporal,True,False,5,5,fbb0340e-b19d-43c3-a23a-5ee07899e8cd,0.5300692319869995,False,9.2664000003424
transfusion-retrieval-v3,sha256:5fc6a9a0d5ff5721954fad8f2855c204301e59ef0b28a91d8d9bdbaf48cb659b,4,chromadb,TF024,temporal,True,False,10,1,16efaa44-1554-4748-8407-48fac0bced94,0.616195559501648,False,9.2664000003424
transfusion-retrieval-v3,sha256:5fc6a9a0d5ff5721954fad8f2855c204301e59ef0b28a91d8d9bdbaf48cb659b,4,chromadb,TF024,temporal,True,False,10,2,63cb7040-3526-4f6f-9f88-e295bbe5edaf,0.6120022535324097,False,9.2664000003424
transfusion-retrieval-v3,sha256:5fc6a9a0d5ff5721954fad8f2855c204301e59ef0b28a91d8d9bdbaf48cb659b,4,chromadb,TF024,temporal,True,False,10,3,eeb8db46-f757-41f1-9ca5-c022f3d4ea3e,0.5300692319869995,False,9.2664000003424
transfusion-retrieval-v3,sha256:5fc6a9a0d5ff5721954fad8f2855c204301e59ef0b28a91d8d9bdbaf48cb659b,4,chromadb,TF024,temporal,True,False,10,4,17e22a4e-78d9-4607-b75b-151e52cc4d20,0.5300692319869995,False,9.2664000003424
transfusion-retrieval-v3,sha256:5fc6a9a0d5ff5721954fad8f2855c204301e59ef0b28a91d8d9bdbaf48cb659b,4,chromadb,TF024,temporal,True,False,10,5,fbb0340e-b19d-43c3-a23a-5ee07899e8cd,0.5300692319869995,False,9.2664000003424
transfusion-retrieval-v3,sha256:5fc6a9a0d5ff5721954fad8f2855c204301e59ef0b28a91d8d9bdbaf48cb659b,4,chromadb,TF024,temporal,True,False,10,6,e4892114-b8eb-4f39-a7c4-427217039236,0.5300692319869995,False,9.2664000003424
transfusion-retrieval-v3,sha256:5fc6a9a0d5ff5721954fad8f2855c204301e59ef0b28a91d8d9bdbaf48cb659b,4,chromadb,TF024,temporal,True,False,10,7,9c5f18b5-9491-4cb2-9eba-9a0d2462f8bb,0.5300692319869995,False,9.2664000003424
transfusion-retrieval-v3,sha256:5fc6a9a0d5ff5721954fad8f2855c204301e59ef0b28a91d8d9bdbaf48cb659b,4,chromadb,TF024,temporal,True,False,10,8,c141d593-8af3-43e4-b0a9-f60c7c49da12,0.5300692319869995,False,9.2664000003424
transfusion-retrieval-v3,sha256:5fc6a9a0d5ff5721954fad8f2855c204301e59ef0b28a91d8d9bdbaf48cb659b,4,chromadb,TF024,temporal,True,False,10,9,635840ee-2aa9-43b0-86b4-74229536c495,0.5300692319869995,False,9.2664000003424
transfusion-retrieval-v3,sha256:5fc6a9a0d5ff5721954fad8f2855c204301e59ef0b28a91d8d9bdbaf48cb659b,4,chromadb,TF024,temporal,True,False,10,10,e9ad4f9e-f150-4d2b-b7cd-20a8a3327864,0.5300692319869995,False,9.2664000003424
transfusion-retrieval-v3,sha256:5fc6a9a0d5ff5721954fad8f2855c204301e59ef0b28a91d8d9bdbaf48cb659b,4,chromadb,TF025,fact_specific,True,False,1,1,63cb7040-3526-4f6f-9f88-e295bbe5edaf,0.7469782829284668,False,11.679900000672205
transfusion-retrieval-v3,sha256:5fc6a9a0d5ff5721954fad8f2855c204301e59ef0b28a91d8d9bdbaf48cb659b,4,chromadb,TF025,fact_specific,True,False,3,1,63cb7040-3526-4f6f-9f88-e295bbe5edaf,0.7469782829284668,False,11.679900000672205
transfusion-retrieval-v3,sha256:5fc6a9a0d5ff5721954fad8f2855c204301e59ef0b28a91d8d9bdbaf48cb659b,4,chromadb,TF025,fact_specific,True,False,3,2,16efaa44-1554-4748-8407-48fac0bced94,0.7403437495231628,False,11.679900000672205
transfusion-retrieval-v3,sha256:5fc6a9a0d5ff5721954fad8f2855c204301e59ef0b28a91d8d9bdbaf48cb659b,4,chromadb,TF025,fact_specific,True,False,3,3,eeb8db46-f757-41f1-9ca5-c022f3d4ea3e,0.5956743359565735,False,11.679900000672205
transfusion-retrieval-v3,sha256:5fc6a9a0d5ff5721954fad8f2855c204301e59ef0b28a91d8d9bdbaf48cb659b,4,chromadb,TF025,fact_specific,True,False,5,1,63cb7040-3526-4f6f-9f88-e295bbe5edaf,0.7469782829284668,False,11.679900000672205
transfusion-retrieval-v3,sha256:5fc6a9a0d5ff5721954fad8f2855c204301e59ef0b28a91d8d9bdbaf48cb659b,4,chromadb,TF025,fact_specific,True,False,5,2,16efaa44-1554-4748-8407-48fac0bced94,0.7403437495231628,False,11.679900000672205
transfusion-retrieval-v3,sha256:5fc6a9a0d5ff5721954fad8f2855c204301e59ef0b28a91d8d9bdbaf48cb659b,4,chromadb,TF025,fact_specific,True,False,5,3,eeb8db46-f757-41f1-9ca5-c022f3d4ea3e,0.5956743359565735,False,11.679900000672205
transfusion-retrieval-v3,sha256:5fc6a9a0d5ff5721954fad8f2855c204301e59ef0b28a91d8d9bdbaf48cb659b,4,chromadb,TF025,fact_specific,True,False,5,4,17e22a4e-78d9-4607-b75b-151e52cc4d20,0.5956743359565735,False,11.679900000672205
transfusion-retrieval-v3,sha256:5fc6a9a0d5ff5721954fad8f2855c204301e59ef0b28a91d8d9bdbaf48cb659b,4,chromadb,TF025,fact_specific,True,False,5,5,fbb0340e-b19d-43c3-a23a-5ee07899e8cd,0.5956743359565735,False,11.679900000672205
transfusion-retrieval-v3,sha256:5fc6a9a0d5ff5721954fad8f2855c204301e59ef0b28a91d8d9bdbaf48cb659b,4,chromadb,TF025,fact_specific,True,False,10,1,63cb7040-3526-4f6f-9f88-e295bbe5edaf,0.7469782829284668,False,11.679900000672205
transfusion-retrieval-v3,sha256:5fc6a9a0d5ff5721954fad8f2855c204301e59ef0b28a91d8d9bdbaf48cb659b,4,chromadb,TF025,fact_specific,True,False,10,2,16efaa44-1554-4748-8407-48fac0bced94,0.7403437495231628,False,11.679900000672205
transfusion-retrieval-v3,sha256:5fc6a9a0d5ff5721954fad8f2855c204301e59ef0b28a91d8d9bdbaf48cb659b,4,chromadb,TF025,fact_specific,True,False,10,3,eeb8db46-f757-41f1-9ca5-c022f3d4ea3e,0.5956743359565735,False,11.679900000672205
transfusion-retrieval-v3,sha256:5fc6a9a0d5ff5721954fad8f2855c204301e59ef0b28a91d8d9bdbaf48cb659b,4,chromadb,TF025,fact_specific,True,False,10,4,17e22a4e-78d9-4607-b75b-151e52cc4d20,0.5956743359565735,False,11.679900000672205
transfusion-retrieval-v3,sha256:5fc6a9a0d5ff5721954fad8f2855c204301e59ef0b28a91d8d9bdbaf48cb659b,4,chromadb,TF025,fact_specific,True,False,10,5,fbb0340e-b19d-43c3-a23a-5ee07899e8cd,0.5956743359565735,False,11.679900000672205
transfusion-retrieval-v3,sha256:5fc6a9a0d5ff5721954fad8f2855c204301e59ef0b28a91d8d9bdbaf48cb659b,4,chromadb,TF025,fact_specific,True,False,10,6,e4892114-b8eb-4f39-a7c4-427217039236,0.5956743359565735,False,11.679900000672205
transfusion-retrieval-v3,sha256:5fc6a9a0d5ff5721954fad8f2855c204301e59ef0b28a91d8d9bdbaf48cb659b,4,chromadb,TF025,fact_specific,True,False,10,7,9c5f18b5-9491-4cb2-9eba-9a0d2462f8bb,0.5956743359565735,False,11.679900000672205
transfusion-retrieval-v3,sha256:5fc6a9a0d5ff5721954fad8f2855c204301e59ef0b28a91d8d9bdbaf48cb659b,4,chromadb,TF025,fact_specific,True,False,10,8,c141d593-8af3-43e4-b0a9-f60c7c49da12,0.5956743359565735,False,11.679900000672205
transfusion-retrieval-v3,sha256:5fc6a9a0d5ff5721954fad8f2855c204301e59ef0b28a91d8d9bdbaf48cb659b,4,chromadb,TF025,fact_specific,True,False,10,9,635840ee-2aa9-43b0-86b4-74229536c495,0.5956743359565735,False,11.679900000672205
transfusion-retrieval-v3,sha256:5fc6a9a0d5ff5721954fad8f2855c204301e59ef0b28a91d8d9bdbaf48cb659b,4,chromadb,TF025,fact_specific,True,False,10,10,cf1adf23-d1e1-4e53-990c-b241ad636d39,0.5956743359565735,False,11.679900000672205
transfusion-retrieval-v3,sha256:5fc6a9a0d5ff5721954fad8f2855c204301e59ef0b28a91d8d9bdbaf48cb659b,4,chromadb,TF026,fact_specific,True,False,1,1,63cb7040-3526-4f6f-9f88-e295bbe5edaf,0.6714565753936768,False,9.445300000152201
transfusion-retrieval-v3,sha256:5fc6a9a0d5ff5721954fad8f2855c204301e59ef0b28a91d8d9bdbaf48cb659b,4,chromadb,TF026,fact_specific,True,False,3,1,63cb7040-3526-4f6f-9f88-e295bbe5edaf,0.6714565753936768,False,9.445300000152201
transfusion-retrieval-v3,sha256:5fc6a9a0d5ff5721954fad8f2855c204301e59ef0b28a91d8d9bdbaf48cb659b,4,chromadb,TF026,fact_specific,True,False,3,2,16efaa44-1554-4748-8407-48fac0bced94,0.6523428559303284,False,9.445300000152201
transfusion-retrieval-v3,sha256:5fc6a9a0d5ff5721954fad8f2855c204301e59ef0b28a91d8d9bdbaf48cb659b,4,chromadb,TF026,fact_specific,True,False,3,3,fb4884e3-8fea-42fa-b996-7e9c333e7fef,0.6052887439727783,False,9.445300000152201
transfusion-retrieval-v3,sha256:5fc6a9a0d5ff5721954fad8f2855c204301e59ef0b28a91d8d9bdbaf48cb659b,4,chromadb,TF026,fact_specific,True,False,5,1,63cb7040-3526-4f6f-9f88-e295bbe5edaf,0.6714565753936768,False,9.445300000152201
transfusion-retrieval-v3,sha256:5fc6a9a0d5ff5721954fad8f2855c204301e59ef0b28a91d8d9bdbaf48cb659b,4,chromadb,TF026,fact_specific,True,False,5,2,16efaa44-1554-4748-8407-48fac0bced94,0.6523428559303284,False,9.445300000152201
transfusion-retrieval-v3,sha256:5fc6a9a0d5ff5721954fad8f2855c204301e59ef0b28a91d8d9bdbaf48cb659b,4,chromadb,TF026,fact_specific,True,False,5,3,fb4884e3-8fea-42fa-b996-7e9c333e7fef,0.6052887439727783,False,9.445300000152201
transfusion-retrieval-v3,sha256:5fc6a9a0d5ff5721954fad8f2855c204301e59ef0b28a91d8d9bdbaf48cb659b,4,chromadb,TF026,fact_specific,True,False,5,4,eeb8db46-f757-41f1-9ca5-c022f3d4ea3e,0.6052887439727783,False,9.445300000152201
transfusion-retrieval-v3,sha256:5fc6a9a0d5ff5721954fad8f2855c204301e59ef0b28a91d8d9bdbaf48cb659b,4,chromadb,TF026,fact_specific,True,False,5,5,17e22a4e-78d9-4607-b75b-151e52cc4d20,0.6052887439727783,False,9.445300000152201
transfusion-retrieval-v3,sha256:5fc6a9a0d5ff5721954fad8f2855c204301e59ef0b28a91d8d9bdbaf48cb659b,4,chromadb,TF026,fact_specific,True,False,10,1,63cb7040-3526-4f6f-9f88-e295bbe5edaf,0.6714565753936768,False,9.445300000152201
transfusion-retrieval-v3,sha256:5fc6a9a0d5ff5721954fad8f2855c204301e59ef0b28a91d8d9bdbaf48cb659b,4,chromadb,TF026,fact_specific,True,False,10,2,16efaa44-1554-4748-8407-48fac0bced94,0.6523428559303284,False,9.445300000152201
transfusion-retrieval-v3,sha256:5fc6a9a0d5ff5721954fad8f2855c204301e59ef0b28a91d8d9bdbaf48cb659b,4,chromadb,TF026,fact_specific,True,False,10,3,fb4884e3-8fea-42fa-b996-7e9c333e7fef,0.6052887439727783,False,9.445300000152201
transfusion-retrieval-v3,sha256:5fc6a9a0d5ff5721954fad8f2855c204301e59ef0b28a91d8d9bdbaf48cb659b,4,chromadb,TF026,fact_specific,True,False,10,4,eeb8db46-f757-41f1-9ca5-c022f3d4ea3e,0.6052887439727783,False,9.445300000152201
transfusion-retrieval-v3,sha256:5fc6a9a0d5ff5721954fad8f2855c204301e59ef0b28a91d8d9bdbaf48cb659b,4,chromadb,TF026,fact_specific,True,False,10,5,17e22a4e-78d9-4607-b75b-151e52cc4d20,0.6052887439727783,False,9.445300000152201
transfusion-retrieval-v3,sha256:5fc6a9a0d5ff5721954fad8f2855c204301e59ef0b28a91d8d9bdbaf48cb659b,4,chromadb,TF026,fact_specific,True,False,10,6,fbb0340e-b19d-43c3-a23a-5ee07899e8cd,0.6052887439727783,False,9.445300000152201
transfusion-retrieval-v3,sha256:5fc6a9a0d5ff5721954fad8f2855c204301e59ef0b28a91d8d9bdbaf48cb659b,4,chromadb,TF026,fact_specific,True,False,10,7,e4892114-b8eb-4f39-a7c4-427217039236,0.6052887439727783,False,9.445300000152201
transfusion-retrieval-v3,sha256:5fc6a9a0d5ff5721954fad8f2855c204301e59ef0b28a91d8d9bdbaf48cb659b,4,chromadb,TF026,fact_specific,True,False,10,8,c141d593-8af3-43e4-b0a9-f60c7c49da12,0.6052887439727783,False,9.445300000152201
transfusion-retrieval-v3,sha256:5fc6a9a0d5ff5721954fad8f2855c204301e59ef0b28a91d8d9bdbaf48cb659b,4,chromadb,TF026,fact_specific,True,False,10,9,635840ee-2aa9-43b0-86b4-74229536c495,0.6052887439727783,False,9.445300000152201
transfusion-retrieval-v3,sha256:5fc6a9a0d5ff5721954fad8f2855c204301e59ef0b28a91d8d9bdbaf48cb659b,4,chromadb,TF026,fact_specific,True,False,10,10,756d12b3-7bab-48b3-86c9-f2911e308f0e,0.6052887439727783,False,9.445300000152201
transfusion-retrieval-v3,sha256:5fc6a9a0d5ff5721954fad8f2855c204301e59ef0b28a91d8d9bdbaf48cb659b,4,chromadb,TF027,procedure,True,True,1,1,16efaa44-1554-4748-8407-48fac0bced94,0.8033353090286255,False,17.09819999814499
transfusion-retrieval-v3,sha256:5fc6a9a0d5ff5721954fad8f2855c204301e59ef0b28a91d8d9bdbaf48cb659b,4,chromadb,TF027,procedure,True,True,3,1,16efaa44-1554-4748-8407-48fac0bced94,0.8033353090286255,False,17.09819999814499
transfusion-retrieval-v3,sha256:5fc6a9a0d5ff5721954fad8f2855c204301e59ef0b28a91d8d9bdbaf48cb659b,4,chromadb,TF027,procedure,True,True,3,2,63cb7040-3526-4f6f-9f88-e295bbe5edaf,0.7957566976547241,False,17.09819999814499
transfusion-retrieval-v3,sha256:5fc6a9a0d5ff5721954fad8f2855c204301e59ef0b28a91d8d9bdbaf48cb659b,4,chromadb,TF027,procedure,True,True,3,3,66dba192-bac5-4b3a-bd4d-77e9eacb4192,0.7699886560440063,False,17.09819999814499
transfusion-retrieval-v3,sha256:5fc6a9a0d5ff5721954fad8f2855c204301e59ef0b28a91d8d9bdbaf48cb659b,4,chromadb,TF027,procedure,True,True,5,1,16efaa44-1554-4748-8407-48fac0bced94,0.8033353090286255,False,17.09819999814499
transfusion-retrieval-v3,sha256:5fc6a9a0d5ff5721954fad8f2855c204301e59ef0b28a91d8d9bdbaf48cb659b,4,chromadb,TF027,procedure,True,True,5,2,63cb7040-3526-4f6f-9f88-e295bbe5edaf,0.7957566976547241,False,17.09819999814499
transfusion-retrieval-v3,sha256:5fc6a9a0d5ff5721954fad8f2855c204301e59ef0b28a91d8d9bdbaf48cb659b,4,chromadb,TF027,procedure,True,True,5,3,66dba192-bac5-4b3a-bd4d-77e9eacb4192,0.7699886560440063,False,17.09819999814499
transfusion-retrieval-v3,sha256:5fc6a9a0d5ff5721954fad8f2855c204301e59ef0b28a91d8d9bdbaf48cb659b,4,chromadb,TF027,procedure,True,True,5,4,4797ba3b-c3d9-4d11-be5f-86db44dbda83,0.732239842414856,False,17.09819999814499
transfusion-retrieval-v3,sha256:5fc6a9a0d5ff5721954fad8f2855c204301e59ef0b28a91d8d9bdbaf48cb659b,4,chromadb,TF027,procedure,True,True,5,5,761b9529-5b18-4262-8174-6062c35fb31c,0.7283322215080261,False,17.09819999814499
transfusion-retrieval-v3,sha256:5fc6a9a0d5ff5721954fad8f2855c204301e59ef0b28a91d8d9bdbaf48cb659b,4,chromadb,TF027,procedure,True,True,10,1,16efaa44-1554-4748-8407-48fac0bced94,0.8033353090286255,False,17.09819999814499
transfusion-retrieval-v3,sha256:5fc6a9a0d5ff5721954fad8f2855c204301e59ef0b28a91d8d9bdbaf48cb659b,4,chromadb,TF027,procedure,True,True,10,2,63cb7040-3526-4f6f-9f88-e295bbe5edaf,0.7957566976547241,False,17.09819999814499
transfusion-retrieval-v3,sha256:5fc6a9a0d5ff5721954fad8f2855c204301e59ef0b28a91d8d9bdbaf48cb659b,4,chromadb,TF027,procedure,True,True,10,3,66dba192-bac5-4b3a-bd4d-77e9eacb4192,0.7699886560440063,False,17.09819999814499
transfusion-retrieval-v3,sha256:5fc6a9a0d5ff5721954fad8f2855c204301e59ef0b28a91d8d9bdbaf48cb659b,4,chromadb,TF027,procedure,True,True,10,4,4797ba3b-c3d9-4d11-be5f-86db44dbda83,0.732239842414856,False,17.09819999814499
transfusion-retrieval-v3,sha256:5fc6a9a0d5ff5721954fad8f2855c204301e59ef0b28a91d8d9bdbaf48cb659b,4,chromadb,TF027,procedure,True,True,10,5,761b9529-5b18-4262-8174-6062c35fb31c,0.7283322215080261,False,17.09819999814499
transfusion-retrieval-v3,sha256:5fc6a9a0d5ff5721954fad8f2855c204301e59ef0b28a91d8d9bdbaf48cb659b,4,chromadb,TF027,procedure,True,True,10,6,8f3ed830-3a06-41c6-8b06-cfcf6d36a83c,0.7208020687103271,False,17.09819999814499
transfusion-retrieval-v3,sha256:5fc6a9a0d5ff5721954fad8f2855c204301e59ef0b28a91d8d9bdbaf48cb659b,4,chromadb,TF027,procedure,True,True,10,7,59d57c8a-c9d7-4f8d-b9a1-a2816f1f01f7,0.7185235023498535,False,17.09819999814499
transfusion-retrieval-v3,sha256:5fc6a9a0d5ff5721954fad8f2855c204301e59ef0b28a91d8d9bdbaf48cb659b,4,chromadb,TF027,procedure,True,True,10,8,cfff9bf0-05e4-4179-a793-f3c705d04812,0.715167760848999,False,17.09819999814499
transfusion-retrieval-v3,sha256:5fc6a9a0d5ff5721954fad8f2855c204301e59ef0b28a91d8d9bdbaf48cb659b,4,chromadb,TF027,procedure,True,True,10,9,602c933f-0b8f-4533-87a5-f27ecd5f2af9,0.7114664316177368,False,17.09819999814499
transfusion-retrieval-v3,sha256:5fc6a9a0d5ff5721954fad8f2855c204301e59ef0b28a91d8d9bdbaf48cb659b,4,chromadb,TF027,procedure,True,True,10,10,d9a4a9c8-fbd4-41f2-bab6-6abd72575204,0.7094146013259888,False,17.09819999814499
transfusion-retrieval-v3,sha256:5fc6a9a0d5ff5721954fad8f2855c204301e59ef0b28a91d8d9bdbaf48cb659b,4,chromadb,TF028,preparation,True,False,1,1,63cb7040-3526-4f6f-9f88-e295bbe5edaf,0.7709532380104065,False,12.179299999843352
transfusion-retrieval-v3,sha256:5fc6a9a0d5ff5721954fad8f2855c204301e59ef0b28a91d8d9bdbaf48cb659b,4,chromadb,TF028,preparation,True,False,3,1,63cb7040-3526-4f6f-9f88-e295bbe5edaf,0.7709532380104065,False,12.179299999843352
transfusion-retrieval-v3,sha256:5fc6a9a0d5ff5721954fad8f2855c204301e59ef0b28a91d8d9bdbaf48cb659b,4,chromadb,TF028,preparation,True,False,3,2,16efaa44-1554-4748-8407-48fac0bced94,0.7251281142234802,False,12.179299999843352
transfusion-retrieval-v3,sha256:5fc6a9a0d5ff5721954fad8f2855c204301e59ef0b28a91d8d9bdbaf48cb659b,4,chromadb,TF028,preparation,True,False,3,3,fb4884e3-8fea-42fa-b996-7e9c333e7fef,0.6336703300476074,False,12.179299999843352
transfusion-retrieval-v3,sha256:5fc6a9a0d5ff5721954fad8f2855c204301e59ef0b28a91d8d9bdbaf48cb659b,4,chromadb,TF028,preparation,True,False,5,1,63cb7040-3526-4f6f-9f88-e295bbe5edaf,0.7709532380104065,False,12.179299999843352
transfusion-retrieval-v3,sha256:5fc6a9a0d5ff5721954fad8f2855c204301e59ef0b28a91d8d9bdbaf48cb659b,4,chromadb,TF028,preparation,True,False,5,2,16efaa44-1554-4748-8407-48fac0bced94,0.7251281142234802,False,12.179299999843352
transfusion-retrieval-v3,sha256:5fc6a9a0d5ff5721954fad8f2855c204301e59ef0b28a91d8d9bdbaf48cb659b,4,chromadb,TF028,preparation,True,False,5,3,fb4884e3-8fea-42fa-b996-7e9c333e7fef,0.6336703300476074,False,12.179299999843352
transfusion-retrieval-v3,sha256:5fc6a9a0d5ff5721954fad8f2855c204301e59ef0b28a91d8d9bdbaf48cb659b,4,chromadb,TF028,preparation,True,False,5,4,eeb8db46-f757-41f1-9ca5-c022f3d4ea3e,0.6336703300476074,False,12.179299999843352
transfusion-retrieval-v3,sha256:5fc6a9a0d5ff5721954fad8f2855c204301e59ef0b28a91d8d9bdbaf48cb659b,4,chromadb,TF028,preparation,True,False,5,5,fbb0340e-b19d-43c3-a23a-5ee07899e8cd,0.6336703300476074,False,12.179299999843352
transfusion-retrieval-v3,sha256:5fc6a9a0d5ff5721954fad8f2855c204301e59ef0b28a91d8d9bdbaf48cb659b,4,chromadb,TF028,preparation,True,False,10,1,63cb7040-3526-4f6f-9f88-e295bbe5edaf,0.7709532380104065,False,12.179299999843352
transfusion-retrieval-v3,sha256:5fc6a9a0d5ff5721954fad8f2855c204301e59ef0b28a91d8d9bdbaf48cb659b,4,chromadb,TF028,preparation,True,False,10,2,16efaa44-1554-4748-8407-48fac0bced94,0.7251281142234802,False,12.179299999843352
transfusion-retrieval-v3,sha256:5fc6a9a0d5ff5721954fad8f2855c204301e59ef0b28a91d8d9bdbaf48cb659b,4,chromadb,TF028,preparation,True,False,10,3,fb4884e3-8fea-42fa-b996-7e9c333e7fef,0.6336703300476074,False,12.179299999843352
transfusion-retrieval-v3,sha256:5fc6a9a0d5ff5721954fad8f2855c204301e59ef0b28a91d8d9bdbaf48cb659b,4,chromadb,TF028,preparation,True,False,10,4,eeb8db46-f757-41f1-9ca5-c022f3d4ea3e,0.6336703300476074,False,12.179299999843352
transfusion-retrieval-v3,sha256:5fc6a9a0d5ff5721954fad8f2855c204301e59ef0b28a91d8d9bdbaf48cb659b,4,chromadb,TF028,preparation,True,False,10,5,fbb0340e-b19d-43c3-a23a-5ee07899e8cd,0.6336703300476074,False,12.179299999843352
transfusion-retrieval-v3,sha256:5fc6a9a0d5ff5721954fad8f2855c204301e59ef0b28a91d8d9bdbaf48cb659b,4,chromadb,TF028,preparation,True,False,10,6,e4892114-b8eb-4f39-a7c4-427217039236,0.6336703300476074,False,12.179299999843352
transfusion-retrieval-v3,sha256:5fc6a9a0d5ff5721954fad8f2855c204301e59ef0b28a91d8d9bdbaf48cb659b,4,chromadb,TF028,preparation,True,False,10,7,9c5f18b5-9491-4cb2-9eba-9a0d2462f8bb,0.6336703300476074,False,12.179299999843352
transfusion-retrieval-v3,sha256:5fc6a9a0d5ff5721954fad8f2855c204301e59ef0b28a91d8d9bdbaf48cb659b,4,chromadb,TF028,preparation,True,False,10,8,cf1adf23-d1e1-4e53-990c-b241ad636d39,0.6336703300476074,False,12.179299999843352
transfusion-retrieval-v3,sha256:5fc6a9a0d5ff5721954fad8f2855c204301e59ef0b28a91d8d9bdbaf48cb659b,4,chromadb,TF028,preparation,True,False,10,9,756d12b3-7bab-48b3-86c9-f2911e308f0e,0.6336703300476074,False,12.179299999843352
transfusion-retrieval-v3,sha256:5fc6a9a0d5ff5721954fad8f2855c204301e59ef0b28a91d8d9bdbaf48cb659b,4,chromadb,TF028,preparation,True,False,10,10,e9ad4f9e-f150-4d2b-b7cd-20a8a3327864,0.6336703300476074,False,12.179299999843352
transfusion-retrieval-v3,sha256:5fc6a9a0d5ff5721954fad8f2855c204301e59ef0b28a91d8d9bdbaf48cb659b,4,chromadb,TF029,preparation,True,False,1,1,63cb7040-3526-4f6f-9f88-e295bbe5edaf,0.6632214784622192,False,9.297399999923073
transfusion-retrieval-v3,sha256:5fc6a9a0d5ff5721954fad8f2855c204301e59ef0b28a91d8d9bdbaf48cb659b,4,chromadb,TF029,preparation,True,False,3,1,63cb7040-3526-4f6f-9f88-e295bbe5edaf,0.6632214784622192,False,9.297399999923073
transfusion-retrieval-v3,sha256:5fc6a9a0d5ff5721954fad8f2855c204301e59ef0b28a91d8d9bdbaf48cb659b,4,chromadb,TF029,preparation,True,False,3,2,eeb8db46-f757-41f1-9ca5-c022f3d4ea3e,0.6454550623893738,False,9.297399999923073
transfusion-retrieval-v3,sha256:5fc6a9a0d5ff5721954fad8f2855c204301e59ef0b28a91d8d9bdbaf48cb659b,4,chromadb,TF029,preparation,True,False,3,3,17e22a4e-78d9-4607-b75b-151e52cc4d20,0.6454550623893738,False,9.297399999923073
transfusion-retrieval-v3,sha256:5fc6a9a0d5ff5721954fad8f2855c204301e59ef0b28a91d8d9bdbaf48cb659b,4,chromadb,TF029,preparation,True,False,5,1,63cb7040-3526-4f6f-9f88-e295bbe5edaf,0.6632214784622192,False,9.297399999923073
transfusion-retrieval-v3,sha256:5fc6a9a0d5ff5721954fad8f2855c204301e59ef0b28a91d8d9bdbaf48cb659b,4,chromadb,TF029,preparation,True,False,5,2,eeb8db46-f757-41f1-9ca5-c022f3d4ea3e,0.6454550623893738,False,9.297399999923073
transfusion-retrieval-v3,sha256:5fc6a9a0d5ff5721954fad8f2855c204301e59ef0b28a91d8d9bdbaf48cb659b,4,chromadb,TF029,preparation,True,False,5,3,17e22a4e-78d9-4607-b75b-151e52cc4d20,0.6454550623893738,False,9.297399999923073
transfusion-retrieval-v3,sha256:5fc6a9a0d5ff5721954fad8f2855c204301e59ef0b28a91d8d9bdbaf48cb659b,4,chromadb,TF029,preparation,True,False,5,4,fbb0340e-b19d-43c3-a23a-5ee07899e8cd,0.6454550623893738,False,9.297399999923073
transfusion-retrieval-v3,sha256:5fc6a9a0d5ff5721954fad8f2855c204301e59ef0b28a91d8d9bdbaf48cb659b,4,chromadb,TF029,preparation,True,False,5,5,e4892114-b8eb-4f39-a7c4-427217039236,0.6454550623893738,False,9.297399999923073
transfusion-retrieval-v3,sha256:5fc6a9a0d5ff5721954fad8f2855c204301e59ef0b28a91d8d9bdbaf48cb659b,4,chromadb,TF029,preparation,True,False,10,1,63cb7040-3526-4f6f-9f88-e295bbe5edaf,0.6632214784622192,False,9.297399999923073
transfusion-retrieval-v3,sha256:5fc6a9a0d5ff5721954fad8f2855c204301e59ef0b28a91d8d9bdbaf48cb659b,4,chromadb,TF029,preparation,True,False,10,2,eeb8db46-f757-41f1-9ca5-c022f3d4ea3e,0.6454550623893738,False,9.297399999923073
transfusion-retrieval-v3,sha256:5fc6a9a0d5ff5721954fad8f2855c204301e59ef0b28a91d8d9bdbaf48cb659b,4,chromadb,TF029,preparation,True,False,10,3,17e22a4e-78d9-4607-b75b-151e52cc4d20,0.6454550623893738,False,9.297399999923073
transfusion-retrieval-v3,sha256:5fc6a9a0d5ff5721954fad8f2855c204301e59ef0b28a91d8d9bdbaf48cb659b,4,chromadb,TF029,preparation,True,False,10,4,fbb0340e-b19d-43c3-a23a-5ee07899e8cd,0.6454550623893738,False,9.297399999923073
transfusion-retrieval-v3,sha256:5fc6a9a0d5ff5721954fad8f2855c204301e59ef0b28a91d8d9bdbaf48cb659b,4,chromadb,TF029,preparation,True,False,10,5,e4892114-b8eb-4f39-a7c4-427217039236,0.6454550623893738,False,9.297399999923073
transfusion-retrieval-v3,sha256:5fc6a9a0d5ff5721954fad8f2855c204301e59ef0b28a91d8d9bdbaf48cb659b,4,chromadb,TF029,preparation,True,False,10,6,9c5f18b5-9491-4cb2-9eba-9a0d2462f8bb,0.6454550623893738,False,9.297399999923073
transfusion-retrieval-v3,sha256:5fc6a9a0d5ff5721954fad8f2855c204301e59ef0b28a91d8d9bdbaf48cb659b,4,chromadb,TF029,preparation,True,False,10,7,635840ee-2aa9-43b0-86b4-74229536c495,0.6454550623893738,False,9.297399999923073
transfusion-retrieval-v3,sha256:5fc6a9a0d5ff5721954fad8f2855c204301e59ef0b28a91d8d9bdbaf48cb659b,4,chromadb,TF029,preparation,True,False,10,8,cf1adf23-d1e1-4e53-990c-b241ad636d39,0.6454550623893738,False,9.297399999923073
transfusion-retrieval-v3,sha256:5fc6a9a0d5ff5721954fad8f2855c204301e59ef0b28a91d8d9bdbaf48cb659b,4,chromadb,TF029,preparation,True,False,10,9,756d12b3-7bab-48b3-86c9-f2911e308f0e,0.6454550623893738,False,9.297399999923073
transfusion-retrieval-v3,sha256:5fc6a9a0d5ff5721954fad8f2855c204301e59ef0b28a91d8d9bdbaf48cb659b,4,chromadb,TF029,preparation,True,False,10,10,e9ad4f9e-f150-4d2b-b7cd-20a8a3327864,0.6454550623893738,False,9.297399999923073
transfusion-retrieval-v3,sha256:5fc6a9a0d5ff5721954fad8f2855c204301e59ef0b28a91d8d9bdbaf48cb659b,4,chromadb,TF030,temporal,True,False,1,1,63cb7040-3526-4f6f-9f88-e295bbe5edaf,0.761232852935791,False,11.128300000564195
transfusion-retrieval-v3,sha256:5fc6a9a0d5ff5721954fad8f2855c204301e59ef0b28a91d8d9bdbaf48cb659b,4,chromadb,TF030,temporal,True,False,3,1,63cb7040-3526-4f6f-9f88-e295bbe5edaf,0.761232852935791,False,11.128300000564195
transfusion-retrieval-v3,sha256:5fc6a9a0d5ff5721954fad8f2855c204301e59ef0b28a91d8d9bdbaf48cb659b,4,chromadb,TF030,temporal,True,False,3,2,16efaa44-1554-4748-8407-48fac0bced94,0.76096510887146,False,11.128300000564195
transfusion-retrieval-v3,sha256:5fc6a9a0d5ff5721954fad8f2855c204301e59ef0b28a91d8d9bdbaf48cb659b,4,chromadb,TF030,temporal,True,False,3,3,fb4884e3-8fea-42fa-b996-7e9c333e7fef,0.6340731978416443,False,11.128300000564195
transfusion-retrieval-v3,sha256:5fc6a9a0d5ff5721954fad8f2855c204301e59ef0b28a91d8d9bdbaf48cb659b,4,chromadb,TF030,temporal,True,False,5,1,63cb7040-3526-4f6f-9f88-e295bbe5edaf,0.761232852935791,False,11.128300000564195
transfusion-retrieval-v3,sha256:5fc6a9a0d5ff5721954fad8f2855c204301e59ef0b28a91d8d9bdbaf48cb659b,4,chromadb,TF030,temporal,True,False,5,2,16efaa44-1554-4748-8407-48fac0bced94,0.76096510887146,False,11.128300000564195
transfusion-retrieval-v3,sha256:5fc6a9a0d5ff5721954fad8f2855c204301e59ef0b28a91d8d9bdbaf48cb659b,4,chromadb,TF030,temporal,True,False,5,3,fb4884e3-8fea-42fa-b996-7e9c333e7fef,0.6340731978416443,False,11.128300000564195
transfusion-retrieval-v3,sha256:5fc6a9a0d5ff5721954fad8f2855c204301e59ef0b28a91d8d9bdbaf48cb659b,4,chromadb,TF030,temporal,True,False,5,4,17e22a4e-78d9-4607-b75b-151e52cc4d20,0.6340731978416443,False,11.128300000564195
transfusion-retrieval-v3,sha256:5fc6a9a0d5ff5721954fad8f2855c204301e59ef0b28a91d8d9bdbaf48cb659b,4,chromadb,TF030,temporal,True,False,5,5,e4892114-b8eb-4f39-a7c4-427217039236,0.6340731978416443,False,11.128300000564195
transfusion-retrieval-v3,sha256:5fc6a9a0d5ff5721954fad8f2855c204301e59ef0b28a91d8d9bdbaf48cb659b,4,chromadb,TF030,temporal,True,False,10,1,63cb7040-3526-4f6f-9f88-e295bbe5edaf,0.761232852935791,False,11.128300000564195
transfusion-retrieval-v3,sha256:5fc6a9a0d5ff5721954fad8f2855c204301e59ef0b28a91d8d9bdbaf48cb659b,4,chromadb,TF030,temporal,True,False,10,2,16efaa44-1554-4748-8407-48fac0bced94,0.76096510887146,False,11.128300000564195
transfusion-retrieval-v3,sha256:5fc6a9a0d5ff5721954fad8f2855c204301e59ef0b28a91d8d9bdbaf48cb659b,4,chromadb,TF030,temporal,True,False,10,3,fb4884e3-8fea-42fa-b996-7e9c333e7fef,0.6340731978416443,False,11.128300000564195
transfusion-retrieval-v3,sha256:5fc6a9a0d5ff5721954fad8f2855c204301e59ef0b28a91d8d9bdbaf48cb659b,4,chromadb,TF030,temporal,True,False,10,4,17e22a4e-78d9-4607-b75b-151e52cc4d20,0.6340731978416443,False,11.128300000564195
transfusion-retrieval-v3,sha256:5fc6a9a0d5ff5721954fad8f2855c204301e59ef0b28a91d8d9bdbaf48cb659b,4,chromadb,TF030,temporal,True,False,10,5,e4892114-b8eb-4f39-a7c4-427217039236,0.6340731978416443,False,11.128300000564195
transfusion-retrieval-v3,sha256:5fc6a9a0d5ff5721954fad8f2855c204301e59ef0b28a91d8d9bdbaf48cb659b,4,chromadb,TF030,temporal,True,False,10,6,c141d593-8af3-43e4-b0a9-f60c7c49da12,0.6340731978416443,False,11.128300000564195
transfusion-retrieval-v3,sha256:5fc6a9a0d5ff5721954fad8f2855c204301e59ef0b28a91d8d9bdbaf48cb659b,4,chromadb,TF030,temporal,True,False,10,7,635840ee-2aa9-43b0-86b4-74229536c495,0.6340731978416443,False,11.128300000564195
transfusion-retrieval-v3,sha256:5fc6a9a0d5ff5721954fad8f2855c204301e59ef0b28a91d8d9bdbaf48cb659b,4,chromadb,TF030,temporal,True,False,10,8,cf1adf23-d1e1-4e53-990c-b241ad636d39,0.6340731978416443,False,11.128300000564195
transfusion-retrieval-v3,sha256:5fc6a9a0d5ff5721954fad8f2855c204301e59ef0b28a91d8d9bdbaf48cb659b,4,chromadb,TF030,temporal,True,False,10,9,756d12b3-7bab-48b3-86c9-f2911e308f0e,0.6340731978416443,False,11.128300000564195
transfusion-retrieval-v3,sha256:5fc6a9a0d5ff5721954fad8f2855c204301e59ef0b28a91d8d9bdbaf48cb659b,4,chromadb,TF030,temporal,True,False,10,10,e9ad4f9e-f150-4d2b-b7cd-20a8a3327864,0.6340731978416443,False,11.128300000564195
transfusion-retrieval-v3,sha256:5fc6a9a0d5ff5721954fad8f2855c204301e59ef0b28a91d8d9bdbaf48cb659b,4,chromadb,TF031,procedure,True,False,1,1,16efaa44-1554-4748-8407-48fac0bced94,0.7482141256332397,False,9.765599999809638
transfusion-retrieval-v3,sha256:5fc6a9a0d5ff5721954fad8f2855c204301e59ef0b28a91d8d9bdbaf48cb659b,4,chromadb,TF031,procedure,True,False,3,1,16efaa44-1554-4748-8407-48fac0bced94,0.7482141256332397,False,9.765599999809638
transfusion-retrieval-v3,sha256:5fc6a9a0d5ff5721954fad8f2855c204301e59ef0b28a91d8d9bdbaf48cb659b,4,chromadb,TF031,procedure,True,False,3,2,63cb7040-3526-4f6f-9f88-e295bbe5edaf,0.7067425847053528,False,9.765599999809638
transfusion-retrieval-v3,sha256:5fc6a9a0d5ff5721954fad8f2855c204301e59ef0b28a91d8d9bdbaf48cb659b,4,chromadb,TF031,procedure,True,False,3,3,d9a4a9c8-fbd4-41f2-bab6-6abd72575204,0.703368067741394,False,9.765599999809638
transfusion-retrieval-v3,sha256:5fc6a9a0d5ff5721954fad8f2855c204301e59ef0b28a91d8d9bdbaf48cb659b,4,chromadb,TF031,procedure,True,False,5,1,16efaa44-1554-4748-8407-48fac0bced94,0.7482141256332397,False,9.765599999809638
transfusion-retrieval-v3,sha256:5fc6a9a0d5ff5721954fad8f2855c204301e59ef0b28a91d8d9bdbaf48cb659b,4,chromadb,TF031,procedure,True,False,5,2,63cb7040-3526-4f6f-9f88-e295bbe5edaf,0.7067425847053528,False,9.765599999809638
transfusion-retrieval-v3,sha256:5fc6a9a0d5ff5721954fad8f2855c204301e59ef0b28a91d8d9bdbaf48cb659b,4,chromadb,TF031,procedure,True,False,5,3,d9a4a9c8-fbd4-41f2-bab6-6abd72575204,0.703368067741394,False,9.765599999809638
transfusion-retrieval-v3,sha256:5fc6a9a0d5ff5721954fad8f2855c204301e59ef0b28a91d8d9bdbaf48cb659b,4,chromadb,TF031,procedure,True,False,5,4,10537058-d160-4786-a6cf-95de46d7189c,0.6867873072624207,False,9.765599999809638
transfusion-retrieval-v3,sha256:5fc6a9a0d5ff5721954fad8f2855c204301e59ef0b28a91d8d9bdbaf48cb659b,4,chromadb,TF031,procedure,True,False,5,5,602c933f-0b8f-4533-87a5-f27ecd5f2af9,0.6840234398841858,False,9.765599999809638
transfusion-retrieval-v3,sha256:5fc6a9a0d5ff5721954fad8f2855c204301e59ef0b28a91d8d9bdbaf48cb659b,4,chromadb,TF031,procedure,True,False,10,1,16efaa44-1554-4748-8407-48fac0bced94,0.7482141256332397,False,9.765599999809638
transfusion-retrieval-v3,sha256:5fc6a9a0d5ff5721954fad8f2855c204301e59ef0b28a91d8d9bdbaf48cb659b,4,chromadb,TF031,procedure,True,False,10,2,63cb7040-3526-4f6f-9f88-e295bbe5edaf,0.7067425847053528,False,9.765599999809638
transfusion-retrieval-v3,sha256:5fc6a9a0d5ff5721954fad8f2855c204301e59ef0b28a91d8d9bdbaf48cb659b,4,chromadb,TF031,procedure,True,False,10,3,d9a4a9c8-fbd4-41f2-bab6-6abd72575204,0.703368067741394,False,9.765599999809638
transfusion-retrieval-v3,sha256:5fc6a9a0d5ff5721954fad8f2855c204301e59ef0b28a91d8d9bdbaf48cb659b,4,chromadb,TF031,procedure,True,False,10,4,10537058-d160-4786-a6cf-95de46d7189c,0.6867873072624207,False,9.765599999809638
transfusion-retrieval-v3,sha256:5fc6a9a0d5ff5721954fad8f2855c204301e59ef0b28a91d8d9bdbaf48cb659b,4,chromadb,TF031,procedure,True,False,10,5,602c933f-0b8f-4533-87a5-f27ecd5f2af9,0.6840234398841858,False,9.765599999809638
transfusion-retrieval-v3,sha256:5fc6a9a0d5ff5721954fad8f2855c204301e59ef0b28a91d8d9bdbaf48cb659b,4,chromadb,TF031,procedure,True,False,10,6,eda54b74-cd2f-4808-8175-bcc5b916ce90,0.6780365705490112,False,9.765599999809638
transfusion-retrieval-v3,sha256:5fc6a9a0d5ff5721954fad8f2855c204301e59ef0b28a91d8d9bdbaf48cb659b,4,chromadb,TF031,procedure,True,False,10,7,b225ae64-72d2-4e59-81c0-57f5d8438666,0.6729388236999512,False,9.765599999809638
transfusion-retrieval-v3,sha256:5fc6a9a0d5ff5721954fad8f2855c204301e59ef0b28a91d8d9bdbaf48cb659b,4,chromadb,TF031,procedure,True,False,10,8,8f3ed830-3a06-41c6-8b06-cfcf6d36a83c,0.6712728142738342,False,9.765599999809638
transfusion-retrieval-v3,sha256:5fc6a9a0d5ff5721954fad8f2855c204301e59ef0b28a91d8d9bdbaf48cb659b,4,chromadb,TF031,procedure,True,False,10,9,3abbb958-eafe-4ffe-bcfc-dafa7349c15c,0.6691790819168091,False,9.765599999809638
transfusion-retrieval-v3,sha256:5fc6a9a0d5ff5721954fad8f2855c204301e59ef0b28a91d8d9bdbaf48cb659b,4,chromadb,TF031,procedure,True,False,10,10,761b9529-5b18-4262-8174-6062c35fb31c,0.6691311597824097,False,9.765599999809638
transfusion-retrieval-v3,sha256:5fc6a9a0d5ff5721954fad8f2855c204301e59ef0b28a91d8d9bdbaf48cb659b,4,chromadb,TF032,fact_specific,True,False,1,1,63cb7040-3526-4f6f-9f88-e295bbe5edaf,0.6765528321266174,False,11.458299999503652
transfusion-retrieval-v3,sha256:5fc6a9a0d5ff5721954fad8f2855c204301e59ef0b28a91d8d9bdbaf48cb659b,4,chromadb,TF032,fact_specific,True,False,3,1,63cb7040-3526-4f6f-9f88-e295bbe5edaf,0.6765528321266174,False,11.458299999503652
transfusion-retrieval-v3,sha256:5fc6a9a0d5ff5721954fad8f2855c204301e59ef0b28a91d8d9bdbaf48cb659b,4,chromadb,TF032,fact_specific,True,False,3,2,fb4884e3-8fea-42fa-b996-7e9c333e7fef,0.5951187610626221,False,11.458299999503652
transfusion-retrieval-v3,sha256:5fc6a9a0d5ff5721954fad8f2855c204301e59ef0b28a91d8d9bdbaf48cb659b,4,chromadb,TF032,fact_specific,True,False,3,3,eeb8db46-f757-41f1-9ca5-c022f3d4ea3e,0.5951187610626221,False,11.458299999503652
transfusion-retrieval-v3,sha256:5fc6a9a0d5ff5721954fad8f2855c204301e59ef0b28a91d8d9bdbaf48cb659b,4,chromadb,TF032,fact_specific,True,False,5,1,63cb7040-3526-4f6f-9f88-e295bbe5edaf,0.6765528321266174,False,11.458299999503652
transfusion-retrieval-v3,sha256:5fc6a9a0d5ff5721954fad8f2855c204301e59ef0b28a91d8d9bdbaf48cb659b,4,chromadb,TF032,fact_specific,True,False,5,2,fb4884e3-8fea-42fa-b996-7e9c333e7fef,0.5951187610626221,False,11.458299999503652
transfusion-retrieval-v3,sha256:5fc6a9a0d5ff5721954fad8f2855c204301e59ef0b28a91d8d9bdbaf48cb659b,4,chromadb,TF032,fact_specific,True,False,5,3,eeb8db46-f757-41f1-9ca5-c022f3d4ea3e,0.5951187610626221,False,11.458299999503652
transfusion-retrieval-v3,sha256:5fc6a9a0d5ff5721954fad8f2855c204301e59ef0b28a91d8d9bdbaf48cb659b,4,chromadb,TF032,fact_specific,True,False,5,4,17e22a4e-78d9-4607-b75b-151e52cc4d20,0.5951187610626221,False,11.458299999503652
transfusion-retrieval-v3,sha256:5fc6a9a0d5ff5721954fad8f2855c204301e59ef0b28a91d8d9bdbaf48cb659b,4,chromadb,TF032,fact_specific,True,False,5,5,fbb0340e-b19d-43c3-a23a-5ee07899e8cd,0.5951187610626221,False,11.458299999503652
transfusion-retrieval-v3,sha256:5fc6a9a0d5ff5721954fad8f2855c204301e59ef0b28a91d8d9bdbaf48cb659b,4,chromadb,TF032,fact_specific,True,False,10,1,63cb7040-3526-4f6f-9f88-e295bbe5edaf,0.6765528321266174,False,11.458299999503652
transfusion-retrieval-v3,sha256:5fc6a9a0d5ff5721954fad8f2855c204301e59ef0b28a91d8d9bdbaf48cb659b,4,chromadb,TF032,fact_specific,True,False,10,2,fb4884e3-8fea-42fa-b996-7e9c333e7fef,0.5951187610626221,False,11.458299999503652
transfusion-retrieval-v3,sha256:5fc6a9a0d5ff5721954fad8f2855c204301e59ef0b28a91d8d9bdbaf48cb659b,4,chromadb,TF032,fact_specific,True,False,10,3,eeb8db46-f757-41f1-9ca5-c022f3d4ea3e,0.5951187610626221,False,11.458299999503652
transfusion-retrieval-v3,sha256:5fc6a9a0d5ff5721954fad8f2855c204301e59ef0b28a91d8d9bdbaf48cb659b,4,chromadb,TF032,fact_specific,True,False,10,4,17e22a4e-78d9-4607-b75b-151e52cc4d20,0.5951187610626221,False,11.458299999503652
transfusion-retrieval-v3,sha256:5fc6a9a0d5ff5721954fad8f2855c204301e59ef0b28a91d8d9bdbaf48cb659b,4,chromadb,TF032,fact_specific,True,False,10,5,fbb0340e-b19d-43c3-a23a-5ee07899e8cd,0.5951187610626221,False,11.458299999503652
transfusion-retrieval-v3,sha256:5fc6a9a0d5ff5721954fad8f2855c204301e59ef0b28a91d8d9bdbaf48cb659b,4,chromadb,TF032,fact_specific,True,False,10,6,9c5f18b5-9491-4cb2-9eba-9a0d2462f8bb,0.5951187610626221,False,11.458299999503652
transfusion-retrieval-v3,sha256:5fc6a9a0d5ff5721954fad8f2855c204301e59ef0b28a91d8d9bdbaf48cb659b,4,chromadb,TF032,fact_specific,True,False,10,7,c141d593-8af3-43e4-b0a9-f60c7c49da12,0.5951187610626221,False,11.458299999503652
transfusion-retrieval-v3,sha256:5fc6a9a0d5ff5721954fad8f2855c204301e59ef0b28a91d8d9bdbaf48cb659b,4,chromadb,TF032,fact_specific,True,False,10,8,635840ee-2aa9-43b0-86b4-74229536c495,0.5951187610626221,False,11.458299999503652
transfusion-retrieval-v3,sha256:5fc6a9a0d5ff5721954fad8f2855c204301e59ef0b28a91d8d9bdbaf48cb659b,4,chromadb,TF032,fact_specific,True,False,10,9,756d12b3-7bab-48b3-86c9-f2911e308f0e,0.5951187610626221,False,11.458299999503652
transfusion-retrieval-v3,sha256:5fc6a9a0d5ff5721954fad8f2855c204301e59ef0b28a91d8d9bdbaf48cb659b,4,chromadb,TF032,fact_specific,True,False,10,10,e9ad4f9e-f150-4d2b-b7cd-20a8a3327864,0.5951187610626221,False,11.458299999503652
transfusion-retrieval-v3,sha256:5fc6a9a0d5ff5721954fad8f2855c204301e59ef0b28a91d8d9bdbaf48cb659b,4,chromadb,TF033,fact_specific,True,False,1,1,59d57c8a-c9d7-4f8d-b9a1-a2816f1f01f7,0.717020571231842,False,12.331499998254003
transfusion-retrieval-v3,sha256:5fc6a9a0d5ff5721954fad8f2855c204301e59ef0b28a91d8d9bdbaf48cb659b,4,chromadb,TF033,fact_specific,True,False,3,1,59d57c8a-c9d7-4f8d-b9a1-a2816f1f01f7,0.717020571231842,False,12.331499998254003
transfusion-retrieval-v3,sha256:5fc6a9a0d5ff5721954fad8f2855c204301e59ef0b28a91d8d9bdbaf48cb659b,4,chromadb,TF033,fact_specific,True,False,3,2,66dba192-bac5-4b3a-bd4d-77e9eacb4192,0.7138599157333374,False,12.331499998254003
transfusion-retrieval-v3,sha256:5fc6a9a0d5ff5721954fad8f2855c204301e59ef0b28a91d8d9bdbaf48cb659b,4,chromadb,TF033,fact_specific,True,False,3,3,10537058-d160-4786-a6cf-95de46d7189c,0.71381676197052,False,12.331499998254003
transfusion-retrieval-v3,sha256:5fc6a9a0d5ff5721954fad8f2855c204301e59ef0b28a91d8d9bdbaf48cb659b,4,chromadb,TF033,fact_specific,True,False,5,1,59d57c8a-c9d7-4f8d-b9a1-a2816f1f01f7,0.717020571231842,False,12.331499998254003
transfusion-retrieval-v3,sha256:5fc6a9a0d5ff5721954fad8f2855c204301e59ef0b28a91d8d9bdbaf48cb659b,4,chromadb,TF033,fact_specific,True,False,5,2,66dba192-bac5-4b3a-bd4d-77e9eacb4192,0.7138599157333374,False,12.331499998254003
transfusion-retrieval-v3,sha256:5fc6a9a0d5ff5721954fad8f2855c204301e59ef0b28a91d8d9bdbaf48cb659b,4,chromadb,TF033,fact_specific,True,False,5,3,10537058-d160-4786-a6cf-95de46d7189c,0.71381676197052,False,12.331499998254003
transfusion-retrieval-v3,sha256:5fc6a9a0d5ff5721954fad8f2855c204301e59ef0b28a91d8d9bdbaf48cb659b,4,chromadb,TF033,fact_specific,True,False,5,4,e62b0c91-ff0c-43b2-9bd5-ff173d9f8bc0,0.6961793899536133,True,12.331499998254003
transfusion-retrieval-v3,sha256:5fc6a9a0d5ff5721954fad8f2855c204301e59ef0b28a91d8d9bdbaf48cb659b,4,chromadb,TF033,fact_specific,True,False,5,5,d9a4a9c8-fbd4-41f2-bab6-6abd72575204,0.6931865811347961,False,12.331499998254003
transfusion-retrieval-v3,sha256:5fc6a9a0d5ff5721954fad8f2855c204301e59ef0b28a91d8d9bdbaf48cb659b,4,chromadb,TF033,fact_specific,True,False,10,1,59d57c8a-c9d7-4f8d-b9a1-a2816f1f01f7,0.717020571231842,False,12.331499998254003
transfusion-retrieval-v3,sha256:5fc6a9a0d5ff5721954fad8f2855c204301e59ef0b28a91d8d9bdbaf48cb659b,4,chromadb,TF033,fact_specific,True,False,10,2,66dba192-bac5-4b3a-bd4d-77e9eacb4192,0.7138599157333374,False,12.331499998254003
transfusion-retrieval-v3,sha256:5fc6a9a0d5ff5721954fad8f2855c204301e59ef0b28a91d8d9bdbaf48cb659b,4,chromadb,TF033,fact_specific,True,False,10,3,10537058-d160-4786-a6cf-95de46d7189c,0.71381676197052,False,12.331499998254003
transfusion-retrieval-v3,sha256:5fc6a9a0d5ff5721954fad8f2855c204301e59ef0b28a91d8d9bdbaf48cb659b,4,chromadb,TF033,fact_specific,True,False,10,4,e62b0c91-ff0c-43b2-9bd5-ff173d9f8bc0,0.6961793899536133,True,12.331499998254003
transfusion-retrieval-v3,sha256:5fc6a9a0d5ff5721954fad8f2855c204301e59ef0b28a91d8d9bdbaf48cb659b,4,chromadb,TF033,fact_specific,True,False,10,5,d9a4a9c8-fbd4-41f2-bab6-6abd72575204,0.6931865811347961,False,12.331499998254003
transfusion-retrieval-v3,sha256:5fc6a9a0d5ff5721954fad8f2855c204301e59ef0b28a91d8d9bdbaf48cb659b,4,chromadb,TF033,fact_specific,True,False,10,6,4797ba3b-c3d9-4d11-be5f-86db44dbda83,0.6768168807029724,False,12.331499998254003
transfusion-retrieval-v3,sha256:5fc6a9a0d5ff5721954fad8f2855c204301e59ef0b28a91d8d9bdbaf48cb659b,4,chromadb,TF033,fact_specific,True,False,10,7,9131e9a9-eff3-4f4e-a20b-4bdd456c35bc,0.6754478812217712,False,12.331499998254003
transfusion-retrieval-v3,sha256:5fc6a9a0d5ff5721954fad8f2855c204301e59ef0b28a91d8d9bdbaf48cb659b,4,chromadb,TF033,fact_specific,True,False,10,8,1033ac46-dec8-493e-b577-7f5ad80f8e86,0.6734355688095093,False,12.331499998254003
transfusion-retrieval-v3,sha256:5fc6a9a0d5ff5721954fad8f2855c204301e59ef0b28a91d8d9bdbaf48cb659b,4,chromadb,TF033,fact_specific,True,False,10,9,602c933f-0b8f-4533-87a5-f27ecd5f2af9,0.658338189125061,False,12.331499998254003
transfusion-retrieval-v3,sha256:5fc6a9a0d5ff5721954fad8f2855c204301e59ef0b28a91d8d9bdbaf48cb659b,4,chromadb,TF033,fact_specific,True,False,10,10,fbf62ef9-25b7-437c-98d8-c4934fba0fe6,0.6581740379333496,False,12.331499998254003
transfusion-retrieval-v3,sha256:5fc6a9a0d5ff5721954fad8f2855c204301e59ef0b28a91d8d9bdbaf48cb659b,4,chromadb,TF034,product_specific,True,False,1,1,59d57c8a-c9d7-4f8d-b9a1-a2816f1f01f7,0.7716715335845947,True,8.406099999774597
transfusion-retrieval-v3,sha256:5fc6a9a0d5ff5721954fad8f2855c204301e59ef0b28a91d8d9bdbaf48cb659b,4,chromadb,TF034,product_specific,True,False,3,1,59d57c8a-c9d7-4f8d-b9a1-a2816f1f01f7,0.7716715335845947,True,8.406099999774597
transfusion-retrieval-v3,sha256:5fc6a9a0d5ff5721954fad8f2855c204301e59ef0b28a91d8d9bdbaf48cb659b,4,chromadb,TF034,product_specific,True,False,3,2,e62b0c91-ff0c-43b2-9bd5-ff173d9f8bc0,0.7573282122612,False,8.406099999774597
transfusion-retrieval-v3,sha256:5fc6a9a0d5ff5721954fad8f2855c204301e59ef0b28a91d8d9bdbaf48cb659b,4,chromadb,TF034,product_specific,True,False,3,3,66dba192-bac5-4b3a-bd4d-77e9eacb4192,0.7530518174171448,False,8.406099999774597
transfusion-retrieval-v3,sha256:5fc6a9a0d5ff5721954fad8f2855c204301e59ef0b28a91d8d9bdbaf48cb659b,4,chromadb,TF034,product_specific,True,False,5,1,59d57c8a-c9d7-4f8d-b9a1-a2816f1f01f7,0.7716715335845947,True,8.406099999774597
transfusion-retrieval-v3,sha256:5fc6a9a0d5ff5721954fad8f2855c204301e59ef0b28a91d8d9bdbaf48cb659b,4,chromadb,TF034,product_specific,True,False,5,2,e62b0c91-ff0c-43b2-9bd5-ff173d9f8bc0,0.7573282122612,False,8.406099999774597
transfusion-retrieval-v3,sha256:5fc6a9a0d5ff5721954fad8f2855c204301e59ef0b28a91d8d9bdbaf48cb659b,4,chromadb,TF034,product_specific,True,False,5,3,66dba192-bac5-4b3a-bd4d-77e9eacb4192,0.7530518174171448,False,8.406099999774597
transfusion-retrieval-v3,sha256:5fc6a9a0d5ff5721954fad8f2855c204301e59ef0b28a91d8d9bdbaf48cb659b,4,chromadb,TF034,product_specific,True,False,5,4,63cb7040-3526-4f6f-9f88-e295bbe5edaf,0.7355653643608093,False,8.406099999774597
transfusion-retrieval-v3,sha256:5fc6a9a0d5ff5721954fad8f2855c204301e59ef0b28a91d8d9bdbaf48cb659b,4,chromadb,TF034,product_specific,True,False,5,5,16efaa44-1554-4748-8407-48fac0bced94,0.7233642935752869,False,8.406099999774597
transfusion-retrieval-v3,sha256:5fc6a9a0d5ff5721954fad8f2855c204301e59ef0b28a91d8d9bdbaf48cb659b,4,chromadb,TF034,product_specific,True,False,10,1,59d57c8a-c9d7-4f8d-b9a1-a2816f1f01f7,0.7716715335845947,True,8.406099999774597
transfusion-retrieval-v3,sha256:5fc6a9a0d5ff5721954fad8f2855c204301e59ef0b28a91d8d9bdbaf48cb659b,4,chromadb,TF034,product_specific,True,False,10,2,e62b0c91-ff0c-43b2-9bd5-ff173d9f8bc0,0.7573282122612,False,8.406099999774597
transfusion-retrieval-v3,sha256:5fc6a9a0d5ff5721954fad8f2855c204301e59ef0b28a91d8d9bdbaf48cb659b,4,chromadb,TF034,product_specific,True,False,10,3,66dba192-bac5-4b3a-bd4d-77e9eacb4192,0.7530518174171448,False,8.406099999774597
transfusion-retrieval-v3,sha256:5fc6a9a0d5ff5721954fad8f2855c204301e59ef0b28a91d8d9bdbaf48cb659b,4,chromadb,TF034,product_specific,True,False,10,4,63cb7040-3526-4f6f-9f88-e295bbe5edaf,0.7355653643608093,False,8.406099999774597
transfusion-retrieval-v3,sha256:5fc6a9a0d5ff5721954fad8f2855c204301e59ef0b28a91d8d9bdbaf48cb659b,4,chromadb,TF034,product_specific,True,False,10,5,16efaa44-1554-4748-8407-48fac0bced94,0.7233642935752869,False,8.406099999774597
transfusion-retrieval-v3,sha256:5fc6a9a0d5ff5721954fad8f2855c204301e59ef0b28a91d8d9bdbaf48cb659b,4,chromadb,TF034,product_specific,True,False,10,6,4797ba3b-c3d9-4d11-be5f-86db44dbda83,0.7178172469139099,False,8.406099999774597
transfusion-retrieval-v3,sha256:5fc6a9a0d5ff5721954fad8f2855c204301e59ef0b28a91d8d9bdbaf48cb659b,4,chromadb,TF034,product_specific,True,False,10,7,602c933f-0b8f-4533-87a5-f27ecd5f2af9,0.6837570667266846,False,8.406099999774597
transfusion-retrieval-v3,sha256:5fc6a9a0d5ff5721954fad8f2855c204301e59ef0b28a91d8d9bdbaf48cb659b,4,chromadb,TF034,product_specific,True,False,10,8,7c33fbb7-e931-4f6b-9520-23875ec9ee5b,0.6799286603927612,False,8.406099999774597
transfusion-retrieval-v3,sha256:5fc6a9a0d5ff5721954fad8f2855c204301e59ef0b28a91d8d9bdbaf48cb659b,4,chromadb,TF034,product_specific,True,False,10,9,eda54b74-cd2f-4808-8175-bcc5b916ce90,0.6743294596672058,False,8.406099999774597
transfusion-retrieval-v3,sha256:5fc6a9a0d5ff5721954fad8f2855c204301e59ef0b28a91d8d9bdbaf48cb659b,4,chromadb,TF034,product_specific,True,False,10,10,761b9529-5b18-4262-8174-6062c35fb31c,0.6713938117027283,False,8.406099999774597
transfusion-retrieval-v3,sha256:5fc6a9a0d5ff5721954fad8f2855c204301e59ef0b28a91d8d9bdbaf48cb659b,4,chromadb,TF035,paraphrase,True,False,1,1,66dba192-bac5-4b3a-bd4d-77e9eacb4192,0.796301543712616,False,12.201900000945898
transfusion-retrieval-v3,sha256:5fc6a9a0d5ff5721954fad8f2855c204301e59ef0b28a91d8d9bdbaf48cb659b,4,chromadb,TF035,paraphrase,True,False,3,1,66dba192-bac5-4b3a-bd4d-77e9eacb4192,0.796301543712616,False,12.201900000945898
transfusion-retrieval-v3,sha256:5fc6a9a0d5ff5721954fad8f2855c204301e59ef0b28a91d8d9bdbaf48cb659b,4,chromadb,TF035,paraphrase,True,False,3,2,16efaa44-1554-4748-8407-48fac0bced94,0.7939473390579224,False,12.201900000945898
transfusion-retrieval-v3,sha256:5fc6a9a0d5ff5721954fad8f2855c204301e59ef0b28a91d8d9bdbaf48cb659b,4,chromadb,TF035,paraphrase,True,False,3,3,63cb7040-3526-4f6f-9f88-e295bbe5edaf,0.7907347679138184,False,12.201900000945898
transfusion-retrieval-v3,sha256:5fc6a9a0d5ff5721954fad8f2855c204301e59ef0b28a91d8d9bdbaf48cb659b,4,chromadb,TF035,paraphrase,True,False,5,1,66dba192-bac5-4b3a-bd4d-77e9eacb4192,0.796301543712616,False,12.201900000945898
transfusion-retrieval-v3,sha256:5fc6a9a0d5ff5721954fad8f2855c204301e59ef0b28a91d8d9bdbaf48cb659b,4,chromadb,TF035,paraphrase,True,False,5,2,16efaa44-1554-4748-8407-48fac0bced94,0.7939473390579224,False,12.201900000945898
transfusion-retrieval-v3,sha256:5fc6a9a0d5ff5721954fad8f2855c204301e59ef0b28a91d8d9bdbaf48cb659b,4,chromadb,TF035,paraphrase,True,False,5,3,63cb7040-3526-4f6f-9f88-e295bbe5edaf,0.7907347679138184,False,12.201900000945898
transfusion-retrieval-v3,sha256:5fc6a9a0d5ff5721954fad8f2855c204301e59ef0b28a91d8d9bdbaf48cb659b,4,chromadb,TF035,paraphrase,True,False,5,4,4797ba3b-c3d9-4d11-be5f-86db44dbda83,0.7902176380157471,False,12.201900000945898
transfusion-retrieval-v3,sha256:5fc6a9a0d5ff5721954fad8f2855c204301e59ef0b28a91d8d9bdbaf48cb659b,4,chromadb,TF035,paraphrase,True,False,5,5,59d57c8a-c9d7-4f8d-b9a1-a2816f1f01f7,0.7637088298797607,False,12.201900000945898
transfusion-retrieval-v3,sha256:5fc6a9a0d5ff5721954fad8f2855c204301e59ef0b28a91d8d9bdbaf48cb659b,4,chromadb,TF035,paraphrase,True,False,10,1,66dba192-bac5-4b3a-bd4d-77e9eacb4192,0.796301543712616,False,12.201900000945898
transfusion-retrieval-v3,sha256:5fc6a9a0d5ff5721954fad8f2855c204301e59ef0b28a91d8d9bdbaf48cb659b,4,chromadb,TF035,paraphrase,True,False,10,2,16efaa44-1554-4748-8407-48fac0bced94,0.7939473390579224,False,12.201900000945898
transfusion-retrieval-v3,sha256:5fc6a9a0d5ff5721954fad8f2855c204301e59ef0b28a91d8d9bdbaf48cb659b,4,chromadb,TF035,paraphrase,True,False,10,3,63cb7040-3526-4f6f-9f88-e295bbe5edaf,0.7907347679138184,False,12.201900000945898
transfusion-retrieval-v3,sha256:5fc6a9a0d5ff5721954fad8f2855c204301e59ef0b28a91d8d9bdbaf48cb659b,4,chromadb,TF035,paraphrase,True,False,10,4,4797ba3b-c3d9-4d11-be5f-86db44dbda83,0.7902176380157471,False,12.201900000945898
transfusion-retrieval-v3,sha256:5fc6a9a0d5ff5721954fad8f2855c204301e59ef0b28a91d8d9bdbaf48cb659b,4,chromadb,TF035,paraphrase,True,False,10,5,59d57c8a-c9d7-4f8d-b9a1-a2816f1f01f7,0.7637088298797607,False,12.201900000945898
transfusion-retrieval-v3,sha256:5fc6a9a0d5ff5721954fad8f2855c204301e59ef0b28a91d8d9bdbaf48cb659b,4,chromadb,TF035,paraphrase,True,False,10,6,10537058-d160-4786-a6cf-95de46d7189c,0.7630373239517212,False,12.201900000945898
transfusion-retrieval-v3,sha256:5fc6a9a0d5ff5721954fad8f2855c204301e59ef0b28a91d8d9bdbaf48cb659b,4,chromadb,TF035,paraphrase,True,False,10,7,d9a4a9c8-fbd4-41f2-bab6-6abd72575204,0.7581882476806641,False,12.201900000945898
transfusion-retrieval-v3,sha256:5fc6a9a0d5ff5721954fad8f2855c204301e59ef0b28a91d8d9bdbaf48cb659b,4,chromadb,TF035,paraphrase,True,False,10,8,b225ae64-72d2-4e59-81c0-57f5d8438666,0.7484245300292969,False,12.201900000945898
transfusion-retrieval-v3,sha256:5fc6a9a0d5ff5721954fad8f2855c204301e59ef0b28a91d8d9bdbaf48cb659b,4,chromadb,TF035,paraphrase,True,False,10,9,f9eb1471-4566-4c09-a18e-9f3d84a47e9c,0.7288366556167603,False,12.201900000945898
transfusion-retrieval-v3,sha256:5fc6a9a0d5ff5721954fad8f2855c204301e59ef0b28a91d8d9bdbaf48cb659b,4,chromadb,TF035,paraphrase,True,False,10,10,602c933f-0b8f-4533-87a5-f27ecd5f2af9,0.7240806818008423,False,12.201900000945898
transfusion-retrieval-v3,sha256:5fc6a9a0d5ff5721954fad8f2855c204301e59ef0b28a91d8d9bdbaf48cb659b,4,chromadb,TF036,monitoring,True,False,1,1,16efaa44-1554-4748-8407-48fac0bced94,0.7840678095817566,False,12.021600001389743
transfusion-retrieval-v3,sha256:5fc6a9a0d5ff5721954fad8f2855c204301e59ef0b28a91d8d9bdbaf48cb659b,4,chromadb,TF036,monitoring,True,False,3,1,16efaa44-1554-4748-8407-48fac0bced94,0.7840678095817566,False,12.021600001389743
transfusion-retrieval-v3,sha256:5fc6a9a0d5ff5721954fad8f2855c204301e59ef0b28a91d8d9bdbaf48cb659b,4,chromadb,TF036,monitoring,True,False,3,2,8f3ed830-3a06-41c6-8b06-cfcf6d36a83c,0.7646299004554749,False,12.021600001389743
transfusion-retrieval-v3,sha256:5fc6a9a0d5ff5721954fad8f2855c204301e59ef0b28a91d8d9bdbaf48cb659b,4,chromadb,TF036,monitoring,True,False,3,3,eda54b74-cd2f-4808-8175-bcc5b916ce90,0.7271150350570679,False,12.021600001389743
transfusion-retrieval-v3,sha256:5fc6a9a0d5ff5721954fad8f2855c204301e59ef0b28a91d8d9bdbaf48cb659b,4,chromadb,TF036,monitoring,True,False,5,1,16efaa44-1554-4748-8407-48fac0bced94,0.7840678095817566,False,12.021600001389743
transfusion-retrieval-v3,sha256:5fc6a9a0d5ff5721954fad8f2855c204301e59ef0b28a91d8d9bdbaf48cb659b,4,chromadb,TF036,monitoring,True,False,5,2,8f3ed830-3a06-41c6-8b06-cfcf6d36a83c,0.7646299004554749,False,12.021600001389743
transfusion-retrieval-v3,sha256:5fc6a9a0d5ff5721954fad8f2855c204301e59ef0b28a91d8d9bdbaf48cb659b,4,chromadb,TF036,monitoring,True,False,5,3,eda54b74-cd2f-4808-8175-bcc5b916ce90,0.7271150350570679,False,12.021600001389743
transfusion-retrieval-v3,sha256:5fc6a9a0d5ff5721954fad8f2855c204301e59ef0b28a91d8d9bdbaf48cb659b,4,chromadb,TF036,monitoring,True,False,5,4,9b6cc313-9a59-4387-a5ce-2ed14389a0a7,0.7036400437355042,False,12.021600001389743
transfusion-retrieval-v3,sha256:5fc6a9a0d5ff5721954fad8f2855c204301e59ef0b28a91d8d9bdbaf48cb659b,4,chromadb,TF036,monitoring,True,False,5,5,7adacb8c-91c0-4ea7-8d82-7505eeac5042,0.6937098503112793,False,12.021600001389743
transfusion-retrieval-v3,sha256:5fc6a9a0d5ff5721954fad8f2855c204301e59ef0b28a91d8d9bdbaf48cb659b,4,chromadb,TF036,monitoring,True,False,10,1,16efaa44-1554-4748-8407-48fac0bced94,0.7840678095817566,False,12.021600001389743
transfusion-retrieval-v3,sha256:5fc6a9a0d5ff5721954fad8f2855c204301e59ef0b28a91d8d9bdbaf48cb659b,4,chromadb,TF036,monitoring,True,False,10,2,8f3ed830-3a06-41c6-8b06-cfcf6d36a83c,0.7646299004554749,False,12.021600001389743
transfusion-retrieval-v3,sha256:5fc6a9a0d5ff5721954fad8f2855c204301e59ef0b28a91d8d9bdbaf48cb659b,4,chromadb,TF036,monitoring,True,False,10,3,eda54b74-cd2f-4808-8175-bcc5b916ce90,0.7271150350570679,False,12.021600001389743
transfusion-retrieval-v3,sha256:5fc6a9a0d5ff5721954fad8f2855c204301e59ef0b28a91d8d9bdbaf48cb659b,4,chromadb,TF036,monitoring,True,False,10,4,9b6cc313-9a59-4387-a5ce-2ed14389a0a7,0.7036400437355042,False,12.021600001389743
transfusion-retrieval-v3,sha256:5fc6a9a0d5ff5721954fad8f2855c204301e59ef0b28a91d8d9bdbaf48cb659b,4,chromadb,TF036,monitoring,True,False,10,5,7adacb8c-91c0-4ea7-8d82-7505eeac5042,0.6937098503112793,False,12.021600001389743
transfusion-retrieval-v3,sha256:5fc6a9a0d5ff5721954fad8f2855c204301e59ef0b28a91d8d9bdbaf48cb659b,4,chromadb,TF036,monitoring,True,False,10,6,a7cf71a5-8426-4d7c-8106-e0754e7cb4bf,0.6840880513191223,True,12.021600001389743
transfusion-retrieval-v3,sha256:5fc6a9a0d5ff5721954fad8f2855c204301e59ef0b28a91d8d9bdbaf48cb659b,4,chromadb,TF036,monitoring,True,False,10,7,602c933f-0b8f-4533-87a5-f27ecd5f2af9,0.6756772398948669,False,12.021600001389743
transfusion-retrieval-v3,sha256:5fc6a9a0d5ff5721954fad8f2855c204301e59ef0b28a91d8d9bdbaf48cb659b,4,chromadb,TF036,monitoring,True,False,10,8,66dba192-bac5-4b3a-bd4d-77e9eacb4192,0.6739164590835571,False,12.021600001389743
transfusion-retrieval-v3,sha256:5fc6a9a0d5ff5721954fad8f2855c204301e59ef0b28a91d8d9bdbaf48cb659b,4,chromadb,TF036,monitoring,True,False,10,9,b225ae64-72d2-4e59-81c0-57f5d8438666,0.6709387898445129,False,12.021600001389743
transfusion-retrieval-v3,sha256:5fc6a9a0d5ff5721954fad8f2855c204301e59ef0b28a91d8d9bdbaf48cb659b,4,chromadb,TF036,monitoring,True,False,10,10,7e5199d4-e5c9-40ca-a69f-ea37f52c6ce3,0.6707499027252197,False,12.021600001389743
transfusion-retrieval-v3,sha256:5fc6a9a0d5ff5721954fad8f2855c204301e59ef0b28a91d8d9bdbaf48cb659b,4,chromadb,TF037,adverse_reaction,True,False,1,1,602c933f-0b8f-4533-87a5-f27ecd5f2af9,0.7747124433517456,False,11.352400000760099
transfusion-retrieval-v3,sha256:5fc6a9a0d5ff5721954fad8f2855c204301e59ef0b28a91d8d9bdbaf48cb659b,4,chromadb,TF037,adverse_reaction,True,False,3,1,602c933f-0b8f-4533-87a5-f27ecd5f2af9,0.7747124433517456,False,11.352400000760099
transfusion-retrieval-v3,sha256:5fc6a9a0d5ff5721954fad8f2855c204301e59ef0b28a91d8d9bdbaf48cb659b,4,chromadb,TF037,adverse_reaction,True,False,3,2,63cb7040-3526-4f6f-9f88-e295bbe5edaf,0.7630091905593872,False,11.352400000760099
transfusion-retrieval-v3,sha256:5fc6a9a0d5ff5721954fad8f2855c204301e59ef0b28a91d8d9bdbaf48cb659b,4,chromadb,TF037,adverse_reaction,True,False,3,3,16efaa44-1554-4748-8407-48fac0bced94,0.7272325754165649,False,11.352400000760099
transfusion-retrieval-v3,sha256:5fc6a9a0d5ff5721954fad8f2855c204301e59ef0b28a91d8d9bdbaf48cb659b,4,chromadb,TF037,adverse_reaction,True,False,5,1,602c933f-0b8f-4533-87a5-f27ecd5f2af9,0.7747124433517456,False,11.352400000760099
transfusion-retrieval-v3,sha256:5fc6a9a0d5ff5721954fad8f2855c204301e59ef0b28a91d8d9bdbaf48cb659b,4,chromadb,TF037,adverse_reaction,True,False,5,2,63cb7040-3526-4f6f-9f88-e295bbe5edaf,0.7630091905593872,False,11.352400000760099
transfusion-retrieval-v3,sha256:5fc6a9a0d5ff5721954fad8f2855c204301e59ef0b28a91d8d9bdbaf48cb659b,4,chromadb,TF037,adverse_reaction,True,False,5,3,16efaa44-1554-4748-8407-48fac0bced94,0.7272325754165649,False,11.352400000760099
transfusion-retrieval-v3,sha256:5fc6a9a0d5ff5721954fad8f2855c204301e59ef0b28a91d8d9bdbaf48cb659b,4,chromadb,TF037,adverse_reaction,True,False,5,4,391ad5dc-0d1c-4350-85ba-5aa601d9ac0d,0.6812214851379395,False,11.352400000760099
transfusion-retrieval-v3,sha256:5fc6a9a0d5ff5721954fad8f2855c204301e59ef0b28a91d8d9bdbaf48cb659b,4,chromadb,TF037,adverse_reaction,True,False,5,5,761b9529-5b18-4262-8174-6062c35fb31c,0.6520442366600037,False,11.352400000760099
transfusion-retrieval-v3,sha256:5fc6a9a0d5ff5721954fad8f2855c204301e59ef0b28a91d8d9bdbaf48cb659b,4,chromadb,TF037,adverse_reaction,True,False,10,1,602c933f-0b8f-4533-87a5-f27ecd5f2af9,0.7747124433517456,False,11.352400000760099
transfusion-retrieval-v3,sha256:5fc6a9a0d5ff5721954fad8f2855c204301e59ef0b28a91d8d9bdbaf48cb659b,4,chromadb,TF037,adverse_reaction,True,False,10,2,63cb7040-3526-4f6f-9f88-e295bbe5edaf,0.7630091905593872,False,11.352400000760099
transfusion-retrieval-v3,sha256:5fc6a9a0d5ff5721954fad8f2855c204301e59ef0b28a91d8d9bdbaf48cb659b,4,chromadb,TF037,adverse_reaction,True,False,10,3,16efaa44-1554-4748-8407-48fac0bced94,0.7272325754165649,False,11.352400000760099
transfusion-retrieval-v3,sha256:5fc6a9a0d5ff5721954fad8f2855c204301e59ef0b28a91d8d9bdbaf48cb659b,4,chromadb,TF037,adverse_reaction,True,False,10,4,391ad5dc-0d1c-4350-85ba-5aa601d9ac0d,0.6812214851379395,False,11.352400000760099
transfusion-retrieval-v3,sha256:5fc6a9a0d5ff5721954fad8f2855c204301e59ef0b28a91d8d9bdbaf48cb659b,4,chromadb,TF037,adverse_reaction,True,False,10,5,761b9529-5b18-4262-8174-6062c35fb31c,0.6520442366600037,False,11.352400000760099
transfusion-retrieval-v3,sha256:5fc6a9a0d5ff5721954fad8f2855c204301e59ef0b28a91d8d9bdbaf48cb659b,4,chromadb,TF037,adverse_reaction,True,False,10,6,843aa4c8-3ffd-4747-97eb-8699b0a0eeaf,0.6390068531036377,False,11.352400000760099
transfusion-retrieval-v3,sha256:5fc6a9a0d5ff5721954fad8f2855c204301e59ef0b28a91d8d9bdbaf48cb659b,4,chromadb,TF037,adverse_reaction,True,False,10,7,4797ba3b-c3d9-4d11-be5f-86db44dbda83,0.6210651397705078,False,11.352400000760099
transfusion-retrieval-v3,sha256:5fc6a9a0d5ff5721954fad8f2855c204301e59ef0b28a91d8d9bdbaf48cb659b,4,chromadb,TF037,adverse_reaction,True,False,10,8,66dba192-bac5-4b3a-bd4d-77e9eacb4192,0.5946568846702576,False,11.352400000760099
transfusion-retrieval-v3,sha256:5fc6a9a0d5ff5721954fad8f2855c204301e59ef0b28a91d8d9bdbaf48cb659b,4,chromadb,TF037,adverse_reaction,True,False,10,9,10537058-d160-4786-a6cf-95de46d7189c,0.5929234027862549,False,11.352400000760099
transfusion-retrieval-v3,sha256:5fc6a9a0d5ff5721954fad8f2855c204301e59ef0b28a91d8d9bdbaf48cb659b,4,chromadb,TF037,adverse_reaction,True,False,10,10,c141d593-8af3-43e4-b0a9-f60c7c49da12,0.5855879783630371,False,11.352400000760099
transfusion-retrieval-v3,sha256:5fc6a9a0d5ff5721954fad8f2855c204301e59ef0b28a91d8d9bdbaf48cb659b,4,chromadb,TF038,adverse_reaction,True,False,1,1,602c933f-0b8f-4533-87a5-f27ecd5f2af9,0.6848506927490234,False,10.367099999712082
transfusion-retrieval-v3,sha256:5fc6a9a0d5ff5721954fad8f2855c204301e59ef0b28a91d8d9bdbaf48cb659b,4,chromadb,TF038,adverse_reaction,True,False,3,1,602c933f-0b8f-4533-87a5-f27ecd5f2af9,0.6848506927490234,False,10.367099999712082
transfusion-retrieval-v3,sha256:5fc6a9a0d5ff5721954fad8f2855c204301e59ef0b28a91d8d9bdbaf48cb659b,4,chromadb,TF038,adverse_reaction,True,False,3,2,391ad5dc-0d1c-4350-85ba-5aa601d9ac0d,0.6371914148330688,False,10.367099999712082
transfusion-retrieval-v3,sha256:5fc6a9a0d5ff5721954fad8f2855c204301e59ef0b28a91d8d9bdbaf48cb659b,4,chromadb,TF038,adverse_reaction,True,False,3,3,843aa4c8-3ffd-4747-97eb-8699b0a0eeaf,0.6240606307983398,False,10.367099999712082
transfusion-retrieval-v3,sha256:5fc6a9a0d5ff5721954fad8f2855c204301e59ef0b28a91d8d9bdbaf48cb659b,4,chromadb,TF038,adverse_reaction,True,False,5,1,602c933f-0b8f-4533-87a5-f27ecd5f2af9,0.6848506927490234,False,10.367099999712082
transfusion-retrieval-v3,sha256:5fc6a9a0d5ff5721954fad8f2855c204301e59ef0b28a91d8d9bdbaf48cb659b,4,chromadb,TF038,adverse_reaction,True,False,5,2,391ad5dc-0d1c-4350-85ba-5aa601d9ac0d,0.6371914148330688,False,10.367099999712082
transfusion-retrieval-v3,sha256:5fc6a9a0d5ff5721954fad8f2855c204301e59ef0b28a91d8d9bdbaf48cb659b,4,chromadb,TF038,adverse_reaction,True,False,5,3,843aa4c8-3ffd-4747-97eb-8699b0a0eeaf,0.6240606307983398,False,10.367099999712082
transfusion-retrieval-v3,sha256:5fc6a9a0d5ff5721954fad8f2855c204301e59ef0b28a91d8d9bdbaf48cb659b,4,chromadb,TF038,adverse_reaction,True,False,5,4,4797ba3b-c3d9-4d11-be5f-86db44dbda83,0.5829976797103882,False,10.367099999712082
transfusion-retrieval-v3,sha256:5fc6a9a0d5ff5721954fad8f2855c204301e59ef0b28a91d8d9bdbaf48cb659b,4,chromadb,TF038,adverse_reaction,True,False,5,5,ee8c2027-ad6d-4bb7-8077-5e4c42be1cc3,0.5775790214538574,False,10.367099999712082
transfusion-retrieval-v3,sha256:5fc6a9a0d5ff5721954fad8f2855c204301e59ef0b28a91d8d9bdbaf48cb659b,4,chromadb,TF038,adverse_reaction,True,False,10,1,602c933f-0b8f-4533-87a5-f27ecd5f2af9,0.6848506927490234,False,10.367099999712082
transfusion-retrieval-v3,sha256:5fc6a9a0d5ff5721954fad8f2855c204301e59ef0b28a91d8d9bdbaf48cb659b,4,chromadb,TF038,adverse_reaction,True,False,10,2,391ad5dc-0d1c-4350-85ba-5aa601d9ac0d,0.6371914148330688,False,10.367099999712082
transfusion-retrieval-v3,sha256:5fc6a9a0d5ff5721954fad8f2855c204301e59ef0b28a91d8d9bdbaf48cb659b,4,chromadb,TF038,adverse_reaction,True,False,10,3,843aa4c8-3ffd-4747-97eb-8699b0a0eeaf,0.6240606307983398,False,10.367099999712082
transfusion-retrieval-v3,sha256:5fc6a9a0d5ff5721954fad8f2855c204301e59ef0b28a91d8d9bdbaf48cb659b,4,chromadb,TF038,adverse_reaction,True,False,10,4,4797ba3b-c3d9-4d11-be5f-86db44dbda83,0.5829976797103882,False,10.367099999712082
transfusion-retrieval-v3,sha256:5fc6a9a0d5ff5721954fad8f2855c204301e59ef0b28a91d8d9bdbaf48cb659b,4,chromadb,TF038,adverse_reaction,True,False,10,5,ee8c2027-ad6d-4bb7-8077-5e4c42be1cc3,0.5775790214538574,False,10.367099999712082
transfusion-retrieval-v3,sha256:5fc6a9a0d5ff5721954fad8f2855c204301e59ef0b28a91d8d9bdbaf48cb659b,4,chromadb,TF038,adverse_reaction,True,False,10,6,edd76252-eb29-4acf-9a31-735463528b7d,0.5743620991706848,False,10.367099999712082
transfusion-retrieval-v3,sha256:5fc6a9a0d5ff5721954fad8f2855c204301e59ef0b28a91d8d9bdbaf48cb659b,4,chromadb,TF038,adverse_reaction,True,False,10,7,16efaa44-1554-4748-8407-48fac0bced94,0.5709365606307983,False,10.367099999712082
transfusion-retrieval-v3,sha256:5fc6a9a0d5ff5721954fad8f2855c204301e59ef0b28a91d8d9bdbaf48cb659b,4,chromadb,TF038,adverse_reaction,True,False,10,8,63cb7040-3526-4f6f-9f88-e295bbe5edaf,0.5626837611198425,False,10.367099999712082
transfusion-retrieval-v3,sha256:5fc6a9a0d5ff5721954fad8f2855c204301e59ef0b28a91d8d9bdbaf48cb659b,4,chromadb,TF038,adverse_reaction,True,False,10,9,66dba192-bac5-4b3a-bd4d-77e9eacb4192,0.5596904158592224,False,10.367099999712082
transfusion-retrieval-v3,sha256:5fc6a9a0d5ff5721954fad8f2855c204301e59ef0b28a91d8d9bdbaf48cb659b,4,chromadb,TF038,adverse_reaction,True,False,10,10,8939253d-3272-4915-8c2b-c60062aeb818,0.5578333735466003,True,10.367099999712082
transfusion-retrieval-v3,sha256:5fc6a9a0d5ff5721954fad8f2855c204301e59ef0b28a91d8d9bdbaf48cb659b,4,chromadb,TF039,adverse_reaction,True,False,1,1,7abe62fa-6fdb-4466-a16b-73e1770f0c57,0.6931179761886597,True,10.588900000584545
transfusion-retrieval-v3,sha256:5fc6a9a0d5ff5721954fad8f2855c204301e59ef0b28a91d8d9bdbaf48cb659b,4,chromadb,TF039,adverse_reaction,True,False,3,1,7abe62fa-6fdb-4466-a16b-73e1770f0c57,0.6931179761886597,True,10.588900000584545
transfusion-retrieval-v3,sha256:5fc6a9a0d5ff5721954fad8f2855c204301e59ef0b28a91d8d9bdbaf48cb659b,4,chromadb,TF039,adverse_reaction,True,False,3,2,2e55093d-0a0f-4fd9-954b-4fc72df9eac0,0.6829896569252014,True,10.588900000584545
transfusion-retrieval-v3,sha256:5fc6a9a0d5ff5721954fad8f2855c204301e59ef0b28a91d8d9bdbaf48cb659b,4,chromadb,TF039,adverse_reaction,True,False,3,3,63cb7040-3526-4f6f-9f88-e295bbe5edaf,0.5439610481262207,False,10.588900000584545
transfusion-retrieval-v3,sha256:5fc6a9a0d5ff5721954fad8f2855c204301e59ef0b28a91d8d9bdbaf48cb659b,4,chromadb,TF039,adverse_reaction,True,False,5,1,7abe62fa-6fdb-4466-a16b-73e1770f0c57,0.6931179761886597,True,10.588900000584545
transfusion-retrieval-v3,sha256:5fc6a9a0d5ff5721954fad8f2855c204301e59ef0b28a91d8d9bdbaf48cb659b,4,chromadb,TF039,adverse_reaction,True,False,5,2,2e55093d-0a0f-4fd9-954b-4fc72df9eac0,0.6829896569252014,True,10.588900000584545
transfusion-retrieval-v3,sha256:5fc6a9a0d5ff5721954fad8f2855c204301e59ef0b28a91d8d9bdbaf48cb659b,4,chromadb,TF039,adverse_reaction,True,False,5,3,63cb7040-3526-4f6f-9f88-e295bbe5edaf,0.5439610481262207,False,10.588900000584545
transfusion-retrieval-v3,sha256:5fc6a9a0d5ff5721954fad8f2855c204301e59ef0b28a91d8d9bdbaf48cb659b,4,chromadb,TF039,adverse_reaction,True,False,5,4,602c933f-0b8f-4533-87a5-f27ecd5f2af9,0.5196958780288696,False,10.588900000584545
transfusion-retrieval-v3,sha256:5fc6a9a0d5ff5721954fad8f2855c204301e59ef0b28a91d8d9bdbaf48cb659b,4,chromadb,TF039,adverse_reaction,True,False,5,5,16efaa44-1554-4748-8407-48fac0bced94,0.500237226486206,False,10.588900000584545
transfusion-retrieval-v3,sha256:5fc6a9a0d5ff5721954fad8f2855c204301e59ef0b28a91d8d9bdbaf48cb659b,4,chromadb,TF039,adverse_reaction,True,False,10,1,7abe62fa-6fdb-4466-a16b-73e1770f0c57,0.6931179761886597,True,10.588900000584545
transfusion-retrieval-v3,sha256:5fc6a9a0d5ff5721954fad8f2855c204301e59ef0b28a91d8d9bdbaf48cb659b,4,chromadb,TF039,adverse_reaction,True,False,10,2,2e55093d-0a0f-4fd9-954b-4fc72df9eac0,0.6829896569252014,True,10.588900000584545
transfusion-retrieval-v3,sha256:5fc6a9a0d5ff5721954fad8f2855c204301e59ef0b28a91d8d9bdbaf48cb659b,4,chromadb,TF039,adverse_reaction,True,False,10,3,63cb7040-3526-4f6f-9f88-e295bbe5edaf,0.5439610481262207,False,10.588900000584545
transfusion-retrieval-v3,sha256:5fc6a9a0d5ff5721954fad8f2855c204301e59ef0b28a91d8d9bdbaf48cb659b,4,chromadb,TF039,adverse_reaction,True,False,10,4,602c933f-0b8f-4533-87a5-f27ecd5f2af9,0.5196958780288696,False,10.588900000584545
transfusion-retrieval-v3,sha256:5fc6a9a0d5ff5721954fad8f2855c204301e59ef0b28a91d8d9bdbaf48cb659b,4,chromadb,TF039,adverse_reaction,True,False,10,5,16efaa44-1554-4748-8407-48fac0bced94,0.500237226486206,False,10.588900000584545
transfusion-retrieval-v3,sha256:5fc6a9a0d5ff5721954fad8f2855c204301e59ef0b28a91d8d9bdbaf48cb659b,4,chromadb,TF039,adverse_reaction,True,False,10,6,391ad5dc-0d1c-4350-85ba-5aa601d9ac0d,0.49498558044433594,False,10.588900000584545
transfusion-retrieval-v3,sha256:5fc6a9a0d5ff5721954fad8f2855c204301e59ef0b28a91d8d9bdbaf48cb659b,4,chromadb,TF039,adverse_reaction,True,False,10,7,4797ba3b-c3d9-4d11-be5f-86db44dbda83,0.4838799834251404,False,10.588900000584545
transfusion-retrieval-v3,sha256:5fc6a9a0d5ff5721954fad8f2855c204301e59ef0b28a91d8d9bdbaf48cb659b,4,chromadb,TF039,adverse_reaction,True,False,10,8,f4580736-a09e-471f-93d2-8089c695eb67,0.470181941986084,False,10.588900000584545
transfusion-retrieval-v3,sha256:5fc6a9a0d5ff5721954fad8f2855c204301e59ef0b28a91d8d9bdbaf48cb659b,4,chromadb,TF039,adverse_reaction,True,False,10,9,761b9529-5b18-4262-8174-6062c35fb31c,0.4624728560447693,False,10.588900000584545
transfusion-retrieval-v3,sha256:5fc6a9a0d5ff5721954fad8f2855c204301e59ef0b28a91d8d9bdbaf48cb659b,4,chromadb,TF039,adverse_reaction,True,False,10,10,843aa4c8-3ffd-4747-97eb-8699b0a0eeaf,0.4536077380180359,False,10.588900000584545
transfusion-retrieval-v3,sha256:5fc6a9a0d5ff5721954fad8f2855c204301e59ef0b28a91d8d9bdbaf48cb659b,4,chromadb,TF040,adverse_reaction,True,False,1,1,602c933f-0b8f-4533-87a5-f27ecd5f2af9,0.816611647605896,False,10.51519999964512
transfusion-retrieval-v3,sha256:5fc6a9a0d5ff5721954fad8f2855c204301e59ef0b28a91d8d9bdbaf48cb659b,4,chromadb,TF040,adverse_reaction,True,False,3,1,602c933f-0b8f-4533-87a5-f27ecd5f2af9,0.816611647605896,False,10.51519999964512
transfusion-retrieval-v3,sha256:5fc6a9a0d5ff5721954fad8f2855c204301e59ef0b28a91d8d9bdbaf48cb659b,4,chromadb,TF040,adverse_reaction,True,False,3,2,843aa4c8-3ffd-4747-97eb-8699b0a0eeaf,0.746697187423706,False,10.51519999964512
transfusion-retrieval-v3,sha256:5fc6a9a0d5ff5721954fad8f2855c204301e59ef0b28a91d8d9bdbaf48cb659b,4,chromadb,TF040,adverse_reaction,True,False,3,3,66dba192-bac5-4b3a-bd4d-77e9eacb4192,0.6926615238189697,False,10.51519999964512
transfusion-retrieval-v3,sha256:5fc6a9a0d5ff5721954fad8f2855c204301e59ef0b28a91d8d9bdbaf48cb659b,4,chromadb,TF040,adverse_reaction,True,False,5,1,602c933f-0b8f-4533-87a5-f27ecd5f2af9,0.816611647605896,False,10.51519999964512
transfusion-retrieval-v3,sha256:5fc6a9a0d5ff5721954fad8f2855c204301e59ef0b28a91d8d9bdbaf48cb659b,4,chromadb,TF040,adverse_reaction,True,False,5,2,843aa4c8-3ffd-4747-97eb-8699b0a0eeaf,0.746697187423706,False,10.51519999964512
transfusion-retrieval-v3,sha256:5fc6a9a0d5ff5721954fad8f2855c204301e59ef0b28a91d8d9bdbaf48cb659b,4,chromadb,TF040,adverse_reaction,True,False,5,3,66dba192-bac5-4b3a-bd4d-77e9eacb4192,0.6926615238189697,False,10.51519999964512
transfusion-retrieval-v3,sha256:5fc6a9a0d5ff5721954fad8f2855c204301e59ef0b28a91d8d9bdbaf48cb659b,4,chromadb,TF040,adverse_reaction,True,False,5,4,ee8c2027-ad6d-4bb7-8077-5e4c42be1cc3,0.6833438277244568,False,10.51519999964512
transfusion-retrieval-v3,sha256:5fc6a9a0d5ff5721954fad8f2855c204301e59ef0b28a91d8d9bdbaf48cb659b,4,chromadb,TF040,adverse_reaction,True,False,5,5,edd76252-eb29-4acf-9a31-735463528b7d,0.6799221038818359,False,10.51519999964512
transfusion-retrieval-v3,sha256:5fc6a9a0d5ff5721954fad8f2855c204301e59ef0b28a91d8d9bdbaf48cb659b,4,chromadb,TF040,adverse_reaction,True,False,10,1,602c933f-0b8f-4533-87a5-f27ecd5f2af9,0.816611647605896,False,10.51519999964512
transfusion-retrieval-v3,sha256:5fc6a9a0d5ff5721954fad8f2855c204301e59ef0b28a91d8d9bdbaf48cb659b,4,chromadb,TF040,adverse_reaction,True,False,10,2,843aa4c8-3ffd-4747-97eb-8699b0a0eeaf,0.746697187423706,False,10.51519999964512
transfusion-retrieval-v3,sha256:5fc6a9a0d5ff5721954fad8f2855c204301e59ef0b28a91d8d9bdbaf48cb659b,4,chromadb,TF040,adverse_reaction,True,False,10,3,66dba192-bac5-4b3a-bd4d-77e9eacb4192,0.6926615238189697,False,10.51519999964512
transfusion-retrieval-v3,sha256:5fc6a9a0d5ff5721954fad8f2855c204301e59ef0b28a91d8d9bdbaf48cb659b,4,chromadb,TF040,adverse_reaction,True,False,10,4,ee8c2027-ad6d-4bb7-8077-5e4c42be1cc3,0.6833438277244568,False,10.51519999964512
transfusion-retrieval-v3,sha256:5fc6a9a0d5ff5721954fad8f2855c204301e59ef0b28a91d8d9bdbaf48cb659b,4,chromadb,TF040,adverse_reaction,True,False,10,5,edd76252-eb29-4acf-9a31-735463528b7d,0.6799221038818359,False,10.51519999964512
transfusion-retrieval-v3,sha256:5fc6a9a0d5ff5721954fad8f2855c204301e59ef0b28a91d8d9bdbaf48cb659b,4,chromadb,TF040,adverse_reaction,True,False,10,6,391ad5dc-0d1c-4350-85ba-5aa601d9ac0d,0.6728062629699707,False,10.51519999964512
transfusion-retrieval-v3,sha256:5fc6a9a0d5ff5721954fad8f2855c204301e59ef0b28a91d8d9bdbaf48cb659b,4,chromadb,TF040,adverse_reaction,True,False,10,7,16efaa44-1554-4748-8407-48fac0bced94,0.6664753556251526,False,10.51519999964512
transfusion-retrieval-v3,sha256:5fc6a9a0d5ff5721954fad8f2855c204301e59ef0b28a91d8d9bdbaf48cb659b,4,chromadb,TF040,adverse_reaction,True,False,10,8,d9a4a9c8-fbd4-41f2-bab6-6abd72575204,0.6514233350753784,False,10.51519999964512
transfusion-retrieval-v3,sha256:5fc6a9a0d5ff5721954fad8f2855c204301e59ef0b28a91d8d9bdbaf48cb659b,4,chromadb,TF040,adverse_reaction,True,False,10,9,4797ba3b-c3d9-4d11-be5f-86db44dbda83,0.6512489914894104,False,10.51519999964512
transfusion-retrieval-v3,sha256:5fc6a9a0d5ff5721954fad8f2855c204301e59ef0b28a91d8d9bdbaf48cb659b,4,chromadb,TF040,adverse_reaction,True,False,10,10,8f3ed830-3a06-41c6-8b06-cfcf6d36a83c,0.6498688459396362,False,10.51519999964512
transfusion-retrieval-v3,sha256:5fc6a9a0d5ff5721954fad8f2855c204301e59ef0b28a91d8d9bdbaf48cb659b,4,chromadb,TF041,adverse_reaction,True,False,1,1,63cb7040-3526-4f6f-9f88-e295bbe5edaf,0.7725439071655273,False,11.41009999992093
transfusion-retrieval-v3,sha256:5fc6a9a0d5ff5721954fad8f2855c204301e59ef0b28a91d8d9bdbaf48cb659b,4,chromadb,TF041,adverse_reaction,True,False,3,1,63cb7040-3526-4f6f-9f88-e295bbe5edaf,0.7725439071655273,False,11.41009999992093
transfusion-retrieval-v3,sha256:5fc6a9a0d5ff5721954fad8f2855c204301e59ef0b28a91d8d9bdbaf48cb659b,4,chromadb,TF041,adverse_reaction,True,False,3,2,16efaa44-1554-4748-8407-48fac0bced94,0.7011066675186157,False,11.41009999992093
transfusion-retrieval-v3,sha256:5fc6a9a0d5ff5721954fad8f2855c204301e59ef0b28a91d8d9bdbaf48cb659b,4,chromadb,TF041,adverse_reaction,True,False,3,3,602c933f-0b8f-4533-87a5-f27ecd5f2af9,0.6681457757949829,False,11.41009999992093
transfusion-retrieval-v3,sha256:5fc6a9a0d5ff5721954fad8f2855c204301e59ef0b28a91d8d9bdbaf48cb659b,4,chromadb,TF041,adverse_reaction,True,False,5,1,63cb7040-3526-4f6f-9f88-e295bbe5edaf,0.7725439071655273,False,11.41009999992093
transfusion-retrieval-v3,sha256:5fc6a9a0d5ff5721954fad8f2855c204301e59ef0b28a91d8d9bdbaf48cb659b,4,chromadb,TF041,adverse_reaction,True,False,5,2,16efaa44-1554-4748-8407-48fac0bced94,0.7011066675186157,False,11.41009999992093
transfusion-retrieval-v3,sha256:5fc6a9a0d5ff5721954fad8f2855c204301e59ef0b28a91d8d9bdbaf48cb659b,4,chromadb,TF041,adverse_reaction,True,False,5,3,602c933f-0b8f-4533-87a5-f27ecd5f2af9,0.6681457757949829,False,11.41009999992093
transfusion-retrieval-v3,sha256:5fc6a9a0d5ff5721954fad8f2855c204301e59ef0b28a91d8d9bdbaf48cb659b,4,chromadb,TF041,adverse_reaction,True,False,5,4,761b9529-5b18-4262-8174-6062c35fb31c,0.6086094379425049,False,11.41009999992093
transfusion-retrieval-v3,sha256:5fc6a9a0d5ff5721954fad8f2855c204301e59ef0b28a91d8d9bdbaf48cb659b,4,chromadb,TF041,adverse_reaction,True,False,5,5,eeb8db46-f757-41f1-9ca5-c022f3d4ea3e,0.6075194478034973,False,11.41009999992093
transfusion-retrieval-v3,sha256:5fc6a9a0d5ff5721954fad8f2855c204301e59ef0b28a91d8d9bdbaf48cb659b,4,chromadb,TF041,adverse_reaction,True,False,10,1,63cb7040-3526-4f6f-9f88-e295bbe5edaf,0.7725439071655273,False,11.41009999992093
transfusion-retrieval-v3,sha256:5fc6a9a0d5ff5721954fad8f2855c204301e59ef0b28a91d8d9bdbaf48cb659b,4,chromadb,TF041,adverse_reaction,True,False,10,2,16efaa44-1554-4748-8407-48fac0bced94,0.7011066675186157,False,11.41009999992093
transfusion-retrieval-v3,sha256:5fc6a9a0d5ff5721954fad8f2855c204301e59ef0b28a91d8d9bdbaf48cb659b,4,chromadb,TF041,adverse_reaction,True,False,10,3,602c933f-0b8f-4533-87a5-f27ecd5f2af9,0.6681457757949829,False,11.41009999992093
transfusion-retrieval-v3,sha256:5fc6a9a0d5ff5721954fad8f2855c204301e59ef0b28a91d8d9bdbaf48cb659b,4,chromadb,TF041,adverse_reaction,True,False,10,4,761b9529-5b18-4262-8174-6062c35fb31c,0.6086094379425049,False,11.41009999992093
transfusion-retrieval-v3,sha256:5fc6a9a0d5ff5721954fad8f2855c204301e59ef0b28a91d8d9bdbaf48cb659b,4,chromadb,TF041,adverse_reaction,True,False,10,5,eeb8db46-f757-41f1-9ca5-c022f3d4ea3e,0.6075194478034973,False,11.41009999992093
transfusion-retrieval-v3,sha256:5fc6a9a0d5ff5721954fad8f2855c204301e59ef0b28a91d8d9bdbaf48cb659b,4,chromadb,TF041,adverse_reaction,True,False,10,6,17e22a4e-78d9-4607-b75b-151e52cc4d20,0.6075194478034973,False,11.41009999992093
transfusion-retrieval-v3,sha256:5fc6a9a0d5ff5721954fad8f2855c204301e59ef0b28a91d8d9bdbaf48cb659b,4,chromadb,TF041,adverse_reaction,True,False,10,7,9c5f18b5-9491-4cb2-9eba-9a0d2462f8bb,0.6075194478034973,False,11.41009999992093
transfusion-retrieval-v3,sha256:5fc6a9a0d5ff5721954fad8f2855c204301e59ef0b28a91d8d9bdbaf48cb659b,4,chromadb,TF041,adverse_reaction,True,False,10,8,c141d593-8af3-43e4-b0a9-f60c7c49da12,0.6075194478034973,False,11.41009999992093
transfusion-retrieval-v3,sha256:5fc6a9a0d5ff5721954fad8f2855c204301e59ef0b28a91d8d9bdbaf48cb659b,4,chromadb,TF041,adverse_reaction,True,False,10,9,cf1adf23-d1e1-4e53-990c-b241ad636d39,0.6075194478034973,False,11.41009999992093
transfusion-retrieval-v3,sha256:5fc6a9a0d5ff5721954fad8f2855c204301e59ef0b28a91d8d9bdbaf48cb659b,4,chromadb,TF041,adverse_reaction,True,False,10,10,756d12b3-7bab-48b3-86c9-f2911e308f0e,0.6075194478034973,False,11.41009999992093
transfusion-retrieval-v3,sha256:5fc6a9a0d5ff5721954fad8f2855c204301e59ef0b28a91d8d9bdbaf48cb659b,4,chromadb,TF042,procedure,True,False,1,1,63cb7040-3526-4f6f-9f88-e295bbe5edaf,0.8339592218399048,False,10.80319999891799
transfusion-retrieval-v3,sha256:5fc6a9a0d5ff5721954fad8f2855c204301e59ef0b28a91d8d9bdbaf48cb659b,4,chromadb,TF042,procedure,True,False,3,1,63cb7040-3526-4f6f-9f88-e295bbe5edaf,0.8339592218399048,False,10.80319999891799
transfusion-retrieval-v3,sha256:5fc6a9a0d5ff5721954fad8f2855c204301e59ef0b28a91d8d9bdbaf48cb659b,4,chromadb,TF042,procedure,True,False,3,2,16efaa44-1554-4748-8407-48fac0bced94,0.7144055366516113,False,10.80319999891799
transfusion-retrieval-v3,sha256:5fc6a9a0d5ff5721954fad8f2855c204301e59ef0b28a91d8d9bdbaf48cb659b,4,chromadb,TF042,procedure,True,False,3,3,4797ba3b-c3d9-4d11-be5f-86db44dbda83,0.6690820455551147,False,10.80319999891799
transfusion-retrieval-v3,sha256:5fc6a9a0d5ff5721954fad8f2855c204301e59ef0b28a91d8d9bdbaf48cb659b,4,chromadb,TF042,procedure,True,False,5,1,63cb7040-3526-4f6f-9f88-e295bbe5edaf,0.8339592218399048,False,10.80319999891799
transfusion-retrieval-v3,sha256:5fc6a9a0d5ff5721954fad8f2855c204301e59ef0b28a91d8d9bdbaf48cb659b,4,chromadb,TF042,procedure,True,False,5,2,16efaa44-1554-4748-8407-48fac0bced94,0.7144055366516113,False,10.80319999891799
transfusion-retrieval-v3,sha256:5fc6a9a0d5ff5721954fad8f2855c204301e59ef0b28a91d8d9bdbaf48cb659b,4,chromadb,TF042,procedure,True,False,5,3,4797ba3b-c3d9-4d11-be5f-86db44dbda83,0.6690820455551147,False,10.80319999891799
transfusion-retrieval-v3,sha256:5fc6a9a0d5ff5721954fad8f2855c204301e59ef0b28a91d8d9bdbaf48cb659b,4,chromadb,TF042,procedure,True,False,5,4,eeb8db46-f757-41f1-9ca5-c022f3d4ea3e,0.605731725692749,False,10.80319999891799
transfusion-retrieval-v3,sha256:5fc6a9a0d5ff5721954fad8f2855c204301e59ef0b28a91d8d9bdbaf48cb659b,4,chromadb,TF042,procedure,True,False,5,5,17e22a4e-78d9-4607-b75b-151e52cc4d20,0.605731725692749,False,10.80319999891799
transfusion-retrieval-v3,sha256:5fc6a9a0d5ff5721954fad8f2855c204301e59ef0b28a91d8d9bdbaf48cb659b,4,chromadb,TF042,procedure,True,False,10,1,63cb7040-3526-4f6f-9f88-e295bbe5edaf,0.8339592218399048,False,10.80319999891799
transfusion-retrieval-v3,sha256:5fc6a9a0d5ff5721954fad8f2855c204301e59ef0b28a91d8d9bdbaf48cb659b,4,chromadb,TF042,procedure,True,False,10,2,16efaa44-1554-4748-8407-48fac0bced94,0.7144055366516113,False,10.80319999891799
transfusion-retrieval-v3,sha256:5fc6a9a0d5ff5721954fad8f2855c204301e59ef0b28a91d8d9bdbaf48cb659b,4,chromadb,TF042,procedure,True,False,10,3,4797ba3b-c3d9-4d11-be5f-86db44dbda83,0.6690820455551147,False,10.80319999891799
transfusion-retrieval-v3,sha256:5fc6a9a0d5ff5721954fad8f2855c204301e59ef0b28a91d8d9bdbaf48cb659b,4,chromadb,TF042,procedure,True,False,10,4,eeb8db46-f757-41f1-9ca5-c022f3d4ea3e,0.605731725692749,False,10.80319999891799
transfusion-retrieval-v3,sha256:5fc6a9a0d5ff5721954fad8f2855c204301e59ef0b28a91d8d9bdbaf48cb659b,4,chromadb,TF042,procedure,True,False,10,5,17e22a4e-78d9-4607-b75b-151e52cc4d20,0.605731725692749,False,10.80319999891799
transfusion-retrieval-v3,sha256:5fc6a9a0d5ff5721954fad8f2855c204301e59ef0b28a91d8d9bdbaf48cb659b,4,chromadb,TF042,procedure,True,False,10,6,fbb0340e-b19d-43c3-a23a-5ee07899e8cd,0.605731725692749,False,10.80319999891799
transfusion-retrieval-v3,sha256:5fc6a9a0d5ff5721954fad8f2855c204301e59ef0b28a91d8d9bdbaf48cb659b,4,chromadb,TF042,procedure,True,False,10,7,e4892114-b8eb-4f39-a7c4-427217039236,0.605731725692749,False,10.80319999891799
transfusion-retrieval-v3,sha256:5fc6a9a0d5ff5721954fad8f2855c204301e59ef0b28a91d8d9bdbaf48cb659b,4,chromadb,TF042,procedure,True,False,10,8,c141d593-8af3-43e4-b0a9-f60c7c49da12,0.605731725692749,False,10.80319999891799
transfusion-retrieval-v3,sha256:5fc6a9a0d5ff5721954fad8f2855c204301e59ef0b28a91d8d9bdbaf48cb659b,4,chromadb,TF042,procedure,True,False,10,9,cf1adf23-d1e1-4e53-990c-b241ad636d39,0.605731725692749,False,10.80319999891799
transfusion-retrieval-v3,sha256:5fc6a9a0d5ff5721954fad8f2855c204301e59ef0b28a91d8d9bdbaf48cb659b,4,chromadb,TF042,procedure,True,False,10,10,e9ad4f9e-f150-4d2b-b7cd-20a8a3327864,0.605731725692749,False,10.80319999891799
transfusion-retrieval-v3,sha256:5fc6a9a0d5ff5721954fad8f2855c204301e59ef0b28a91d8d9bdbaf48cb659b,4,chromadb,TF043,procedure,True,False,1,1,63cb7040-3526-4f6f-9f88-e295bbe5edaf,0.7786906957626343,False,10.993299998517614
transfusion-retrieval-v3,sha256:5fc6a9a0d5ff5721954fad8f2855c204301e59ef0b28a91d8d9bdbaf48cb659b,4,chromadb,TF043,procedure,True,False,3,1,63cb7040-3526-4f6f-9f88-e295bbe5edaf,0.7786906957626343,False,10.993299998517614
transfusion-retrieval-v3,sha256:5fc6a9a0d5ff5721954fad8f2855c204301e59ef0b28a91d8d9bdbaf48cb659b,4,chromadb,TF043,procedure,True,False,3,2,16efaa44-1554-4748-8407-48fac0bced94,0.6802800893783569,False,10.993299998517614
transfusion-retrieval-v3,sha256:5fc6a9a0d5ff5721954fad8f2855c204301e59ef0b28a91d8d9bdbaf48cb659b,4,chromadb,TF043,procedure,True,False,3,3,eeb8db46-f757-41f1-9ca5-c022f3d4ea3e,0.6199907064437866,False,10.993299998517614
transfusion-retrieval-v3,sha256:5fc6a9a0d5ff5721954fad8f2855c204301e59ef0b28a91d8d9bdbaf48cb659b,4,chromadb,TF043,procedure,True,False,5,1,63cb7040-3526-4f6f-9f88-e295bbe5edaf,0.7786906957626343,False,10.993299998517614
transfusion-retrieval-v3,sha256:5fc6a9a0d5ff5721954fad8f2855c204301e59ef0b28a91d8d9bdbaf48cb659b,4,chromadb,TF043,procedure,True,False,5,2,16efaa44-1554-4748-8407-48fac0bced94,0.6802800893783569,False,10.993299998517614
transfusion-retrieval-v3,sha256:5fc6a9a0d5ff5721954fad8f2855c204301e59ef0b28a91d8d9bdbaf48cb659b,4,chromadb,TF043,procedure,True,False,5,3,eeb8db46-f757-41f1-9ca5-c022f3d4ea3e,0.6199907064437866,False,10.993299998517614
transfusion-retrieval-v3,sha256:5fc6a9a0d5ff5721954fad8f2855c204301e59ef0b28a91d8d9bdbaf48cb659b,4,chromadb,TF043,procedure,True,False,5,4,17e22a4e-78d9-4607-b75b-151e52cc4d20,0.6199907064437866,False,10.993299998517614
transfusion-retrieval-v3,sha256:5fc6a9a0d5ff5721954fad8f2855c204301e59ef0b28a91d8d9bdbaf48cb659b,4,chromadb,TF043,procedure,True,False,5,5,e4892114-b8eb-4f39-a7c4-427217039236,0.6199907064437866,False,10.993299998517614
transfusion-retrieval-v3,sha256:5fc6a9a0d5ff5721954fad8f2855c204301e59ef0b28a91d8d9bdbaf48cb659b,4,chromadb,TF043,procedure,True,False,10,1,63cb7040-3526-4f6f-9f88-e295bbe5edaf,0.7786906957626343,False,10.993299998517614
transfusion-retrieval-v3,sha256:5fc6a9a0d5ff5721954fad8f2855c204301e59ef0b28a91d8d9bdbaf48cb659b,4,chromadb,TF043,procedure,True,False,10,2,16efaa44-1554-4748-8407-48fac0bced94,0.6802800893783569,False,10.993299998517614
transfusion-retrieval-v3,sha256:5fc6a9a0d5ff5721954fad8f2855c204301e59ef0b28a91d8d9bdbaf48cb659b,4,chromadb,TF043,procedure,True,False,10,3,eeb8db46-f757-41f1-9ca5-c022f3d4ea3e,0.6199907064437866,False,10.993299998517614
transfusion-retrieval-v3,sha256:5fc6a9a0d5ff5721954fad8f2855c204301e59ef0b28a91d8d9bdbaf48cb659b,4,chromadb,TF043,procedure,True,False,10,4,17e22a4e-78d9-4607-b75b-151e52cc4d20,0.6199907064437866,False,10.993299998517614
transfusion-retrieval-v3,sha256:5fc6a9a0d5ff5721954fad8f2855c204301e59ef0b28a91d8d9bdbaf48cb659b,4,chromadb,TF043,procedure,True,False,10,5,e4892114-b8eb-4f39-a7c4-427217039236,0.6199907064437866,False,10.993299998517614
transfusion-retrieval-v3,sha256:5fc6a9a0d5ff5721954fad8f2855c204301e59ef0b28a91d8d9bdbaf48cb659b,4,chromadb,TF043,procedure,True,False,10,6,9c5f18b5-9491-4cb2-9eba-9a0d2462f8bb,0.6199907064437866,False,10.993299998517614
transfusion-retrieval-v3,sha256:5fc6a9a0d5ff5721954fad8f2855c204301e59ef0b28a91d8d9bdbaf48cb659b,4,chromadb,TF043,procedure,True,False,10,7,c141d593-8af3-43e4-b0a9-f60c7c49da12,0.6199907064437866,False,10.993299998517614
transfusion-retrieval-v3,sha256:5fc6a9a0d5ff5721954fad8f2855c204301e59ef0b28a91d8d9bdbaf48cb659b,4,chromadb,TF043,procedure,True,False,10,8,635840ee-2aa9-43b0-86b4-74229536c495,0.6199907064437866,False,10.993299998517614
transfusion-retrieval-v3,sha256:5fc6a9a0d5ff5721954fad8f2855c204301e59ef0b28a91d8d9bdbaf48cb659b,4,chromadb,TF043,procedure,True,False,10,9,756d12b3-7bab-48b3-86c9-f2911e308f0e,0.6199907064437866,False,10.993299998517614
transfusion-retrieval-v3,sha256:5fc6a9a0d5ff5721954fad8f2855c204301e59ef0b28a91d8d9bdbaf48cb659b,4,chromadb,TF043,procedure,True,False,10,10,e9ad4f9e-f150-4d2b-b7cd-20a8a3327864,0.6199907064437866,False,10.993299998517614
transfusion-retrieval-v3,sha256:5fc6a9a0d5ff5721954fad8f2855c204301e59ef0b28a91d8d9bdbaf48cb659b,4,chromadb,TF044,fact_specific,True,False,1,1,4797ba3b-c3d9-4d11-be5f-86db44dbda83,0.8655896782875061,False,11.374499999874388
transfusion-retrieval-v3,sha256:5fc6a9a0d5ff5721954fad8f2855c204301e59ef0b28a91d8d9bdbaf48cb659b,4,chromadb,TF044,fact_specific,True,False,3,1,4797ba3b-c3d9-4d11-be5f-86db44dbda83,0.8655896782875061,False,11.374499999874388
transfusion-retrieval-v3,sha256:5fc6a9a0d5ff5721954fad8f2855c204301e59ef0b28a91d8d9bdbaf48cb659b,4,chromadb,TF044,fact_specific,True,False,3,2,63cb7040-3526-4f6f-9f88-e295bbe5edaf,0.844176173210144,False,11.374499999874388
transfusion-retrieval-v3,sha256:5fc6a9a0d5ff5721954fad8f2855c204301e59ef0b28a91d8d9bdbaf48cb659b,4,chromadb,TF044,fact_specific,True,False,3,3,fd678588-5ac2-400d-95c5-3309537781ec,0.7512038946151733,False,11.374499999874388
transfusion-retrieval-v3,sha256:5fc6a9a0d5ff5721954fad8f2855c204301e59ef0b28a91d8d9bdbaf48cb659b,4,chromadb,TF044,fact_specific,True,False,5,1,4797ba3b-c3d9-4d11-be5f-86db44dbda83,0.8655896782875061,False,11.374499999874388
transfusion-retrieval-v3,sha256:5fc6a9a0d5ff5721954fad8f2855c204301e59ef0b28a91d8d9bdbaf48cb659b,4,chromadb,TF044,fact_specific,True,False,5,2,63cb7040-3526-4f6f-9f88-e295bbe5edaf,0.844176173210144,False,11.374499999874388
transfusion-retrieval-v3,sha256:5fc6a9a0d5ff5721954fad8f2855c204301e59ef0b28a91d8d9bdbaf48cb659b,4,chromadb,TF044,fact_specific,True,False,5,3,fd678588-5ac2-400d-95c5-3309537781ec,0.7512038946151733,False,11.374499999874388
transfusion-retrieval-v3,sha256:5fc6a9a0d5ff5721954fad8f2855c204301e59ef0b28a91d8d9bdbaf48cb659b,4,chromadb,TF044,fact_specific,True,False,5,4,66dba192-bac5-4b3a-bd4d-77e9eacb4192,0.7435446381568909,False,11.374499999874388
transfusion-retrieval-v3,sha256:5fc6a9a0d5ff5721954fad8f2855c204301e59ef0b28a91d8d9bdbaf48cb659b,4,chromadb,TF044,fact_specific,True,False,5,5,16efaa44-1554-4748-8407-48fac0bced94,0.7434264421463013,False,11.374499999874388
transfusion-retrieval-v3,sha256:5fc6a9a0d5ff5721954fad8f2855c204301e59ef0b28a91d8d9bdbaf48cb659b,4,chromadb,TF044,fact_specific,True,False,10,1,4797ba3b-c3d9-4d11-be5f-86db44dbda83,0.8655896782875061,False,11.374499999874388
transfusion-retrieval-v3,sha256:5fc6a9a0d5ff5721954fad8f2855c204301e59ef0b28a91d8d9bdbaf48cb659b,4,chromadb,TF044,fact_specific,True,False,10,2,63cb7040-3526-4f6f-9f88-e295bbe5edaf,0.844176173210144,False,11.374499999874388
transfusion-retrieval-v3,sha256:5fc6a9a0d5ff5721954fad8f2855c204301e59ef0b28a91d8d9bdbaf48cb659b,4,chromadb,TF044,fact_specific,True,False,10,3,fd678588-5ac2-400d-95c5-3309537781ec,0.7512038946151733,False,11.374499999874388
transfusion-retrieval-v3,sha256:5fc6a9a0d5ff5721954fad8f2855c204301e59ef0b28a91d8d9bdbaf48cb659b,4,chromadb,TF044,fact_specific,True,False,10,4,66dba192-bac5-4b3a-bd4d-77e9eacb4192,0.7435446381568909,False,11.374499999874388
transfusion-retrieval-v3,sha256:5fc6a9a0d5ff5721954fad8f2855c204301e59ef0b28a91d8d9bdbaf48cb659b,4,chromadb,TF044,fact_specific,True,False,10,5,16efaa44-1554-4748-8407-48fac0bced94,0.7434264421463013,False,11.374499999874388
transfusion-retrieval-v3,sha256:5fc6a9a0d5ff5721954fad8f2855c204301e59ef0b28a91d8d9bdbaf48cb659b,4,chromadb,TF044,fact_specific,True,False,10,6,ee8c2027-ad6d-4bb7-8077-5e4c42be1cc3,0.7279028296470642,False,11.374499999874388
transfusion-retrieval-v3,sha256:5fc6a9a0d5ff5721954fad8f2855c204301e59ef0b28a91d8d9bdbaf48cb659b,4,chromadb,TF044,fact_specific,True,False,10,7,a3d42ca5-54b5-4b8d-be4e-79337aaab880,0.7181071043014526,True,11.374499999874388
transfusion-retrieval-v3,sha256:5fc6a9a0d5ff5721954fad8f2855c204301e59ef0b28a91d8d9bdbaf48cb659b,4,chromadb,TF044,fact_specific,True,False,10,8,602c933f-0b8f-4533-87a5-f27ecd5f2af9,0.717347264289856,False,11.374499999874388
transfusion-retrieval-v3,sha256:5fc6a9a0d5ff5721954fad8f2855c204301e59ef0b28a91d8d9bdbaf48cb659b,4,chromadb,TF044,fact_specific,True,False,10,9,59d57c8a-c9d7-4f8d-b9a1-a2816f1f01f7,0.7132811546325684,False,11.374499999874388
transfusion-retrieval-v3,sha256:5fc6a9a0d5ff5721954fad8f2855c204301e59ef0b28a91d8d9bdbaf48cb659b,4,chromadb,TF044,fact_specific,True,False,10,10,3abbb958-eafe-4ffe-bcfc-dafa7349c15c,0.7094849944114685,False,11.374499999874388
transfusion-retrieval-v3,sha256:5fc6a9a0d5ff5721954fad8f2855c204301e59ef0b28a91d8d9bdbaf48cb659b,4,chromadb,TF045,paraphrase,True,False,1,1,63cb7040-3526-4f6f-9f88-e295bbe5edaf,0.8813281655311584,False,7.563000001027831
transfusion-retrieval-v3,sha256:5fc6a9a0d5ff5721954fad8f2855c204301e59ef0b28a91d8d9bdbaf48cb659b,4,chromadb,TF045,paraphrase,True,False,3,1,63cb7040-3526-4f6f-9f88-e295bbe5edaf,0.8813281655311584,False,7.563000001027831
transfusion-retrieval-v3,sha256:5fc6a9a0d5ff5721954fad8f2855c204301e59ef0b28a91d8d9bdbaf48cb659b,4,chromadb,TF045,paraphrase,True,False,3,2,4797ba3b-c3d9-4d11-be5f-86db44dbda83,0.8267890810966492,False,7.563000001027831
transfusion-retrieval-v3,sha256:5fc6a9a0d5ff5721954fad8f2855c204301e59ef0b28a91d8d9bdbaf48cb659b,4,chromadb,TF045,paraphrase,True,False,3,3,16efaa44-1554-4748-8407-48fac0bced94,0.8229367733001709,False,7.563000001027831
transfusion-retrieval-v3,sha256:5fc6a9a0d5ff5721954fad8f2855c204301e59ef0b28a91d8d9bdbaf48cb659b,4,chromadb,TF045,paraphrase,True,False,5,1,63cb7040-3526-4f6f-9f88-e295bbe5edaf,0.8813281655311584,False,7.563000001027831
transfusion-retrieval-v3,sha256:5fc6a9a0d5ff5721954fad8f2855c204301e59ef0b28a91d8d9bdbaf48cb659b,4,chromadb,TF045,paraphrase,True,False,5,2,4797ba3b-c3d9-4d11-be5f-86db44dbda83,0.8267890810966492,False,7.563000001027831
transfusion-retrieval-v3,sha256:5fc6a9a0d5ff5721954fad8f2855c204301e59ef0b28a91d8d9bdbaf48cb659b,4,chromadb,TF045,paraphrase,True,False,5,3,16efaa44-1554-4748-8407-48fac0bced94,0.8229367733001709,False,7.563000001027831
transfusion-retrieval-v3,sha256:5fc6a9a0d5ff5721954fad8f2855c204301e59ef0b28a91d8d9bdbaf48cb659b,4,chromadb,TF045,paraphrase,True,False,5,4,602c933f-0b8f-4533-87a5-f27ecd5f2af9,0.744938850402832,False,7.563000001027831
transfusion-retrieval-v3,sha256:5fc6a9a0d5ff5721954fad8f2855c204301e59ef0b28a91d8d9bdbaf48cb659b,4,chromadb,TF045,paraphrase,True,False,5,5,66dba192-bac5-4b3a-bd4d-77e9eacb4192,0.7375805377960205,False,7.563000001027831
transfusion-retrieval-v3,sha256:5fc6a9a0d5ff5721954fad8f2855c204301e59ef0b28a91d8d9bdbaf48cb659b,4,chromadb,TF045,paraphrase,True,False,10,1,63cb7040-3526-4f6f-9f88-e295bbe5edaf,0.8813281655311584,False,7.563000001027831
transfusion-retrieval-v3,sha256:5fc6a9a0d5ff5721954fad8f2855c204301e59ef0b28a91d8d9bdbaf48cb659b,4,chromadb,TF045,paraphrase,True,False,10,2,4797ba3b-c3d9-4d11-be5f-86db44dbda83,0.8267890810966492,False,7.563000001027831
transfusion-retrieval-v3,sha256:5fc6a9a0d5ff5721954fad8f2855c204301e59ef0b28a91d8d9bdbaf48cb659b,4,chromadb,TF045,paraphrase,True,False,10,3,16efaa44-1554-4748-8407-48fac0bced94,0.8229367733001709,False,7.563000001027831
transfusion-retrieval-v3,sha256:5fc6a9a0d5ff5721954fad8f2855c204301e59ef0b28a91d8d9bdbaf48cb659b,4,chromadb,TF045,paraphrase,True,False,10,4,602c933f-0b8f-4533-87a5-f27ecd5f2af9,0.744938850402832,False,7.563000001027831
transfusion-retrieval-v3,sha256:5fc6a9a0d5ff5721954fad8f2855c204301e59ef0b28a91d8d9bdbaf48cb659b,4,chromadb,TF045,paraphrase,True,False,10,5,66dba192-bac5-4b3a-bd4d-77e9eacb4192,0.7375805377960205,False,7.563000001027831
transfusion-retrieval-v3,sha256:5fc6a9a0d5ff5721954fad8f2855c204301e59ef0b28a91d8d9bdbaf48cb659b,4,chromadb,TF045,paraphrase,True,False,10,6,59d57c8a-c9d7-4f8d-b9a1-a2816f1f01f7,0.7293806076049805,False,7.563000001027831
transfusion-retrieval-v3,sha256:5fc6a9a0d5ff5721954fad8f2855c204301e59ef0b28a91d8d9bdbaf48cb659b,4,chromadb,TF045,paraphrase,True,False,10,7,10537058-d160-4786-a6cf-95de46d7189c,0.7103047370910645,False,7.563000001027831
transfusion-retrieval-v3,sha256:5fc6a9a0d5ff5721954fad8f2855c204301e59ef0b28a91d8d9bdbaf48cb659b,4,chromadb,TF045,paraphrase,True,False,10,8,fd678588-5ac2-400d-95c5-3309537781ec,0.7006939053535461,True,7.563000001027831
transfusion-retrieval-v3,sha256:5fc6a9a0d5ff5721954fad8f2855c204301e59ef0b28a91d8d9bdbaf48cb659b,4,chromadb,TF045,paraphrase,True,False,10,9,761b9529-5b18-4262-8174-6062c35fb31c,0.6824117302894592,False,7.563000001027831
transfusion-retrieval-v3,sha256:5fc6a9a0d5ff5721954fad8f2855c204301e59ef0b28a91d8d9bdbaf48cb659b,4,chromadb,TF045,paraphrase,True,False,10,10,70b95f72-95ec-43b5-b76f-657518103256,0.6815394759178162,False,7.563000001027831
transfusion-retrieval-v3,sha256:5fc6a9a0d5ff5721954fad8f2855c204301e59ef0b28a91d8d9bdbaf48cb659b,4,chromadb,TN001,negative_out_of_scope,False,False,1,1,64fa07b8-63c3-43c8-899e-5bd6282225ed,0.29063665866851807,False,35.73859999960405
transfusion-retrieval-v3,sha256:5fc6a9a0d5ff5721954fad8f2855c204301e59ef0b28a91d8d9bdbaf48cb659b,4,chromadb,TN001,negative_out_of_scope,False,False,3,1,64fa07b8-63c3-43c8-899e-5bd6282225ed,0.29063665866851807,False,35.73859999960405
transfusion-retrieval-v3,sha256:5fc6a9a0d5ff5721954fad8f2855c204301e59ef0b28a91d8d9bdbaf48cb659b,4,chromadb,TN001,negative_out_of_scope,False,False,3,2,f1611d72-8c47-41f8-bfee-99d5ffdfe12a,0.24937385320663452,False,35.73859999960405
transfusion-retrieval-v3,sha256:5fc6a9a0d5ff5721954fad8f2855c204301e59ef0b28a91d8d9bdbaf48cb659b,4,chromadb,TN001,negative_out_of_scope,False,False,3,3,16efaa44-1554-4748-8407-48fac0bced94,0.18645226955413818,False,35.73859999960405
transfusion-retrieval-v3,sha256:5fc6a9a0d5ff5721954fad8f2855c204301e59ef0b28a91d8d9bdbaf48cb659b,4,chromadb,TN001,negative_out_of_scope,False,False,5,1,64fa07b8-63c3-43c8-899e-5bd6282225ed,0.29063665866851807,False,35.73859999960405
transfusion-retrieval-v3,sha256:5fc6a9a0d5ff5721954fad8f2855c204301e59ef0b28a91d8d9bdbaf48cb659b,4,chromadb,TN001,negative_out_of_scope,False,False,5,2,f1611d72-8c47-41f8-bfee-99d5ffdfe12a,0.24937385320663452,False,35.73859999960405
transfusion-retrieval-v3,sha256:5fc6a9a0d5ff5721954fad8f2855c204301e59ef0b28a91d8d9bdbaf48cb659b,4,chromadb,TN001,negative_out_of_scope,False,False,5,3,16efaa44-1554-4748-8407-48fac0bced94,0.18645226955413818,False,35.73859999960405
transfusion-retrieval-v3,sha256:5fc6a9a0d5ff5721954fad8f2855c204301e59ef0b28a91d8d9bdbaf48cb659b,4,chromadb,TN001,negative_out_of_scope,False,False,5,4,63cb7040-3526-4f6f-9f88-e295bbe5edaf,0.14147263765335083,False,35.73859999960405
transfusion-retrieval-v3,sha256:5fc6a9a0d5ff5721954fad8f2855c204301e59ef0b28a91d8d9bdbaf48cb659b,4,chromadb,TN001,negative_out_of_scope,False,False,5,5,2cea4ea7-7aaf-4c54-ac4e-b660de52065d,0.13228988647460938,False,35.73859999960405
transfusion-retrieval-v3,sha256:5fc6a9a0d5ff5721954fad8f2855c204301e59ef0b28a91d8d9bdbaf48cb659b,4,chromadb,TN001,negative_out_of_scope,False,False,10,1,64fa07b8-63c3-43c8-899e-5bd6282225ed,0.29063665866851807,False,35.73859999960405
transfusion-retrieval-v3,sha256:5fc6a9a0d5ff5721954fad8f2855c204301e59ef0b28a91d8d9bdbaf48cb659b,4,chromadb,TN001,negative_out_of_scope,False,False,10,2,f1611d72-8c47-41f8-bfee-99d5ffdfe12a,0.24937385320663452,False,35.73859999960405
transfusion-retrieval-v3,sha256:5fc6a9a0d5ff5721954fad8f2855c204301e59ef0b28a91d8d9bdbaf48cb659b,4,chromadb,TN001,negative_out_of_scope,False,False,10,3,16efaa44-1554-4748-8407-48fac0bced94,0.18645226955413818,False,35.73859999960405
transfusion-retrieval-v3,sha256:5fc6a9a0d5ff5721954fad8f2855c204301e59ef0b28a91d8d9bdbaf48cb659b,4,chromadb,TN001,negative_out_of_scope,False,False,10,4,63cb7040-3526-4f6f-9f88-e295bbe5edaf,0.14147263765335083,False,35.73859999960405
transfusion-retrieval-v3,sha256:5fc6a9a0d5ff5721954fad8f2855c204301e59ef0b28a91d8d9bdbaf48cb659b,4,chromadb,TN001,negative_out_of_scope,False,False,10,5,2cea4ea7-7aaf-4c54-ac4e-b660de52065d,0.13228988647460938,False,35.73859999960405
transfusion-retrieval-v3,sha256:5fc6a9a0d5ff5721954fad8f2855c204301e59ef0b28a91d8d9bdbaf48cb659b,4,chromadb,TN001,negative_out_of_scope,False,False,10,6,b7876bcb-b1d0-409a-831d-45e59e35a44e,0.13162481784820557,False,35.73859999960405
transfusion-retrieval-v3,sha256:5fc6a9a0d5ff5721954fad8f2855c204301e59ef0b28a91d8d9bdbaf48cb659b,4,chromadb,TN001,negative_out_of_scope,False,False,10,7,0f6b0fc1-9d70-479f-a87d-a26e954e2adb,0.12294948101043701,False,35.73859999960405
transfusion-retrieval-v3,sha256:5fc6a9a0d5ff5721954fad8f2855c204301e59ef0b28a91d8d9bdbaf48cb659b,4,chromadb,TN001,negative_out_of_scope,False,False,10,8,ba3d1d87-0c2d-4b67-a0c2-4615c8249c2a,0.11477029323577881,False,35.73859999960405
transfusion-retrieval-v3,sha256:5fc6a9a0d5ff5721954fad8f2855c204301e59ef0b28a91d8d9bdbaf48cb659b,4,chromadb,TN001,negative_out_of_scope,False,False,10,9,84c0a864-176f-4776-a15e-167fc2518e5d,0.10464990139007568,False,35.73859999960405
transfusion-retrieval-v3,sha256:5fc6a9a0d5ff5721954fad8f2855c204301e59ef0b28a91d8d9bdbaf48cb659b,4,chromadb,TN001,negative_out_of_scope,False,False,10,10,22e6c188-2e4c-4029-b200-7770a3f00e6e,0.10352647304534912,False,35.73859999960405
transfusion-retrieval-v3,sha256:5fc6a9a0d5ff5721954fad8f2855c204301e59ef0b28a91d8d9bdbaf48cb659b,4,chromadb,TN002,negative_out_of_scope,False,False,1,1,fb4884e3-8fea-42fa-b996-7e9c333e7fef,0.5347020626068115,False,16.84199999908742
transfusion-retrieval-v3,sha256:5fc6a9a0d5ff5721954fad8f2855c204301e59ef0b28a91d8d9bdbaf48cb659b,4,chromadb,TN002,negative_out_of_scope,False,False,3,1,fb4884e3-8fea-42fa-b996-7e9c333e7fef,0.5347020626068115,False,16.84199999908742
transfusion-retrieval-v3,sha256:5fc6a9a0d5ff5721954fad8f2855c204301e59ef0b28a91d8d9bdbaf48cb659b,4,chromadb,TN002,negative_out_of_scope,False,False,3,2,eeb8db46-f757-41f1-9ca5-c022f3d4ea3e,0.5347020626068115,False,16.84199999908742
transfusion-retrieval-v3,sha256:5fc6a9a0d5ff5721954fad8f2855c204301e59ef0b28a91d8d9bdbaf48cb659b,4,chromadb,TN002,negative_out_of_scope,False,False,3,3,fbb0340e-b19d-43c3-a23a-5ee07899e8cd,0.5347020626068115,False,16.84199999908742
transfusion-retrieval-v3,sha256:5fc6a9a0d5ff5721954fad8f2855c204301e59ef0b28a91d8d9bdbaf48cb659b,4,chromadb,TN002,negative_out_of_scope,False,False,5,1,fb4884e3-8fea-42fa-b996-7e9c333e7fef,0.5347020626068115,False,16.84199999908742
transfusion-retrieval-v3,sha256:5fc6a9a0d5ff5721954fad8f2855c204301e59ef0b28a91d8d9bdbaf48cb659b,4,chromadb,TN002,negative_out_of_scope,False,False,5,2,eeb8db46-f757-41f1-9ca5-c022f3d4ea3e,0.5347020626068115,False,16.84199999908742
transfusion-retrieval-v3,sha256:5fc6a9a0d5ff5721954fad8f2855c204301e59ef0b28a91d8d9bdbaf48cb659b,4,chromadb,TN002,negative_out_of_scope,False,False,5,3,fbb0340e-b19d-43c3-a23a-5ee07899e8cd,0.5347020626068115,False,16.84199999908742
transfusion-retrieval-v3,sha256:5fc6a9a0d5ff5721954fad8f2855c204301e59ef0b28a91d8d9bdbaf48cb659b,4,chromadb,TN002,negative_out_of_scope,False,False,5,4,e4892114-b8eb-4f39-a7c4-427217039236,0.5347020626068115,False,16.84199999908742
transfusion-retrieval-v3,sha256:5fc6a9a0d5ff5721954fad8f2855c204301e59ef0b28a91d8d9bdbaf48cb659b,4,chromadb,TN002,negative_out_of_scope,False,False,5,5,9c5f18b5-9491-4cb2-9eba-9a0d2462f8bb,0.5347020626068115,False,16.84199999908742
transfusion-retrieval-v3,sha256:5fc6a9a0d5ff5721954fad8f2855c204301e59ef0b28a91d8d9bdbaf48cb659b,4,chromadb,TN002,negative_out_of_scope,False,False,10,1,fb4884e3-8fea-42fa-b996-7e9c333e7fef,0.5347020626068115,False,16.84199999908742
transfusion-retrieval-v3,sha256:5fc6a9a0d5ff5721954fad8f2855c204301e59ef0b28a91d8d9bdbaf48cb659b,4,chromadb,TN002,negative_out_of_scope,False,False,10,2,eeb8db46-f757-41f1-9ca5-c022f3d4ea3e,0.5347020626068115,False,16.84199999908742
transfusion-retrieval-v3,sha256:5fc6a9a0d5ff5721954fad8f2855c204301e59ef0b28a91d8d9bdbaf48cb659b,4,chromadb,TN002,negative_out_of_scope,False,False,10,3,fbb0340e-b19d-43c3-a23a-5ee07899e8cd,0.5347020626068115,False,16.84199999908742
transfusion-retrieval-v3,sha256:5fc6a9a0d5ff5721954fad8f2855c204301e59ef0b28a91d8d9bdbaf48cb659b,4,chromadb,TN002,negative_out_of_scope,False,False,10,4,e4892114-b8eb-4f39-a7c4-427217039236,0.5347020626068115,False,16.84199999908742
transfusion-retrieval-v3,sha256:5fc6a9a0d5ff5721954fad8f2855c204301e59ef0b28a91d8d9bdbaf48cb659b,4,chromadb,TN002,negative_out_of_scope,False,False,10,5,9c5f18b5-9491-4cb2-9eba-9a0d2462f8bb,0.5347020626068115,False,16.84199999908742
transfusion-retrieval-v3,sha256:5fc6a9a0d5ff5721954fad8f2855c204301e59ef0b28a91d8d9bdbaf48cb659b,4,chromadb,TN002,negative_out_of_scope,False,False,10,6,c141d593-8af3-43e4-b0a9-f60c7c49da12,0.5347020626068115,False,16.84199999908742
transfusion-retrieval-v3,sha256:5fc6a9a0d5ff5721954fad8f2855c204301e59ef0b28a91d8d9bdbaf48cb659b,4,chromadb,TN002,negative_out_of_scope,False,False,10,7,635840ee-2aa9-43b0-86b4-74229536c495,0.5347020626068115,False,16.84199999908742
transfusion-retrieval-v3,sha256:5fc6a9a0d5ff5721954fad8f2855c204301e59ef0b28a91d8d9bdbaf48cb659b,4,chromadb,TN002,negative_out_of_scope,False,False,10,8,cf1adf23-d1e1-4e53-990c-b241ad636d39,0.5347020626068115,False,16.84199999908742
transfusion-retrieval-v3,sha256:5fc6a9a0d5ff5721954fad8f2855c204301e59ef0b28a91d8d9bdbaf48cb659b,4,chromadb,TN002,negative_out_of_scope,False,False,10,9,756d12b3-7bab-48b3-86c9-f2911e308f0e,0.5347020626068115,False,16.84199999908742
transfusion-retrieval-v3,sha256:5fc6a9a0d5ff5721954fad8f2855c204301e59ef0b28a91d8d9bdbaf48cb659b,4,chromadb,TN002,negative_out_of_scope,False,False,10,10,e9ad4f9e-f150-4d2b-b7cd-20a8a3327864,0.5347020626068115,False,16.84199999908742
transfusion-retrieval-v3,sha256:5fc6a9a0d5ff5721954fad8f2855c204301e59ef0b28a91d8d9bdbaf48cb659b,4,chromadb,TN003,negative_out_of_scope,False,False,1,1,f1611d72-8c47-41f8-bfee-99d5ffdfe12a,0.3800675868988037,False,15.19659999939904
transfusion-retrieval-v3,sha256:5fc6a9a0d5ff5721954fad8f2855c204301e59ef0b28a91d8d9bdbaf48cb659b,4,chromadb,TN003,negative_out_of_scope,False,False,3,1,f1611d72-8c47-41f8-bfee-99d5ffdfe12a,0.3800675868988037,False,15.19659999939904
transfusion-retrieval-v3,sha256:5fc6a9a0d5ff5721954fad8f2855c204301e59ef0b28a91d8d9bdbaf48cb659b,4,chromadb,TN003,negative_out_of_scope,False,False,3,2,fb4884e3-8fea-42fa-b996-7e9c333e7fef,0.32319366931915283,False,15.19659999939904
transfusion-retrieval-v3,sha256:5fc6a9a0d5ff5721954fad8f2855c204301e59ef0b28a91d8d9bdbaf48cb659b,4,chromadb,TN003,negative_out_of_scope,False,False,3,3,eeb8db46-f757-41f1-9ca5-c022f3d4ea3e,0.32319366931915283,False,15.19659999939904
transfusion-retrieval-v3,sha256:5fc6a9a0d5ff5721954fad8f2855c204301e59ef0b28a91d8d9bdbaf48cb659b,4,chromadb,TN003,negative_out_of_scope,False,False,5,1,f1611d72-8c47-41f8-bfee-99d5ffdfe12a,0.3800675868988037,False,15.19659999939904
transfusion-retrieval-v3,sha256:5fc6a9a0d5ff5721954fad8f2855c204301e59ef0b28a91d8d9bdbaf48cb659b,4,chromadb,TN003,negative_out_of_scope,False,False,5,2,fb4884e3-8fea-42fa-b996-7e9c333e7fef,0.32319366931915283,False,15.19659999939904
transfusion-retrieval-v3,sha256:5fc6a9a0d5ff5721954fad8f2855c204301e59ef0b28a91d8d9bdbaf48cb659b,4,chromadb,TN003,negative_out_of_scope,False,False,5,3,eeb8db46-f757-41f1-9ca5-c022f3d4ea3e,0.32319366931915283,False,15.19659999939904
transfusion-retrieval-v3,sha256:5fc6a9a0d5ff5721954fad8f2855c204301e59ef0b28a91d8d9bdbaf48cb659b,4,chromadb,TN003,negative_out_of_scope,False,False,5,4,17e22a4e-78d9-4607-b75b-151e52cc4d20,0.32319366931915283,False,15.19659999939904
transfusion-retrieval-v3,sha256:5fc6a9a0d5ff5721954fad8f2855c204301e59ef0b28a91d8d9bdbaf48cb659b,4,chromadb,TN003,negative_out_of_scope,False,False,5,5,fbb0340e-b19d-43c3-a23a-5ee07899e8cd,0.32319366931915283,False,15.19659999939904
transfusion-retrieval-v3,sha256:5fc6a9a0d5ff5721954fad8f2855c204301e59ef0b28a91d8d9bdbaf48cb659b,4,chromadb,TN003,negative_out_of_scope,False,False,10,1,f1611d72-8c47-41f8-bfee-99d5ffdfe12a,0.3800675868988037,False,15.19659999939904
transfusion-retrieval-v3,sha256:5fc6a9a0d5ff5721954fad8f2855c204301e59ef0b28a91d8d9bdbaf48cb659b,4,chromadb,TN003,negative_out_of_scope,False,False,10,2,fb4884e3-8fea-42fa-b996-7e9c333e7fef,0.32319366931915283,False,15.19659999939904
transfusion-retrieval-v3,sha256:5fc6a9a0d5ff5721954fad8f2855c204301e59ef0b28a91d8d9bdbaf48cb659b,4,chromadb,TN003,negative_out_of_scope,False,False,10,3,eeb8db46-f757-41f1-9ca5-c022f3d4ea3e,0.32319366931915283,False,15.19659999939904
transfusion-retrieval-v3,sha256:5fc6a9a0d5ff5721954fad8f2855c204301e59ef0b28a91d8d9bdbaf48cb659b,4,chromadb,TN003,negative_out_of_scope,False,False,10,4,17e22a4e-78d9-4607-b75b-151e52cc4d20,0.32319366931915283,False,15.19659999939904
transfusion-retrieval-v3,sha256:5fc6a9a0d5ff5721954fad8f2855c204301e59ef0b28a91d8d9bdbaf48cb659b,4,chromadb,TN003,negative_out_of_scope,False,False,10,5,fbb0340e-b19d-43c3-a23a-5ee07899e8cd,0.32319366931915283,False,15.19659999939904
transfusion-retrieval-v3,sha256:5fc6a9a0d5ff5721954fad8f2855c204301e59ef0b28a91d8d9bdbaf48cb659b,4,chromadb,TN003,negative_out_of_scope,False,False,10,6,e4892114-b8eb-4f39-a7c4-427217039236,0.32319366931915283,False,15.19659999939904
transfusion-retrieval-v3,sha256:5fc6a9a0d5ff5721954fad8f2855c204301e59ef0b28a91d8d9bdbaf48cb659b,4,chromadb,TN003,negative_out_of_scope,False,False,10,7,9c5f18b5-9491-4cb2-9eba-9a0d2462f8bb,0.32319366931915283,False,15.19659999939904
transfusion-retrieval-v3,sha256:5fc6a9a0d5ff5721954fad8f2855c204301e59ef0b28a91d8d9bdbaf48cb659b,4,chromadb,TN003,negative_out_of_scope,False,False,10,8,c141d593-8af3-43e4-b0a9-f60c7c49da12,0.32319366931915283,False,15.19659999939904
transfusion-retrieval-v3,sha256:5fc6a9a0d5ff5721954fad8f2855c204301e59ef0b28a91d8d9bdbaf48cb659b,4,chromadb,TN003,negative_out_of_scope,False,False,10,9,635840ee-2aa9-43b0-86b4-74229536c495,0.32319366931915283,False,15.19659999939904
transfusion-retrieval-v3,sha256:5fc6a9a0d5ff5721954fad8f2855c204301e59ef0b28a91d8d9bdbaf48cb659b,4,chromadb,TN003,negative_out_of_scope,False,False,10,10,756d12b3-7bab-48b3-86c9-f2911e308f0e,0.32319366931915283,False,15.19659999939904
transfusion-retrieval-v3,sha256:5fc6a9a0d5ff5721954fad8f2855c204301e59ef0b28a91d8d9bdbaf48cb659b,4,chromadb,TN004,negative_out_of_scope,False,False,1,1,63cb7040-3526-4f6f-9f88-e295bbe5edaf,0.606635332107544,False,14.476500000455417
transfusion-retrieval-v3,sha256:5fc6a9a0d5ff5721954fad8f2855c204301e59ef0b28a91d8d9bdbaf48cb659b,4,chromadb,TN004,negative_out_of_scope,False,False,3,1,63cb7040-3526-4f6f-9f88-e295bbe5edaf,0.606635332107544,False,14.476500000455417
transfusion-retrieval-v3,sha256:5fc6a9a0d5ff5721954fad8f2855c204301e59ef0b28a91d8d9bdbaf48cb659b,4,chromadb,TN004,negative_out_of_scope,False,False,3,2,fb4884e3-8fea-42fa-b996-7e9c333e7fef,0.5593973398208618,False,14.476500000455417
transfusion-retrieval-v3,sha256:5fc6a9a0d5ff5721954fad8f2855c204301e59ef0b28a91d8d9bdbaf48cb659b,4,chromadb,TN004,negative_out_of_scope,False,False,3,3,eeb8db46-f757-41f1-9ca5-c022f3d4ea3e,0.5593973398208618,False,14.476500000455417
transfusion-retrieval-v3,sha256:5fc6a9a0d5ff5721954fad8f2855c204301e59ef0b28a91d8d9bdbaf48cb659b,4,chromadb,TN004,negative_out_of_scope,False,False,5,1,63cb7040-3526-4f6f-9f88-e295bbe5edaf,0.606635332107544,False,14.476500000455417
transfusion-retrieval-v3,sha256:5fc6a9a0d5ff5721954fad8f2855c204301e59ef0b28a91d8d9bdbaf48cb659b,4,chromadb,TN004,negative_out_of_scope,False,False,5,2,fb4884e3-8fea-42fa-b996-7e9c333e7fef,0.5593973398208618,False,14.476500000455417
transfusion-retrieval-v3,sha256:5fc6a9a0d5ff5721954fad8f2855c204301e59ef0b28a91d8d9bdbaf48cb659b,4,chromadb,TN004,negative_out_of_scope,False,False,5,3,eeb8db46-f757-41f1-9ca5-c022f3d4ea3e,0.5593973398208618,False,14.476500000455417
transfusion-retrieval-v3,sha256:5fc6a9a0d5ff5721954fad8f2855c204301e59ef0b28a91d8d9bdbaf48cb659b,4,chromadb,TN004,negative_out_of_scope,False,False,5,4,17e22a4e-78d9-4607-b75b-151e52cc4d20,0.5593973398208618,False,14.476500000455417
transfusion-retrieval-v3,sha256:5fc6a9a0d5ff5721954fad8f2855c204301e59ef0b28a91d8d9bdbaf48cb659b,4,chromadb,TN004,negative_out_of_scope,False,False,5,5,fbb0340e-b19d-43c3-a23a-5ee07899e8cd,0.5593973398208618,False,14.476500000455417
transfusion-retrieval-v3,sha256:5fc6a9a0d5ff5721954fad8f2855c204301e59ef0b28a91d8d9bdbaf48cb659b,4,chromadb,TN004,negative_out_of_scope,False,False,10,1,63cb7040-3526-4f6f-9f88-e295bbe5edaf,0.606635332107544,False,14.476500000455417
transfusion-retrieval-v3,sha256:5fc6a9a0d5ff5721954fad8f2855c204301e59ef0b28a91d8d9bdbaf48cb659b,4,chromadb,TN004,negative_out_of_scope,False,False,10,2,fb4884e3-8fea-42fa-b996-7e9c333e7fef,0.5593973398208618,False,14.476500000455417
transfusion-retrieval-v3,sha256:5fc6a9a0d5ff5721954fad8f2855c204301e59ef0b28a91d8d9bdbaf48cb659b,4,chromadb,TN004,negative_out_of_scope,False,False,10,3,eeb8db46-f757-41f1-9ca5-c022f3d4ea3e,0.5593973398208618,False,14.476500000455417
transfusion-retrieval-v3,sha256:5fc6a9a0d5ff5721954fad8f2855c204301e59ef0b28a91d8d9bdbaf48cb659b,4,chromadb,TN004,negative_out_of_scope,False,False,10,4,17e22a4e-78d9-4607-b75b-151e52cc4d20,0.5593973398208618,False,14.476500000455417
transfusion-retrieval-v3,sha256:5fc6a9a0d5ff5721954fad8f2855c204301e59ef0b28a91d8d9bdbaf48cb659b,4,chromadb,TN004,negative_out_of_scope,False,False,10,5,fbb0340e-b19d-43c3-a23a-5ee07899e8cd,0.5593973398208618,False,14.476500000455417
transfusion-retrieval-v3,sha256:5fc6a9a0d5ff5721954fad8f2855c204301e59ef0b28a91d8d9bdbaf48cb659b,4,chromadb,TN004,negative_out_of_scope,False,False,10,6,e4892114-b8eb-4f39-a7c4-427217039236,0.5593973398208618,False,14.476500000455417
transfusion-retrieval-v3,sha256:5fc6a9a0d5ff5721954fad8f2855c204301e59ef0b28a91d8d9bdbaf48cb659b,4,chromadb,TN004,negative_out_of_scope,False,False,10,7,9c5f18b5-9491-4cb2-9eba-9a0d2462f8bb,0.5593973398208618,False,14.476500000455417
transfusion-retrieval-v3,sha256:5fc6a9a0d5ff5721954fad8f2855c204301e59ef0b28a91d8d9bdbaf48cb659b,4,chromadb,TN004,negative_out_of_scope,False,False,10,8,c141d593-8af3-43e4-b0a9-f60c7c49da12,0.5593973398208618,False,14.476500000455417
transfusion-retrieval-v3,sha256:5fc6a9a0d5ff5721954fad8f2855c204301e59ef0b28a91d8d9bdbaf48cb659b,4,chromadb,TN004,negative_out_of_scope,False,False,10,9,756d12b3-7bab-48b3-86c9-f2911e308f0e,0.5593973398208618,False,14.476500000455417
transfusion-retrieval-v3,sha256:5fc6a9a0d5ff5721954fad8f2855c204301e59ef0b28a91d8d9bdbaf48cb659b,4,chromadb,TN004,negative_out_of_scope,False,False,10,10,e9ad4f9e-f150-4d2b-b7cd-20a8a3327864,0.5593973398208618,False,14.476500000455417
transfusion-retrieval-v3,sha256:5fc6a9a0d5ff5721954fad8f2855c204301e59ef0b28a91d8d9bdbaf48cb659b,4,chromadb,TN005,negative_out_of_scope,False,False,1,1,3abbb958-eafe-4ffe-bcfc-dafa7349c15c,0.4188859462738037,False,16.215999999985797
transfusion-retrieval-v3,sha256:5fc6a9a0d5ff5721954fad8f2855c204301e59ef0b28a91d8d9bdbaf48cb659b,4,chromadb,TN005,negative_out_of_scope,False,False,3,1,3abbb958-eafe-4ffe-bcfc-dafa7349c15c,0.4188859462738037,False,16.215999999985797
transfusion-retrieval-v3,sha256:5fc6a9a0d5ff5721954fad8f2855c204301e59ef0b28a91d8d9bdbaf48cb659b,4,chromadb,TN005,negative_out_of_scope,False,False,3,2,70b95f72-95ec-43b5-b76f-657518103256,0.4093414545059204,False,16.215999999985797
transfusion-retrieval-v3,sha256:5fc6a9a0d5ff5721954fad8f2855c204301e59ef0b28a91d8d9bdbaf48cb659b,4,chromadb,TN005,negative_out_of_scope,False,False,3,3,fd678588-5ac2-400d-95c5-3309537781ec,0.40286219120025635,False,16.215999999985797
transfusion-retrieval-v3,sha256:5fc6a9a0d5ff5721954fad8f2855c204301e59ef0b28a91d8d9bdbaf48cb659b,4,chromadb,TN005,negative_out_of_scope,False,False,5,1,3abbb958-eafe-4ffe-bcfc-dafa7349c15c,0.4188859462738037,False,16.215999999985797
transfusion-retrieval-v3,sha256:5fc6a9a0d5ff5721954fad8f2855c204301e59ef0b28a91d8d9bdbaf48cb659b,4,chromadb,TN005,negative_out_of_scope,False,False,5,2,70b95f72-95ec-43b5-b76f-657518103256,0.4093414545059204,False,16.215999999985797
transfusion-retrieval-v3,sha256:5fc6a9a0d5ff5721954fad8f2855c204301e59ef0b28a91d8d9bdbaf48cb659b,4,chromadb,TN005,negative_out_of_scope,False,False,5,3,fd678588-5ac2-400d-95c5-3309537781ec,0.40286219120025635,False,16.215999999985797
transfusion-retrieval-v3,sha256:5fc6a9a0d5ff5721954fad8f2855c204301e59ef0b28a91d8d9bdbaf48cb659b,4,chromadb,TN005,negative_out_of_scope,False,False,5,4,cfff9bf0-05e4-4179-a793-f3c705d04812,0.3451794385910034,False,16.215999999985797
transfusion-retrieval-v3,sha256:5fc6a9a0d5ff5721954fad8f2855c204301e59ef0b28a91d8d9bdbaf48cb659b,4,chromadb,TN005,negative_out_of_scope,False,False,5,5,a3d42ca5-54b5-4b8d-be4e-79337aaab880,0.34416282176971436,False,16.215999999985797
transfusion-retrieval-v3,sha256:5fc6a9a0d5ff5721954fad8f2855c204301e59ef0b28a91d8d9bdbaf48cb659b,4,chromadb,TN005,negative_out_of_scope,False,False,10,1,3abbb958-eafe-4ffe-bcfc-dafa7349c15c,0.4188859462738037,False,16.215999999985797
transfusion-retrieval-v3,sha256:5fc6a9a0d5ff5721954fad8f2855c204301e59ef0b28a91d8d9bdbaf48cb659b,4,chromadb,TN005,negative_out_of_scope,False,False,10,2,70b95f72-95ec-43b5-b76f-657518103256,0.4093414545059204,False,16.215999999985797
transfusion-retrieval-v3,sha256:5fc6a9a0d5ff5721954fad8f2855c204301e59ef0b28a91d8d9bdbaf48cb659b,4,chromadb,TN005,negative_out_of_scope,False,False,10,3,fd678588-5ac2-400d-95c5-3309537781ec,0.40286219120025635,False,16.215999999985797
transfusion-retrieval-v3,sha256:5fc6a9a0d5ff5721954fad8f2855c204301e59ef0b28a91d8d9bdbaf48cb659b,4,chromadb,TN005,negative_out_of_scope,False,False,10,4,cfff9bf0-05e4-4179-a793-f3c705d04812,0.3451794385910034,False,16.215999999985797
transfusion-retrieval-v3,sha256:5fc6a9a0d5ff5721954fad8f2855c204301e59ef0b28a91d8d9bdbaf48cb659b,4,chromadb,TN005,negative_out_of_scope,False,False,10,5,a3d42ca5-54b5-4b8d-be4e-79337aaab880,0.34416282176971436,False,16.215999999985797
transfusion-retrieval-v3,sha256:5fc6a9a0d5ff5721954fad8f2855c204301e59ef0b28a91d8d9bdbaf48cb659b,4,chromadb,TN005,negative_out_of_scope,False,False,10,6,8f3ed830-3a06-41c6-8b06-cfcf6d36a83c,0.29907143115997314,False,16.215999999985797
transfusion-retrieval-v3,sha256:5fc6a9a0d5ff5721954fad8f2855c204301e59ef0b28a91d8d9bdbaf48cb659b,4,chromadb,TN005,negative_out_of_scope,False,False,10,7,b8c70ff9-e1b2-40ce-9a0a-f65a53899d13,0.2859945297241211,False,16.215999999985797
transfusion-retrieval-v3,sha256:5fc6a9a0d5ff5721954fad8f2855c204301e59ef0b28a91d8d9bdbaf48cb659b,4,chromadb,TN005,negative_out_of_scope,False,False,10,8,dfb2693a-e821-4d6e-bbcc-0dbf3dc2a2ae,0.2854105234146118,False,16.215999999985797
transfusion-retrieval-v3,sha256:5fc6a9a0d5ff5721954fad8f2855c204301e59ef0b28a91d8d9bdbaf48cb659b,4,chromadb,TN005,negative_out_of_scope,False,False,10,9,4797ba3b-c3d9-4d11-be5f-86db44dbda83,0.2790954113006592,False,16.215999999985797
transfusion-retrieval-v3,sha256:5fc6a9a0d5ff5721954fad8f2855c204301e59ef0b28a91d8d9bdbaf48cb659b,4,chromadb,TN005,negative_out_of_scope,False,False,10,10,761b9529-5b18-4262-8174-6062c35fb31c,0.27863049507141113,False,16.215999999985797
transfusion-retrieval-v3,sha256:5fc6a9a0d5ff5721954fad8f2855c204301e59ef0b28a91d8d9bdbaf48cb659b,4,chromadb,TP001,product_specific,True,False,1,1,f1611d72-8c47-41f8-bfee-99d5ffdfe12a,0.6353867053985596,False,24.022200001127203
transfusion-retrieval-v3,sha256:5fc6a9a0d5ff5721954fad8f2855c204301e59ef0b28a91d8d9bdbaf48cb659b,4,chromadb,TP001,product_specific,True,False,3,1,f1611d72-8c47-41f8-bfee-99d5ffdfe12a,0.6353867053985596,False,24.022200001127203
transfusion-retrieval-v3,sha256:5fc6a9a0d5ff5721954fad8f2855c204301e59ef0b28a91d8d9bdbaf48cb659b,4,chromadb,TP001,product_specific,True,False,3,2,63cb7040-3526-4f6f-9f88-e295bbe5edaf,0.530884325504303,False,24.022200001127203
transfusion-retrieval-v3,sha256:5fc6a9a0d5ff5721954fad8f2855c204301e59ef0b28a91d8d9bdbaf48cb659b,4,chromadb,TP001,product_specific,True,False,3,3,fb4884e3-8fea-42fa-b996-7e9c333e7fef,0.4834982752799988,False,24.022200001127203
transfusion-retrieval-v3,sha256:5fc6a9a0d5ff5721954fad8f2855c204301e59ef0b28a91d8d9bdbaf48cb659b,4,chromadb,TP001,product_specific,True,False,5,1,f1611d72-8c47-41f8-bfee-99d5ffdfe12a,0.6353867053985596,False,24.022200001127203
transfusion-retrieval-v3,sha256:5fc6a9a0d5ff5721954fad8f2855c204301e59ef0b28a91d8d9bdbaf48cb659b,4,chromadb,TP001,product_specific,True,False,5,2,63cb7040-3526-4f6f-9f88-e295bbe5edaf,0.530884325504303,False,24.022200001127203
transfusion-retrieval-v3,sha256:5fc6a9a0d5ff5721954fad8f2855c204301e59ef0b28a91d8d9bdbaf48cb659b,4,chromadb,TP001,product_specific,True,False,5,3,fb4884e3-8fea-42fa-b996-7e9c333e7fef,0.4834982752799988,False,24.022200001127203
transfusion-retrieval-v3,sha256:5fc6a9a0d5ff5721954fad8f2855c204301e59ef0b28a91d8d9bdbaf48cb659b,4,chromadb,TP001,product_specific,True,False,5,4,17e22a4e-78d9-4607-b75b-151e52cc4d20,0.4834982752799988,False,24.022200001127203
transfusion-retrieval-v3,sha256:5fc6a9a0d5ff5721954fad8f2855c204301e59ef0b28a91d8d9bdbaf48cb659b,4,chromadb,TP001,product_specific,True,False,5,5,fbb0340e-b19d-43c3-a23a-5ee07899e8cd,0.4834982752799988,False,24.022200001127203
transfusion-retrieval-v3,sha256:5fc6a9a0d5ff5721954fad8f2855c204301e59ef0b28a91d8d9bdbaf48cb659b,4,chromadb,TP001,product_specific,True,False,10,1,f1611d72-8c47-41f8-bfee-99d5ffdfe12a,0.6353867053985596,False,24.022200001127203
transfusion-retrieval-v3,sha256:5fc6a9a0d5ff5721954fad8f2855c204301e59ef0b28a91d8d9bdbaf48cb659b,4,chromadb,TP001,product_specific,True,False,10,2,63cb7040-3526-4f6f-9f88-e295bbe5edaf,0.530884325504303,False,24.022200001127203
transfusion-retrieval-v3,sha256:5fc6a9a0d5ff5721954fad8f2855c204301e59ef0b28a91d8d9bdbaf48cb659b,4,chromadb,TP001,product_specific,True,False,10,3,fb4884e3-8fea-42fa-b996-7e9c333e7fef,0.4834982752799988,False,24.022200001127203
transfusion-retrieval-v3,sha256:5fc6a9a0d5ff5721954fad8f2855c204301e59ef0b28a91d8d9bdbaf48cb659b,4,chromadb,TP001,product_specific,True,False,10,4,17e22a4e-78d9-4607-b75b-151e52cc4d20,0.4834982752799988,False,24.022200001127203
transfusion-retrieval-v3,sha256:5fc6a9a0d5ff5721954fad8f2855c204301e59ef0b28a91d8d9bdbaf48cb659b,4,chromadb,TP001,product_specific,True,False,10,5,fbb0340e-b19d-43c3-a23a-5ee07899e8cd,0.4834982752799988,False,24.022200001127203
transfusion-retrieval-v3,sha256:5fc6a9a0d5ff5721954fad8f2855c204301e59ef0b28a91d8d9bdbaf48cb659b,4,chromadb,TP001,product_specific,True,False,10,6,e4892114-b8eb-4f39-a7c4-427217039236,0.4834982752799988,False,24.022200001127203
transfusion-retrieval-v3,sha256:5fc6a9a0d5ff5721954fad8f2855c204301e59ef0b28a91d8d9bdbaf48cb659b,4,chromadb,TP001,product_specific,True,False,10,7,c141d593-8af3-43e4-b0a9-f60c7c49da12,0.4834982752799988,False,24.022200001127203
transfusion-retrieval-v3,sha256:5fc6a9a0d5ff5721954fad8f2855c204301e59ef0b28a91d8d9bdbaf48cb659b,4,chromadb,TP001,product_specific,True,False,10,8,635840ee-2aa9-43b0-86b4-74229536c495,0.4834982752799988,False,24.022200001127203
transfusion-retrieval-v3,sha256:5fc6a9a0d5ff5721954fad8f2855c204301e59ef0b28a91d8d9bdbaf48cb659b,4,chromadb,TP001,product_specific,True,False,10,9,756d12b3-7bab-48b3-86c9-f2911e308f0e,0.4834982752799988,False,24.022200001127203
transfusion-retrieval-v3,sha256:5fc6a9a0d5ff5721954fad8f2855c204301e59ef0b28a91d8d9bdbaf48cb659b,4,chromadb,TP001,product_specific,True,False,10,10,e9ad4f9e-f150-4d2b-b7cd-20a8a3327864,0.4834982752799988,False,24.022200001127203
transfusion-retrieval-v3,sha256:5fc6a9a0d5ff5721954fad8f2855c204301e59ef0b28a91d8d9bdbaf48cb659b,4,chromadb,TP002,product_specific,True,False,1,1,63cb7040-3526-4f6f-9f88-e295bbe5edaf,0.6143786907196045,False,16.812500000014552
transfusion-retrieval-v3,sha256:5fc6a9a0d5ff5721954fad8f2855c204301e59ef0b28a91d8d9bdbaf48cb659b,4,chromadb,TP002,product_specific,True,False,3,1,63cb7040-3526-4f6f-9f88-e295bbe5edaf,0.6143786907196045,False,16.812500000014552
transfusion-retrieval-v3,sha256:5fc6a9a0d5ff5721954fad8f2855c204301e59ef0b28a91d8d9bdbaf48cb659b,4,chromadb,TP002,product_specific,True,False,3,2,fb4884e3-8fea-42fa-b996-7e9c333e7fef,0.5559505224227905,False,16.812500000014552
transfusion-retrieval-v3,sha256:5fc6a9a0d5ff5721954fad8f2855c204301e59ef0b28a91d8d9bdbaf48cb659b,4,chromadb,TP002,product_specific,True,False,3,3,eeb8db46-f757-41f1-9ca5-c022f3d4ea3e,0.5559505224227905,False,16.812500000014552
transfusion-retrieval-v3,sha256:5fc6a9a0d5ff5721954fad8f2855c204301e59ef0b28a91d8d9bdbaf48cb659b,4,chromadb,TP002,product_specific,True,False,5,1,63cb7040-3526-4f6f-9f88-e295bbe5edaf,0.6143786907196045,False,16.812500000014552
transfusion-retrieval-v3,sha256:5fc6a9a0d5ff5721954fad8f2855c204301e59ef0b28a91d8d9bdbaf48cb659b,4,chromadb,TP002,product_specific,True,False,5,2,fb4884e3-8fea-42fa-b996-7e9c333e7fef,0.5559505224227905,False,16.812500000014552
transfusion-retrieval-v3,sha256:5fc6a9a0d5ff5721954fad8f2855c204301e59ef0b28a91d8d9bdbaf48cb659b,4,chromadb,TP002,product_specific,True,False,5,3,eeb8db46-f757-41f1-9ca5-c022f3d4ea3e,0.5559505224227905,False,16.812500000014552
transfusion-retrieval-v3,sha256:5fc6a9a0d5ff5721954fad8f2855c204301e59ef0b28a91d8d9bdbaf48cb659b,4,chromadb,TP002,product_specific,True,False,5,4,17e22a4e-78d9-4607-b75b-151e52cc4d20,0.5559505224227905,False,16.812500000014552
transfusion-retrieval-v3,sha256:5fc6a9a0d5ff5721954fad8f2855c204301e59ef0b28a91d8d9bdbaf48cb659b,4,chromadb,TP002,product_specific,True,False,5,5,fbb0340e-b19d-43c3-a23a-5ee07899e8cd,0.5559505224227905,False,16.812500000014552
transfusion-retrieval-v3,sha256:5fc6a9a0d5ff5721954fad8f2855c204301e59ef0b28a91d8d9bdbaf48cb659b,4,chromadb,TP002,product_specific,True,False,10,1,63cb7040-3526-4f6f-9f88-e295bbe5edaf,0.6143786907196045,False,16.812500000014552
transfusion-retrieval-v3,sha256:5fc6a9a0d5ff5721954fad8f2855c204301e59ef0b28a91d8d9bdbaf48cb659b,4,chromadb,TP002,product_specific,True,False,10,2,fb4884e3-8fea-42fa-b996-7e9c333e7fef,0.5559505224227905,False,16.812500000014552
transfusion-retrieval-v3,sha256:5fc6a9a0d5ff5721954fad8f2855c204301e59ef0b28a91d8d9bdbaf48cb659b,4,chromadb,TP002,product_specific,True,False,10,3,eeb8db46-f757-41f1-9ca5-c022f3d4ea3e,0.5559505224227905,False,16.812500000014552
transfusion-retrieval-v3,sha256:5fc6a9a0d5ff5721954fad8f2855c204301e59ef0b28a91d8d9bdbaf48cb659b,4,chromadb,TP002,product_specific,True,False,10,4,17e22a4e-78d9-4607-b75b-151e52cc4d20,0.5559505224227905,False,16.812500000014552
transfusion-retrieval-v3,sha256:5fc6a9a0d5ff5721954fad8f2855c204301e59ef0b28a91d8d9bdbaf48cb659b,4,chromadb,TP002,product_specific,True,False,10,5,fbb0340e-b19d-43c3-a23a-5ee07899e8cd,0.5559505224227905,False,16.812500000014552
transfusion-retrieval-v3,sha256:5fc6a9a0d5ff5721954fad8f2855c204301e59ef0b28a91d8d9bdbaf48cb659b,4,chromadb,TP002,product_specific,True,False,10,6,e4892114-b8eb-4f39-a7c4-427217039236,0.5559505224227905,False,16.812500000014552
transfusion-retrieval-v3,sha256:5fc6a9a0d5ff5721954fad8f2855c204301e59ef0b28a91d8d9bdbaf48cb659b,4,chromadb,TP002,product_specific,True,False,10,7,9c5f18b5-9491-4cb2-9eba-9a0d2462f8bb,0.5559505224227905,False,16.812500000014552
transfusion-retrieval-v3,sha256:5fc6a9a0d5ff5721954fad8f2855c204301e59ef0b28a91d8d9bdbaf48cb659b,4,chromadb,TP002,product_specific,True,False,10,8,c141d593-8af3-43e4-b0a9-f60c7c49da12,0.5559505224227905,False,16.812500000014552
transfusion-retrieval-v3,sha256:5fc6a9a0d5ff5721954fad8f2855c204301e59ef0b28a91d8d9bdbaf48cb659b,4,chromadb,TP002,product_specific,True,False,10,9,756d12b3-7bab-48b3-86c9-f2911e308f0e,0.5559505224227905,False,16.812500000014552
transfusion-retrieval-v3,sha256:5fc6a9a0d5ff5721954fad8f2855c204301e59ef0b28a91d8d9bdbaf48cb659b,4,chromadb,TP002,product_specific,True,False,10,10,e9ad4f9e-f150-4d2b-b7cd-20a8a3327864,0.5559505224227905,False,16.812500000014552
transfusion-retrieval-v3,sha256:5fc6a9a0d5ff5721954fad8f2855c204301e59ef0b28a91d8d9bdbaf48cb659b,4,chromadb,TP003,temporal,True,False,1,1,a7cf71a5-8426-4d7c-8106-e0754e7cb4bf,0.4062725305557251,False,16.692499999408028
transfusion-retrieval-v3,sha256:5fc6a9a0d5ff5721954fad8f2855c204301e59ef0b28a91d8d9bdbaf48cb659b,4,chromadb,TP003,temporal,True,False,3,1,a7cf71a5-8426-4d7c-8106-e0754e7cb4bf,0.4062725305557251,False,16.692499999408028
transfusion-retrieval-v3,sha256:5fc6a9a0d5ff5721954fad8f2855c204301e59ef0b28a91d8d9bdbaf48cb659b,4,chromadb,TP003,temporal,True,False,3,2,21efe016-3004-45f3-a070-29ce2ecb0019,0.3995325565338135,False,16.692499999408028
transfusion-retrieval-v3,sha256:5fc6a9a0d5ff5721954fad8f2855c204301e59ef0b28a91d8d9bdbaf48cb659b,4,chromadb,TP003,temporal,True,False,3,3,c404e320-0bf2-4325-be92-7a0614f201ca,0.35846662521362305,False,16.692499999408028
transfusion-retrieval-v3,sha256:5fc6a9a0d5ff5721954fad8f2855c204301e59ef0b28a91d8d9bdbaf48cb659b,4,chromadb,TP003,temporal,True,False,5,1,a7cf71a5-8426-4d7c-8106-e0754e7cb4bf,0.4062725305557251,False,16.692499999408028
transfusion-retrieval-v3,sha256:5fc6a9a0d5ff5721954fad8f2855c204301e59ef0b28a91d8d9bdbaf48cb659b,4,chromadb,TP003,temporal,True,False,5,2,21efe016-3004-45f3-a070-29ce2ecb0019,0.3995325565338135,False,16.692499999408028
transfusion-retrieval-v3,sha256:5fc6a9a0d5ff5721954fad8f2855c204301e59ef0b28a91d8d9bdbaf48cb659b,4,chromadb,TP003,temporal,True,False,5,3,c404e320-0bf2-4325-be92-7a0614f201ca,0.35846662521362305,False,16.692499999408028
transfusion-retrieval-v3,sha256:5fc6a9a0d5ff5721954fad8f2855c204301e59ef0b28a91d8d9bdbaf48cb659b,4,chromadb,TP003,temporal,True,False,5,4,9131e9a9-eff3-4f4e-a20b-4bdd456c35bc,0.2972443103790283,False,16.692499999408028
transfusion-retrieval-v3,sha256:5fc6a9a0d5ff5721954fad8f2855c204301e59ef0b28a91d8d9bdbaf48cb659b,4,chromadb,TP003,temporal,True,False,5,5,63b53156-440d-40c1-bc88-5c07c23ae77f,0.2931005358695984,True,16.692499999408028
transfusion-retrieval-v3,sha256:5fc6a9a0d5ff5721954fad8f2855c204301e59ef0b28a91d8d9bdbaf48cb659b,4,chromadb,TP003,temporal,True,False,10,1,a7cf71a5-8426-4d7c-8106-e0754e7cb4bf,0.4062725305557251,False,16.692499999408028
transfusion-retrieval-v3,sha256:5fc6a9a0d5ff5721954fad8f2855c204301e59ef0b28a91d8d9bdbaf48cb659b,4,chromadb,TP003,temporal,True,False,10,2,21efe016-3004-45f3-a070-29ce2ecb0019,0.3995325565338135,False,16.692499999408028
transfusion-retrieval-v3,sha256:5fc6a9a0d5ff5721954fad8f2855c204301e59ef0b28a91d8d9bdbaf48cb659b,4,chromadb,TP003,temporal,True,False,10,3,c404e320-0bf2-4325-be92-7a0614f201ca,0.35846662521362305,False,16.692499999408028
transfusion-retrieval-v3,sha256:5fc6a9a0d5ff5721954fad8f2855c204301e59ef0b28a91d8d9bdbaf48cb659b,4,chromadb,TP003,temporal,True,False,10,4,9131e9a9-eff3-4f4e-a20b-4bdd456c35bc,0.2972443103790283,False,16.692499999408028
transfusion-retrieval-v3,sha256:5fc6a9a0d5ff5721954fad8f2855c204301e59ef0b28a91d8d9bdbaf48cb659b,4,chromadb,TP003,temporal,True,False,10,5,63b53156-440d-40c1-bc88-5c07c23ae77f,0.2931005358695984,True,16.692499999408028
transfusion-retrieval-v3,sha256:5fc6a9a0d5ff5721954fad8f2855c204301e59ef0b28a91d8d9bdbaf48cb659b,4,chromadb,TP003,temporal,True,False,10,6,a3d42ca5-54b5-4b8d-be4e-79337aaab880,0.28170257806777954,False,16.692499999408028
transfusion-retrieval-v3,sha256:5fc6a9a0d5ff5721954fad8f2855c204301e59ef0b28a91d8d9bdbaf48cb659b,4,chromadb,TP003,temporal,True,False,10,7,59d57c8a-c9d7-4f8d-b9a1-a2816f1f01f7,0.28166764974594116,False,16.692499999408028
transfusion-retrieval-v3,sha256:5fc6a9a0d5ff5721954fad8f2855c204301e59ef0b28a91d8d9bdbaf48cb659b,4,chromadb,TP003,temporal,True,False,10,8,b66e5419-8a9c-47f4-866d-ebdb95b174b2,0.2808513641357422,False,16.692499999408028
transfusion-retrieval-v3,sha256:5fc6a9a0d5ff5721954fad8f2855c204301e59ef0b28a91d8d9bdbaf48cb659b,4,chromadb,TP003,temporal,True,False,10,9,2cea4ea7-7aaf-4c54-ac4e-b660de52065d,0.2803151607513428,False,16.692499999408028
transfusion-retrieval-v3,sha256:5fc6a9a0d5ff5721954fad8f2855c204301e59ef0b28a91d8d9bdbaf48cb659b,4,chromadb,TP003,temporal,True,False,10,10,7c33fbb7-e931-4f6b-9520-23875ec9ee5b,0.27990686893463135,False,16.692499999408028
transfusion-retrieval-v3,sha256:5fc6a9a0d5ff5721954fad8f2855c204301e59ef0b28a91d8d9bdbaf48cb659b,4,chromadb,TP004,temporal,True,False,1,1,63cb7040-3526-4f6f-9f88-e295bbe5edaf,0.6642118692398071,False,20.19260000088252
transfusion-retrieval-v3,sha256:5fc6a9a0d5ff5721954fad8f2855c204301e59ef0b28a91d8d9bdbaf48cb659b,4,chromadb,TP004,temporal,True,False,3,1,63cb7040-3526-4f6f-9f88-e295bbe5edaf,0.6642118692398071,False,20.19260000088252
transfusion-retrieval-v3,sha256:5fc6a9a0d5ff5721954fad8f2855c204301e59ef0b28a91d8d9bdbaf48cb659b,4,chromadb,TP004,temporal,True,False,3,2,eeb8db46-f757-41f1-9ca5-c022f3d4ea3e,0.5676900148391724,False,20.19260000088252
transfusion-retrieval-v3,sha256:5fc6a9a0d5ff5721954fad8f2855c204301e59ef0b28a91d8d9bdbaf48cb659b,4,chromadb,TP004,temporal,True,False,3,3,17e22a4e-78d9-4607-b75b-151e52cc4d20,0.5676900148391724,False,20.19260000088252
transfusion-retrieval-v3,sha256:5fc6a9a0d5ff5721954fad8f2855c204301e59ef0b28a91d8d9bdbaf48cb659b,4,chromadb,TP004,temporal,True,False,5,1,63cb7040-3526-4f6f-9f88-e295bbe5edaf,0.6642118692398071,False,20.19260000088252
transfusion-retrieval-v3,sha256:5fc6a9a0d5ff5721954fad8f2855c204301e59ef0b28a91d8d9bdbaf48cb659b,4,chromadb,TP004,temporal,True,False,5,2,eeb8db46-f757-41f1-9ca5-c022f3d4ea3e,0.5676900148391724,False,20.19260000088252
transfusion-retrieval-v3,sha256:5fc6a9a0d5ff5721954fad8f2855c204301e59ef0b28a91d8d9bdbaf48cb659b,4,chromadb,TP004,temporal,True,False,5,3,17e22a4e-78d9-4607-b75b-151e52cc4d20,0.5676900148391724,False,20.19260000088252
transfusion-retrieval-v3,sha256:5fc6a9a0d5ff5721954fad8f2855c204301e59ef0b28a91d8d9bdbaf48cb659b,4,chromadb,TP004,temporal,True,False,5,4,e4892114-b8eb-4f39-a7c4-427217039236,0.5676900148391724,False,20.19260000088252
transfusion-retrieval-v3,sha256:5fc6a9a0d5ff5721954fad8f2855c204301e59ef0b28a91d8d9bdbaf48cb659b,4,chromadb,TP004,temporal,True,False,5,5,9c5f18b5-9491-4cb2-9eba-9a0d2462f8bb,0.5676900148391724,False,20.19260000088252
transfusion-retrieval-v3,sha256:5fc6a9a0d5ff5721954fad8f2855c204301e59ef0b28a91d8d9bdbaf48cb659b,4,chromadb,TP004,temporal,True,False,10,1,63cb7040-3526-4f6f-9f88-e295bbe5edaf,0.6642118692398071,False,20.19260000088252
transfusion-retrieval-v3,sha256:5fc6a9a0d5ff5721954fad8f2855c204301e59ef0b28a91d8d9bdbaf48cb659b,4,chromadb,TP004,temporal,True,False,10,2,eeb8db46-f757-41f1-9ca5-c022f3d4ea3e,0.5676900148391724,False,20.19260000088252
transfusion-retrieval-v3,sha256:5fc6a9a0d5ff5721954fad8f2855c204301e59ef0b28a91d8d9bdbaf48cb659b,4,chromadb,TP004,temporal,True,False,10,3,17e22a4e-78d9-4607-b75b-151e52cc4d20,0.5676900148391724,False,20.19260000088252
transfusion-retrieval-v3,sha256:5fc6a9a0d5ff5721954fad8f2855c204301e59ef0b28a91d8d9bdbaf48cb659b,4,chromadb,TP004,temporal,True,False,10,4,e4892114-b8eb-4f39-a7c4-427217039236,0.5676900148391724,False,20.19260000088252
transfusion-retrieval-v3,sha256:5fc6a9a0d5ff5721954fad8f2855c204301e59ef0b28a91d8d9bdbaf48cb659b,4,chromadb,TP004,temporal,True,False,10,5,9c5f18b5-9491-4cb2-9eba-9a0d2462f8bb,0.5676900148391724,False,20.19260000088252
transfusion-retrieval-v3,sha256:5fc6a9a0d5ff5721954fad8f2855c204301e59ef0b28a91d8d9bdbaf48cb659b,4,chromadb,TP004,temporal,True,False,10,6,c141d593-8af3-43e4-b0a9-f60c7c49da12,0.5676900148391724,False,20.19260000088252
transfusion-retrieval-v3,sha256:5fc6a9a0d5ff5721954fad8f2855c204301e59ef0b28a91d8d9bdbaf48cb659b,4,chromadb,TP004,temporal,True,False,10,7,635840ee-2aa9-43b0-86b4-74229536c495,0.5676900148391724,False,20.19260000088252
transfusion-retrieval-v3,sha256:5fc6a9a0d5ff5721954fad8f2855c204301e59ef0b28a91d8d9bdbaf48cb659b,4,chromadb,TP004,temporal,True,False,10,8,cf1adf23-d1e1-4e53-990c-b241ad636d39,0.5676900148391724,False,20.19260000088252
transfusion-retrieval-v3,sha256:5fc6a9a0d5ff5721954fad8f2855c204301e59ef0b28a91d8d9bdbaf48cb659b,4,chromadb,TP004,temporal,True,False,10,9,756d12b3-7bab-48b3-86c9-f2911e308f0e,0.5676900148391724,False,20.19260000088252
transfusion-retrieval-v3,sha256:5fc6a9a0d5ff5721954fad8f2855c204301e59ef0b28a91d8d9bdbaf48cb659b,4,chromadb,TP004,temporal,True,False,10,10,e9ad4f9e-f150-4d2b-b7cd-20a8a3327864,0.5676900148391724,False,20.19260000088252
transfusion-retrieval-v3,sha256:5fc6a9a0d5ff5721954fad8f2855c204301e59ef0b28a91d8d9bdbaf48cb659b,4,chromadb,TP005,temporal,True,False,1,1,63cb7040-3526-4f6f-9f88-e295bbe5edaf,0.6791173219680786,False,14.67400000001362
transfusion-retrieval-v3,sha256:5fc6a9a0d5ff5721954fad8f2855c204301e59ef0b28a91d8d9bdbaf48cb659b,4,chromadb,TP005,temporal,True,False,3,1,63cb7040-3526-4f6f-9f88-e295bbe5edaf,0.6791173219680786,False,14.67400000001362
transfusion-retrieval-v3,sha256:5fc6a9a0d5ff5721954fad8f2855c204301e59ef0b28a91d8d9bdbaf48cb659b,4,chromadb,TP005,temporal,True,False,3,2,16efaa44-1554-4748-8407-48fac0bced94,0.5980626344680786,False,14.67400000001362
transfusion-retrieval-v3,sha256:5fc6a9a0d5ff5721954fad8f2855c204301e59ef0b28a91d8d9bdbaf48cb659b,4,chromadb,TP005,temporal,True,False,3,3,fb4884e3-8fea-42fa-b996-7e9c333e7fef,0.5893117189407349,False,14.67400000001362
transfusion-retrieval-v3,sha256:5fc6a9a0d5ff5721954fad8f2855c204301e59ef0b28a91d8d9bdbaf48cb659b,4,chromadb,TP005,temporal,True,False,5,1,63cb7040-3526-4f6f-9f88-e295bbe5edaf,0.6791173219680786,False,14.67400000001362
transfusion-retrieval-v3,sha256:5fc6a9a0d5ff5721954fad8f2855c204301e59ef0b28a91d8d9bdbaf48cb659b,4,chromadb,TP005,temporal,True,False,5,2,16efaa44-1554-4748-8407-48fac0bced94,0.5980626344680786,False,14.67400000001362
transfusion-retrieval-v3,sha256:5fc6a9a0d5ff5721954fad8f2855c204301e59ef0b28a91d8d9bdbaf48cb659b,4,chromadb,TP005,temporal,True,False,5,3,fb4884e3-8fea-42fa-b996-7e9c333e7fef,0.5893117189407349,False,14.67400000001362
transfusion-retrieval-v3,sha256:5fc6a9a0d5ff5721954fad8f2855c204301e59ef0b28a91d8d9bdbaf48cb659b,4,chromadb,TP005,temporal,True,False,5,4,eeb8db46-f757-41f1-9ca5-c022f3d4ea3e,0.5893117189407349,False,14.67400000001362
transfusion-retrieval-v3,sha256:5fc6a9a0d5ff5721954fad8f2855c204301e59ef0b28a91d8d9bdbaf48cb659b,4,chromadb,TP005,temporal,True,False,5,5,17e22a4e-78d9-4607-b75b-151e52cc4d20,0.5893117189407349,False,14.67400000001362
transfusion-retrieval-v3,sha256:5fc6a9a0d5ff5721954fad8f2855c204301e59ef0b28a91d8d9bdbaf48cb659b,4,chromadb,TP005,temporal,True,False,10,1,63cb7040-3526-4f6f-9f88-e295bbe5edaf,0.6791173219680786,False,14.67400000001362
transfusion-retrieval-v3,sha256:5fc6a9a0d5ff5721954fad8f2855c204301e59ef0b28a91d8d9bdbaf48cb659b,4,chromadb,TP005,temporal,True,False,10,2,16efaa44-1554-4748-8407-48fac0bced94,0.5980626344680786,False,14.67400000001362
transfusion-retrieval-v3,sha256:5fc6a9a0d5ff5721954fad8f2855c204301e59ef0b28a91d8d9bdbaf48cb659b,4,chromadb,TP005,temporal,True,False,10,3,fb4884e3-8fea-42fa-b996-7e9c333e7fef,0.5893117189407349,False,14.67400000001362
transfusion-retrieval-v3,sha256:5fc6a9a0d5ff5721954fad8f2855c204301e59ef0b28a91d8d9bdbaf48cb659b,4,chromadb,TP005,temporal,True,False,10,4,eeb8db46-f757-41f1-9ca5-c022f3d4ea3e,0.5893117189407349,False,14.67400000001362
transfusion-retrieval-v3,sha256:5fc6a9a0d5ff5721954fad8f2855c204301e59ef0b28a91d8d9bdbaf48cb659b,4,chromadb,TP005,temporal,True,False,10,5,17e22a4e-78d9-4607-b75b-151e52cc4d20,0.5893117189407349,False,14.67400000001362
transfusion-retrieval-v3,sha256:5fc6a9a0d5ff5721954fad8f2855c204301e59ef0b28a91d8d9bdbaf48cb659b,4,chromadb,TP005,temporal,True,False,10,6,fbb0340e-b19d-43c3-a23a-5ee07899e8cd,0.5893117189407349,False,14.67400000001362
transfusion-retrieval-v3,sha256:5fc6a9a0d5ff5721954fad8f2855c204301e59ef0b28a91d8d9bdbaf48cb659b,4,chromadb,TP005,temporal,True,False,10,7,9c5f18b5-9491-4cb2-9eba-9a0d2462f8bb,0.5893117189407349,False,14.67400000001362
transfusion-retrieval-v3,sha256:5fc6a9a0d5ff5721954fad8f2855c204301e59ef0b28a91d8d9bdbaf48cb659b,4,chromadb,TP005,temporal,True,False,10,8,cf1adf23-d1e1-4e53-990c-b241ad636d39,0.5893117189407349,False,14.67400000001362
transfusion-retrieval-v3,sha256:5fc6a9a0d5ff5721954fad8f2855c204301e59ef0b28a91d8d9bdbaf48cb659b,4,chromadb,TP005,temporal,True,False,10,9,756d12b3-7bab-48b3-86c9-f2911e308f0e,0.5893117189407349,False,14.67400000001362
transfusion-retrieval-v3,sha256:5fc6a9a0d5ff5721954fad8f2855c204301e59ef0b28a91d8d9bdbaf48cb659b,4,chromadb,TP005,temporal,True,False,10,10,e9ad4f9e-f150-4d2b-b7cd-20a8a3327864,0.5893117189407349,False,14.67400000001362
transfusion-retrieval-v3,sha256:5fc6a9a0d5ff5721954fad8f2855c204301e59ef0b28a91d8d9bdbaf48cb659b,4,chromadb,TP006,product_specific,True,False,1,1,63cb7040-3526-4f6f-9f88-e295bbe5edaf,0.8055123090744019,False,21.03249999890977
transfusion-retrieval-v3,sha256:5fc6a9a0d5ff5721954fad8f2855c204301e59ef0b28a91d8d9bdbaf48cb659b,4,chromadb,TP006,product_specific,True,False,3,1,63cb7040-3526-4f6f-9f88-e295bbe5edaf,0.8055123090744019,False,21.03249999890977
transfusion-retrieval-v3,sha256:5fc6a9a0d5ff5721954fad8f2855c204301e59ef0b28a91d8d9bdbaf48cb659b,4,chromadb,TP006,product_specific,True,False,3,2,16efaa44-1554-4748-8407-48fac0bced94,0.7178874611854553,False,21.03249999890977
transfusion-retrieval-v3,sha256:5fc6a9a0d5ff5721954fad8f2855c204301e59ef0b28a91d8d9bdbaf48cb659b,4,chromadb,TP006,product_specific,True,False,3,3,4797ba3b-c3d9-4d11-be5f-86db44dbda83,0.6246245503425598,False,21.03249999890977
transfusion-retrieval-v3,sha256:5fc6a9a0d5ff5721954fad8f2855c204301e59ef0b28a91d8d9bdbaf48cb659b,4,chromadb,TP006,product_specific,True,False,5,1,63cb7040-3526-4f6f-9f88-e295bbe5edaf,0.8055123090744019,False,21.03249999890977
transfusion-retrieval-v3,sha256:5fc6a9a0d5ff5721954fad8f2855c204301e59ef0b28a91d8d9bdbaf48cb659b,4,chromadb,TP006,product_specific,True,False,5,2,16efaa44-1554-4748-8407-48fac0bced94,0.7178874611854553,False,21.03249999890977
transfusion-retrieval-v3,sha256:5fc6a9a0d5ff5721954fad8f2855c204301e59ef0b28a91d8d9bdbaf48cb659b,4,chromadb,TP006,product_specific,True,False,5,3,4797ba3b-c3d9-4d11-be5f-86db44dbda83,0.6246245503425598,False,21.03249999890977
transfusion-retrieval-v3,sha256:5fc6a9a0d5ff5721954fad8f2855c204301e59ef0b28a91d8d9bdbaf48cb659b,4,chromadb,TP006,product_specific,True,False,5,4,10537058-d160-4786-a6cf-95de46d7189c,0.6105394959449768,False,21.03249999890977
transfusion-retrieval-v3,sha256:5fc6a9a0d5ff5721954fad8f2855c204301e59ef0b28a91d8d9bdbaf48cb659b,4,chromadb,TP006,product_specific,True,False,5,5,59d57c8a-c9d7-4f8d-b9a1-a2816f1f01f7,0.609349250793457,False,21.03249999890977
transfusion-retrieval-v3,sha256:5fc6a9a0d5ff5721954fad8f2855c204301e59ef0b28a91d8d9bdbaf48cb659b,4,chromadb,TP006,product_specific,True,False,10,1,63cb7040-3526-4f6f-9f88-e295bbe5edaf,0.8055123090744019,False,21.03249999890977
transfusion-retrieval-v3,sha256:5fc6a9a0d5ff5721954fad8f2855c204301e59ef0b28a91d8d9bdbaf48cb659b,4,chromadb,TP006,product_specific,True,False,10,2,16efaa44-1554-4748-8407-48fac0bced94,0.7178874611854553,False,21.03249999890977
transfusion-retrieval-v3,sha256:5fc6a9a0d5ff5721954fad8f2855c204301e59ef0b28a91d8d9bdbaf48cb659b,4,chromadb,TP006,product_specific,True,False,10,3,4797ba3b-c3d9-4d11-be5f-86db44dbda83,0.6246245503425598,False,21.03249999890977
transfusion-retrieval-v3,sha256:5fc6a9a0d5ff5721954fad8f2855c204301e59ef0b28a91d8d9bdbaf48cb659b,4,chromadb,TP006,product_specific,True,False,10,4,10537058-d160-4786-a6cf-95de46d7189c,0.6105394959449768,False,21.03249999890977
transfusion-retrieval-v3,sha256:5fc6a9a0d5ff5721954fad8f2855c204301e59ef0b28a91d8d9bdbaf48cb659b,4,chromadb,TP006,product_specific,True,False,10,5,59d57c8a-c9d7-4f8d-b9a1-a2816f1f01f7,0.609349250793457,False,21.03249999890977
transfusion-retrieval-v3,sha256:5fc6a9a0d5ff5721954fad8f2855c204301e59ef0b28a91d8d9bdbaf48cb659b,4,chromadb,TP006,product_specific,True,False,10,6,602c933f-0b8f-4533-87a5-f27ecd5f2af9,0.5661782026290894,False,21.03249999890977
transfusion-retrieval-v3,sha256:5fc6a9a0d5ff5721954fad8f2855c204301e59ef0b28a91d8d9bdbaf48cb659b,4,chromadb,TP006,product_specific,True,False,10,7,fb4884e3-8fea-42fa-b996-7e9c333e7fef,0.5555042028427124,False,21.03249999890977
transfusion-retrieval-v3,sha256:5fc6a9a0d5ff5721954fad8f2855c204301e59ef0b28a91d8d9bdbaf48cb659b,4,chromadb,TP006,product_specific,True,False,10,8,eeb8db46-f757-41f1-9ca5-c022f3d4ea3e,0.5555042028427124,False,21.03249999890977
transfusion-retrieval-v3,sha256:5fc6a9a0d5ff5721954fad8f2855c204301e59ef0b28a91d8d9bdbaf48cb659b,4,chromadb,TP006,product_specific,True,False,10,9,fbb0340e-b19d-43c3-a23a-5ee07899e8cd,0.5555042028427124,False,21.03249999890977
transfusion-retrieval-v3,sha256:5fc6a9a0d5ff5721954fad8f2855c204301e59ef0b28a91d8d9bdbaf48cb659b,4,chromadb,TP006,product_specific,True,False,10,10,c141d593-8af3-43e4-b0a9-f60c7c49da12,0.5555042028427124,False,21.03249999890977
transfusion-retrieval-v3,sha256:5fc6a9a0d5ff5721954fad8f2855c204301e59ef0b28a91d8d9bdbaf48cb659b,4,chromadb,TP007,product_specific,True,False,1,1,63cb7040-3526-4f6f-9f88-e295bbe5edaf,0.731636643409729,False,21.670500000254833
transfusion-retrieval-v3,sha256:5fc6a9a0d5ff5721954fad8f2855c204301e59ef0b28a91d8d9bdbaf48cb659b,4,chromadb,TP007,product_specific,True,False,3,1,63cb7040-3526-4f6f-9f88-e295bbe5edaf,0.731636643409729,False,21.670500000254833
transfusion-retrieval-v3,sha256:5fc6a9a0d5ff5721954fad8f2855c204301e59ef0b28a91d8d9bdbaf48cb659b,4,chromadb,TP007,product_specific,True,False,3,2,16efaa44-1554-4748-8407-48fac0bced94,0.6319729089736938,False,21.670500000254833
transfusion-retrieval-v3,sha256:5fc6a9a0d5ff5721954fad8f2855c204301e59ef0b28a91d8d9bdbaf48cb659b,4,chromadb,TP007,product_specific,True,False,3,3,fb4884e3-8fea-42fa-b996-7e9c333e7fef,0.5557184219360352,False,21.670500000254833
transfusion-retrieval-v3,sha256:5fc6a9a0d5ff5721954fad8f2855c204301e59ef0b28a91d8d9bdbaf48cb659b,4,chromadb,TP007,product_specific,True,False,5,1,63cb7040-3526-4f6f-9f88-e295bbe5edaf,0.731636643409729,False,21.670500000254833
transfusion-retrieval-v3,sha256:5fc6a9a0d5ff5721954fad8f2855c204301e59ef0b28a91d8d9bdbaf48cb659b,4,chromadb,TP007,product_specific,True,False,5,2,16efaa44-1554-4748-8407-48fac0bced94,0.6319729089736938,False,21.670500000254833
transfusion-retrieval-v3,sha256:5fc6a9a0d5ff5721954fad8f2855c204301e59ef0b28a91d8d9bdbaf48cb659b,4,chromadb,TP007,product_specific,True,False,5,3,fb4884e3-8fea-42fa-b996-7e9c333e7fef,0.5557184219360352,False,21.670500000254833
transfusion-retrieval-v3,sha256:5fc6a9a0d5ff5721954fad8f2855c204301e59ef0b28a91d8d9bdbaf48cb659b,4,chromadb,TP007,product_specific,True,False,5,4,eeb8db46-f757-41f1-9ca5-c022f3d4ea3e,0.5557184219360352,False,21.670500000254833
transfusion-retrieval-v3,sha256:5fc6a9a0d5ff5721954fad8f2855c204301e59ef0b28a91d8d9bdbaf48cb659b,4,chromadb,TP007,product_specific,True,False,5,5,17e22a4e-78d9-4607-b75b-151e52cc4d20,0.5557184219360352,False,21.670500000254833
transfusion-retrieval-v3,sha256:5fc6a9a0d5ff5721954fad8f2855c204301e59ef0b28a91d8d9bdbaf48cb659b,4,chromadb,TP007,product_specific,True,False,10,1,63cb7040-3526-4f6f-9f88-e295bbe5edaf,0.731636643409729,False,21.670500000254833
transfusion-retrieval-v3,sha256:5fc6a9a0d5ff5721954fad8f2855c204301e59ef0b28a91d8d9bdbaf48cb659b,4,chromadb,TP007,product_specific,True,False,10,2,16efaa44-1554-4748-8407-48fac0bced94,0.6319729089736938,False,21.670500000254833
transfusion-retrieval-v3,sha256:5fc6a9a0d5ff5721954fad8f2855c204301e59ef0b28a91d8d9bdbaf48cb659b,4,chromadb,TP007,product_specific,True,False,10,3,fb4884e3-8fea-42fa-b996-7e9c333e7fef,0.5557184219360352,False,21.670500000254833
transfusion-retrieval-v3,sha256:5fc6a9a0d5ff5721954fad8f2855c204301e59ef0b28a91d8d9bdbaf48cb659b,4,chromadb,TP007,product_specific,True,False,10,4,eeb8db46-f757-41f1-9ca5-c022f3d4ea3e,0.5557184219360352,False,21.670500000254833
transfusion-retrieval-v3,sha256:5fc6a9a0d5ff5721954fad8f2855c204301e59ef0b28a91d8d9bdbaf48cb659b,4,chromadb,TP007,product_specific,True,False,10,5,17e22a4e-78d9-4607-b75b-151e52cc4d20,0.5557184219360352,False,21.670500000254833
transfusion-retrieval-v3,sha256:5fc6a9a0d5ff5721954fad8f2855c204301e59ef0b28a91d8d9bdbaf48cb659b,4,chromadb,TP007,product_specific,True,False,10,6,fbb0340e-b19d-43c3-a23a-5ee07899e8cd,0.5557184219360352,False,21.670500000254833
transfusion-retrieval-v3,sha256:5fc6a9a0d5ff5721954fad8f2855c204301e59ef0b28a91d8d9bdbaf48cb659b,4,chromadb,TP007,product_specific,True,False,10,7,9c5f18b5-9491-4cb2-9eba-9a0d2462f8bb,0.5557184219360352,False,21.670500000254833
transfusion-retrieval-v3,sha256:5fc6a9a0d5ff5721954fad8f2855c204301e59ef0b28a91d8d9bdbaf48cb659b,4,chromadb,TP007,product_specific,True,False,10,8,635840ee-2aa9-43b0-86b4-74229536c495,0.5557184219360352,False,21.670500000254833
transfusion-retrieval-v3,sha256:5fc6a9a0d5ff5721954fad8f2855c204301e59ef0b28a91d8d9bdbaf48cb659b,4,chromadb,TP007,product_specific,True,False,10,9,cf1adf23-d1e1-4e53-990c-b241ad636d39,0.5557184219360352,False,21.670500000254833
transfusion-retrieval-v3,sha256:5fc6a9a0d5ff5721954fad8f2855c204301e59ef0b28a91d8d9bdbaf48cb659b,4,chromadb,TP007,product_specific,True,False,10,10,e9ad4f9e-f150-4d2b-b7cd-20a8a3327864,0.5557184219360352,False,21.670500000254833
transfusion-retrieval-v3,sha256:5fc6a9a0d5ff5721954fad8f2855c204301e59ef0b28a91d8d9bdbaf48cb659b,4,chromadb,TP008,product_specific,True,False,1,1,7c33fbb7-e931-4f6b-9520-23875ec9ee5b,0.6134968996047974,False,14.515200000460027
transfusion-retrieval-v3,sha256:5fc6a9a0d5ff5721954fad8f2855c204301e59ef0b28a91d8d9bdbaf48cb659b,4,chromadb,TP008,product_specific,True,False,3,1,7c33fbb7-e931-4f6b-9520-23875ec9ee5b,0.6134968996047974,False,14.515200000460027
transfusion-retrieval-v3,sha256:5fc6a9a0d5ff5721954fad8f2855c204301e59ef0b28a91d8d9bdbaf48cb659b,4,chromadb,TP008,product_specific,True,False,3,2,9131e9a9-eff3-4f4e-a20b-4bdd456c35bc,0.6043039560317993,True,14.515200000460027
transfusion-retrieval-v3,sha256:5fc6a9a0d5ff5721954fad8f2855c204301e59ef0b28a91d8d9bdbaf48cb659b,4,chromadb,TP008,product_specific,True,False,3,3,e62b0c91-ff0c-43b2-9bd5-ff173d9f8bc0,0.6040700674057007,False,14.515200000460027
transfusion-retrieval-v3,sha256:5fc6a9a0d5ff5721954fad8f2855c204301e59ef0b28a91d8d9bdbaf48cb659b,4,chromadb,TP008,product_specific,True,False,5,1,7c33fbb7-e931-4f6b-9520-23875ec9ee5b,0.6134968996047974,False,14.515200000460027
transfusion-retrieval-v3,sha256:5fc6a9a0d5ff5721954fad8f2855c204301e59ef0b28a91d8d9bdbaf48cb659b,4,chromadb,TP008,product_specific,True,False,5,2,9131e9a9-eff3-4f4e-a20b-4bdd456c35bc,0.6043039560317993,True,14.515200000460027
transfusion-retrieval-v3,sha256:5fc6a9a0d5ff5721954fad8f2855c204301e59ef0b28a91d8d9bdbaf48cb659b,4,chromadb,TP008,product_specific,True,False,5,3,e62b0c91-ff0c-43b2-9bd5-ff173d9f8bc0,0.6040700674057007,False,14.515200000460027
transfusion-retrieval-v3,sha256:5fc6a9a0d5ff5721954fad8f2855c204301e59ef0b28a91d8d9bdbaf48cb659b,4,chromadb,TP008,product_specific,True,False,5,4,63cb7040-3526-4f6f-9f88-e295bbe5edaf,0.5592495799064636,False,14.515200000460027
transfusion-retrieval-v3,sha256:5fc6a9a0d5ff5721954fad8f2855c204301e59ef0b28a91d8d9bdbaf48cb659b,4,chromadb,TP008,product_specific,True,False,5,5,4797ba3b-c3d9-4d11-be5f-86db44dbda83,0.5375446081161499,False,14.515200000460027
transfusion-retrieval-v3,sha256:5fc6a9a0d5ff5721954fad8f2855c204301e59ef0b28a91d8d9bdbaf48cb659b,4,chromadb,TP008,product_specific,True,False,10,1,7c33fbb7-e931-4f6b-9520-23875ec9ee5b,0.6134968996047974,False,14.515200000460027
transfusion-retrieval-v3,sha256:5fc6a9a0d5ff5721954fad8f2855c204301e59ef0b28a91d8d9bdbaf48cb659b,4,chromadb,TP008,product_specific,True,False,10,2,9131e9a9-eff3-4f4e-a20b-4bdd456c35bc,0.6043039560317993,True,14.515200000460027
transfusion-retrieval-v3,sha256:5fc6a9a0d5ff5721954fad8f2855c204301e59ef0b28a91d8d9bdbaf48cb659b,4,chromadb,TP008,product_specific,True,False,10,3,e62b0c91-ff0c-43b2-9bd5-ff173d9f8bc0,0.6040700674057007,False,14.515200000460027
transfusion-retrieval-v3,sha256:5fc6a9a0d5ff5721954fad8f2855c204301e59ef0b28a91d8d9bdbaf48cb659b,4,chromadb,TP008,product_specific,True,False,10,4,63cb7040-3526-4f6f-9f88-e295bbe5edaf,0.5592495799064636,False,14.515200000460027
transfusion-retrieval-v3,sha256:5fc6a9a0d5ff5721954fad8f2855c204301e59ef0b28a91d8d9bdbaf48cb659b,4,chromadb,TP008,product_specific,True,False,10,5,4797ba3b-c3d9-4d11-be5f-86db44dbda83,0.5375446081161499,False,14.515200000460027
transfusion-retrieval-v3,sha256:5fc6a9a0d5ff5721954fad8f2855c204301e59ef0b28a91d8d9bdbaf48cb659b,4,chromadb,TP008,product_specific,True,False,10,6,59d57c8a-c9d7-4f8d-b9a1-a2816f1f01f7,0.5151087045669556,False,14.515200000460027
transfusion-retrieval-v3,sha256:5fc6a9a0d5ff5721954fad8f2855c204301e59ef0b28a91d8d9bdbaf48cb659b,4,chromadb,TP008,product_specific,True,False,10,7,f1611d72-8c47-41f8-bfee-99d5ffdfe12a,0.4942203760147095,False,14.515200000460027
transfusion-retrieval-v3,sha256:5fc6a9a0d5ff5721954fad8f2855c204301e59ef0b28a91d8d9bdbaf48cb659b,4,chromadb,TP008,product_specific,True,False,10,8,73735f01-c9d0-4dd5-8d46-c70045e4b334,0.4499019384384155,False,14.515200000460027
transfusion-retrieval-v3,sha256:5fc6a9a0d5ff5721954fad8f2855c204301e59ef0b28a91d8d9bdbaf48cb659b,4,chromadb,TP008,product_specific,True,False,10,9,fbf62ef9-25b7-437c-98d8-c4934fba0fe6,0.4446530342102051,False,14.515200000460027
transfusion-retrieval-v3,sha256:5fc6a9a0d5ff5721954fad8f2855c204301e59ef0b28a91d8d9bdbaf48cb659b,4,chromadb,TP008,product_specific,True,False,10,10,3ecc27b9-634c-4026-b44e-e01123aa0467,0.44456619024276733,False,14.515200000460027
transfusion-retrieval-v3,sha256:5fc6a9a0d5ff5721954fad8f2855c204301e59ef0b28a91d8d9bdbaf48cb659b,4,chromadb,TP009,product_specific,True,False,1,1,63cb7040-3526-4f6f-9f88-e295bbe5edaf,0.7361881732940674,False,17.416999999113614
transfusion-retrieval-v3,sha256:5fc6a9a0d5ff5721954fad8f2855c204301e59ef0b28a91d8d9bdbaf48cb659b,4,chromadb,TP009,product_specific,True,False,3,1,63cb7040-3526-4f6f-9f88-e295bbe5edaf,0.7361881732940674,False,17.416999999113614
transfusion-retrieval-v3,sha256:5fc6a9a0d5ff5721954fad8f2855c204301e59ef0b28a91d8d9bdbaf48cb659b,4,chromadb,TP009,product_specific,True,False,3,2,16efaa44-1554-4748-8407-48fac0bced94,0.68533855676651,False,17.416999999113614
transfusion-retrieval-v3,sha256:5fc6a9a0d5ff5721954fad8f2855c204301e59ef0b28a91d8d9bdbaf48cb659b,4,chromadb,TP009,product_specific,True,False,3,3,fb4884e3-8fea-42fa-b996-7e9c333e7fef,0.6004893779754639,False,17.416999999113614
transfusion-retrieval-v3,sha256:5fc6a9a0d5ff5721954fad8f2855c204301e59ef0b28a91d8d9bdbaf48cb659b,4,chromadb,TP009,product_specific,True,False,5,1,63cb7040-3526-4f6f-9f88-e295bbe5edaf,0.7361881732940674,False,17.416999999113614
transfusion-retrieval-v3,sha256:5fc6a9a0d5ff5721954fad8f2855c204301e59ef0b28a91d8d9bdbaf48cb659b,4,chromadb,TP009,product_specific,True,False,5,2,16efaa44-1554-4748-8407-48fac0bced94,0.68533855676651,False,17.416999999113614
transfusion-retrieval-v3,sha256:5fc6a9a0d5ff5721954fad8f2855c204301e59ef0b28a91d8d9bdbaf48cb659b,4,chromadb,TP009,product_specific,True,False,5,3,fb4884e3-8fea-42fa-b996-7e9c333e7fef,0.6004893779754639,False,17.416999999113614
transfusion-retrieval-v3,sha256:5fc6a9a0d5ff5721954fad8f2855c204301e59ef0b28a91d8d9bdbaf48cb659b,4,chromadb,TP009,product_specific,True,False,5,4,17e22a4e-78d9-4607-b75b-151e52cc4d20,0.6004893779754639,False,17.416999999113614
transfusion-retrieval-v3,sha256:5fc6a9a0d5ff5721954fad8f2855c204301e59ef0b28a91d8d9bdbaf48cb659b,4,chromadb,TP009,product_specific,True,False,5,5,fbb0340e-b19d-43c3-a23a-5ee07899e8cd,0.6004893779754639,False,17.416999999113614
transfusion-retrieval-v3,sha256:5fc6a9a0d5ff5721954fad8f2855c204301e59ef0b28a91d8d9bdbaf48cb659b,4,chromadb,TP009,product_specific,True,False,10,1,63cb7040-3526-4f6f-9f88-e295bbe5edaf,0.7361881732940674,False,17.416999999113614
transfusion-retrieval-v3,sha256:5fc6a9a0d5ff5721954fad8f2855c204301e59ef0b28a91d8d9bdbaf48cb659b,4,chromadb,TP009,product_specific,True,False,10,2,16efaa44-1554-4748-8407-48fac0bced94,0.68533855676651,False,17.416999999113614
transfusion-retrieval-v3,sha256:5fc6a9a0d5ff5721954fad8f2855c204301e59ef0b28a91d8d9bdbaf48cb659b,4,chromadb,TP009,product_specific,True,False,10,3,fb4884e3-8fea-42fa-b996-7e9c333e7fef,0.6004893779754639,False,17.416999999113614
transfusion-retrieval-v3,sha256:5fc6a9a0d5ff5721954fad8f2855c204301e59ef0b28a91d8d9bdbaf48cb659b,4,chromadb,TP009,product_specific,True,False,10,4,17e22a4e-78d9-4607-b75b-151e52cc4d20,0.6004893779754639,False,17.416999999113614
transfusion-retrieval-v3,sha256:5fc6a9a0d5ff5721954fad8f2855c204301e59ef0b28a91d8d9bdbaf48cb659b,4,chromadb,TP009,product_specific,True,False,10,5,fbb0340e-b19d-43c3-a23a-5ee07899e8cd,0.6004893779754639,False,17.416999999113614
transfusion-retrieval-v3,sha256:5fc6a9a0d5ff5721954fad8f2855c204301e59ef0b28a91d8d9bdbaf48cb659b,4,chromadb,TP009,product_specific,True,False,10,6,e4892114-b8eb-4f39-a7c4-427217039236,0.6004893779754639,False,17.416999999113614
transfusion-retrieval-v3,sha256:5fc6a9a0d5ff5721954fad8f2855c204301e59ef0b28a91d8d9bdbaf48cb659b,4,chromadb,TP009,product_specific,True,False,10,7,635840ee-2aa9-43b0-86b4-74229536c495,0.6004893779754639,False,17.416999999113614
transfusion-retrieval-v3,sha256:5fc6a9a0d5ff5721954fad8f2855c204301e59ef0b28a91d8d9bdbaf48cb659b,4,chromadb,TP009,product_specific,True,False,10,8,cf1adf23-d1e1-4e53-990c-b241ad636d39,0.6004893779754639,False,17.416999999113614
transfusion-retrieval-v3,sha256:5fc6a9a0d5ff5721954fad8f2855c204301e59ef0b28a91d8d9bdbaf48cb659b,4,chromadb,TP009,product_specific,True,False,10,9,756d12b3-7bab-48b3-86c9-f2911e308f0e,0.6004893779754639,False,17.416999999113614
transfusion-retrieval-v3,sha256:5fc6a9a0d5ff5721954fad8f2855c204301e59ef0b28a91d8d9bdbaf48cb659b,4,chromadb,TP009,product_specific,True,False,10,10,e9ad4f9e-f150-4d2b-b7cd-20a8a3327864,0.6004893779754639,False,17.416999999113614
transfusion-retrieval-v3,sha256:5fc6a9a0d5ff5721954fad8f2855c204301e59ef0b28a91d8d9bdbaf48cb659b,4,chromadb,TP010,product_specific,True,False,1,1,63cb7040-3526-4f6f-9f88-e295bbe5edaf,0.7798503637313843,False,19.101100000625593
transfusion-retrieval-v3,sha256:5fc6a9a0d5ff5721954fad8f2855c204301e59ef0b28a91d8d9bdbaf48cb659b,4,chromadb,TP010,product_specific,True,False,3,1,63cb7040-3526-4f6f-9f88-e295bbe5edaf,0.7798503637313843,False,19.101100000625593
transfusion-retrieval-v3,sha256:5fc6a9a0d5ff5721954fad8f2855c204301e59ef0b28a91d8d9bdbaf48cb659b,4,chromadb,TP010,product_specific,True,False,3,2,16efaa44-1554-4748-8407-48fac0bced94,0.744845449924469,False,19.101100000625593
transfusion-retrieval-v3,sha256:5fc6a9a0d5ff5721954fad8f2855c204301e59ef0b28a91d8d9bdbaf48cb659b,4,chromadb,TP010,product_specific,True,False,3,3,eeb8db46-f757-41f1-9ca5-c022f3d4ea3e,0.6153618097305298,False,19.101100000625593
transfusion-retrieval-v3,sha256:5fc6a9a0d5ff5721954fad8f2855c204301e59ef0b28a91d8d9bdbaf48cb659b,4,chromadb,TP010,product_specific,True,False,5,1,63cb7040-3526-4f6f-9f88-e295bbe5edaf,0.7798503637313843,False,19.101100000625593
transfusion-retrieval-v3,sha256:5fc6a9a0d5ff5721954fad8f2855c204301e59ef0b28a91d8d9bdbaf48cb659b,4,chromadb,TP010,product_specific,True,False,5,2,16efaa44-1554-4748-8407-48fac0bced94,0.744845449924469,False,19.101100000625593
transfusion-retrieval-v3,sha256:5fc6a9a0d5ff5721954fad8f2855c204301e59ef0b28a91d8d9bdbaf48cb659b,4,chromadb,TP010,product_specific,True,False,5,3,eeb8db46-f757-41f1-9ca5-c022f3d4ea3e,0.6153618097305298,False,19.101100000625593
transfusion-retrieval-v3,sha256:5fc6a9a0d5ff5721954fad8f2855c204301e59ef0b28a91d8d9bdbaf48cb659b,4,chromadb,TP010,product_specific,True,False,5,4,fbb0340e-b19d-43c3-a23a-5ee07899e8cd,0.6153618097305298,False,19.101100000625593
transfusion-retrieval-v3,sha256:5fc6a9a0d5ff5721954fad8f2855c204301e59ef0b28a91d8d9bdbaf48cb659b,4,chromadb,TP010,product_specific,True,False,5,5,e4892114-b8eb-4f39-a7c4-427217039236,0.6153618097305298,False,19.101100000625593
transfusion-retrieval-v3,sha256:5fc6a9a0d5ff5721954fad8f2855c204301e59ef0b28a91d8d9bdbaf48cb659b,4,chromadb,TP010,product_specific,True,False,10,1,63cb7040-3526-4f6f-9f88-e295bbe5edaf,0.7798503637313843,False,19.101100000625593
transfusion-retrieval-v3,sha256:5fc6a9a0d5ff5721954fad8f2855c204301e59ef0b28a91d8d9bdbaf48cb659b,4,chromadb,TP010,product_specific,True,False,10,2,16efaa44-1554-4748-8407-48fac0bced94,0.744845449924469,False,19.101100000625593
transfusion-retrieval-v3,sha256:5fc6a9a0d5ff5721954fad8f2855c204301e59ef0b28a91d8d9bdbaf48cb659b,4,chromadb,TP010,product_specific,True,False,10,3,eeb8db46-f757-41f1-9ca5-c022f3d4ea3e,0.6153618097305298,False,19.101100000625593
transfusion-retrieval-v3,sha256:5fc6a9a0d5ff5721954fad8f2855c204301e59ef0b28a91d8d9bdbaf48cb659b,4,chromadb,TP010,product_specific,True,False,10,4,fbb0340e-b19d-43c3-a23a-5ee07899e8cd,0.6153618097305298,False,19.101100000625593
transfusion-retrieval-v3,sha256:5fc6a9a0d5ff5721954fad8f2855c204301e59ef0b28a91d8d9bdbaf48cb659b,4,chromadb,TP010,product_specific,True,False,10,5,e4892114-b8eb-4f39-a7c4-427217039236,0.6153618097305298,False,19.101100000625593
transfusion-retrieval-v3,sha256:5fc6a9a0d5ff5721954fad8f2855c204301e59ef0b28a91d8d9bdbaf48cb659b,4,chromadb,TP010,product_specific,True,False,10,6,9c5f18b5-9491-4cb2-9eba-9a0d2462f8bb,0.6153618097305298,False,19.101100000625593
transfusion-retrieval-v3,sha256:5fc6a9a0d5ff5721954fad8f2855c204301e59ef0b28a91d8d9bdbaf48cb659b,4,chromadb,TP010,product_specific,True,False,10,7,c141d593-8af3-43e4-b0a9-f60c7c49da12,0.6153618097305298,False,19.101100000625593
transfusion-retrieval-v3,sha256:5fc6a9a0d5ff5721954fad8f2855c204301e59ef0b28a91d8d9bdbaf48cb659b,4,chromadb,TP010,product_specific,True,False,10,8,635840ee-2aa9-43b0-86b4-74229536c495,0.6153618097305298,False,19.101100000625593
transfusion-retrieval-v3,sha256:5fc6a9a0d5ff5721954fad8f2855c204301e59ef0b28a91d8d9bdbaf48cb659b,4,chromadb,TP010,product_specific,True,False,10,9,756d12b3-7bab-48b3-86c9-f2911e308f0e,0.6153618097305298,False,19.101100000625593
transfusion-retrieval-v3,sha256:5fc6a9a0d5ff5721954fad8f2855c204301e59ef0b28a91d8d9bdbaf48cb659b,4,chromadb,TP010,product_specific,True,False,10,10,e9ad4f9e-f150-4d2b-b7cd-20a8a3327864,0.6153618097305298,False,19.101100000625593
transfusion-retrieval-v3,sha256:5fc6a9a0d5ff5721954fad8f2855c204301e59ef0b28a91d8d9bdbaf48cb659b,4,chromadb,TP011,temporal,True,False,1,1,2cea4ea7-7aaf-4c54-ac4e-b660de52065d,0.6851986646652222,False,14.169300000503426
transfusion-retrieval-v3,sha256:5fc6a9a0d5ff5721954fad8f2855c204301e59ef0b28a91d8d9bdbaf48cb659b,4,chromadb,TP011,temporal,True,False,3,1,2cea4ea7-7aaf-4c54-ac4e-b660de52065d,0.6851986646652222,False,14.169300000503426
transfusion-retrieval-v3,sha256:5fc6a9a0d5ff5721954fad8f2855c204301e59ef0b28a91d8d9bdbaf48cb659b,4,chromadb,TP011,temporal,True,False,3,2,bc88f538-e881-4c81-85e9-fca20614315d,0.6698272228240967,False,14.169300000503426
transfusion-retrieval-v3,sha256:5fc6a9a0d5ff5721954fad8f2855c204301e59ef0b28a91d8d9bdbaf48cb659b,4,chromadb,TP011,temporal,True,False,3,3,21efe016-3004-45f3-a070-29ce2ecb0019,0.6548802256584167,True,14.169300000503426
transfusion-retrieval-v3,sha256:5fc6a9a0d5ff5721954fad8f2855c204301e59ef0b28a91d8d9bdbaf48cb659b,4,chromadb,TP011,temporal,True,False,5,1,2cea4ea7-7aaf-4c54-ac4e-b660de52065d,0.6851986646652222,False,14.169300000503426
transfusion-retrieval-v3,sha256:5fc6a9a0d5ff5721954fad8f2855c204301e59ef0b28a91d8d9bdbaf48cb659b,4,chromadb,TP011,temporal,True,False,5,2,bc88f538-e881-4c81-85e9-fca20614315d,0.6698272228240967,False,14.169300000503426
transfusion-retrieval-v3,sha256:5fc6a9a0d5ff5721954fad8f2855c204301e59ef0b28a91d8d9bdbaf48cb659b,4,chromadb,TP011,temporal,True,False,5,3,21efe016-3004-45f3-a070-29ce2ecb0019,0.6548802256584167,True,14.169300000503426
transfusion-retrieval-v3,sha256:5fc6a9a0d5ff5721954fad8f2855c204301e59ef0b28a91d8d9bdbaf48cb659b,4,chromadb,TP011,temporal,True,False,5,4,b66e5419-8a9c-47f4-866d-ebdb95b174b2,0.6322066783905029,True,14.169300000503426
transfusion-retrieval-v3,sha256:5fc6a9a0d5ff5721954fad8f2855c204301e59ef0b28a91d8d9bdbaf48cb659b,4,chromadb,TP011,temporal,True,False,5,5,edd76252-eb29-4acf-9a31-735463528b7d,0.5512696504592896,False,14.169300000503426
transfusion-retrieval-v3,sha256:5fc6a9a0d5ff5721954fad8f2855c204301e59ef0b28a91d8d9bdbaf48cb659b,4,chromadb,TP011,temporal,True,False,10,1,2cea4ea7-7aaf-4c54-ac4e-b660de52065d,0.6851986646652222,False,14.169300000503426
transfusion-retrieval-v3,sha256:5fc6a9a0d5ff5721954fad8f2855c204301e59ef0b28a91d8d9bdbaf48cb659b,4,chromadb,TP011,temporal,True,False,10,2,bc88f538-e881-4c81-85e9-fca20614315d,0.6698272228240967,False,14.169300000503426
transfusion-retrieval-v3,sha256:5fc6a9a0d5ff5721954fad8f2855c204301e59ef0b28a91d8d9bdbaf48cb659b,4,chromadb,TP011,temporal,True,False,10,3,21efe016-3004-45f3-a070-29ce2ecb0019,0.6548802256584167,True,14.169300000503426
transfusion-retrieval-v3,sha256:5fc6a9a0d5ff5721954fad8f2855c204301e59ef0b28a91d8d9bdbaf48cb659b,4,chromadb,TP011,temporal,True,False,10,4,b66e5419-8a9c-47f4-866d-ebdb95b174b2,0.6322066783905029,True,14.169300000503426
transfusion-retrieval-v3,sha256:5fc6a9a0d5ff5721954fad8f2855c204301e59ef0b28a91d8d9bdbaf48cb659b,4,chromadb,TP011,temporal,True,False,10,5,edd76252-eb29-4acf-9a31-735463528b7d,0.5512696504592896,False,14.169300000503426
transfusion-retrieval-v3,sha256:5fc6a9a0d5ff5721954fad8f2855c204301e59ef0b28a91d8d9bdbaf48cb659b,4,chromadb,TP011,temporal,True,False,10,6,4797ba3b-c3d9-4d11-be5f-86db44dbda83,0.5466238856315613,False,14.169300000503426
transfusion-retrieval-v3,sha256:5fc6a9a0d5ff5721954fad8f2855c204301e59ef0b28a91d8d9bdbaf48cb659b,4,chromadb,TP011,temporal,True,False,10,7,602c933f-0b8f-4533-87a5-f27ecd5f2af9,0.5378923416137695,False,14.169300000503426
transfusion-retrieval-v3,sha256:5fc6a9a0d5ff5721954fad8f2855c204301e59ef0b28a91d8d9bdbaf48cb659b,4,chromadb,TP011,temporal,True,False,10,8,8939253d-3272-4915-8c2b-c60062aeb818,0.5286596417427063,False,14.169300000503426
transfusion-retrieval-v3,sha256:5fc6a9a0d5ff5721954fad8f2855c204301e59ef0b28a91d8d9bdbaf48cb659b,4,chromadb,TP011,temporal,True,False,10,9,ee8c2027-ad6d-4bb7-8077-5e4c42be1cc3,0.5278598666191101,False,14.169300000503426
transfusion-retrieval-v3,sha256:5fc6a9a0d5ff5721954fad8f2855c204301e59ef0b28a91d8d9bdbaf48cb659b,4,chromadb,TP011,temporal,True,False,10,10,843aa4c8-3ffd-4747-97eb-8699b0a0eeaf,0.5251928567886353,False,14.169300000503426
transfusion-retrieval-v3,sha256:5fc6a9a0d5ff5721954fad8f2855c204301e59ef0b28a91d8d9bdbaf48cb659b,4,chromadb,TP012,product_specific,True,False,1,1,63cb7040-3526-4f6f-9f88-e295bbe5edaf,0.6474902629852295,False,16.313099999024416
transfusion-retrieval-v3,sha256:5fc6a9a0d5ff5721954fad8f2855c204301e59ef0b28a91d8d9bdbaf48cb659b,4,chromadb,TP012,product_specific,True,False,3,1,63cb7040-3526-4f6f-9f88-e295bbe5edaf,0.6474902629852295,False,16.313099999024416
transfusion-retrieval-v3,sha256:5fc6a9a0d5ff5721954fad8f2855c204301e59ef0b28a91d8d9bdbaf48cb659b,4,chromadb,TP012,product_specific,True,False,3,2,16efaa44-1554-4748-8407-48fac0bced94,0.597851574420929,False,16.313099999024416
transfusion-retrieval-v3,sha256:5fc6a9a0d5ff5721954fad8f2855c204301e59ef0b28a91d8d9bdbaf48cb659b,4,chromadb,TP012,product_specific,True,False,3,3,fb4884e3-8fea-42fa-b996-7e9c333e7fef,0.5592089295387268,False,16.313099999024416
transfusion-retrieval-v3,sha256:5fc6a9a0d5ff5721954fad8f2855c204301e59ef0b28a91d8d9bdbaf48cb659b,4,chromadb,TP012,product_specific,True,False,5,1,63cb7040-3526-4f6f-9f88-e295bbe5edaf,0.6474902629852295,False,16.313099999024416
transfusion-retrieval-v3,sha256:5fc6a9a0d5ff5721954fad8f2855c204301e59ef0b28a91d8d9bdbaf48cb659b,4,chromadb,TP012,product_specific,True,False,5,2,16efaa44-1554-4748-8407-48fac0bced94,0.597851574420929,False,16.313099999024416
transfusion-retrieval-v3,sha256:5fc6a9a0d5ff5721954fad8f2855c204301e59ef0b28a91d8d9bdbaf48cb659b,4,chromadb,TP012,product_specific,True,False,5,3,fb4884e3-8fea-42fa-b996-7e9c333e7fef,0.5592089295387268,False,16.313099999024416
transfusion-retrieval-v3,sha256:5fc6a9a0d5ff5721954fad8f2855c204301e59ef0b28a91d8d9bdbaf48cb659b,4,chromadb,TP012,product_specific,True,False,5,4,eeb8db46-f757-41f1-9ca5-c022f3d4ea3e,0.5592089295387268,False,16.313099999024416
transfusion-retrieval-v3,sha256:5fc6a9a0d5ff5721954fad8f2855c204301e59ef0b28a91d8d9bdbaf48cb659b,4,chromadb,TP012,product_specific,True,False,5,5,17e22a4e-78d9-4607-b75b-151e52cc4d20,0.5592089295387268,False,16.313099999024416
transfusion-retrieval-v3,sha256:5fc6a9a0d5ff5721954fad8f2855c204301e59ef0b28a91d8d9bdbaf48cb659b,4,chromadb,TP012,product_specific,True,False,10,1,63cb7040-3526-4f6f-9f88-e295bbe5edaf,0.6474902629852295,False,16.313099999024416
transfusion-retrieval-v3,sha256:5fc6a9a0d5ff5721954fad8f2855c204301e59ef0b28a91d8d9bdbaf48cb659b,4,chromadb,TP012,product_specific,True,False,10,2,16efaa44-1554-4748-8407-48fac0bced94,0.597851574420929,False,16.313099999024416
transfusion-retrieval-v3,sha256:5fc6a9a0d5ff5721954fad8f2855c204301e59ef0b28a91d8d9bdbaf48cb659b,4,chromadb,TP012,product_specific,True,False,10,3,fb4884e3-8fea-42fa-b996-7e9c333e7fef,0.5592089295387268,False,16.313099999024416
transfusion-retrieval-v3,sha256:5fc6a9a0d5ff5721954fad8f2855c204301e59ef0b28a91d8d9bdbaf48cb659b,4,chromadb,TP012,product_specific,True,False,10,4,eeb8db46-f757-41f1-9ca5-c022f3d4ea3e,0.5592089295387268,False,16.313099999024416
transfusion-retrieval-v3,sha256:5fc6a9a0d5ff5721954fad8f2855c204301e59ef0b28a91d8d9bdbaf48cb659b,4,chromadb,TP012,product_specific,True,False,10,5,17e22a4e-78d9-4607-b75b-151e52cc4d20,0.5592089295387268,False,16.313099999024416
transfusion-retrieval-v3,sha256:5fc6a9a0d5ff5721954fad8f2855c204301e59ef0b28a91d8d9bdbaf48cb659b,4,chromadb,TP012,product_specific,True,False,10,6,fbb0340e-b19d-43c3-a23a-5ee07899e8cd,0.5592089295387268,False,16.313099999024416
transfusion-retrieval-v3,sha256:5fc6a9a0d5ff5721954fad8f2855c204301e59ef0b28a91d8d9bdbaf48cb659b,4,chromadb,TP012,product_specific,True,False,10,7,c141d593-8af3-43e4-b0a9-f60c7c49da12,0.5592089295387268,False,16.313099999024416
transfusion-retrieval-v3,sha256:5fc6a9a0d5ff5721954fad8f2855c204301e59ef0b28a91d8d9bdbaf48cb659b,4,chromadb,TP012,product_specific,True,False,10,8,635840ee-2aa9-43b0-86b4-74229536c495,0.5592089295387268,False,16.313099999024416
transfusion-retrieval-v3,sha256:5fc6a9a0d5ff5721954fad8f2855c204301e59ef0b28a91d8d9bdbaf48cb659b,4,chromadb,TP012,product_specific,True,False,10,9,cf1adf23-d1e1-4e53-990c-b241ad636d39,0.5592089295387268,False,16.313099999024416
transfusion-retrieval-v3,sha256:5fc6a9a0d5ff5721954fad8f2855c204301e59ef0b28a91d8d9bdbaf48cb659b,4,chromadb,TP012,product_specific,True,False,10,10,e9ad4f9e-f150-4d2b-b7cd-20a8a3327864,0.5592089295387268,False,16.313099999024416
transfusion-retrieval-v3,sha256:5fc6a9a0d5ff5721954fad8f2855c204301e59ef0b28a91d8d9bdbaf48cb659b,4,chromadb,TP013,procedure,True,False,1,1,63cb7040-3526-4f6f-9f88-e295bbe5edaf,0.6709761619567871,False,18.65189999989525
transfusion-retrieval-v3,sha256:5fc6a9a0d5ff5721954fad8f2855c204301e59ef0b28a91d8d9bdbaf48cb659b,4,chromadb,TP013,procedure,True,False,3,1,63cb7040-3526-4f6f-9f88-e295bbe5edaf,0.6709761619567871,False,18.65189999989525
transfusion-retrieval-v3,sha256:5fc6a9a0d5ff5721954fad8f2855c204301e59ef0b28a91d8d9bdbaf48cb659b,4,chromadb,TP013,procedure,True,False,3,2,16efaa44-1554-4748-8407-48fac0bced94,0.5744533538818359,False,18.65189999989525
transfusion-retrieval-v3,sha256:5fc6a9a0d5ff5721954fad8f2855c204301e59ef0b28a91d8d9bdbaf48cb659b,4,chromadb,TP013,procedure,True,False,3,3,fb4884e3-8fea-42fa-b996-7e9c333e7fef,0.5394309759140015,False,18.65189999989525
transfusion-retrieval-v3,sha256:5fc6a9a0d5ff5721954fad8f2855c204301e59ef0b28a91d8d9bdbaf48cb659b,4,chromadb,TP013,procedure,True,False,5,1,63cb7040-3526-4f6f-9f88-e295bbe5edaf,0.6709761619567871,False,18.65189999989525
transfusion-retrieval-v3,sha256:5fc6a9a0d5ff5721954fad8f2855c204301e59ef0b28a91d8d9bdbaf48cb659b,4,chromadb,TP013,procedure,True,False,5,2,16efaa44-1554-4748-8407-48fac0bced94,0.5744533538818359,False,18.65189999989525
transfusion-retrieval-v3,sha256:5fc6a9a0d5ff5721954fad8f2855c204301e59ef0b28a91d8d9bdbaf48cb659b,4,chromadb,TP013,procedure,True,False,5,3,fb4884e3-8fea-42fa-b996-7e9c333e7fef,0.5394309759140015,False,18.65189999989525
transfusion-retrieval-v3,sha256:5fc6a9a0d5ff5721954fad8f2855c204301e59ef0b28a91d8d9bdbaf48cb659b,4,chromadb,TP013,procedure,True,False,5,4,eeb8db46-f757-41f1-9ca5-c022f3d4ea3e,0.5394309759140015,False,18.65189999989525
transfusion-retrieval-v3,sha256:5fc6a9a0d5ff5721954fad8f2855c204301e59ef0b28a91d8d9bdbaf48cb659b,4,chromadb,TP013,procedure,True,False,5,5,e4892114-b8eb-4f39-a7c4-427217039236,0.5394309759140015,False,18.65189999989525
transfusion-retrieval-v3,sha256:5fc6a9a0d5ff5721954fad8f2855c204301e59ef0b28a91d8d9bdbaf48cb659b,4,chromadb,TP013,procedure,True,False,10,1,63cb7040-3526-4f6f-9f88-e295bbe5edaf,0.6709761619567871,False,18.65189999989525
transfusion-retrieval-v3,sha256:5fc6a9a0d5ff5721954fad8f2855c204301e59ef0b28a91d8d9bdbaf48cb659b,4,chromadb,TP013,procedure,True,False,10,2,16efaa44-1554-4748-8407-48fac0bced94,0.5744533538818359,False,18.65189999989525
transfusion-retrieval-v3,sha256:5fc6a9a0d5ff5721954fad8f2855c204301e59ef0b28a91d8d9bdbaf48cb659b,4,chromadb,TP013,procedure,True,False,10,3,fb4884e3-8fea-42fa-b996-7e9c333e7fef,0.5394309759140015,False,18.65189999989525
transfusion-retrieval-v3,sha256:5fc6a9a0d5ff5721954fad8f2855c204301e59ef0b28a91d8d9bdbaf48cb659b,4,chromadb,TP013,procedure,True,False,10,4,eeb8db46-f757-41f1-9ca5-c022f3d4ea3e,0.5394309759140015,False,18.65189999989525
transfusion-retrieval-v3,sha256:5fc6a9a0d5ff5721954fad8f2855c204301e59ef0b28a91d8d9bdbaf48cb659b,4,chromadb,TP013,procedure,True,False,10,5,e4892114-b8eb-4f39-a7c4-427217039236,0.5394309759140015,False,18.65189999989525
transfusion-retrieval-v3,sha256:5fc6a9a0d5ff5721954fad8f2855c204301e59ef0b28a91d8d9bdbaf48cb659b,4,chromadb,TP013,procedure,True,False,10,6,9c5f18b5-9491-4cb2-9eba-9a0d2462f8bb,0.5394309759140015,False,18.65189999989525
transfusion-retrieval-v3,sha256:5fc6a9a0d5ff5721954fad8f2855c204301e59ef0b28a91d8d9bdbaf48cb659b,4,chromadb,TP013,procedure,True,False,10,7,c141d593-8af3-43e4-b0a9-f60c7c49da12,0.5394309759140015,False,18.65189999989525
transfusion-retrieval-v3,sha256:5fc6a9a0d5ff5721954fad8f2855c204301e59ef0b28a91d8d9bdbaf48cb659b,4,chromadb,TP013,procedure,True,False,10,8,cf1adf23-d1e1-4e53-990c-b241ad636d39,0.5394309759140015,False,18.65189999989525
transfusion-retrieval-v3,sha256:5fc6a9a0d5ff5721954fad8f2855c204301e59ef0b28a91d8d9bdbaf48cb659b,4,chromadb,TP013,procedure,True,False,10,9,756d12b3-7bab-48b3-86c9-f2911e308f0e,0.5394309759140015,False,18.65189999989525
transfusion-retrieval-v3,sha256:5fc6a9a0d5ff5721954fad8f2855c204301e59ef0b28a91d8d9bdbaf48cb659b,4,chromadb,TP013,procedure,True,False,10,10,e9ad4f9e-f150-4d2b-b7cd-20a8a3327864,0.5394309759140015,False,18.65189999989525
transfusion-retrieval-v3,sha256:5fc6a9a0d5ff5721954fad8f2855c204301e59ef0b28a91d8d9bdbaf48cb659b,4,chromadb,TP014,temporal,True,False,1,1,63cb7040-3526-4f6f-9f88-e295bbe5edaf,0.7132905721664429,False,13.311699998666882
transfusion-retrieval-v3,sha256:5fc6a9a0d5ff5721954fad8f2855c204301e59ef0b28a91d8d9bdbaf48cb659b,4,chromadb,TP014,temporal,True,False,3,1,63cb7040-3526-4f6f-9f88-e295bbe5edaf,0.7132905721664429,False,13.311699998666882
transfusion-retrieval-v3,sha256:5fc6a9a0d5ff5721954fad8f2855c204301e59ef0b28a91d8d9bdbaf48cb659b,4,chromadb,TP014,temporal,True,False,3,2,16efaa44-1554-4748-8407-48fac0bced94,0.6963980793952942,False,13.311699998666882
transfusion-retrieval-v3,sha256:5fc6a9a0d5ff5721954fad8f2855c204301e59ef0b28a91d8d9bdbaf48cb659b,4,chromadb,TP014,temporal,True,False,3,3,fb4884e3-8fea-42fa-b996-7e9c333e7fef,0.6607255339622498,False,13.311699998666882
transfusion-retrieval-v3,sha256:5fc6a9a0d5ff5721954fad8f2855c204301e59ef0b28a91d8d9bdbaf48cb659b,4,chromadb,TP014,temporal,True,False,5,1,63cb7040-3526-4f6f-9f88-e295bbe5edaf,0.7132905721664429,False,13.311699998666882
transfusion-retrieval-v3,sha256:5fc6a9a0d5ff5721954fad8f2855c204301e59ef0b28a91d8d9bdbaf48cb659b,4,chromadb,TP014,temporal,True,False,5,2,16efaa44-1554-4748-8407-48fac0bced94,0.6963980793952942,False,13.311699998666882
transfusion-retrieval-v3,sha256:5fc6a9a0d5ff5721954fad8f2855c204301e59ef0b28a91d8d9bdbaf48cb659b,4,chromadb,TP014,temporal,True,False,5,3,fb4884e3-8fea-42fa-b996-7e9c333e7fef,0.6607255339622498,False,13.311699998666882
transfusion-retrieval-v3,sha256:5fc6a9a0d5ff5721954fad8f2855c204301e59ef0b28a91d8d9bdbaf48cb659b,4,chromadb,TP014,temporal,True,False,5,4,fbb0340e-b19d-43c3-a23a-5ee07899e8cd,0.6607255339622498,False,13.311699998666882
transfusion-retrieval-v3,sha256:5fc6a9a0d5ff5721954fad8f2855c204301e59ef0b28a91d8d9bdbaf48cb659b,4,chromadb,TP014,temporal,True,False,5,5,e4892114-b8eb-4f39-a7c4-427217039236,0.6607255339622498,False,13.311699998666882
transfusion-retrieval-v3,sha256:5fc6a9a0d5ff5721954fad8f2855c204301e59ef0b28a91d8d9bdbaf48cb659b,4,chromadb,TP014,temporal,True,False,10,1,63cb7040-3526-4f6f-9f88-e295bbe5edaf,0.7132905721664429,False,13.311699998666882
transfusion-retrieval-v3,sha256:5fc6a9a0d5ff5721954fad8f2855c204301e59ef0b28a91d8d9bdbaf48cb659b,4,chromadb,TP014,temporal,True,False,10,2,16efaa44-1554-4748-8407-48fac0bced94,0.6963980793952942,False,13.311699998666882
transfusion-retrieval-v3,sha256:5fc6a9a0d5ff5721954fad8f2855c204301e59ef0b28a91d8d9bdbaf48cb659b,4,chromadb,TP014,temporal,True,False,10,3,fb4884e3-8fea-42fa-b996-7e9c333e7fef,0.6607255339622498,False,13.311699998666882
transfusion-retrieval-v3,sha256:5fc6a9a0d5ff5721954fad8f2855c204301e59ef0b28a91d8d9bdbaf48cb659b,4,chromadb,TP014,temporal,True,False,10,4,fbb0340e-b19d-43c3-a23a-5ee07899e8cd,0.6607255339622498,False,13.311699998666882
transfusion-retrieval-v3,sha256:5fc6a9a0d5ff5721954fad8f2855c204301e59ef0b28a91d8d9bdbaf48cb659b,4,chromadb,TP014,temporal,True,False,10,5,e4892114-b8eb-4f39-a7c4-427217039236,0.6607255339622498,False,13.311699998666882
transfusion-retrieval-v3,sha256:5fc6a9a0d5ff5721954fad8f2855c204301e59ef0b28a91d8d9bdbaf48cb659b,4,chromadb,TP014,temporal,True,False,10,6,c141d593-8af3-43e4-b0a9-f60c7c49da12,0.6607255339622498,False,13.311699998666882
transfusion-retrieval-v3,sha256:5fc6a9a0d5ff5721954fad8f2855c204301e59ef0b28a91d8d9bdbaf48cb659b,4,chromadb,TP014,temporal,True,False,10,7,635840ee-2aa9-43b0-86b4-74229536c495,0.6607255339622498,False,13.311699998666882
transfusion-retrieval-v3,sha256:5fc6a9a0d5ff5721954fad8f2855c204301e59ef0b28a91d8d9bdbaf48cb659b,4,chromadb,TP014,temporal,True,False,10,8,cf1adf23-d1e1-4e53-990c-b241ad636d39,0.6607255339622498,False,13.311699998666882
transfusion-retrieval-v3,sha256:5fc6a9a0d5ff5721954fad8f2855c204301e59ef0b28a91d8d9bdbaf48cb659b,4,chromadb,TP014,temporal,True,False,10,9,756d12b3-7bab-48b3-86c9-f2911e308f0e,0.6607255339622498,False,13.311699998666882
transfusion-retrieval-v3,sha256:5fc6a9a0d5ff5721954fad8f2855c204301e59ef0b28a91d8d9bdbaf48cb659b,4,chromadb,TP014,temporal,True,False,10,10,e9ad4f9e-f150-4d2b-b7cd-20a8a3327864,0.6607255339622498,False,13.311699998666882
transfusion-retrieval-v3,sha256:5fc6a9a0d5ff5721954fad8f2855c204301e59ef0b28a91d8d9bdbaf48cb659b,4,chromadb,TP015,preparation,True,False,1,1,63cb7040-3526-4f6f-9f88-e295bbe5edaf,0.5498982071876526,False,15.649599999960628
transfusion-retrieval-v3,sha256:5fc6a9a0d5ff5721954fad8f2855c204301e59ef0b28a91d8d9bdbaf48cb659b,4,chromadb,TP015,preparation,True,False,3,1,63cb7040-3526-4f6f-9f88-e295bbe5edaf,0.5498982071876526,False,15.649599999960628
transfusion-retrieval-v3,sha256:5fc6a9a0d5ff5721954fad8f2855c204301e59ef0b28a91d8d9bdbaf48cb659b,4,chromadb,TP015,preparation,True,False,3,2,eeb8db46-f757-41f1-9ca5-c022f3d4ea3e,0.4732927680015564,False,15.649599999960628
transfusion-retrieval-v3,sha256:5fc6a9a0d5ff5721954fad8f2855c204301e59ef0b28a91d8d9bdbaf48cb659b,4,chromadb,TP015,preparation,True,False,3,3,17e22a4e-78d9-4607-b75b-151e52cc4d20,0.4732927680015564,False,15.649599999960628
transfusion-retrieval-v3,sha256:5fc6a9a0d5ff5721954fad8f2855c204301e59ef0b28a91d8d9bdbaf48cb659b,4,chromadb,TP015,preparation,True,False,5,1,63cb7040-3526-4f6f-9f88-e295bbe5edaf,0.5498982071876526,False,15.649599999960628
transfusion-retrieval-v3,sha256:5fc6a9a0d5ff5721954fad8f2855c204301e59ef0b28a91d8d9bdbaf48cb659b,4,chromadb,TP015,preparation,True,False,5,2,eeb8db46-f757-41f1-9ca5-c022f3d4ea3e,0.4732927680015564,False,15.649599999960628
transfusion-retrieval-v3,sha256:5fc6a9a0d5ff5721954fad8f2855c204301e59ef0b28a91d8d9bdbaf48cb659b,4,chromadb,TP015,preparation,True,False,5,3,17e22a4e-78d9-4607-b75b-151e52cc4d20,0.4732927680015564,False,15.649599999960628
transfusion-retrieval-v3,sha256:5fc6a9a0d5ff5721954fad8f2855c204301e59ef0b28a91d8d9bdbaf48cb659b,4,chromadb,TP015,preparation,True,False,5,4,e4892114-b8eb-4f39-a7c4-427217039236,0.4732927680015564,False,15.649599999960628
transfusion-retrieval-v3,sha256:5fc6a9a0d5ff5721954fad8f2855c204301e59ef0b28a91d8d9bdbaf48cb659b,4,chromadb,TP015,preparation,True,False,5,5,9c5f18b5-9491-4cb2-9eba-9a0d2462f8bb,0.4732927680015564,False,15.649599999960628
transfusion-retrieval-v3,sha256:5fc6a9a0d5ff5721954fad8f2855c204301e59ef0b28a91d8d9bdbaf48cb659b,4,chromadb,TP015,preparation,True,False,10,1,63cb7040-3526-4f6f-9f88-e295bbe5edaf,0.5498982071876526,False,15.649599999960628
transfusion-retrieval-v3,sha256:5fc6a9a0d5ff5721954fad8f2855c204301e59ef0b28a91d8d9bdbaf48cb659b,4,chromadb,TP015,preparation,True,False,10,2,eeb8db46-f757-41f1-9ca5-c022f3d4ea3e,0.4732927680015564,False,15.649599999960628
transfusion-retrieval-v3,sha256:5fc6a9a0d5ff5721954fad8f2855c204301e59ef0b28a91d8d9bdbaf48cb659b,4,chromadb,TP015,preparation,True,False,10,3,17e22a4e-78d9-4607-b75b-151e52cc4d20,0.4732927680015564,False,15.649599999960628
transfusion-retrieval-v3,sha256:5fc6a9a0d5ff5721954fad8f2855c204301e59ef0b28a91d8d9bdbaf48cb659b,4,chromadb,TP015,preparation,True,False,10,4,e4892114-b8eb-4f39-a7c4-427217039236,0.4732927680015564,False,15.649599999960628
transfusion-retrieval-v3,sha256:5fc6a9a0d5ff5721954fad8f2855c204301e59ef0b28a91d8d9bdbaf48cb659b,4,chromadb,TP015,preparation,True,False,10,5,9c5f18b5-9491-4cb2-9eba-9a0d2462f8bb,0.4732927680015564,False,15.649599999960628
transfusion-retrieval-v3,sha256:5fc6a9a0d5ff5721954fad8f2855c204301e59ef0b28a91d8d9bdbaf48cb659b,4,chromadb,TP015,preparation,True,False,10,6,c141d593-8af3-43e4-b0a9-f60c7c49da12,0.4732927680015564,False,15.649599999960628
transfusion-retrieval-v3,sha256:5fc6a9a0d5ff5721954fad8f2855c204301e59ef0b28a91d8d9bdbaf48cb659b,4,chromadb,TP015,preparation,True,False,10,7,635840ee-2aa9-43b0-86b4-74229536c495,0.4732927680015564,False,15.649599999960628
transfusion-retrieval-v3,sha256:5fc6a9a0d5ff5721954fad8f2855c204301e59ef0b28a91d8d9bdbaf48cb659b,4,chromadb,TP015,preparation,True,False,10,8,cf1adf23-d1e1-4e53-990c-b241ad636d39,0.4732927680015564,False,15.649599999960628
transfusion-retrieval-v3,sha256:5fc6a9a0d5ff5721954fad8f2855c204301e59ef0b28a91d8d9bdbaf48cb659b,4,chromadb,TP015,preparation,True,False,10,9,756d12b3-7bab-48b3-86c9-f2911e308f0e,0.4732927680015564,False,15.649599999960628
transfusion-retrieval-v3,sha256:5fc6a9a0d5ff5721954fad8f2855c204301e59ef0b28a91d8d9bdbaf48cb659b,4,chromadb,TP015,preparation,True,False,10,10,e9ad4f9e-f150-4d2b-b7cd-20a8a3327864,0.4732927680015564,False,15.649599999960628
transfusion-retrieval-v3,sha256:5fc6a9a0d5ff5721954fad8f2855c204301e59ef0b28a91d8d9bdbaf48cb659b,4,chromadb,TP016,temporal,True,False,1,1,63cb7040-3526-4f6f-9f88-e295bbe5edaf,0.7011533975601196,False,22.51330000035523
transfusion-retrieval-v3,sha256:5fc6a9a0d5ff5721954fad8f2855c204301e59ef0b28a91d8d9bdbaf48cb659b,4,chromadb,TP016,temporal,True,False,3,1,63cb7040-3526-4f6f-9f88-e295bbe5edaf,0.7011533975601196,False,22.51330000035523
transfusion-retrieval-v3,sha256:5fc6a9a0d5ff5721954fad8f2855c204301e59ef0b28a91d8d9bdbaf48cb659b,4,chromadb,TP016,temporal,True,False,3,2,16efaa44-1554-4748-8407-48fac0bced94,0.6130957007408142,False,22.51330000035523
transfusion-retrieval-v3,sha256:5fc6a9a0d5ff5721954fad8f2855c204301e59ef0b28a91d8d9bdbaf48cb659b,4,chromadb,TP016,temporal,True,False,3,3,eeb8db46-f757-41f1-9ca5-c022f3d4ea3e,0.5745160579681396,False,22.51330000035523
transfusion-retrieval-v3,sha256:5fc6a9a0d5ff5721954fad8f2855c204301e59ef0b28a91d8d9bdbaf48cb659b,4,chromadb,TP016,temporal,True,False,5,1,63cb7040-3526-4f6f-9f88-e295bbe5edaf,0.7011533975601196,False,22.51330000035523
transfusion-retrieval-v3,sha256:5fc6a9a0d5ff5721954fad8f2855c204301e59ef0b28a91d8d9bdbaf48cb659b,4,chromadb,TP016,temporal,True,False,5,2,16efaa44-1554-4748-8407-48fac0bced94,0.6130957007408142,False,22.51330000035523
transfusion-retrieval-v3,sha256:5fc6a9a0d5ff5721954fad8f2855c204301e59ef0b28a91d8d9bdbaf48cb659b,4,chromadb,TP016,temporal,True,False,5,3,eeb8db46-f757-41f1-9ca5-c022f3d4ea3e,0.5745160579681396,False,22.51330000035523
transfusion-retrieval-v3,sha256:5fc6a9a0d5ff5721954fad8f2855c204301e59ef0b28a91d8d9bdbaf48cb659b,4,chromadb,TP016,temporal,True,False,5,4,17e22a4e-78d9-4607-b75b-151e52cc4d20,0.5745160579681396,False,22.51330000035523
transfusion-retrieval-v3,sha256:5fc6a9a0d5ff5721954fad8f2855c204301e59ef0b28a91d8d9bdbaf48cb659b,4,chromadb,TP016,temporal,True,False,5,5,fbb0340e-b19d-43c3-a23a-5ee07899e8cd,0.5745160579681396,False,22.51330000035523
transfusion-retrieval-v3,sha256:5fc6a9a0d5ff5721954fad8f2855c204301e59ef0b28a91d8d9bdbaf48cb659b,4,chromadb,TP016,temporal,True,False,10,1,63cb7040-3526-4f6f-9f88-e295bbe5edaf,0.7011533975601196,False,22.51330000035523
transfusion-retrieval-v3,sha256:5fc6a9a0d5ff5721954fad8f2855c204301e59ef0b28a91d8d9bdbaf48cb659b,4,chromadb,TP016,temporal,True,False,10,2,16efaa44-1554-4748-8407-48fac0bced94,0.6130957007408142,False,22.51330000035523
transfusion-retrieval-v3,sha256:5fc6a9a0d5ff5721954fad8f2855c204301e59ef0b28a91d8d9bdbaf48cb659b,4,chromadb,TP016,temporal,True,False,10,3,eeb8db46-f757-41f1-9ca5-c022f3d4ea3e,0.5745160579681396,False,22.51330000035523
transfusion-retrieval-v3,sha256:5fc6a9a0d5ff5721954fad8f2855c204301e59ef0b28a91d8d9bdbaf48cb659b,4,chromadb,TP016,temporal,True,False,10,4,17e22a4e-78d9-4607-b75b-151e52cc4d20,0.5745160579681396,False,22.51330000035523
transfusion-retrieval-v3,sha256:5fc6a9a0d5ff5721954fad8f2855c204301e59ef0b28a91d8d9bdbaf48cb659b,4,chromadb,TP016,temporal,True,False,10,5,fbb0340e-b19d-43c3-a23a-5ee07899e8cd,0.5745160579681396,False,22.51330000035523
transfusion-retrieval-v3,sha256:5fc6a9a0d5ff5721954fad8f2855c204301e59ef0b28a91d8d9bdbaf48cb659b,4,chromadb,TP016,temporal,True,False,10,6,9c5f18b5-9491-4cb2-9eba-9a0d2462f8bb,0.5745160579681396,False,22.51330000035523
transfusion-retrieval-v3,sha256:5fc6a9a0d5ff5721954fad8f2855c204301e59ef0b28a91d8d9bdbaf48cb659b,4,chromadb,TP016,temporal,True,False,10,7,c141d593-8af3-43e4-b0a9-f60c7c49da12,0.5745160579681396,False,22.51330000035523
transfusion-retrieval-v3,sha256:5fc6a9a0d5ff5721954fad8f2855c204301e59ef0b28a91d8d9bdbaf48cb659b,4,chromadb,TP016,temporal,True,False,10,8,635840ee-2aa9-43b0-86b4-74229536c495,0.5745160579681396,False,22.51330000035523
transfusion-retrieval-v3,sha256:5fc6a9a0d5ff5721954fad8f2855c204301e59ef0b28a91d8d9bdbaf48cb659b,4,chromadb,TP016,temporal,True,False,10,9,cf1adf23-d1e1-4e53-990c-b241ad636d39,0.5745160579681396,False,22.51330000035523
transfusion-retrieval-v3,sha256:5fc6a9a0d5ff5721954fad8f2855c204301e59ef0b28a91d8d9bdbaf48cb659b,4,chromadb,TP016,temporal,True,False,10,10,e9ad4f9e-f150-4d2b-b7cd-20a8a3327864,0.5745160579681396,False,22.51330000035523
transfusion-retrieval-v3,sha256:5fc6a9a0d5ff5721954fad8f2855c204301e59ef0b28a91d8d9bdbaf48cb659b,4,chromadb,TP017,preparation,True,False,1,1,63cb7040-3526-4f6f-9f88-e295bbe5edaf,0.7157551050186157,False,16.28540000092471
transfusion-retrieval-v3,sha256:5fc6a9a0d5ff5721954fad8f2855c204301e59ef0b28a91d8d9bdbaf48cb659b,4,chromadb,TP017,preparation,True,False,3,1,63cb7040-3526-4f6f-9f88-e295bbe5edaf,0.7157551050186157,False,16.28540000092471
transfusion-retrieval-v3,sha256:5fc6a9a0d5ff5721954fad8f2855c204301e59ef0b28a91d8d9bdbaf48cb659b,4,chromadb,TP017,preparation,True,False,3,2,16efaa44-1554-4748-8407-48fac0bced94,0.6834118366241455,False,16.28540000092471
transfusion-retrieval-v3,sha256:5fc6a9a0d5ff5721954fad8f2855c204301e59ef0b28a91d8d9bdbaf48cb659b,4,chromadb,TP017,preparation,True,False,3,3,fb4884e3-8fea-42fa-b996-7e9c333e7fef,0.6225595474243164,False,16.28540000092471
transfusion-retrieval-v3,sha256:5fc6a9a0d5ff5721954fad8f2855c204301e59ef0b28a91d8d9bdbaf48cb659b,4,chromadb,TP017,preparation,True,False,5,1,63cb7040-3526-4f6f-9f88-e295bbe5edaf,0.7157551050186157,False,16.28540000092471
transfusion-retrieval-v3,sha256:5fc6a9a0d5ff5721954fad8f2855c204301e59ef0b28a91d8d9bdbaf48cb659b,4,chromadb,TP017,preparation,True,False,5,2,16efaa44-1554-4748-8407-48fac0bced94,0.6834118366241455,False,16.28540000092471
transfusion-retrieval-v3,sha256:5fc6a9a0d5ff5721954fad8f2855c204301e59ef0b28a91d8d9bdbaf48cb659b,4,chromadb,TP017,preparation,True,False,5,3,fb4884e3-8fea-42fa-b996-7e9c333e7fef,0.6225595474243164,False,16.28540000092471
transfusion-retrieval-v3,sha256:5fc6a9a0d5ff5721954fad8f2855c204301e59ef0b28a91d8d9bdbaf48cb659b,4,chromadb,TP017,preparation,True,False,5,4,fbb0340e-b19d-43c3-a23a-5ee07899e8cd,0.6225595474243164,False,16.28540000092471
transfusion-retrieval-v3,sha256:5fc6a9a0d5ff5721954fad8f2855c204301e59ef0b28a91d8d9bdbaf48cb659b,4,chromadb,TP017,preparation,True,False,5,5,e4892114-b8eb-4f39-a7c4-427217039236,0.6225595474243164,False,16.28540000092471
transfusion-retrieval-v3,sha256:5fc6a9a0d5ff5721954fad8f2855c204301e59ef0b28a91d8d9bdbaf48cb659b,4,chromadb,TP017,preparation,True,False,10,1,63cb7040-3526-4f6f-9f88-e295bbe5edaf,0.7157551050186157,False,16.28540000092471
transfusion-retrieval-v3,sha256:5fc6a9a0d5ff5721954fad8f2855c204301e59ef0b28a91d8d9bdbaf48cb659b,4,chromadb,TP017,preparation,True,False,10,2,16efaa44-1554-4748-8407-48fac0bced94,0.6834118366241455,False,16.28540000092471
transfusion-retrieval-v3,sha256:5fc6a9a0d5ff5721954fad8f2855c204301e59ef0b28a91d8d9bdbaf48cb659b,4,chromadb,TP017,preparation,True,False,10,3,fb4884e3-8fea-42fa-b996-7e9c333e7fef,0.6225595474243164,False,16.28540000092471
transfusion-retrieval-v3,sha256:5fc6a9a0d5ff5721954fad8f2855c204301e59ef0b28a91d8d9bdbaf48cb659b,4,chromadb,TP017,preparation,True,False,10,4,fbb0340e-b19d-43c3-a23a-5ee07899e8cd,0.6225595474243164,False,16.28540000092471
transfusion-retrieval-v3,sha256:5fc6a9a0d5ff5721954fad8f2855c204301e59ef0b28a91d8d9bdbaf48cb659b,4,chromadb,TP017,preparation,True,False,10,5,e4892114-b8eb-4f39-a7c4-427217039236,0.6225595474243164,False,16.28540000092471
transfusion-retrieval-v3,sha256:5fc6a9a0d5ff5721954fad8f2855c204301e59ef0b28a91d8d9bdbaf48cb659b,4,chromadb,TP017,preparation,True,False,10,6,c141d593-8af3-43e4-b0a9-f60c7c49da12,0.6225595474243164,False,16.28540000092471
transfusion-retrieval-v3,sha256:5fc6a9a0d5ff5721954fad8f2855c204301e59ef0b28a91d8d9bdbaf48cb659b,4,chromadb,TP017,preparation,True,False,10,7,635840ee-2aa9-43b0-86b4-74229536c495,0.6225595474243164,False,16.28540000092471
transfusion-retrieval-v3,sha256:5fc6a9a0d5ff5721954fad8f2855c204301e59ef0b28a91d8d9bdbaf48cb659b,4,chromadb,TP017,preparation,True,False,10,8,cf1adf23-d1e1-4e53-990c-b241ad636d39,0.6225595474243164,False,16.28540000092471
transfusion-retrieval-v3,sha256:5fc6a9a0d5ff5721954fad8f2855c204301e59ef0b28a91d8d9bdbaf48cb659b,4,chromadb,TP017,preparation,True,False,10,9,756d12b3-7bab-48b3-86c9-f2911e308f0e,0.6225595474243164,False,16.28540000092471
transfusion-retrieval-v3,sha256:5fc6a9a0d5ff5721954fad8f2855c204301e59ef0b28a91d8d9bdbaf48cb659b,4,chromadb,TP017,preparation,True,False,10,10,e9ad4f9e-f150-4d2b-b7cd-20a8a3327864,0.6225595474243164,False,16.28540000092471
transfusion-retrieval-v3,sha256:5fc6a9a0d5ff5721954fad8f2855c204301e59ef0b28a91d8d9bdbaf48cb659b,4,chromadb,TP018,preparation,True,False,1,1,63cb7040-3526-4f6f-9f88-e295bbe5edaf,0.7293448448181152,False,14.30640000035055
transfusion-retrieval-v3,sha256:5fc6a9a0d5ff5721954fad8f2855c204301e59ef0b28a91d8d9bdbaf48cb659b,4,chromadb,TP018,preparation,True,False,3,1,63cb7040-3526-4f6f-9f88-e295bbe5edaf,0.7293448448181152,False,14.30640000035055
transfusion-retrieval-v3,sha256:5fc6a9a0d5ff5721954fad8f2855c204301e59ef0b28a91d8d9bdbaf48cb659b,4,chromadb,TP018,preparation,True,False,3,2,16efaa44-1554-4748-8407-48fac0bced94,0.7262575030326843,False,14.30640000035055
transfusion-retrieval-v3,sha256:5fc6a9a0d5ff5721954fad8f2855c204301e59ef0b28a91d8d9bdbaf48cb659b,4,chromadb,TP018,preparation,True,False,3,3,fbb0340e-b19d-43c3-a23a-5ee07899e8cd,0.6761249899864197,False,14.30640000035055
transfusion-retrieval-v3,sha256:5fc6a9a0d5ff5721954fad8f2855c204301e59ef0b28a91d8d9bdbaf48cb659b,4,chromadb,TP018,preparation,True,False,5,1,63cb7040-3526-4f6f-9f88-e295bbe5edaf,0.7293448448181152,False,14.30640000035055
transfusion-retrieval-v3,sha256:5fc6a9a0d5ff5721954fad8f2855c204301e59ef0b28a91d8d9bdbaf48cb659b,4,chromadb,TP018,preparation,True,False,5,2,16efaa44-1554-4748-8407-48fac0bced94,0.7262575030326843,False,14.30640000035055
transfusion-retrieval-v3,sha256:5fc6a9a0d5ff5721954fad8f2855c204301e59ef0b28a91d8d9bdbaf48cb659b,4,chromadb,TP018,preparation,True,False,5,3,fbb0340e-b19d-43c3-a23a-5ee07899e8cd,0.6761249899864197,False,14.30640000035055
transfusion-retrieval-v3,sha256:5fc6a9a0d5ff5721954fad8f2855c204301e59ef0b28a91d8d9bdbaf48cb659b,4,chromadb,TP018,preparation,True,False,5,4,e4892114-b8eb-4f39-a7c4-427217039236,0.6761249899864197,False,14.30640000035055
transfusion-retrieval-v3,sha256:5fc6a9a0d5ff5721954fad8f2855c204301e59ef0b28a91d8d9bdbaf48cb659b,4,chromadb,TP018,preparation,True,False,5,5,9c5f18b5-9491-4cb2-9eba-9a0d2462f8bb,0.6761249899864197,False,14.30640000035055
transfusion-retrieval-v3,sha256:5fc6a9a0d5ff5721954fad8f2855c204301e59ef0b28a91d8d9bdbaf48cb659b,4,chromadb,TP018,preparation,True,False,10,1,63cb7040-3526-4f6f-9f88-e295bbe5edaf,0.7293448448181152,False,14.30640000035055
transfusion-retrieval-v3,sha256:5fc6a9a0d5ff5721954fad8f2855c204301e59ef0b28a91d8d9bdbaf48cb659b,4,chromadb,TP018,preparation,True,False,10,2,16efaa44-1554-4748-8407-48fac0bced94,0.7262575030326843,False,14.30640000035055
transfusion-retrieval-v3,sha256:5fc6a9a0d5ff5721954fad8f2855c204301e59ef0b28a91d8d9bdbaf48cb659b,4,chromadb,TP018,preparation,True,False,10,3,fbb0340e-b19d-43c3-a23a-5ee07899e8cd,0.6761249899864197,False,14.30640000035055
transfusion-retrieval-v3,sha256:5fc6a9a0d5ff5721954fad8f2855c204301e59ef0b28a91d8d9bdbaf48cb659b,4,chromadb,TP018,preparation,True,False,10,4,e4892114-b8eb-4f39-a7c4-427217039236,0.6761249899864197,False,14.30640000035055
transfusion-retrieval-v3,sha256:5fc6a9a0d5ff5721954fad8f2855c204301e59ef0b28a91d8d9bdbaf48cb659b,4,chromadb,TP018,preparation,True,False,10,5,9c5f18b5-9491-4cb2-9eba-9a0d2462f8bb,0.6761249899864197,False,14.30640000035055
transfusion-retrieval-v3,sha256:5fc6a9a0d5ff5721954fad8f2855c204301e59ef0b28a91d8d9bdbaf48cb659b,4,chromadb,TP018,preparation,True,False,10,6,c141d593-8af3-43e4-b0a9-f60c7c49da12,0.6761249899864197,False,14.30640000035055
transfusion-retrieval-v3,sha256:5fc6a9a0d5ff5721954fad8f2855c204301e59ef0b28a91d8d9bdbaf48cb659b,4,chromadb,TP018,preparation,True,False,10,7,635840ee-2aa9-43b0-86b4-74229536c495,0.6761249899864197,False,14.30640000035055
transfusion-retrieval-v3,sha256:5fc6a9a0d5ff5721954fad8f2855c204301e59ef0b28a91d8d9bdbaf48cb659b,4,chromadb,TP018,preparation,True,False,10,8,cf1adf23-d1e1-4e53-990c-b241ad636d39,0.6761249899864197,False,14.30640000035055
transfusion-retrieval-v3,sha256:5fc6a9a0d5ff5721954fad8f2855c204301e59ef0b28a91d8d9bdbaf48cb659b,4,chromadb,TP018,preparation,True,False,10,9,756d12b3-7bab-48b3-86c9-f2911e308f0e,0.6761249899864197,False,14.30640000035055
transfusion-retrieval-v3,sha256:5fc6a9a0d5ff5721954fad8f2855c204301e59ef0b28a91d8d9bdbaf48cb659b,4,chromadb,TP018,preparation,True,False,10,10,e9ad4f9e-f150-4d2b-b7cd-20a8a3327864,0.6761249899864197,False,14.30640000035055
transfusion-retrieval-v3,sha256:5fc6a9a0d5ff5721954fad8f2855c204301e59ef0b28a91d8d9bdbaf48cb659b,4,chromadb,TP019,temporal,True,False,1,1,16efaa44-1554-4748-8407-48fac0bced94,0.7218957543373108,False,18.225100000563543
transfusion-retrieval-v3,sha256:5fc6a9a0d5ff5721954fad8f2855c204301e59ef0b28a91d8d9bdbaf48cb659b,4,chromadb,TP019,temporal,True,False,3,1,16efaa44-1554-4748-8407-48fac0bced94,0.7218957543373108,False,18.225100000563543
transfusion-retrieval-v3,sha256:5fc6a9a0d5ff5721954fad8f2855c204301e59ef0b28a91d8d9bdbaf48cb659b,4,chromadb,TP019,temporal,True,False,3,2,63cb7040-3526-4f6f-9f88-e295bbe5edaf,0.6864359378814697,False,18.225100000563543
transfusion-retrieval-v3,sha256:5fc6a9a0d5ff5721954fad8f2855c204301e59ef0b28a91d8d9bdbaf48cb659b,4,chromadb,TP019,temporal,True,False,3,3,59d57c8a-c9d7-4f8d-b9a1-a2816f1f01f7,0.6574030518531799,False,18.225100000563543
transfusion-retrieval-v3,sha256:5fc6a9a0d5ff5721954fad8f2855c204301e59ef0b28a91d8d9bdbaf48cb659b,4,chromadb,TP019,temporal,True,False,5,1,16efaa44-1554-4748-8407-48fac0bced94,0.7218957543373108,False,18.225100000563543
transfusion-retrieval-v3,sha256:5fc6a9a0d5ff5721954fad8f2855c204301e59ef0b28a91d8d9bdbaf48cb659b,4,chromadb,TP019,temporal,True,False,5,2,63cb7040-3526-4f6f-9f88-e295bbe5edaf,0.6864359378814697,False,18.225100000563543
transfusion-retrieval-v3,sha256:5fc6a9a0d5ff5721954fad8f2855c204301e59ef0b28a91d8d9bdbaf48cb659b,4,chromadb,TP019,temporal,True,False,5,3,59d57c8a-c9d7-4f8d-b9a1-a2816f1f01f7,0.6574030518531799,False,18.225100000563543
transfusion-retrieval-v3,sha256:5fc6a9a0d5ff5721954fad8f2855c204301e59ef0b28a91d8d9bdbaf48cb659b,4,chromadb,TP019,temporal,True,False,5,4,919e93ca-fed9-4dde-b9b8-f870e207a3f3,0.6461541056632996,False,18.225100000563543
transfusion-retrieval-v3,sha256:5fc6a9a0d5ff5721954fad8f2855c204301e59ef0b28a91d8d9bdbaf48cb659b,4,chromadb,TP019,temporal,True,False,5,5,b0d368a1-d0fc-4b8b-8567-e190cf462986,0.6394628882408142,False,18.225100000563543
transfusion-retrieval-v3,sha256:5fc6a9a0d5ff5721954fad8f2855c204301e59ef0b28a91d8d9bdbaf48cb659b,4,chromadb,TP019,temporal,True,False,10,1,16efaa44-1554-4748-8407-48fac0bced94,0.7218957543373108,False,18.225100000563543
transfusion-retrieval-v3,sha256:5fc6a9a0d5ff5721954fad8f2855c204301e59ef0b28a91d8d9bdbaf48cb659b,4,chromadb,TP019,temporal,True,False,10,2,63cb7040-3526-4f6f-9f88-e295bbe5edaf,0.6864359378814697,False,18.225100000563543
transfusion-retrieval-v3,sha256:5fc6a9a0d5ff5721954fad8f2855c204301e59ef0b28a91d8d9bdbaf48cb659b,4,chromadb,TP019,temporal,True,False,10,3,59d57c8a-c9d7-4f8d-b9a1-a2816f1f01f7,0.6574030518531799,False,18.225100000563543
transfusion-retrieval-v3,sha256:5fc6a9a0d5ff5721954fad8f2855c204301e59ef0b28a91d8d9bdbaf48cb659b,4,chromadb,TP019,temporal,True,False,10,4,919e93ca-fed9-4dde-b9b8-f870e207a3f3,0.6461541056632996,False,18.225100000563543
transfusion-retrieval-v3,sha256:5fc6a9a0d5ff5721954fad8f2855c204301e59ef0b28a91d8d9bdbaf48cb659b,4,chromadb,TP019,temporal,True,False,10,5,b0d368a1-d0fc-4b8b-8567-e190cf462986,0.6394628882408142,False,18.225100000563543
transfusion-retrieval-v3,sha256:5fc6a9a0d5ff5721954fad8f2855c204301e59ef0b28a91d8d9bdbaf48cb659b,4,chromadb,TP019,temporal,True,False,10,6,10537058-d160-4786-a6cf-95de46d7189c,0.5718982219696045,False,18.225100000563543
transfusion-retrieval-v3,sha256:5fc6a9a0d5ff5721954fad8f2855c204301e59ef0b28a91d8d9bdbaf48cb659b,4,chromadb,TP019,temporal,True,False,10,7,c404e320-0bf2-4325-be92-7a0614f201ca,0.5647892355918884,True,18.225100000563543
transfusion-retrieval-v3,sha256:5fc6a9a0d5ff5721954fad8f2855c204301e59ef0b28a91d8d9bdbaf48cb659b,4,chromadb,TP019,temporal,True,False,10,8,602c933f-0b8f-4533-87a5-f27ecd5f2af9,0.5632601380348206,False,18.225100000563543
transfusion-retrieval-v3,sha256:5fc6a9a0d5ff5721954fad8f2855c204301e59ef0b28a91d8d9bdbaf48cb659b,4,chromadb,TP019,temporal,True,False,10,9,4797ba3b-c3d9-4d11-be5f-86db44dbda83,0.5504947304725647,False,18.225100000563543
transfusion-retrieval-v3,sha256:5fc6a9a0d5ff5721954fad8f2855c204301e59ef0b28a91d8d9bdbaf48cb659b,4,chromadb,TP019,temporal,True,False,10,10,66dba192-bac5-4b3a-bd4d-77e9eacb4192,0.5497069954872131,False,18.225100000563543
transfusion-retrieval-v3,sha256:5fc6a9a0d5ff5721954fad8f2855c204301e59ef0b28a91d8d9bdbaf48cb659b,4,chromadb,TP020,temporal,True,False,1,1,16efaa44-1554-4748-8407-48fac0bced94,0.7842465043067932,False,14.76619999994
transfusion-retrieval-v3,sha256:5fc6a9a0d5ff5721954fad8f2855c204301e59ef0b28a91d8d9bdbaf48cb659b,4,chromadb,TP020,temporal,True,False,3,1,16efaa44-1554-4748-8407-48fac0bced94,0.7842465043067932,False,14.76619999994
transfusion-retrieval-v3,sha256:5fc6a9a0d5ff5721954fad8f2855c204301e59ef0b28a91d8d9bdbaf48cb659b,4,chromadb,TP020,temporal,True,False,3,2,63cb7040-3526-4f6f-9f88-e295bbe5edaf,0.6785796880722046,False,14.76619999994
transfusion-retrieval-v3,sha256:5fc6a9a0d5ff5721954fad8f2855c204301e59ef0b28a91d8d9bdbaf48cb659b,4,chromadb,TP020,temporal,True,False,3,3,6ffcd319-e868-444b-b6fe-8d192a4de3ff,0.6625813841819763,False,14.76619999994
transfusion-retrieval-v3,sha256:5fc6a9a0d5ff5721954fad8f2855c204301e59ef0b28a91d8d9bdbaf48cb659b,4,chromadb,TP020,temporal,True,False,5,1,16efaa44-1554-4748-8407-48fac0bced94,0.7842465043067932,False,14.76619999994
transfusion-retrieval-v3,sha256:5fc6a9a0d5ff5721954fad8f2855c204301e59ef0b28a91d8d9bdbaf48cb659b,4,chromadb,TP020,temporal,True,False,5,2,63cb7040-3526-4f6f-9f88-e295bbe5edaf,0.6785796880722046,False,14.76619999994
transfusion-retrieval-v3,sha256:5fc6a9a0d5ff5721954fad8f2855c204301e59ef0b28a91d8d9bdbaf48cb659b,4,chromadb,TP020,temporal,True,False,5,3,6ffcd319-e868-444b-b6fe-8d192a4de3ff,0.6625813841819763,False,14.76619999994
transfusion-retrieval-v3,sha256:5fc6a9a0d5ff5721954fad8f2855c204301e59ef0b28a91d8d9bdbaf48cb659b,4,chromadb,TP020,temporal,True,False,5,4,10537058-d160-4786-a6cf-95de46d7189c,0.6564674377441406,False,14.76619999994
transfusion-retrieval-v3,sha256:5fc6a9a0d5ff5721954fad8f2855c204301e59ef0b28a91d8d9bdbaf48cb659b,4,chromadb,TP020,temporal,True,False,5,5,74c0eabe-77c7-4dbf-a321-27966a12fafb,0.6194726824760437,False,14.76619999994
transfusion-retrieval-v3,sha256:5fc6a9a0d5ff5721954fad8f2855c204301e59ef0b28a91d8d9bdbaf48cb659b,4,chromadb,TP020,temporal,True,False,10,1,16efaa44-1554-4748-8407-48fac0bced94,0.7842465043067932,False,14.76619999994
transfusion-retrieval-v3,sha256:5fc6a9a0d5ff5721954fad8f2855c204301e59ef0b28a91d8d9bdbaf48cb659b,4,chromadb,TP020,temporal,True,False,10,2,63cb7040-3526-4f6f-9f88-e295bbe5edaf,0.6785796880722046,False,14.76619999994
transfusion-retrieval-v3,sha256:5fc6a9a0d5ff5721954fad8f2855c204301e59ef0b28a91d8d9bdbaf48cb659b,4,chromadb,TP020,temporal,True,False,10,3,6ffcd319-e868-444b-b6fe-8d192a4de3ff,0.6625813841819763,False,14.76619999994
transfusion-retrieval-v3,sha256:5fc6a9a0d5ff5721954fad8f2855c204301e59ef0b28a91d8d9bdbaf48cb659b,4,chromadb,TP020,temporal,True,False,10,4,10537058-d160-4786-a6cf-95de46d7189c,0.6564674377441406,False,14.76619999994
transfusion-retrieval-v3,sha256:5fc6a9a0d5ff5721954fad8f2855c204301e59ef0b28a91d8d9bdbaf48cb659b,4,chromadb,TP020,temporal,True,False,10,5,74c0eabe-77c7-4dbf-a321-27966a12fafb,0.6194726824760437,False,14.76619999994
transfusion-retrieval-v3,sha256:5fc6a9a0d5ff5721954fad8f2855c204301e59ef0b28a91d8d9bdbaf48cb659b,4,chromadb,TP020,temporal,True,False,10,6,eda54b74-cd2f-4808-8175-bcc5b916ce90,0.618924081325531,False,14.76619999994
transfusion-retrieval-v3,sha256:5fc6a9a0d5ff5721954fad8f2855c204301e59ef0b28a91d8d9bdbaf48cb659b,4,chromadb,TP020,temporal,True,False,10,7,8f3ed830-3a06-41c6-8b06-cfcf6d36a83c,0.616525411605835,False,14.76619999994
transfusion-retrieval-v3,sha256:5fc6a9a0d5ff5721954fad8f2855c204301e59ef0b28a91d8d9bdbaf48cb659b,4,chromadb,TP020,temporal,True,False,10,8,66dba192-bac5-4b3a-bd4d-77e9eacb4192,0.6089258193969727,False,14.76619999994
transfusion-retrieval-v3,sha256:5fc6a9a0d5ff5721954fad8f2855c204301e59ef0b28a91d8d9bdbaf48cb659b,4,chromadb,TP020,temporal,True,False,10,9,919e93ca-fed9-4dde-b9b8-f870e207a3f3,0.608090877532959,False,14.76619999994
transfusion-retrieval-v3,sha256:5fc6a9a0d5ff5721954fad8f2855c204301e59ef0b28a91d8d9bdbaf48cb659b,4,chromadb,TP020,temporal,True,False,10,10,59d57c8a-c9d7-4f8d-b9a1-a2816f1f01f7,0.5831372737884521,False,14.76619999994
transfusion-retrieval-v3,sha256:5fc6a9a0d5ff5721954fad8f2855c204301e59ef0b28a91d8d9bdbaf48cb659b,4,chromadb,TP021,fact_specific,True,False,1,1,63cb7040-3526-4f6f-9f88-e295bbe5edaf,0.7135215997695923,False,18.87710000119114
transfusion-retrieval-v3,sha256:5fc6a9a0d5ff5721954fad8f2855c204301e59ef0b28a91d8d9bdbaf48cb659b,4,chromadb,TP021,fact_specific,True,False,3,1,63cb7040-3526-4f6f-9f88-e295bbe5edaf,0.7135215997695923,False,18.87710000119114
transfusion-retrieval-v3,sha256:5fc6a9a0d5ff5721954fad8f2855c204301e59ef0b28a91d8d9bdbaf48cb659b,4,chromadb,TP021,fact_specific,True,False,3,2,16efaa44-1554-4748-8407-48fac0bced94,0.7090521454811096,False,18.87710000119114
transfusion-retrieval-v3,sha256:5fc6a9a0d5ff5721954fad8f2855c204301e59ef0b28a91d8d9bdbaf48cb659b,4,chromadb,TP021,fact_specific,True,False,3,3,fb4884e3-8fea-42fa-b996-7e9c333e7fef,0.5985948443412781,False,18.87710000119114
transfusion-retrieval-v3,sha256:5fc6a9a0d5ff5721954fad8f2855c204301e59ef0b28a91d8d9bdbaf48cb659b,4,chromadb,TP021,fact_specific,True,False,5,1,63cb7040-3526-4f6f-9f88-e295bbe5edaf,0.7135215997695923,False,18.87710000119114
transfusion-retrieval-v3,sha256:5fc6a9a0d5ff5721954fad8f2855c204301e59ef0b28a91d8d9bdbaf48cb659b,4,chromadb,TP021,fact_specific,True,False,5,2,16efaa44-1554-4748-8407-48fac0bced94,0.7090521454811096,False,18.87710000119114
transfusion-retrieval-v3,sha256:5fc6a9a0d5ff5721954fad8f2855c204301e59ef0b28a91d8d9bdbaf48cb659b,4,chromadb,TP021,fact_specific,True,False,5,3,fb4884e3-8fea-42fa-b996-7e9c333e7fef,0.5985948443412781,False,18.87710000119114
transfusion-retrieval-v3,sha256:5fc6a9a0d5ff5721954fad8f2855c204301e59ef0b28a91d8d9bdbaf48cb659b,4,chromadb,TP021,fact_specific,True,False,5,4,eeb8db46-f757-41f1-9ca5-c022f3d4ea3e,0.5985948443412781,False,18.87710000119114
transfusion-retrieval-v3,sha256:5fc6a9a0d5ff5721954fad8f2855c204301e59ef0b28a91d8d9bdbaf48cb659b,4,chromadb,TP021,fact_specific,True,False,5,5,17e22a4e-78d9-4607-b75b-151e52cc4d20,0.5985948443412781,False,18.87710000119114
transfusion-retrieval-v3,sha256:5fc6a9a0d5ff5721954fad8f2855c204301e59ef0b28a91d8d9bdbaf48cb659b,4,chromadb,TP021,fact_specific,True,False,10,1,63cb7040-3526-4f6f-9f88-e295bbe5edaf,0.7135215997695923,False,18.87710000119114
transfusion-retrieval-v3,sha256:5fc6a9a0d5ff5721954fad8f2855c204301e59ef0b28a91d8d9bdbaf48cb659b,4,chromadb,TP021,fact_specific,True,False,10,2,16efaa44-1554-4748-8407-48fac0bced94,0.7090521454811096,False,18.87710000119114
transfusion-retrieval-v3,sha256:5fc6a9a0d5ff5721954fad8f2855c204301e59ef0b28a91d8d9bdbaf48cb659b,4,chromadb,TP021,fact_specific,True,False,10,3,fb4884e3-8fea-42fa-b996-7e9c333e7fef,0.5985948443412781,False,18.87710000119114
transfusion-retrieval-v3,sha256:5fc6a9a0d5ff5721954fad8f2855c204301e59ef0b28a91d8d9bdbaf48cb659b,4,chromadb,TP021,fact_specific,True,False,10,4,eeb8db46-f757-41f1-9ca5-c022f3d4ea3e,0.5985948443412781,False,18.87710000119114
transfusion-retrieval-v3,sha256:5fc6a9a0d5ff5721954fad8f2855c204301e59ef0b28a91d8d9bdbaf48cb659b,4,chromadb,TP021,fact_specific,True,False,10,5,17e22a4e-78d9-4607-b75b-151e52cc4d20,0.5985948443412781,False,18.87710000119114
transfusion-retrieval-v3,sha256:5fc6a9a0d5ff5721954fad8f2855c204301e59ef0b28a91d8d9bdbaf48cb659b,4,chromadb,TP021,fact_specific,True,False,10,6,fbb0340e-b19d-43c3-a23a-5ee07899e8cd,0.5985948443412781,False,18.87710000119114
transfusion-retrieval-v3,sha256:5fc6a9a0d5ff5721954fad8f2855c204301e59ef0b28a91d8d9bdbaf48cb659b,4,chromadb,TP021,fact_specific,True,False,10,7,e4892114-b8eb-4f39-a7c4-427217039236,0.5985948443412781,False,18.87710000119114
transfusion-retrieval-v3,sha256:5fc6a9a0d5ff5721954fad8f2855c204301e59ef0b28a91d8d9bdbaf48cb659b,4,chromadb,TP021,fact_specific,True,False,10,8,635840ee-2aa9-43b0-86b4-74229536c495,0.5985948443412781,False,18.87710000119114
transfusion-retrieval-v3,sha256:5fc6a9a0d5ff5721954fad8f2855c204301e59ef0b28a91d8d9bdbaf48cb659b,4,chromadb,TP021,fact_specific,True,False,10,9,756d12b3-7bab-48b3-86c9-f2911e308f0e,0.5985948443412781,False,18.87710000119114
transfusion-retrieval-v3,sha256:5fc6a9a0d5ff5721954fad8f2855c204301e59ef0b28a91d8d9bdbaf48cb659b,4,chromadb,TP021,fact_specific,True,False,10,10,e9ad4f9e-f150-4d2b-b7cd-20a8a3327864,0.5985948443412781,False,18.87710000119114
transfusion-retrieval-v3,sha256:5fc6a9a0d5ff5721954fad8f2855c204301e59ef0b28a91d8d9bdbaf48cb659b,4,chromadb,TP022,fact_specific,True,False,1,1,16efaa44-1554-4748-8407-48fac0bced94,0.6822512149810791,False,14.658199999757926
transfusion-retrieval-v3,sha256:5fc6a9a0d5ff5721954fad8f2855c204301e59ef0b28a91d8d9bdbaf48cb659b,4,chromadb,TP022,fact_specific,True,False,3,1,16efaa44-1554-4748-8407-48fac0bced94,0.6822512149810791,False,14.658199999757926
transfusion-retrieval-v3,sha256:5fc6a9a0d5ff5721954fad8f2855c204301e59ef0b28a91d8d9bdbaf48cb659b,4,chromadb,TP022,fact_specific,True,False,3,2,919e93ca-fed9-4dde-b9b8-f870e207a3f3,0.6784558296203613,False,14.658199999757926
transfusion-retrieval-v3,sha256:5fc6a9a0d5ff5721954fad8f2855c204301e59ef0b28a91d8d9bdbaf48cb659b,4,chromadb,TP022,fact_specific,True,False,3,3,b7876bcb-b1d0-409a-831d-45e59e35a44e,0.6759955883026123,True,14.658199999757926
transfusion-retrieval-v3,sha256:5fc6a9a0d5ff5721954fad8f2855c204301e59ef0b28a91d8d9bdbaf48cb659b,4,chromadb,TP022,fact_specific,True,False,5,1,16efaa44-1554-4748-8407-48fac0bced94,0.6822512149810791,False,14.658199999757926
transfusion-retrieval-v3,sha256:5fc6a9a0d5ff5721954fad8f2855c204301e59ef0b28a91d8d9bdbaf48cb659b,4,chromadb,TP022,fact_specific,True,False,5,2,919e93ca-fed9-4dde-b9b8-f870e207a3f3,0.6784558296203613,False,14.658199999757926
transfusion-retrieval-v3,sha256:5fc6a9a0d5ff5721954fad8f2855c204301e59ef0b28a91d8d9bdbaf48cb659b,4,chromadb,TP022,fact_specific,True,False,5,3,b7876bcb-b1d0-409a-831d-45e59e35a44e,0.6759955883026123,True,14.658199999757926
transfusion-retrieval-v3,sha256:5fc6a9a0d5ff5721954fad8f2855c204301e59ef0b28a91d8d9bdbaf48cb659b,4,chromadb,TP022,fact_specific,True,False,5,4,63cb7040-3526-4f6f-9f88-e295bbe5edaf,0.6028103828430176,False,14.658199999757926
transfusion-retrieval-v3,sha256:5fc6a9a0d5ff5721954fad8f2855c204301e59ef0b28a91d8d9bdbaf48cb659b,4,chromadb,TP022,fact_specific,True,False,5,5,15e829a9-a475-429d-b0e3-5c34bfbd3ab7,0.527849555015564,False,14.658199999757926
transfusion-retrieval-v3,sha256:5fc6a9a0d5ff5721954fad8f2855c204301e59ef0b28a91d8d9bdbaf48cb659b,4,chromadb,TP022,fact_specific,True,False,10,1,16efaa44-1554-4748-8407-48fac0bced94,0.6822512149810791,False,14.658199999757926
transfusion-retrieval-v3,sha256:5fc6a9a0d5ff5721954fad8f2855c204301e59ef0b28a91d8d9bdbaf48cb659b,4,chromadb,TP022,fact_specific,True,False,10,2,919e93ca-fed9-4dde-b9b8-f870e207a3f3,0.6784558296203613,False,14.658199999757926
transfusion-retrieval-v3,sha256:5fc6a9a0d5ff5721954fad8f2855c204301e59ef0b28a91d8d9bdbaf48cb659b,4,chromadb,TP022,fact_specific,True,False,10,3,b7876bcb-b1d0-409a-831d-45e59e35a44e,0.6759955883026123,True,14.658199999757926
transfusion-retrieval-v3,sha256:5fc6a9a0d5ff5721954fad8f2855c204301e59ef0b28a91d8d9bdbaf48cb659b,4,chromadb,TP022,fact_specific,True,False,10,4,63cb7040-3526-4f6f-9f88-e295bbe5edaf,0.6028103828430176,False,14.658199999757926
transfusion-retrieval-v3,sha256:5fc6a9a0d5ff5721954fad8f2855c204301e59ef0b28a91d8d9bdbaf48cb659b,4,chromadb,TP022,fact_specific,True,False,10,5,15e829a9-a475-429d-b0e3-5c34bfbd3ab7,0.527849555015564,False,14.658199999757926
transfusion-retrieval-v3,sha256:5fc6a9a0d5ff5721954fad8f2855c204301e59ef0b28a91d8d9bdbaf48cb659b,4,chromadb,TP022,fact_specific,True,False,10,6,6ffcd319-e868-444b-b6fe-8d192a4de3ff,0.4974438548088074,False,14.658199999757926
transfusion-retrieval-v3,sha256:5fc6a9a0d5ff5721954fad8f2855c204301e59ef0b28a91d8d9bdbaf48cb659b,4,chromadb,TP022,fact_specific,True,False,10,7,66dba192-bac5-4b3a-bd4d-77e9eacb4192,0.4806119203567505,False,14.658199999757926
transfusion-retrieval-v3,sha256:5fc6a9a0d5ff5721954fad8f2855c204301e59ef0b28a91d8d9bdbaf48cb659b,4,chromadb,TP022,fact_specific,True,False,10,8,602c933f-0b8f-4533-87a5-f27ecd5f2af9,0.47510409355163574,False,14.658199999757926
transfusion-retrieval-v3,sha256:5fc6a9a0d5ff5721954fad8f2855c204301e59ef0b28a91d8d9bdbaf48cb659b,4,chromadb,TP022,fact_specific,True,False,10,9,10537058-d160-4786-a6cf-95de46d7189c,0.46406495571136475,False,14.658199999757926
transfusion-retrieval-v3,sha256:5fc6a9a0d5ff5721954fad8f2855c204301e59ef0b28a91d8d9bdbaf48cb659b,4,chromadb,TP022,fact_specific,True,False,10,10,843aa4c8-3ffd-4747-97eb-8699b0a0eeaf,0.4609825015068054,False,14.658199999757926
transfusion-retrieval-v3,sha256:5fc6a9a0d5ff5721954fad8f2855c204301e59ef0b28a91d8d9bdbaf48cb659b,4,chromadb,TP023,preparation,True,False,1,1,63cb7040-3526-4f6f-9f88-e295bbe5edaf,0.8120524883270264,False,15.095400000063819
transfusion-retrieval-v3,sha256:5fc6a9a0d5ff5721954fad8f2855c204301e59ef0b28a91d8d9bdbaf48cb659b,4,chromadb,TP023,preparation,True,False,3,1,63cb7040-3526-4f6f-9f88-e295bbe5edaf,0.8120524883270264,False,15.095400000063819
transfusion-retrieval-v3,sha256:5fc6a9a0d5ff5721954fad8f2855c204301e59ef0b28a91d8d9bdbaf48cb659b,4,chromadb,TP023,preparation,True,False,3,2,16efaa44-1554-4748-8407-48fac0bced94,0.7974597215652466,False,15.095400000063819
transfusion-retrieval-v3,sha256:5fc6a9a0d5ff5721954fad8f2855c204301e59ef0b28a91d8d9bdbaf48cb659b,4,chromadb,TP023,preparation,True,False,3,3,10537058-d160-4786-a6cf-95de46d7189c,0.655506432056427,False,15.095400000063819
transfusion-retrieval-v3,sha256:5fc6a9a0d5ff5721954fad8f2855c204301e59ef0b28a91d8d9bdbaf48cb659b,4,chromadb,TP023,preparation,True,False,5,1,63cb7040-3526-4f6f-9f88-e295bbe5edaf,0.8120524883270264,False,15.095400000063819
transfusion-retrieval-v3,sha256:5fc6a9a0d5ff5721954fad8f2855c204301e59ef0b28a91d8d9bdbaf48cb659b,4,chromadb,TP023,preparation,True,False,5,2,16efaa44-1554-4748-8407-48fac0bced94,0.7974597215652466,False,15.095400000063819
transfusion-retrieval-v3,sha256:5fc6a9a0d5ff5721954fad8f2855c204301e59ef0b28a91d8d9bdbaf48cb659b,4,chromadb,TP023,preparation,True,False,5,3,10537058-d160-4786-a6cf-95de46d7189c,0.655506432056427,False,15.095400000063819
transfusion-retrieval-v3,sha256:5fc6a9a0d5ff5721954fad8f2855c204301e59ef0b28a91d8d9bdbaf48cb659b,4,chromadb,TP023,preparation,True,False,5,4,4797ba3b-c3d9-4d11-be5f-86db44dbda83,0.6268311738967896,False,15.095400000063819
transfusion-retrieval-v3,sha256:5fc6a9a0d5ff5721954fad8f2855c204301e59ef0b28a91d8d9bdbaf48cb659b,4,chromadb,TP023,preparation,True,False,5,5,fbb0340e-b19d-43c3-a23a-5ee07899e8cd,0.596440315246582,False,15.095400000063819
transfusion-retrieval-v3,sha256:5fc6a9a0d5ff5721954fad8f2855c204301e59ef0b28a91d8d9bdbaf48cb659b,4,chromadb,TP023,preparation,True,False,10,1,63cb7040-3526-4f6f-9f88-e295bbe5edaf,0.8120524883270264,False,15.095400000063819
transfusion-retrieval-v3,sha256:5fc6a9a0d5ff5721954fad8f2855c204301e59ef0b28a91d8d9bdbaf48cb659b,4,chromadb,TP023,preparation,True,False,10,2,16efaa44-1554-4748-8407-48fac0bced94,0.7974597215652466,False,15.095400000063819
transfusion-retrieval-v3,sha256:5fc6a9a0d5ff5721954fad8f2855c204301e59ef0b28a91d8d9bdbaf48cb659b,4,chromadb,TP023,preparation,True,False,10,3,10537058-d160-4786-a6cf-95de46d7189c,0.655506432056427,False,15.095400000063819
transfusion-retrieval-v3,sha256:5fc6a9a0d5ff5721954fad8f2855c204301e59ef0b28a91d8d9bdbaf48cb659b,4,chromadb,TP023,preparation,True,False,10,4,4797ba3b-c3d9-4d11-be5f-86db44dbda83,0.6268311738967896,False,15.095400000063819
transfusion-retrieval-v3,sha256:5fc6a9a0d5ff5721954fad8f2855c204301e59ef0b28a91d8d9bdbaf48cb659b,4,chromadb,TP023,preparation,True,False,10,5,fbb0340e-b19d-43c3-a23a-5ee07899e8cd,0.596440315246582,False,15.095400000063819
transfusion-retrieval-v3,sha256:5fc6a9a0d5ff5721954fad8f2855c204301e59ef0b28a91d8d9bdbaf48cb659b,4,chromadb,TP023,preparation,True,False,10,6,9c5f18b5-9491-4cb2-9eba-9a0d2462f8bb,0.596440315246582,False,15.095400000063819
transfusion-retrieval-v3,sha256:5fc6a9a0d5ff5721954fad8f2855c204301e59ef0b28a91d8d9bdbaf48cb659b,4,chromadb,TP023,preparation,True,False,10,7,c141d593-8af3-43e4-b0a9-f60c7c49da12,0.596440315246582,False,15.095400000063819
transfusion-retrieval-v3,sha256:5fc6a9a0d5ff5721954fad8f2855c204301e59ef0b28a91d8d9bdbaf48cb659b,4,chromadb,TP023,preparation,True,False,10,8,635840ee-2aa9-43b0-86b4-74229536c495,0.596440315246582,False,15.095400000063819
transfusion-retrieval-v3,sha256:5fc6a9a0d5ff5721954fad8f2855c204301e59ef0b28a91d8d9bdbaf48cb659b,4,chromadb,TP023,preparation,True,False,10,9,cf1adf23-d1e1-4e53-990c-b241ad636d39,0.596440315246582,False,15.095400000063819
transfusion-retrieval-v3,sha256:5fc6a9a0d5ff5721954fad8f2855c204301e59ef0b28a91d8d9bdbaf48cb659b,4,chromadb,TP023,preparation,True,False,10,10,756d12b3-7bab-48b3-86c9-f2911e308f0e,0.596440315246582,False,15.095400000063819
transfusion-retrieval-v3,sha256:5fc6a9a0d5ff5721954fad8f2855c204301e59ef0b28a91d8d9bdbaf48cb659b,4,chromadb,TP024,preparation,True,False,1,1,eda54b74-cd2f-4808-8175-bcc5b916ce90,0.7623834609985352,False,18.50399999966612
transfusion-retrieval-v3,sha256:5fc6a9a0d5ff5721954fad8f2855c204301e59ef0b28a91d8d9bdbaf48cb659b,4,chromadb,TP024,preparation,True,False,3,1,eda54b74-cd2f-4808-8175-bcc5b916ce90,0.7623834609985352,False,18.50399999966612
transfusion-retrieval-v3,sha256:5fc6a9a0d5ff5721954fad8f2855c204301e59ef0b28a91d8d9bdbaf48cb659b,4,chromadb,TP024,preparation,True,False,3,2,8f3ed830-3a06-41c6-8b06-cfcf6d36a83c,0.7587071657180786,False,18.50399999966612
transfusion-retrieval-v3,sha256:5fc6a9a0d5ff5721954fad8f2855c204301e59ef0b28a91d8d9bdbaf48cb659b,4,chromadb,TP024,preparation,True,False,3,3,f9eb1471-4566-4c09-a18e-9f3d84a47e9c,0.7446304559707642,False,18.50399999966612
transfusion-retrieval-v3,sha256:5fc6a9a0d5ff5721954fad8f2855c204301e59ef0b28a91d8d9bdbaf48cb659b,4,chromadb,TP024,preparation,True,False,5,1,eda54b74-cd2f-4808-8175-bcc5b916ce90,0.7623834609985352,False,18.50399999966612
transfusion-retrieval-v3,sha256:5fc6a9a0d5ff5721954fad8f2855c204301e59ef0b28a91d8d9bdbaf48cb659b,4,chromadb,TP024,preparation,True,False,5,2,8f3ed830-3a06-41c6-8b06-cfcf6d36a83c,0.7587071657180786,False,18.50399999966612
transfusion-retrieval-v3,sha256:5fc6a9a0d5ff5721954fad8f2855c204301e59ef0b28a91d8d9bdbaf48cb659b,4,chromadb,TP024,preparation,True,False,5,3,f9eb1471-4566-4c09-a18e-9f3d84a47e9c,0.7446304559707642,False,18.50399999966612
transfusion-retrieval-v3,sha256:5fc6a9a0d5ff5721954fad8f2855c204301e59ef0b28a91d8d9bdbaf48cb659b,4,chromadb,TP024,preparation,True,False,5,4,b225ae64-72d2-4e59-81c0-57f5d8438666,0.7444450855255127,False,18.50399999966612
transfusion-retrieval-v3,sha256:5fc6a9a0d5ff5721954fad8f2855c204301e59ef0b28a91d8d9bdbaf48cb659b,4,chromadb,TP024,preparation,True,False,5,5,7adacb8c-91c0-4ea7-8d82-7505eeac5042,0.7439196109771729,False,18.50399999966612
transfusion-retrieval-v3,sha256:5fc6a9a0d5ff5721954fad8f2855c204301e59ef0b28a91d8d9bdbaf48cb659b,4,chromadb,TP024,preparation,True,False,10,1,eda54b74-cd2f-4808-8175-bcc5b916ce90,0.7623834609985352,False,18.50399999966612
transfusion-retrieval-v3,sha256:5fc6a9a0d5ff5721954fad8f2855c204301e59ef0b28a91d8d9bdbaf48cb659b,4,chromadb,TP024,preparation,True,False,10,2,8f3ed830-3a06-41c6-8b06-cfcf6d36a83c,0.7587071657180786,False,18.50399999966612
transfusion-retrieval-v3,sha256:5fc6a9a0d5ff5721954fad8f2855c204301e59ef0b28a91d8d9bdbaf48cb659b,4,chromadb,TP024,preparation,True,False,10,3,f9eb1471-4566-4c09-a18e-9f3d84a47e9c,0.7446304559707642,False,18.50399999966612
transfusion-retrieval-v3,sha256:5fc6a9a0d5ff5721954fad8f2855c204301e59ef0b28a91d8d9bdbaf48cb659b,4,chromadb,TP024,preparation,True,False,10,4,b225ae64-72d2-4e59-81c0-57f5d8438666,0.7444450855255127,False,18.50399999966612
transfusion-retrieval-v3,sha256:5fc6a9a0d5ff5721954fad8f2855c204301e59ef0b28a91d8d9bdbaf48cb659b,4,chromadb,TP024,preparation,True,False,10,5,7adacb8c-91c0-4ea7-8d82-7505eeac5042,0.7439196109771729,False,18.50399999966612
transfusion-retrieval-v3,sha256:5fc6a9a0d5ff5721954fad8f2855c204301e59ef0b28a91d8d9bdbaf48cb659b,4,chromadb,TP024,preparation,True,False,10,6,16efaa44-1554-4748-8407-48fac0bced94,0.7338619232177734,False,18.50399999966612
transfusion-retrieval-v3,sha256:5fc6a9a0d5ff5721954fad8f2855c204301e59ef0b28a91d8d9bdbaf48cb659b,4,chromadb,TP024,preparation,True,False,10,7,7e5199d4-e5c9-40ca-a69f-ea37f52c6ce3,0.7214164733886719,False,18.50399999966612
transfusion-retrieval-v3,sha256:5fc6a9a0d5ff5721954fad8f2855c204301e59ef0b28a91d8d9bdbaf48cb659b,4,chromadb,TP024,preparation,True,False,10,8,66dba192-bac5-4b3a-bd4d-77e9eacb4192,0.6995882987976074,False,18.50399999966612
transfusion-retrieval-v3,sha256:5fc6a9a0d5ff5721954fad8f2855c204301e59ef0b28a91d8d9bdbaf48cb659b,4,chromadb,TP024,preparation,True,False,10,9,9b6cc313-9a59-4387-a5ce-2ed14389a0a7,0.6920088529586792,False,18.50399999966612
transfusion-retrieval-v3,sha256:5fc6a9a0d5ff5721954fad8f2855c204301e59ef0b28a91d8d9bdbaf48cb659b,4,chromadb,TP024,preparation,True,False,10,10,98d006ac-5212-4c8c-8a63-4cbd4d6caffc,0.6748036742210388,False,18.50399999966612
transfusion-retrieval-v3,sha256:5fc6a9a0d5ff5721954fad8f2855c204301e59ef0b28a91d8d9bdbaf48cb659b,4,chromadb,TP025,temporal,True,False,1,1,63cb7040-3526-4f6f-9f88-e295bbe5edaf,0.5191267132759094,False,15.642700000171317
transfusion-retrieval-v3,sha256:5fc6a9a0d5ff5721954fad8f2855c204301e59ef0b28a91d8d9bdbaf48cb659b,4,chromadb,TP025,temporal,True,False,3,1,63cb7040-3526-4f6f-9f88-e295bbe5edaf,0.5191267132759094,False,15.642700000171317
transfusion-retrieval-v3,sha256:5fc6a9a0d5ff5721954fad8f2855c204301e59ef0b28a91d8d9bdbaf48cb659b,4,chromadb,TP025,temporal,True,False,3,2,16efaa44-1554-4748-8407-48fac0bced94,0.5119279026985168,False,15.642700000171317
transfusion-retrieval-v3,sha256:5fc6a9a0d5ff5721954fad8f2855c204301e59ef0b28a91d8d9bdbaf48cb659b,4,chromadb,TP025,temporal,True,False,3,3,fb4884e3-8fea-42fa-b996-7e9c333e7fef,0.5084525942802429,False,15.642700000171317
transfusion-retrieval-v3,sha256:5fc6a9a0d5ff5721954fad8f2855c204301e59ef0b28a91d8d9bdbaf48cb659b,4,chromadb,TP025,temporal,True,False,5,1,63cb7040-3526-4f6f-9f88-e295bbe5edaf,0.5191267132759094,False,15.642700000171317
transfusion-retrieval-v3,sha256:5fc6a9a0d5ff5721954fad8f2855c204301e59ef0b28a91d8d9bdbaf48cb659b,4,chromadb,TP025,temporal,True,False,5,2,16efaa44-1554-4748-8407-48fac0bced94,0.5119279026985168,False,15.642700000171317
transfusion-retrieval-v3,sha256:5fc6a9a0d5ff5721954fad8f2855c204301e59ef0b28a91d8d9bdbaf48cb659b,4,chromadb,TP025,temporal,True,False,5,3,fb4884e3-8fea-42fa-b996-7e9c333e7fef,0.5084525942802429,False,15.642700000171317
transfusion-retrieval-v3,sha256:5fc6a9a0d5ff5721954fad8f2855c204301e59ef0b28a91d8d9bdbaf48cb659b,4,chromadb,TP025,temporal,True,False,5,4,eeb8db46-f757-41f1-9ca5-c022f3d4ea3e,0.5084525942802429,False,15.642700000171317
transfusion-retrieval-v3,sha256:5fc6a9a0d5ff5721954fad8f2855c204301e59ef0b28a91d8d9bdbaf48cb659b,4,chromadb,TP025,temporal,True,False,5,5,e4892114-b8eb-4f39-a7c4-427217039236,0.5084525942802429,False,15.642700000171317
transfusion-retrieval-v3,sha256:5fc6a9a0d5ff5721954fad8f2855c204301e59ef0b28a91d8d9bdbaf48cb659b,4,chromadb,TP025,temporal,True,False,10,1,63cb7040-3526-4f6f-9f88-e295bbe5edaf,0.5191267132759094,False,15.642700000171317
transfusion-retrieval-v3,sha256:5fc6a9a0d5ff5721954fad8f2855c204301e59ef0b28a91d8d9bdbaf48cb659b,4,chromadb,TP025,temporal,True,False,10,2,16efaa44-1554-4748-8407-48fac0bced94,0.5119279026985168,False,15.642700000171317
transfusion-retrieval-v3,sha256:5fc6a9a0d5ff5721954fad8f2855c204301e59ef0b28a91d8d9bdbaf48cb659b,4,chromadb,TP025,temporal,True,False,10,3,fb4884e3-8fea-42fa-b996-7e9c333e7fef,0.5084525942802429,False,15.642700000171317
transfusion-retrieval-v3,sha256:5fc6a9a0d5ff5721954fad8f2855c204301e59ef0b28a91d8d9bdbaf48cb659b,4,chromadb,TP025,temporal,True,False,10,4,eeb8db46-f757-41f1-9ca5-c022f3d4ea3e,0.5084525942802429,False,15.642700000171317
transfusion-retrieval-v3,sha256:5fc6a9a0d5ff5721954fad8f2855c204301e59ef0b28a91d8d9bdbaf48cb659b,4,chromadb,TP025,temporal,True,False,10,5,e4892114-b8eb-4f39-a7c4-427217039236,0.5084525942802429,False,15.642700000171317
transfusion-retrieval-v3,sha256:5fc6a9a0d5ff5721954fad8f2855c204301e59ef0b28a91d8d9bdbaf48cb659b,4,chromadb,TP025,temporal,True,False,10,6,9c5f18b5-9491-4cb2-9eba-9a0d2462f8bb,0.5084525942802429,False,15.642700000171317
transfusion-retrieval-v3,sha256:5fc6a9a0d5ff5721954fad8f2855c204301e59ef0b28a91d8d9bdbaf48cb659b,4,chromadb,TP025,temporal,True,False,10,7,c141d593-8af3-43e4-b0a9-f60c7c49da12,0.5084525942802429,False,15.642700000171317
transfusion-retrieval-v3,sha256:5fc6a9a0d5ff5721954fad8f2855c204301e59ef0b28a91d8d9bdbaf48cb659b,4,chromadb,TP025,temporal,True,False,10,8,635840ee-2aa9-43b0-86b4-74229536c495,0.5084525942802429,False,15.642700000171317
transfusion-retrieval-v3,sha256:5fc6a9a0d5ff5721954fad8f2855c204301e59ef0b28a91d8d9bdbaf48cb659b,4,chromadb,TP025,temporal,True,False,10,9,756d12b3-7bab-48b3-86c9-f2911e308f0e,0.5084525942802429,False,15.642700000171317
transfusion-retrieval-v3,sha256:5fc6a9a0d5ff5721954fad8f2855c204301e59ef0b28a91d8d9bdbaf48cb659b,4,chromadb,TP025,temporal,True,False,10,10,e9ad4f9e-f150-4d2b-b7cd-20a8a3327864,0.5084525942802429,False,15.642700000171317
transfusion-retrieval-v3,sha256:5fc6a9a0d5ff5721954fad8f2855c204301e59ef0b28a91d8d9bdbaf48cb659b,4,chromadb,TP026,procedure,True,False,1,1,63cb7040-3526-4f6f-9f88-e295bbe5edaf,0.7949035167694092,False,18.891900001108297
transfusion-retrieval-v3,sha256:5fc6a9a0d5ff5721954fad8f2855c204301e59ef0b28a91d8d9bdbaf48cb659b,4,chromadb,TP026,procedure,True,False,3,1,63cb7040-3526-4f6f-9f88-e295bbe5edaf,0.7949035167694092,False,18.891900001108297
transfusion-retrieval-v3,sha256:5fc6a9a0d5ff5721954fad8f2855c204301e59ef0b28a91d8d9bdbaf48cb659b,4,chromadb,TP026,procedure,True,False,3,2,16efaa44-1554-4748-8407-48fac0bced94,0.7823222279548645,False,18.891900001108297
transfusion-retrieval-v3,sha256:5fc6a9a0d5ff5721954fad8f2855c204301e59ef0b28a91d8d9bdbaf48cb659b,4,chromadb,TP026,procedure,True,False,3,3,761b9529-5b18-4262-8174-6062c35fb31c,0.696432888507843,False,18.891900001108297
transfusion-retrieval-v3,sha256:5fc6a9a0d5ff5721954fad8f2855c204301e59ef0b28a91d8d9bdbaf48cb659b,4,chromadb,TP026,procedure,True,False,5,1,63cb7040-3526-4f6f-9f88-e295bbe5edaf,0.7949035167694092,False,18.891900001108297
transfusion-retrieval-v3,sha256:5fc6a9a0d5ff5721954fad8f2855c204301e59ef0b28a91d8d9bdbaf48cb659b,4,chromadb,TP026,procedure,True,False,5,2,16efaa44-1554-4748-8407-48fac0bced94,0.7823222279548645,False,18.891900001108297
transfusion-retrieval-v3,sha256:5fc6a9a0d5ff5721954fad8f2855c204301e59ef0b28a91d8d9bdbaf48cb659b,4,chromadb,TP026,procedure,True,False,5,3,761b9529-5b18-4262-8174-6062c35fb31c,0.696432888507843,False,18.891900001108297
transfusion-retrieval-v3,sha256:5fc6a9a0d5ff5721954fad8f2855c204301e59ef0b28a91d8d9bdbaf48cb659b,4,chromadb,TP026,procedure,True,False,5,4,59d57c8a-c9d7-4f8d-b9a1-a2816f1f01f7,0.6955187916755676,False,18.891900001108297
transfusion-retrieval-v3,sha256:5fc6a9a0d5ff5721954fad8f2855c204301e59ef0b28a91d8d9bdbaf48cb659b,4,chromadb,TP026,procedure,True,False,5,5,fb4884e3-8fea-42fa-b996-7e9c333e7fef,0.6830006837844849,False,18.891900001108297
transfusion-retrieval-v3,sha256:5fc6a9a0d5ff5721954fad8f2855c204301e59ef0b28a91d8d9bdbaf48cb659b,4,chromadb,TP026,procedure,True,False,10,1,63cb7040-3526-4f6f-9f88-e295bbe5edaf,0.7949035167694092,False,18.891900001108297
transfusion-retrieval-v3,sha256:5fc6a9a0d5ff5721954fad8f2855c204301e59ef0b28a91d8d9bdbaf48cb659b,4,chromadb,TP026,procedure,True,False,10,2,16efaa44-1554-4748-8407-48fac0bced94,0.7823222279548645,False,18.891900001108297
transfusion-retrieval-v3,sha256:5fc6a9a0d5ff5721954fad8f2855c204301e59ef0b28a91d8d9bdbaf48cb659b,4,chromadb,TP026,procedure,True,False,10,3,761b9529-5b18-4262-8174-6062c35fb31c,0.696432888507843,False,18.891900001108297
transfusion-retrieval-v3,sha256:5fc6a9a0d5ff5721954fad8f2855c204301e59ef0b28a91d8d9bdbaf48cb659b,4,chromadb,TP026,procedure,True,False,10,4,59d57c8a-c9d7-4f8d-b9a1-a2816f1f01f7,0.6955187916755676,False,18.891900001108297
transfusion-retrieval-v3,sha256:5fc6a9a0d5ff5721954fad8f2855c204301e59ef0b28a91d8d9bdbaf48cb659b,4,chromadb,TP026,procedure,True,False,10,5,fb4884e3-8fea-42fa-b996-7e9c333e7fef,0.6830006837844849,False,18.891900001108297
transfusion-retrieval-v3,sha256:5fc6a9a0d5ff5721954fad8f2855c204301e59ef0b28a91d8d9bdbaf48cb659b,4,chromadb,TP026,procedure,True,False,10,6,fbb0340e-b19d-43c3-a23a-5ee07899e8cd,0.6830006837844849,False,18.891900001108297
transfusion-retrieval-v3,sha256:5fc6a9a0d5ff5721954fad8f2855c204301e59ef0b28a91d8d9bdbaf48cb659b,4,chromadb,TP026,procedure,True,False,10,7,e4892114-b8eb-4f39-a7c4-427217039236,0.6830006837844849,False,18.891900001108297
transfusion-retrieval-v3,sha256:5fc6a9a0d5ff5721954fad8f2855c204301e59ef0b28a91d8d9bdbaf48cb659b,4,chromadb,TP026,procedure,True,False,10,8,c141d593-8af3-43e4-b0a9-f60c7c49da12,0.6830006837844849,False,18.891900001108297
transfusion-retrieval-v3,sha256:5fc6a9a0d5ff5721954fad8f2855c204301e59ef0b28a91d8d9bdbaf48cb659b,4,chromadb,TP026,procedure,True,False,10,9,756d12b3-7bab-48b3-86c9-f2911e308f0e,0.6830006837844849,False,18.891900001108297
transfusion-retrieval-v3,sha256:5fc6a9a0d5ff5721954fad8f2855c204301e59ef0b28a91d8d9bdbaf48cb659b,4,chromadb,TP026,procedure,True,False,10,10,e9ad4f9e-f150-4d2b-b7cd-20a8a3327864,0.6830006837844849,False,18.891900001108297
transfusion-retrieval-v3,sha256:5fc6a9a0d5ff5721954fad8f2855c204301e59ef0b28a91d8d9bdbaf48cb659b,4,chromadb,TP027,fact_specific,True,False,1,1,63cb7040-3526-4f6f-9f88-e295bbe5edaf,0.6762226819992065,False,16.046900000219466
transfusion-retrieval-v3,sha256:5fc6a9a0d5ff5721954fad8f2855c204301e59ef0b28a91d8d9bdbaf48cb659b,4,chromadb,TP027,fact_specific,True,False,3,1,63cb7040-3526-4f6f-9f88-e295bbe5edaf,0.6762226819992065,False,16.046900000219466
transfusion-retrieval-v3,sha256:5fc6a9a0d5ff5721954fad8f2855c204301e59ef0b28a91d8d9bdbaf48cb659b,4,chromadb,TP027,fact_specific,True,False,3,2,16efaa44-1554-4748-8407-48fac0bced94,0.5960088968276978,False,16.046900000219466
transfusion-retrieval-v3,sha256:5fc6a9a0d5ff5721954fad8f2855c204301e59ef0b28a91d8d9bdbaf48cb659b,4,chromadb,TP027,fact_specific,True,False,3,3,fb4884e3-8fea-42fa-b996-7e9c333e7fef,0.5904881954193115,False,16.046900000219466
transfusion-retrieval-v3,sha256:5fc6a9a0d5ff5721954fad8f2855c204301e59ef0b28a91d8d9bdbaf48cb659b,4,chromadb,TP027,fact_specific,True,False,5,1,63cb7040-3526-4f6f-9f88-e295bbe5edaf,0.6762226819992065,False,16.046900000219466
transfusion-retrieval-v3,sha256:5fc6a9a0d5ff5721954fad8f2855c204301e59ef0b28a91d8d9bdbaf48cb659b,4,chromadb,TP027,fact_specific,True,False,5,2,16efaa44-1554-4748-8407-48fac0bced94,0.5960088968276978,False,16.046900000219466
transfusion-retrieval-v3,sha256:5fc6a9a0d5ff5721954fad8f2855c204301e59ef0b28a91d8d9bdbaf48cb659b,4,chromadb,TP027,fact_specific,True,False,5,3,fb4884e3-8fea-42fa-b996-7e9c333e7fef,0.5904881954193115,False,16.046900000219466
transfusion-retrieval-v3,sha256:5fc6a9a0d5ff5721954fad8f2855c204301e59ef0b28a91d8d9bdbaf48cb659b,4,chromadb,TP027,fact_specific,True,False,5,4,eeb8db46-f757-41f1-9ca5-c022f3d4ea3e,0.5904881954193115,False,16.046900000219466
transfusion-retrieval-v3,sha256:5fc6a9a0d5ff5721954fad8f2855c204301e59ef0b28a91d8d9bdbaf48cb659b,4,chromadb,TP027,fact_specific,True,False,5,5,17e22a4e-78d9-4607-b75b-151e52cc4d20,0.5904881954193115,False,16.046900000219466
transfusion-retrieval-v3,sha256:5fc6a9a0d5ff5721954fad8f2855c204301e59ef0b28a91d8d9bdbaf48cb659b,4,chromadb,TP027,fact_specific,True,False,10,1,63cb7040-3526-4f6f-9f88-e295bbe5edaf,0.6762226819992065,False,16.046900000219466
transfusion-retrieval-v3,sha256:5fc6a9a0d5ff5721954fad8f2855c204301e59ef0b28a91d8d9bdbaf48cb659b,4,chromadb,TP027,fact_specific,True,False,10,2,16efaa44-1554-4748-8407-48fac0bced94,0.5960088968276978,False,16.046900000219466
transfusion-retrieval-v3,sha256:5fc6a9a0d5ff5721954fad8f2855c204301e59ef0b28a91d8d9bdbaf48cb659b,4,chromadb,TP027,fact_specific,True,False,10,3,fb4884e3-8fea-42fa-b996-7e9c333e7fef,0.5904881954193115,False,16.046900000219466
transfusion-retrieval-v3,sha256:5fc6a9a0d5ff5721954fad8f2855c204301e59ef0b28a91d8d9bdbaf48cb659b,4,chromadb,TP027,fact_specific,True,False,10,4,eeb8db46-f757-41f1-9ca5-c022f3d4ea3e,0.5904881954193115,False,16.046900000219466
transfusion-retrieval-v3,sha256:5fc6a9a0d5ff5721954fad8f2855c204301e59ef0b28a91d8d9bdbaf48cb659b,4,chromadb,TP027,fact_specific,True,False,10,5,17e22a4e-78d9-4607-b75b-151e52cc4d20,0.5904881954193115,False,16.046900000219466
transfusion-retrieval-v3,sha256:5fc6a9a0d5ff5721954fad8f2855c204301e59ef0b28a91d8d9bdbaf48cb659b,4,chromadb,TP027,fact_specific,True,False,10,6,fbb0340e-b19d-43c3-a23a-5ee07899e8cd,0.5904881954193115,False,16.046900000219466
transfusion-retrieval-v3,sha256:5fc6a9a0d5ff5721954fad8f2855c204301e59ef0b28a91d8d9bdbaf48cb659b,4,chromadb,TP027,fact_specific,True,False,10,7,635840ee-2aa9-43b0-86b4-74229536c495,0.5904881954193115,False,16.046900000219466
transfusion-retrieval-v3,sha256:5fc6a9a0d5ff5721954fad8f2855c204301e59ef0b28a91d8d9bdbaf48cb659b,4,chromadb,TP027,fact_specific,True,False,10,8,cf1adf23-d1e1-4e53-990c-b241ad636d39,0.5904881954193115,False,16.046900000219466
transfusion-retrieval-v3,sha256:5fc6a9a0d5ff5721954fad8f2855c204301e59ef0b28a91d8d9bdbaf48cb659b,4,chromadb,TP027,fact_specific,True,False,10,9,756d12b3-7bab-48b3-86c9-f2911e308f0e,0.5904881954193115,False,16.046900000219466
transfusion-retrieval-v3,sha256:5fc6a9a0d5ff5721954fad8f2855c204301e59ef0b28a91d8d9bdbaf48cb659b,4,chromadb,TP027,fact_specific,True,False,10,10,e9ad4f9e-f150-4d2b-b7cd-20a8a3327864,0.5904881954193115,False,16.046900000219466
transfusion-retrieval-v3,sha256:5fc6a9a0d5ff5721954fad8f2855c204301e59ef0b28a91d8d9bdbaf48cb659b,4,chromadb,TP028,fact_specific,True,False,1,1,63cb7040-3526-4f6f-9f88-e295bbe5edaf,0.7437747716903687,False,18.880699999499484
transfusion-retrieval-v3,sha256:5fc6a9a0d5ff5721954fad8f2855c204301e59ef0b28a91d8d9bdbaf48cb659b,4,chromadb,TP028,fact_specific,True,False,3,1,63cb7040-3526-4f6f-9f88-e295bbe5edaf,0.7437747716903687,False,18.880699999499484
transfusion-retrieval-v3,sha256:5fc6a9a0d5ff5721954fad8f2855c204301e59ef0b28a91d8d9bdbaf48cb659b,4,chromadb,TP028,fact_specific,True,False,3,2,10537058-d160-4786-a6cf-95de46d7189c,0.7107952237129211,False,18.880699999499484
transfusion-retrieval-v3,sha256:5fc6a9a0d5ff5721954fad8f2855c204301e59ef0b28a91d8d9bdbaf48cb659b,4,chromadb,TP028,fact_specific,True,False,3,3,4797ba3b-c3d9-4d11-be5f-86db44dbda83,0.671015202999115,False,18.880699999499484
transfusion-retrieval-v3,sha256:5fc6a9a0d5ff5721954fad8f2855c204301e59ef0b28a91d8d9bdbaf48cb659b,4,chromadb,TP028,fact_specific,True,False,5,1,63cb7040-3526-4f6f-9f88-e295bbe5edaf,0.7437747716903687,False,18.880699999499484
transfusion-retrieval-v3,sha256:5fc6a9a0d5ff5721954fad8f2855c204301e59ef0b28a91d8d9bdbaf48cb659b,4,chromadb,TP028,fact_specific,True,False,5,2,10537058-d160-4786-a6cf-95de46d7189c,0.7107952237129211,False,18.880699999499484
transfusion-retrieval-v3,sha256:5fc6a9a0d5ff5721954fad8f2855c204301e59ef0b28a91d8d9bdbaf48cb659b,4,chromadb,TP028,fact_specific,True,False,5,3,4797ba3b-c3d9-4d11-be5f-86db44dbda83,0.671015202999115,False,18.880699999499484
transfusion-retrieval-v3,sha256:5fc6a9a0d5ff5721954fad8f2855c204301e59ef0b28a91d8d9bdbaf48cb659b,4,chromadb,TP028,fact_specific,True,False,5,4,59d57c8a-c9d7-4f8d-b9a1-a2816f1f01f7,0.6689041256904602,False,18.880699999499484
transfusion-retrieval-v3,sha256:5fc6a9a0d5ff5721954fad8f2855c204301e59ef0b28a91d8d9bdbaf48cb659b,4,chromadb,TP028,fact_specific,True,False,5,5,16efaa44-1554-4748-8407-48fac0bced94,0.6608519554138184,False,18.880699999499484
transfusion-retrieval-v3,sha256:5fc6a9a0d5ff5721954fad8f2855c204301e59ef0b28a91d8d9bdbaf48cb659b,4,chromadb,TP028,fact_specific,True,False,10,1,63cb7040-3526-4f6f-9f88-e295bbe5edaf,0.7437747716903687,False,18.880699999499484
transfusion-retrieval-v3,sha256:5fc6a9a0d5ff5721954fad8f2855c204301e59ef0b28a91d8d9bdbaf48cb659b,4,chromadb,TP028,fact_specific,True,False,10,2,10537058-d160-4786-a6cf-95de46d7189c,0.7107952237129211,False,18.880699999499484
transfusion-retrieval-v3,sha256:5fc6a9a0d5ff5721954fad8f2855c204301e59ef0b28a91d8d9bdbaf48cb659b,4,chromadb,TP028,fact_specific,True,False,10,3,4797ba3b-c3d9-4d11-be5f-86db44dbda83,0.671015202999115,False,18.880699999499484
transfusion-retrieval-v3,sha256:5fc6a9a0d5ff5721954fad8f2855c204301e59ef0b28a91d8d9bdbaf48cb659b,4,chromadb,TP028,fact_specific,True,False,10,4,59d57c8a-c9d7-4f8d-b9a1-a2816f1f01f7,0.6689041256904602,False,18.880699999499484
transfusion-retrieval-v3,sha256:5fc6a9a0d5ff5721954fad8f2855c204301e59ef0b28a91d8d9bdbaf48cb659b,4,chromadb,TP028,fact_specific,True,False,10,5,16efaa44-1554-4748-8407-48fac0bced94,0.6608519554138184,False,18.880699999499484
transfusion-retrieval-v3,sha256:5fc6a9a0d5ff5721954fad8f2855c204301e59ef0b28a91d8d9bdbaf48cb659b,4,chromadb,TP028,fact_specific,True,False,10,6,66dba192-bac5-4b3a-bd4d-77e9eacb4192,0.6433980464935303,False,18.880699999499484
transfusion-retrieval-v3,sha256:5fc6a9a0d5ff5721954fad8f2855c204301e59ef0b28a91d8d9bdbaf48cb659b,4,chromadb,TP028,fact_specific,True,False,10,7,e96acbc9-66b4-4df4-953b-3f7b0a846bbc,0.6421955823898315,False,18.880699999499484
transfusion-retrieval-v3,sha256:5fc6a9a0d5ff5721954fad8f2855c204301e59ef0b28a91d8d9bdbaf48cb659b,4,chromadb,TP028,fact_specific,True,False,10,8,602c933f-0b8f-4533-87a5-f27ecd5f2af9,0.6419557929039001,False,18.880699999499484
transfusion-retrieval-v3,sha256:5fc6a9a0d5ff5721954fad8f2855c204301e59ef0b28a91d8d9bdbaf48cb659b,4,chromadb,TP028,fact_specific,True,False,10,9,e62b0c91-ff0c-43b2-9bd5-ff173d9f8bc0,0.634257435798645,True,18.880699999499484
transfusion-retrieval-v3,sha256:5fc6a9a0d5ff5721954fad8f2855c204301e59ef0b28a91d8d9bdbaf48cb659b,4,chromadb,TP028,fact_specific,True,False,10,10,81a83ec4-b5d1-4305-9f44-93e5fa935ffe,0.614841103553772,False,18.880699999499484
transfusion-retrieval-v3,sha256:5fc6a9a0d5ff5721954fad8f2855c204301e59ef0b28a91d8d9bdbaf48cb659b,4,chromadb,TP029,product_specific,True,False,1,1,54fdf811-dedd-4016-b144-3e4bfdcd67c8,0.6407819390296936,False,15.406900000016321
transfusion-retrieval-v3,sha256:5fc6a9a0d5ff5721954fad8f2855c204301e59ef0b28a91d8d9bdbaf48cb659b,4,chromadb,TP029,product_specific,True,False,3,1,54fdf811-dedd-4016-b144-3e4bfdcd67c8,0.6407819390296936,False,15.406900000016321
transfusion-retrieval-v3,sha256:5fc6a9a0d5ff5721954fad8f2855c204301e59ef0b28a91d8d9bdbaf48cb659b,4,chromadb,TP029,product_specific,True,False,3,2,e96acbc9-66b4-4df4-953b-3f7b0a846bbc,0.6385771036148071,False,15.406900000016321
transfusion-retrieval-v3,sha256:5fc6a9a0d5ff5721954fad8f2855c204301e59ef0b28a91d8d9bdbaf48cb659b,4,chromadb,TP029,product_specific,True,False,3,3,4c0dde2a-0432-4cb2-ad33-987f5979ff76,0.6330994963645935,False,15.406900000016321
transfusion-retrieval-v3,sha256:5fc6a9a0d5ff5721954fad8f2855c204301e59ef0b28a91d8d9bdbaf48cb659b,4,chromadb,TP029,product_specific,True,False,5,1,54fdf811-dedd-4016-b144-3e4bfdcd67c8,0.6407819390296936,False,15.406900000016321
transfusion-retrieval-v3,sha256:5fc6a9a0d5ff5721954fad8f2855c204301e59ef0b28a91d8d9bdbaf48cb659b,4,chromadb,TP029,product_specific,True,False,5,2,e96acbc9-66b4-4df4-953b-3f7b0a846bbc,0.6385771036148071,False,15.406900000016321
transfusion-retrieval-v3,sha256:5fc6a9a0d5ff5721954fad8f2855c204301e59ef0b28a91d8d9bdbaf48cb659b,4,chromadb,TP029,product_specific,True,False,5,3,4c0dde2a-0432-4cb2-ad33-987f5979ff76,0.6330994963645935,False,15.406900000016321
transfusion-retrieval-v3,sha256:5fc6a9a0d5ff5721954fad8f2855c204301e59ef0b28a91d8d9bdbaf48cb659b,4,chromadb,TP029,product_specific,True,False,5,4,e62b0c91-ff0c-43b2-9bd5-ff173d9f8bc0,0.6057032346725464,False,15.406900000016321
transfusion-retrieval-v3,sha256:5fc6a9a0d5ff5721954fad8f2855c204301e59ef0b28a91d8d9bdbaf48cb659b,4,chromadb,TP029,product_specific,True,False,5,5,59d57c8a-c9d7-4f8d-b9a1-a2816f1f01f7,0.6043227314949036,True,15.406900000016321
transfusion-retrieval-v3,sha256:5fc6a9a0d5ff5721954fad8f2855c204301e59ef0b28a91d8d9bdbaf48cb659b,4,chromadb,TP029,product_specific,True,False,10,1,54fdf811-dedd-4016-b144-3e4bfdcd67c8,0.6407819390296936,False,15.406900000016321
transfusion-retrieval-v3,sha256:5fc6a9a0d5ff5721954fad8f2855c204301e59ef0b28a91d8d9bdbaf48cb659b,4,chromadb,TP029,product_specific,True,False,10,2,e96acbc9-66b4-4df4-953b-3f7b0a846bbc,0.6385771036148071,False,15.406900000016321
transfusion-retrieval-v3,sha256:5fc6a9a0d5ff5721954fad8f2855c204301e59ef0b28a91d8d9bdbaf48cb659b,4,chromadb,TP029,product_specific,True,False,10,3,4c0dde2a-0432-4cb2-ad33-987f5979ff76,0.6330994963645935,False,15.406900000016321
transfusion-retrieval-v3,sha256:5fc6a9a0d5ff5721954fad8f2855c204301e59ef0b28a91d8d9bdbaf48cb659b,4,chromadb,TP029,product_specific,True,False,10,4,e62b0c91-ff0c-43b2-9bd5-ff173d9f8bc0,0.6057032346725464,False,15.406900000016321
transfusion-retrieval-v3,sha256:5fc6a9a0d5ff5721954fad8f2855c204301e59ef0b28a91d8d9bdbaf48cb659b,4,chromadb,TP029,product_specific,True,False,10,5,59d57c8a-c9d7-4f8d-b9a1-a2816f1f01f7,0.6043227314949036,True,15.406900000016321
transfusion-retrieval-v3,sha256:5fc6a9a0d5ff5721954fad8f2855c204301e59ef0b28a91d8d9bdbaf48cb659b,4,chromadb,TP029,product_specific,True,False,10,6,7c33fbb7-e931-4f6b-9520-23875ec9ee5b,0.5738784074783325,False,15.406900000016321
transfusion-retrieval-v3,sha256:5fc6a9a0d5ff5721954fad8f2855c204301e59ef0b28a91d8d9bdbaf48cb659b,4,chromadb,TP029,product_specific,True,False,10,7,3ecc27b9-634c-4026-b44e-e01123aa0467,0.567813515663147,False,15.406900000016321
transfusion-retrieval-v3,sha256:5fc6a9a0d5ff5721954fad8f2855c204301e59ef0b28a91d8d9bdbaf48cb659b,4,chromadb,TP029,product_specific,True,False,10,8,1033ac46-dec8-493e-b577-7f5ad80f8e86,0.5670275688171387,False,15.406900000016321
transfusion-retrieval-v3,sha256:5fc6a9a0d5ff5721954fad8f2855c204301e59ef0b28a91d8d9bdbaf48cb659b,4,chromadb,TP029,product_specific,True,False,10,9,9131e9a9-eff3-4f4e-a20b-4bdd456c35bc,0.5548444390296936,False,15.406900000016321
transfusion-retrieval-v3,sha256:5fc6a9a0d5ff5721954fad8f2855c204301e59ef0b28a91d8d9bdbaf48cb659b,4,chromadb,TP029,product_specific,True,False,10,10,66dba192-bac5-4b3a-bd4d-77e9eacb4192,0.5177928805351257,False,15.406900000016321
transfusion-retrieval-v3,sha256:5fc6a9a0d5ff5721954fad8f2855c204301e59ef0b28a91d8d9bdbaf48cb659b,4,chromadb,TP030,paraphrase,True,False,1,1,63cb7040-3526-4f6f-9f88-e295bbe5edaf,0.7652615308761597,False,19.181199999366072
transfusion-retrieval-v3,sha256:5fc6a9a0d5ff5721954fad8f2855c204301e59ef0b28a91d8d9bdbaf48cb659b,4,chromadb,TP030,paraphrase,True,False,3,1,63cb7040-3526-4f6f-9f88-e295bbe5edaf,0.7652615308761597,False,19.181199999366072
transfusion-retrieval-v3,sha256:5fc6a9a0d5ff5721954fad8f2855c204301e59ef0b28a91d8d9bdbaf48cb659b,4,chromadb,TP030,paraphrase,True,False,3,2,59d57c8a-c9d7-4f8d-b9a1-a2816f1f01f7,0.7400457262992859,False,19.181199999366072
transfusion-retrieval-v3,sha256:5fc6a9a0d5ff5721954fad8f2855c204301e59ef0b28a91d8d9bdbaf48cb659b,4,chromadb,TP030,paraphrase,True,False,3,3,66dba192-bac5-4b3a-bd4d-77e9eacb4192,0.7379929423332214,False,19.181199999366072
transfusion-retrieval-v3,sha256:5fc6a9a0d5ff5721954fad8f2855c204301e59ef0b28a91d8d9bdbaf48cb659b,4,chromadb,TP030,paraphrase,True,False,5,1,63cb7040-3526-4f6f-9f88-e295bbe5edaf,0.7652615308761597,False,19.181199999366072
transfusion-retrieval-v3,sha256:5fc6a9a0d5ff5721954fad8f2855c204301e59ef0b28a91d8d9bdbaf48cb659b,4,chromadb,TP030,paraphrase,True,False,5,2,59d57c8a-c9d7-4f8d-b9a1-a2816f1f01f7,0.7400457262992859,False,19.181199999366072
transfusion-retrieval-v3,sha256:5fc6a9a0d5ff5721954fad8f2855c204301e59ef0b28a91d8d9bdbaf48cb659b,4,chromadb,TP030,paraphrase,True,False,5,3,66dba192-bac5-4b3a-bd4d-77e9eacb4192,0.7379929423332214,False,19.181199999366072
transfusion-retrieval-v3,sha256:5fc6a9a0d5ff5721954fad8f2855c204301e59ef0b28a91d8d9bdbaf48cb659b,4,chromadb,TP030,paraphrase,True,False,5,4,4797ba3b-c3d9-4d11-be5f-86db44dbda83,0.7360736131668091,False,19.181199999366072
transfusion-retrieval-v3,sha256:5fc6a9a0d5ff5721954fad8f2855c204301e59ef0b28a91d8d9bdbaf48cb659b,4,chromadb,TP030,paraphrase,True,False,5,5,16efaa44-1554-4748-8407-48fac0bced94,0.7221308350563049,False,19.181199999366072
transfusion-retrieval-v3,sha256:5fc6a9a0d5ff5721954fad8f2855c204301e59ef0b28a91d8d9bdbaf48cb659b,4,chromadb,TP030,paraphrase,True,False,10,1,63cb7040-3526-4f6f-9f88-e295bbe5edaf,0.7652615308761597,False,19.181199999366072
transfusion-retrieval-v3,sha256:5fc6a9a0d5ff5721954fad8f2855c204301e59ef0b28a91d8d9bdbaf48cb659b,4,chromadb,TP030,paraphrase,True,False,10,2,59d57c8a-c9d7-4f8d-b9a1-a2816f1f01f7,0.7400457262992859,False,19.181199999366072
transfusion-retrieval-v3,sha256:5fc6a9a0d5ff5721954fad8f2855c204301e59ef0b28a91d8d9bdbaf48cb659b,4,chromadb,TP030,paraphrase,True,False,10,3,66dba192-bac5-4b3a-bd4d-77e9eacb4192,0.7379929423332214,False,19.181199999366072
transfusion-retrieval-v3,sha256:5fc6a9a0d5ff5721954fad8f2855c204301e59ef0b28a91d8d9bdbaf48cb659b,4,chromadb,TP030,paraphrase,True,False,10,4,4797ba3b-c3d9-4d11-be5f-86db44dbda83,0.7360736131668091,False,19.181199999366072
transfusion-retrieval-v3,sha256:5fc6a9a0d5ff5721954fad8f2855c204301e59ef0b28a91d8d9bdbaf48cb659b,4,chromadb,TP030,paraphrase,True,False,10,5,16efaa44-1554-4748-8407-48fac0bced94,0.7221308350563049,False,19.181199999366072
transfusion-retrieval-v3,sha256:5fc6a9a0d5ff5721954fad8f2855c204301e59ef0b28a91d8d9bdbaf48cb659b,4,chromadb,TP030,paraphrase,True,False,10,6,b225ae64-72d2-4e59-81c0-57f5d8438666,0.6896725296974182,False,19.181199999366072
transfusion-retrieval-v3,sha256:5fc6a9a0d5ff5721954fad8f2855c204301e59ef0b28a91d8d9bdbaf48cb659b,4,chromadb,TP030,paraphrase,True,False,10,7,10537058-d160-4786-a6cf-95de46d7189c,0.675153374671936,False,19.181199999366072
transfusion-retrieval-v3,sha256:5fc6a9a0d5ff5721954fad8f2855c204301e59ef0b28a91d8d9bdbaf48cb659b,4,chromadb,TP030,paraphrase,True,False,10,8,f9eb1471-4566-4c09-a18e-9f3d84a47e9c,0.6621233820915222,False,19.181199999366072
transfusion-retrieval-v3,sha256:5fc6a9a0d5ff5721954fad8f2855c204301e59ef0b28a91d8d9bdbaf48cb659b,4,chromadb,TP030,paraphrase,True,False,10,9,e62b0c91-ff0c-43b2-9bd5-ff173d9f8bc0,0.6616462469100952,False,19.181199999366072
transfusion-retrieval-v3,sha256:5fc6a9a0d5ff5721954fad8f2855c204301e59ef0b28a91d8d9bdbaf48cb659b,4,chromadb,TP030,paraphrase,True,False,10,10,eda54b74-cd2f-4808-8175-bcc5b916ce90,0.6553462743759155,False,19.181199999366072
transfusion-retrieval-v3,sha256:5fc6a9a0d5ff5721954fad8f2855c204301e59ef0b28a91d8d9bdbaf48cb659b,4,chromadb,TP031,monitoring,True,False,1,1,16efaa44-1554-4748-8407-48fac0bced94,0.7664796710014343,False,14.402300001165713
transfusion-retrieval-v3,sha256:5fc6a9a0d5ff5721954fad8f2855c204301e59ef0b28a91d8d9bdbaf48cb659b,4,chromadb,TP031,monitoring,True,False,3,1,16efaa44-1554-4748-8407-48fac0bced94,0.7664796710014343,False,14.402300001165713
transfusion-retrieval-v3,sha256:5fc6a9a0d5ff5721954fad8f2855c204301e59ef0b28a91d8d9bdbaf48cb659b,4,chromadb,TP031,monitoring,True,False,3,2,63cb7040-3526-4f6f-9f88-e295bbe5edaf,0.7433794140815735,False,14.402300001165713
transfusion-retrieval-v3,sha256:5fc6a9a0d5ff5721954fad8f2855c204301e59ef0b28a91d8d9bdbaf48cb659b,4,chromadb,TP031,monitoring,True,False,3,3,eeb8db46-f757-41f1-9ca5-c022f3d4ea3e,0.6276015043258667,False,14.402300001165713
transfusion-retrieval-v3,sha256:5fc6a9a0d5ff5721954fad8f2855c204301e59ef0b28a91d8d9bdbaf48cb659b,4,chromadb,TP031,monitoring,True,False,5,1,16efaa44-1554-4748-8407-48fac0bced94,0.7664796710014343,False,14.402300001165713
transfusion-retrieval-v3,sha256:5fc6a9a0d5ff5721954fad8f2855c204301e59ef0b28a91d8d9bdbaf48cb659b,4,chromadb,TP031,monitoring,True,False,5,2,63cb7040-3526-4f6f-9f88-e295bbe5edaf,0.7433794140815735,False,14.402300001165713
transfusion-retrieval-v3,sha256:5fc6a9a0d5ff5721954fad8f2855c204301e59ef0b28a91d8d9bdbaf48cb659b,4,chromadb,TP031,monitoring,True,False,5,3,eeb8db46-f757-41f1-9ca5-c022f3d4ea3e,0.6276015043258667,False,14.402300001165713
transfusion-retrieval-v3,sha256:5fc6a9a0d5ff5721954fad8f2855c204301e59ef0b28a91d8d9bdbaf48cb659b,4,chromadb,TP031,monitoring,True,False,5,4,fbb0340e-b19d-43c3-a23a-5ee07899e8cd,0.6276015043258667,False,14.402300001165713
transfusion-retrieval-v3,sha256:5fc6a9a0d5ff5721954fad8f2855c204301e59ef0b28a91d8d9bdbaf48cb659b,4,chromadb,TP031,monitoring,True,False,5,5,e4892114-b8eb-4f39-a7c4-427217039236,0.6276015043258667,False,14.402300001165713
transfusion-retrieval-v3,sha256:5fc6a9a0d5ff5721954fad8f2855c204301e59ef0b28a91d8d9bdbaf48cb659b,4,chromadb,TP031,monitoring,True,False,10,1,16efaa44-1554-4748-8407-48fac0bced94,0.7664796710014343,False,14.402300001165713
transfusion-retrieval-v3,sha256:5fc6a9a0d5ff5721954fad8f2855c204301e59ef0b28a91d8d9bdbaf48cb659b,4,chromadb,TP031,monitoring,True,False,10,2,63cb7040-3526-4f6f-9f88-e295bbe5edaf,0.7433794140815735,False,14.402300001165713
transfusion-retrieval-v3,sha256:5fc6a9a0d5ff5721954fad8f2855c204301e59ef0b28a91d8d9bdbaf48cb659b,4,chromadb,TP031,monitoring,True,False,10,3,eeb8db46-f757-41f1-9ca5-c022f3d4ea3e,0.6276015043258667,False,14.402300001165713
transfusion-retrieval-v3,sha256:5fc6a9a0d5ff5721954fad8f2855c204301e59ef0b28a91d8d9bdbaf48cb659b,4,chromadb,TP031,monitoring,True,False,10,4,fbb0340e-b19d-43c3-a23a-5ee07899e8cd,0.6276015043258667,False,14.402300001165713
transfusion-retrieval-v3,sha256:5fc6a9a0d5ff5721954fad8f2855c204301e59ef0b28a91d8d9bdbaf48cb659b,4,chromadb,TP031,monitoring,True,False,10,5,e4892114-b8eb-4f39-a7c4-427217039236,0.6276015043258667,False,14.402300001165713
transfusion-retrieval-v3,sha256:5fc6a9a0d5ff5721954fad8f2855c204301e59ef0b28a91d8d9bdbaf48cb659b,4,chromadb,TP031,monitoring,True,False,10,6,c141d593-8af3-43e4-b0a9-f60c7c49da12,0.6276015043258667,False,14.402300001165713
transfusion-retrieval-v3,sha256:5fc6a9a0d5ff5721954fad8f2855c204301e59ef0b28a91d8d9bdbaf48cb659b,4,chromadb,TP031,monitoring,True,False,10,7,635840ee-2aa9-43b0-86b4-74229536c495,0.6276015043258667,False,14.402300001165713
transfusion-retrieval-v3,sha256:5fc6a9a0d5ff5721954fad8f2855c204301e59ef0b28a91d8d9bdbaf48cb659b,4,chromadb,TP031,monitoring,True,False,10,8,cf1adf23-d1e1-4e53-990c-b241ad636d39,0.6276015043258667,False,14.402300001165713
transfusion-retrieval-v3,sha256:5fc6a9a0d5ff5721954fad8f2855c204301e59ef0b28a91d8d9bdbaf48cb659b,4,chromadb,TP031,monitoring,True,False,10,9,756d12b3-7bab-48b3-86c9-f2911e308f0e,0.6276015043258667,False,14.402300001165713
transfusion-retrieval-v3,sha256:5fc6a9a0d5ff5721954fad8f2855c204301e59ef0b28a91d8d9bdbaf48cb659b,4,chromadb,TP031,monitoring,True,False,10,10,e9ad4f9e-f150-4d2b-b7cd-20a8a3327864,0.6276015043258667,False,14.402300001165713
transfusion-retrieval-v3,sha256:5fc6a9a0d5ff5721954fad8f2855c204301e59ef0b28a91d8d9bdbaf48cb659b,4,chromadb,TP032,adverse_reaction,True,False,1,1,63cb7040-3526-4f6f-9f88-e295bbe5edaf,0.7455482482910156,False,19.14810000016587
transfusion-retrieval-v3,sha256:5fc6a9a0d5ff5721954fad8f2855c204301e59ef0b28a91d8d9bdbaf48cb659b,4,chromadb,TP032,adverse_reaction,True,False,3,1,63cb7040-3526-4f6f-9f88-e295bbe5edaf,0.7455482482910156,False,19.14810000016587
transfusion-retrieval-v3,sha256:5fc6a9a0d5ff5721954fad8f2855c204301e59ef0b28a91d8d9bdbaf48cb659b,4,chromadb,TP032,adverse_reaction,True,False,3,2,16efaa44-1554-4748-8407-48fac0bced94,0.6909956932067871,False,19.14810000016587
transfusion-retrieval-v3,sha256:5fc6a9a0d5ff5721954fad8f2855c204301e59ef0b28a91d8d9bdbaf48cb659b,4,chromadb,TP032,adverse_reaction,True,False,3,3,602c933f-0b8f-4533-87a5-f27ecd5f2af9,0.6681618094444275,False,19.14810000016587
transfusion-retrieval-v3,sha256:5fc6a9a0d5ff5721954fad8f2855c204301e59ef0b28a91d8d9bdbaf48cb659b,4,chromadb,TP032,adverse_reaction,True,False,5,1,63cb7040-3526-4f6f-9f88-e295bbe5edaf,0.7455482482910156,False,19.14810000016587
transfusion-retrieval-v3,sha256:5fc6a9a0d5ff5721954fad8f2855c204301e59ef0b28a91d8d9bdbaf48cb659b,4,chromadb,TP032,adverse_reaction,True,False,5,2,16efaa44-1554-4748-8407-48fac0bced94,0.6909956932067871,False,19.14810000016587
transfusion-retrieval-v3,sha256:5fc6a9a0d5ff5721954fad8f2855c204301e59ef0b28a91d8d9bdbaf48cb659b,4,chromadb,TP032,adverse_reaction,True,False,5,3,602c933f-0b8f-4533-87a5-f27ecd5f2af9,0.6681618094444275,False,19.14810000016587
transfusion-retrieval-v3,sha256:5fc6a9a0d5ff5721954fad8f2855c204301e59ef0b28a91d8d9bdbaf48cb659b,4,chromadb,TP032,adverse_reaction,True,False,5,4,fb4884e3-8fea-42fa-b996-7e9c333e7fef,0.658205509185791,False,19.14810000016587
transfusion-retrieval-v3,sha256:5fc6a9a0d5ff5721954fad8f2855c204301e59ef0b28a91d8d9bdbaf48cb659b,4,chromadb,TP032,adverse_reaction,True,False,5,5,eeb8db46-f757-41f1-9ca5-c022f3d4ea3e,0.658205509185791,False,19.14810000016587
transfusion-retrieval-v3,sha256:5fc6a9a0d5ff5721954fad8f2855c204301e59ef0b28a91d8d9bdbaf48cb659b,4,chromadb,TP032,adverse_reaction,True,False,10,1,63cb7040-3526-4f6f-9f88-e295bbe5edaf,0.7455482482910156,False,19.14810000016587
transfusion-retrieval-v3,sha256:5fc6a9a0d5ff5721954fad8f2855c204301e59ef0b28a91d8d9bdbaf48cb659b,4,chromadb,TP032,adverse_reaction,True,False,10,2,16efaa44-1554-4748-8407-48fac0bced94,0.6909956932067871,False,19.14810000016587
transfusion-retrieval-v3,sha256:5fc6a9a0d5ff5721954fad8f2855c204301e59ef0b28a91d8d9bdbaf48cb659b,4,chromadb,TP032,adverse_reaction,True,False,10,3,602c933f-0b8f-4533-87a5-f27ecd5f2af9,0.6681618094444275,False,19.14810000016587
transfusion-retrieval-v3,sha256:5fc6a9a0d5ff5721954fad8f2855c204301e59ef0b28a91d8d9bdbaf48cb659b,4,chromadb,TP032,adverse_reaction,True,False,10,4,fb4884e3-8fea-42fa-b996-7e9c333e7fef,0.658205509185791,False,19.14810000016587
transfusion-retrieval-v3,sha256:5fc6a9a0d5ff5721954fad8f2855c204301e59ef0b28a91d8d9bdbaf48cb659b,4,chromadb,TP032,adverse_reaction,True,False,10,5,eeb8db46-f757-41f1-9ca5-c022f3d4ea3e,0.658205509185791,False,19.14810000016587
transfusion-retrieval-v3,sha256:5fc6a9a0d5ff5721954fad8f2855c204301e59ef0b28a91d8d9bdbaf48cb659b,4,chromadb,TP032,adverse_reaction,True,False,10,6,fbb0340e-b19d-43c3-a23a-5ee07899e8cd,0.658205509185791,False,19.14810000016587
transfusion-retrieval-v3,sha256:5fc6a9a0d5ff5721954fad8f2855c204301e59ef0b28a91d8d9bdbaf48cb659b,4,chromadb,TP032,adverse_reaction,True,False,10,7,e4892114-b8eb-4f39-a7c4-427217039236,0.658205509185791,False,19.14810000016587
transfusion-retrieval-v3,sha256:5fc6a9a0d5ff5721954fad8f2855c204301e59ef0b28a91d8d9bdbaf48cb659b,4,chromadb,TP032,adverse_reaction,True,False,10,8,9c5f18b5-9491-4cb2-9eba-9a0d2462f8bb,0.658205509185791,False,19.14810000016587
transfusion-retrieval-v3,sha256:5fc6a9a0d5ff5721954fad8f2855c204301e59ef0b28a91d8d9bdbaf48cb659b,4,chromadb,TP032,adverse_reaction,True,False,10,9,c141d593-8af3-43e4-b0a9-f60c7c49da12,0.658205509185791,False,19.14810000016587
transfusion-retrieval-v3,sha256:5fc6a9a0d5ff5721954fad8f2855c204301e59ef0b28a91d8d9bdbaf48cb659b,4,chromadb,TP032,adverse_reaction,True,False,10,10,756d12b3-7bab-48b3-86c9-f2911e308f0e,0.658205509185791,False,19.14810000016587
transfusion-retrieval-v3,sha256:5fc6a9a0d5ff5721954fad8f2855c204301e59ef0b28a91d8d9bdbaf48cb659b,4,chromadb,TP033,adverse_reaction,True,False,1,1,63cb7040-3526-4f6f-9f88-e295bbe5edaf,0.6904208064079285,False,20.256699999663397
transfusion-retrieval-v3,sha256:5fc6a9a0d5ff5721954fad8f2855c204301e59ef0b28a91d8d9bdbaf48cb659b,4,chromadb,TP033,adverse_reaction,True,False,3,1,63cb7040-3526-4f6f-9f88-e295bbe5edaf,0.6904208064079285,False,20.256699999663397
transfusion-retrieval-v3,sha256:5fc6a9a0d5ff5721954fad8f2855c204301e59ef0b28a91d8d9bdbaf48cb659b,4,chromadb,TP033,adverse_reaction,True,False,3,2,4797ba3b-c3d9-4d11-be5f-86db44dbda83,0.6149134039878845,False,20.256699999663397
transfusion-retrieval-v3,sha256:5fc6a9a0d5ff5721954fad8f2855c204301e59ef0b28a91d8d9bdbaf48cb659b,4,chromadb,TP033,adverse_reaction,True,False,3,3,602c933f-0b8f-4533-87a5-f27ecd5f2af9,0.590578556060791,False,20.256699999663397
transfusion-retrieval-v3,sha256:5fc6a9a0d5ff5721954fad8f2855c204301e59ef0b28a91d8d9bdbaf48cb659b,4,chromadb,TP033,adverse_reaction,True,False,5,1,63cb7040-3526-4f6f-9f88-e295bbe5edaf,0.6904208064079285,False,20.256699999663397
transfusion-retrieval-v3,sha256:5fc6a9a0d5ff5721954fad8f2855c204301e59ef0b28a91d8d9bdbaf48cb659b,4,chromadb,TP033,adverse_reaction,True,False,5,2,4797ba3b-c3d9-4d11-be5f-86db44dbda83,0.6149134039878845,False,20.256699999663397
transfusion-retrieval-v3,sha256:5fc6a9a0d5ff5721954fad8f2855c204301e59ef0b28a91d8d9bdbaf48cb659b,4,chromadb,TP033,adverse_reaction,True,False,5,3,602c933f-0b8f-4533-87a5-f27ecd5f2af9,0.590578556060791,False,20.256699999663397
transfusion-retrieval-v3,sha256:5fc6a9a0d5ff5721954fad8f2855c204301e59ef0b28a91d8d9bdbaf48cb659b,4,chromadb,TP033,adverse_reaction,True,False,5,4,16efaa44-1554-4748-8407-48fac0bced94,0.5805708765983582,False,20.256699999663397
transfusion-retrieval-v3,sha256:5fc6a9a0d5ff5721954fad8f2855c204301e59ef0b28a91d8d9bdbaf48cb659b,4,chromadb,TP033,adverse_reaction,True,False,5,5,761b9529-5b18-4262-8174-6062c35fb31c,0.5542408227920532,False,20.256699999663397
transfusion-retrieval-v3,sha256:5fc6a9a0d5ff5721954fad8f2855c204301e59ef0b28a91d8d9bdbaf48cb659b,4,chromadb,TP033,adverse_reaction,True,False,10,1,63cb7040-3526-4f6f-9f88-e295bbe5edaf,0.6904208064079285,False,20.256699999663397
transfusion-retrieval-v3,sha256:5fc6a9a0d5ff5721954fad8f2855c204301e59ef0b28a91d8d9bdbaf48cb659b,4,chromadb,TP033,adverse_reaction,True,False,10,2,4797ba3b-c3d9-4d11-be5f-86db44dbda83,0.6149134039878845,False,20.256699999663397
transfusion-retrieval-v3,sha256:5fc6a9a0d5ff5721954fad8f2855c204301e59ef0b28a91d8d9bdbaf48cb659b,4,chromadb,TP033,adverse_reaction,True,False,10,3,602c933f-0b8f-4533-87a5-f27ecd5f2af9,0.590578556060791,False,20.256699999663397
transfusion-retrieval-v3,sha256:5fc6a9a0d5ff5721954fad8f2855c204301e59ef0b28a91d8d9bdbaf48cb659b,4,chromadb,TP033,adverse_reaction,True,False,10,4,16efaa44-1554-4748-8407-48fac0bced94,0.5805708765983582,False,20.256699999663397
transfusion-retrieval-v3,sha256:5fc6a9a0d5ff5721954fad8f2855c204301e59ef0b28a91d8d9bdbaf48cb659b,4,chromadb,TP033,adverse_reaction,True,False,10,5,761b9529-5b18-4262-8174-6062c35fb31c,0.5542408227920532,False,20.256699999663397
transfusion-retrieval-v3,sha256:5fc6a9a0d5ff5721954fad8f2855c204301e59ef0b28a91d8d9bdbaf48cb659b,4,chromadb,TP033,adverse_reaction,True,False,10,6,8939253d-3272-4915-8c2b-c60062aeb818,0.5380988121032715,True,20.256699999663397
transfusion-retrieval-v3,sha256:5fc6a9a0d5ff5721954fad8f2855c204301e59ef0b28a91d8d9bdbaf48cb659b,4,chromadb,TP033,adverse_reaction,True,False,10,7,e4892114-b8eb-4f39-a7c4-427217039236,0.536098837852478,False,20.256699999663397
transfusion-retrieval-v3,sha256:5fc6a9a0d5ff5721954fad8f2855c204301e59ef0b28a91d8d9bdbaf48cb659b,4,chromadb,TP033,adverse_reaction,True,False,10,8,9c5f18b5-9491-4cb2-9eba-9a0d2462f8bb,0.536098837852478,False,20.256699999663397
transfusion-retrieval-v3,sha256:5fc6a9a0d5ff5721954fad8f2855c204301e59ef0b28a91d8d9bdbaf48cb659b,4,chromadb,TP033,adverse_reaction,True,False,10,9,c141d593-8af3-43e4-b0a9-f60c7c49da12,0.536098837852478,False,20.256699999663397
transfusion-retrieval-v3,sha256:5fc6a9a0d5ff5721954fad8f2855c204301e59ef0b28a91d8d9bdbaf48cb659b,4,chromadb,TP033,adverse_reaction,True,False,10,10,cf1adf23-d1e1-4e53-990c-b241ad636d39,0.536098837852478,False,20.256699999663397
transfusion-retrieval-v3,sha256:5fc6a9a0d5ff5721954fad8f2855c204301e59ef0b28a91d8d9bdbaf48cb659b,4,chromadb,TP034,adverse_reaction,True,False,1,1,63cb7040-3526-4f6f-9f88-e295bbe5edaf,0.689909815788269,False,23.75920000122278
transfusion-retrieval-v3,sha256:5fc6a9a0d5ff5721954fad8f2855c204301e59ef0b28a91d8d9bdbaf48cb659b,4,chromadb,TP034,adverse_reaction,True,False,3,1,63cb7040-3526-4f6f-9f88-e295bbe5edaf,0.689909815788269,False,23.75920000122278
transfusion-retrieval-v3,sha256:5fc6a9a0d5ff5721954fad8f2855c204301e59ef0b28a91d8d9bdbaf48cb659b,4,chromadb,TP034,adverse_reaction,True,False,3,2,16efaa44-1554-4748-8407-48fac0bced94,0.5883238315582275,False,23.75920000122278
transfusion-retrieval-v3,sha256:5fc6a9a0d5ff5721954fad8f2855c204301e59ef0b28a91d8d9bdbaf48cb659b,4,chromadb,TP034,adverse_reaction,True,False,3,3,fb4884e3-8fea-42fa-b996-7e9c333e7fef,0.585093080997467,False,23.75920000122278
transfusion-retrieval-v3,sha256:5fc6a9a0d5ff5721954fad8f2855c204301e59ef0b28a91d8d9bdbaf48cb659b,4,chromadb,TP034,adverse_reaction,True,False,5,1,63cb7040-3526-4f6f-9f88-e295bbe5edaf,0.689909815788269,False,23.75920000122278
transfusion-retrieval-v3,sha256:5fc6a9a0d5ff5721954fad8f2855c204301e59ef0b28a91d8d9bdbaf48cb659b,4,chromadb,TP034,adverse_reaction,True,False,5,2,16efaa44-1554-4748-8407-48fac0bced94,0.5883238315582275,False,23.75920000122278
transfusion-retrieval-v3,sha256:5fc6a9a0d5ff5721954fad8f2855c204301e59ef0b28a91d8d9bdbaf48cb659b,4,chromadb,TP034,adverse_reaction,True,False,5,3,fb4884e3-8fea-42fa-b996-7e9c333e7fef,0.585093080997467,False,23.75920000122278
transfusion-retrieval-v3,sha256:5fc6a9a0d5ff5721954fad8f2855c204301e59ef0b28a91d8d9bdbaf48cb659b,4,chromadb,TP034,adverse_reaction,True,False,5,4,eeb8db46-f757-41f1-9ca5-c022f3d4ea3e,0.585093080997467,False,23.75920000122278
transfusion-retrieval-v3,sha256:5fc6a9a0d5ff5721954fad8f2855c204301e59ef0b28a91d8d9bdbaf48cb659b,4,chromadb,TP034,adverse_reaction,True,False,5,5,fbb0340e-b19d-43c3-a23a-5ee07899e8cd,0.585093080997467,False,23.75920000122278
transfusion-retrieval-v3,sha256:5fc6a9a0d5ff5721954fad8f2855c204301e59ef0b28a91d8d9bdbaf48cb659b,4,chromadb,TP034,adverse_reaction,True,False,10,1,63cb7040-3526-4f6f-9f88-e295bbe5edaf,0.689909815788269,False,23.75920000122278
transfusion-retrieval-v3,sha256:5fc6a9a0d5ff5721954fad8f2855c204301e59ef0b28a91d8d9bdbaf48cb659b,4,chromadb,TP034,adverse_reaction,True,False,10,2,16efaa44-1554-4748-8407-48fac0bced94,0.5883238315582275,False,23.75920000122278
transfusion-retrieval-v3,sha256:5fc6a9a0d5ff5721954fad8f2855c204301e59ef0b28a91d8d9bdbaf48cb659b,4,chromadb,TP034,adverse_reaction,True,False,10,3,fb4884e3-8fea-42fa-b996-7e9c333e7fef,0.585093080997467,False,23.75920000122278
transfusion-retrieval-v3,sha256:5fc6a9a0d5ff5721954fad8f2855c204301e59ef0b28a91d8d9bdbaf48cb659b,4,chromadb,TP034,adverse_reaction,True,False,10,4,eeb8db46-f757-41f1-9ca5-c022f3d4ea3e,0.585093080997467,False,23.75920000122278
transfusion-retrieval-v3,sha256:5fc6a9a0d5ff5721954fad8f2855c204301e59ef0b28a91d8d9bdbaf48cb659b,4,chromadb,TP034,adverse_reaction,True,False,10,5,fbb0340e-b19d-43c3-a23a-5ee07899e8cd,0.585093080997467,False,23.75920000122278
transfusion-retrieval-v3,sha256:5fc6a9a0d5ff5721954fad8f2855c204301e59ef0b28a91d8d9bdbaf48cb659b,4,chromadb,TP034,adverse_reaction,True,False,10,6,e4892114-b8eb-4f39-a7c4-427217039236,0.585093080997467,False,23.75920000122278
transfusion-retrieval-v3,sha256:5fc6a9a0d5ff5721954fad8f2855c204301e59ef0b28a91d8d9bdbaf48cb659b,4,chromadb,TP034,adverse_reaction,True,False,10,7,9c5f18b5-9491-4cb2-9eba-9a0d2462f8bb,0.585093080997467,False,23.75920000122278
transfusion-retrieval-v3,sha256:5fc6a9a0d5ff5721954fad8f2855c204301e59ef0b28a91d8d9bdbaf48cb659b,4,chromadb,TP034,adverse_reaction,True,False,10,8,c141d593-8af3-43e4-b0a9-f60c7c49da12,0.585093080997467,False,23.75920000122278
transfusion-retrieval-v3,sha256:5fc6a9a0d5ff5721954fad8f2855c204301e59ef0b28a91d8d9bdbaf48cb659b,4,chromadb,TP034,adverse_reaction,True,False,10,9,cf1adf23-d1e1-4e53-990c-b241ad636d39,0.585093080997467,False,23.75920000122278
transfusion-retrieval-v3,sha256:5fc6a9a0d5ff5721954fad8f2855c204301e59ef0b28a91d8d9bdbaf48cb659b,4,chromadb,TP034,adverse_reaction,True,False,10,10,e9ad4f9e-f150-4d2b-b7cd-20a8a3327864,0.585093080997467,False,23.75920000122278
transfusion-retrieval-v3,sha256:5fc6a9a0d5ff5721954fad8f2855c204301e59ef0b28a91d8d9bdbaf48cb659b,4,chromadb,TN006,negative_out_of_scope,False,False,1,1,16efaa44-1554-4748-8407-48fac0bced94,0.5101761817932129,False,14.106999999057734
transfusion-retrieval-v3,sha256:5fc6a9a0d5ff5721954fad8f2855c204301e59ef0b28a91d8d9bdbaf48cb659b,4,chromadb,TN006,negative_out_of_scope,False,False,3,1,16efaa44-1554-4748-8407-48fac0bced94,0.5101761817932129,False,14.106999999057734
transfusion-retrieval-v3,sha256:5fc6a9a0d5ff5721954fad8f2855c204301e59ef0b28a91d8d9bdbaf48cb659b,4,chromadb,TN006,negative_out_of_scope,False,False,3,2,71d2e37c-44e2-4972-8e6b-a6449c2f8404,0.4647406339645386,False,14.106999999057734
transfusion-retrieval-v3,sha256:5fc6a9a0d5ff5721954fad8f2855c204301e59ef0b28a91d8d9bdbaf48cb659b,4,chromadb,TN006,negative_out_of_scope,False,False,3,3,63cb7040-3526-4f6f-9f88-e295bbe5edaf,0.45767754316329956,False,14.106999999057734
transfusion-retrieval-v3,sha256:5fc6a9a0d5ff5721954fad8f2855c204301e59ef0b28a91d8d9bdbaf48cb659b,4,chromadb,TN006,negative_out_of_scope,False,False,5,1,16efaa44-1554-4748-8407-48fac0bced94,0.5101761817932129,False,14.106999999057734
transfusion-retrieval-v3,sha256:5fc6a9a0d5ff5721954fad8f2855c204301e59ef0b28a91d8d9bdbaf48cb659b,4,chromadb,TN006,negative_out_of_scope,False,False,5,2,71d2e37c-44e2-4972-8e6b-a6449c2f8404,0.4647406339645386,False,14.106999999057734
transfusion-retrieval-v3,sha256:5fc6a9a0d5ff5721954fad8f2855c204301e59ef0b28a91d8d9bdbaf48cb659b,4,chromadb,TN006,negative_out_of_scope,False,False,5,3,63cb7040-3526-4f6f-9f88-e295bbe5edaf,0.45767754316329956,False,14.106999999057734
transfusion-retrieval-v3,sha256:5fc6a9a0d5ff5721954fad8f2855c204301e59ef0b28a91d8d9bdbaf48cb659b,4,chromadb,TN006,negative_out_of_scope,False,False,5,4,59d57c8a-c9d7-4f8d-b9a1-a2816f1f01f7,0.4253125786781311,False,14.106999999057734
transfusion-retrieval-v3,sha256:5fc6a9a0d5ff5721954fad8f2855c204301e59ef0b28a91d8d9bdbaf48cb659b,4,chromadb,TN006,negative_out_of_scope,False,False,5,5,4797ba3b-c3d9-4d11-be5f-86db44dbda83,0.4104548692703247,False,14.106999999057734
transfusion-retrieval-v3,sha256:5fc6a9a0d5ff5721954fad8f2855c204301e59ef0b28a91d8d9bdbaf48cb659b,4,chromadb,TN006,negative_out_of_scope,False,False,10,1,16efaa44-1554-4748-8407-48fac0bced94,0.5101761817932129,False,14.106999999057734
transfusion-retrieval-v3,sha256:5fc6a9a0d5ff5721954fad8f2855c204301e59ef0b28a91d8d9bdbaf48cb659b,4,chromadb,TN006,negative_out_of_scope,False,False,10,2,71d2e37c-44e2-4972-8e6b-a6449c2f8404,0.4647406339645386,False,14.106999999057734
transfusion-retrieval-v3,sha256:5fc6a9a0d5ff5721954fad8f2855c204301e59ef0b28a91d8d9bdbaf48cb659b,4,chromadb,TN006,negative_out_of_scope,False,False,10,3,63cb7040-3526-4f6f-9f88-e295bbe5edaf,0.45767754316329956,False,14.106999999057734
transfusion-retrieval-v3,sha256:5fc6a9a0d5ff5721954fad8f2855c204301e59ef0b28a91d8d9bdbaf48cb659b,4,chromadb,TN006,negative_out_of_scope,False,False,10,4,59d57c8a-c9d7-4f8d-b9a1-a2816f1f01f7,0.4253125786781311,False,14.106999999057734
transfusion-retrieval-v3,sha256:5fc6a9a0d5ff5721954fad8f2855c204301e59ef0b28a91d8d9bdbaf48cb659b,4,chromadb,TN006,negative_out_of_scope,False,False,10,5,4797ba3b-c3d9-4d11-be5f-86db44dbda83,0.4104548692703247,False,14.106999999057734
transfusion-retrieval-v3,sha256:5fc6a9a0d5ff5721954fad8f2855c204301e59ef0b28a91d8d9bdbaf48cb659b,4,chromadb,TN006,negative_out_of_scope,False,False,10,6,a7cf71a5-8426-4d7c-8106-e0754e7cb4bf,0.39823490381240845,False,14.106999999057734
transfusion-retrieval-v3,sha256:5fc6a9a0d5ff5721954fad8f2855c204301e59ef0b28a91d8d9bdbaf48cb659b,4,chromadb,TN006,negative_out_of_scope,False,False,10,7,da79aa00-567d-434c-8441-915ac080f918,0.3960699439048767,False,14.106999999057734
transfusion-retrieval-v3,sha256:5fc6a9a0d5ff5721954fad8f2855c204301e59ef0b28a91d8d9bdbaf48cb659b,4,chromadb,TN006,negative_out_of_scope,False,False,10,8,8939253d-3272-4915-8c2b-c60062aeb818,0.3960152864456177,False,14.106999999057734
transfusion-retrieval-v3,sha256:5fc6a9a0d5ff5721954fad8f2855c204301e59ef0b28a91d8d9bdbaf48cb659b,4,chromadb,TN006,negative_out_of_scope,False,False,10,9,919e93ca-fed9-4dde-b9b8-f870e207a3f3,0.39489567279815674,False,14.106999999057734
transfusion-retrieval-v3,sha256:5fc6a9a0d5ff5721954fad8f2855c204301e59ef0b28a91d8d9bdbaf48cb659b,4,chromadb,TN006,negative_out_of_scope,False,False,10,10,15e829a9-a475-429d-b0e3-5c34bfbd3ab7,0.38540351390838623,False,14.106999999057734
transfusion-retrieval-v3,sha256:5fc6a9a0d5ff5721954fad8f2855c204301e59ef0b28a91d8d9bdbaf48cb659b,4,chromadb,TN007,negative_out_of_scope,False,False,1,1,63cb7040-3526-4f6f-9f88-e295bbe5edaf,0.6090552806854248,False,12.412500000209548
transfusion-retrieval-v3,sha256:5fc6a9a0d5ff5721954fad8f2855c204301e59ef0b28a91d8d9bdbaf48cb659b,4,chromadb,TN007,negative_out_of_scope,False,False,3,1,63cb7040-3526-4f6f-9f88-e295bbe5edaf,0.6090552806854248,False,12.412500000209548
transfusion-retrieval-v3,sha256:5fc6a9a0d5ff5721954fad8f2855c204301e59ef0b28a91d8d9bdbaf48cb659b,4,chromadb,TN007,negative_out_of_scope,False,False,3,2,4797ba3b-c3d9-4d11-be5f-86db44dbda83,0.5953038930892944,False,12.412500000209548
transfusion-retrieval-v3,sha256:5fc6a9a0d5ff5721954fad8f2855c204301e59ef0b28a91d8d9bdbaf48cb659b,4,chromadb,TN007,negative_out_of_scope,False,False,3,3,602c933f-0b8f-4533-87a5-f27ecd5f2af9,0.5388196706771851,False,12.412500000209548
transfusion-retrieval-v3,sha256:5fc6a9a0d5ff5721954fad8f2855c204301e59ef0b28a91d8d9bdbaf48cb659b,4,chromadb,TN007,negative_out_of_scope,False,False,5,1,63cb7040-3526-4f6f-9f88-e295bbe5edaf,0.6090552806854248,False,12.412500000209548
transfusion-retrieval-v3,sha256:5fc6a9a0d5ff5721954fad8f2855c204301e59ef0b28a91d8d9bdbaf48cb659b,4,chromadb,TN007,negative_out_of_scope,False,False,5,2,4797ba3b-c3d9-4d11-be5f-86db44dbda83,0.5953038930892944,False,12.412500000209548
transfusion-retrieval-v3,sha256:5fc6a9a0d5ff5721954fad8f2855c204301e59ef0b28a91d8d9bdbaf48cb659b,4,chromadb,TN007,negative_out_of_scope,False,False,5,3,602c933f-0b8f-4533-87a5-f27ecd5f2af9,0.5388196706771851,False,12.412500000209548
transfusion-retrieval-v3,sha256:5fc6a9a0d5ff5721954fad8f2855c204301e59ef0b28a91d8d9bdbaf48cb659b,4,chromadb,TN007,negative_out_of_scope,False,False,5,4,761b9529-5b18-4262-8174-6062c35fb31c,0.5152586698532104,False,12.412500000209548
transfusion-retrieval-v3,sha256:5fc6a9a0d5ff5721954fad8f2855c204301e59ef0b28a91d8d9bdbaf48cb659b,4,chromadb,TN007,negative_out_of_scope,False,False,5,5,16efaa44-1554-4748-8407-48fac0bced94,0.49765944480895996,False,12.412500000209548
transfusion-retrieval-v3,sha256:5fc6a9a0d5ff5721954fad8f2855c204301e59ef0b28a91d8d9bdbaf48cb659b,4,chromadb,TN007,negative_out_of_scope,False,False,10,1,63cb7040-3526-4f6f-9f88-e295bbe5edaf,0.6090552806854248,False,12.412500000209548
transfusion-retrieval-v3,sha256:5fc6a9a0d5ff5721954fad8f2855c204301e59ef0b28a91d8d9bdbaf48cb659b,4,chromadb,TN007,negative_out_of_scope,False,False,10,2,4797ba3b-c3d9-4d11-be5f-86db44dbda83,0.5953038930892944,False,12.412500000209548
transfusion-retrieval-v3,sha256:5fc6a9a0d5ff5721954fad8f2855c204301e59ef0b28a91d8d9bdbaf48cb659b,4,chromadb,TN007,negative_out_of_scope,False,False,10,3,602c933f-0b8f-4533-87a5-f27ecd5f2af9,0.5388196706771851,False,12.412500000209548
transfusion-retrieval-v3,sha256:5fc6a9a0d5ff5721954fad8f2855c204301e59ef0b28a91d8d9bdbaf48cb659b,4,chromadb,TN007,negative_out_of_scope,False,False,10,4,761b9529-5b18-4262-8174-6062c35fb31c,0.5152586698532104,False,12.412500000209548
transfusion-retrieval-v3,sha256:5fc6a9a0d5ff5721954fad8f2855c204301e59ef0b28a91d8d9bdbaf48cb659b,4,chromadb,TN007,negative_out_of_scope,False,False,10,5,16efaa44-1554-4748-8407-48fac0bced94,0.49765944480895996,False,12.412500000209548
transfusion-retrieval-v3,sha256:5fc6a9a0d5ff5721954fad8f2855c204301e59ef0b28a91d8d9bdbaf48cb659b,4,chromadb,TN007,negative_out_of_scope,False,False,10,6,fbb0340e-b19d-43c3-a23a-5ee07899e8cd,0.4918023347854614,False,12.412500000209548
transfusion-retrieval-v3,sha256:5fc6a9a0d5ff5721954fad8f2855c204301e59ef0b28a91d8d9bdbaf48cb659b,4,chromadb,TN007,negative_out_of_scope,False,False,10,7,e4892114-b8eb-4f39-a7c4-427217039236,0.4918023347854614,False,12.412500000209548
transfusion-retrieval-v3,sha256:5fc6a9a0d5ff5721954fad8f2855c204301e59ef0b28a91d8d9bdbaf48cb659b,4,chromadb,TN007,negative_out_of_scope,False,False,10,8,c141d593-8af3-43e4-b0a9-f60c7c49da12,0.4918023347854614,False,12.412500000209548
transfusion-retrieval-v3,sha256:5fc6a9a0d5ff5721954fad8f2855c204301e59ef0b28a91d8d9bdbaf48cb659b,4,chromadb,TN007,negative_out_of_scope,False,False,10,9,635840ee-2aa9-43b0-86b4-74229536c495,0.4918023347854614,False,12.412500000209548
transfusion-retrieval-v3,sha256:5fc6a9a0d5ff5721954fad8f2855c204301e59ef0b28a91d8d9bdbaf48cb659b,4,chromadb,TN007,negative_out_of_scope,False,False,10,10,e9ad4f9e-f150-4d2b-b7cd-20a8a3327864,0.4918023347854614,False,12.412500000209548
transfusion-retrieval-v3,sha256:5fc6a9a0d5ff5721954fad8f2855c204301e59ef0b28a91d8d9bdbaf48cb659b,4,chromadb,TN008,negative_out_of_scope,False,False,1,1,64fa07b8-63c3-43c8-899e-5bd6282225ed,0.24268746376037598,False,14.94040000034147
transfusion-retrieval-v3,sha256:5fc6a9a0d5ff5721954fad8f2855c204301e59ef0b28a91d8d9bdbaf48cb659b,4,chromadb,TN008,negative_out_of_scope,False,False,3,1,64fa07b8-63c3-43c8-899e-5bd6282225ed,0.24268746376037598,False,14.94040000034147
transfusion-retrieval-v3,sha256:5fc6a9a0d5ff5721954fad8f2855c204301e59ef0b28a91d8d9bdbaf48cb659b,4,chromadb,TN008,negative_out_of_scope,False,False,3,2,f1611d72-8c47-41f8-bfee-99d5ffdfe12a,0.18530070781707764,False,14.94040000034147
transfusion-retrieval-v3,sha256:5fc6a9a0d5ff5721954fad8f2855c204301e59ef0b28a91d8d9bdbaf48cb659b,4,chromadb,TN008,negative_out_of_scope,False,False,3,3,16efaa44-1554-4748-8407-48fac0bced94,0.13833630084991455,False,14.94040000034147
transfusion-retrieval-v3,sha256:5fc6a9a0d5ff5721954fad8f2855c204301e59ef0b28a91d8d9bdbaf48cb659b,4,chromadb,TN008,negative_out_of_scope,False,False,5,1,64fa07b8-63c3-43c8-899e-5bd6282225ed,0.24268746376037598,False,14.94040000034147
transfusion-retrieval-v3,sha256:5fc6a9a0d5ff5721954fad8f2855c204301e59ef0b28a91d8d9bdbaf48cb659b,4,chromadb,TN008,negative_out_of_scope,False,False,5,2,f1611d72-8c47-41f8-bfee-99d5ffdfe12a,0.18530070781707764,False,14.94040000034147
transfusion-retrieval-v3,sha256:5fc6a9a0d5ff5721954fad8f2855c204301e59ef0b28a91d8d9bdbaf48cb659b,4,chromadb,TN008,negative_out_of_scope,False,False,5,3,16efaa44-1554-4748-8407-48fac0bced94,0.13833630084991455,False,14.94040000034147
transfusion-retrieval-v3,sha256:5fc6a9a0d5ff5721954fad8f2855c204301e59ef0b28a91d8d9bdbaf48cb659b,4,chromadb,TN008,negative_out_of_scope,False,False,5,4,2cea4ea7-7aaf-4c54-ac4e-b660de52065d,0.12004750967025757,False,14.94040000034147
transfusion-retrieval-v3,sha256:5fc6a9a0d5ff5721954fad8f2855c204301e59ef0b28a91d8d9bdbaf48cb659b,4,chromadb,TN008,negative_out_of_scope,False,False,5,5,63cb7040-3526-4f6f-9f88-e295bbe5edaf,0.08944445848464966,False,14.94040000034147
transfusion-retrieval-v3,sha256:5fc6a9a0d5ff5721954fad8f2855c204301e59ef0b28a91d8d9bdbaf48cb659b,4,chromadb,TN008,negative_out_of_scope,False,False,10,1,64fa07b8-63c3-43c8-899e-5bd6282225ed,0.24268746376037598,False,14.94040000034147
transfusion-retrieval-v3,sha256:5fc6a9a0d5ff5721954fad8f2855c204301e59ef0b28a91d8d9bdbaf48cb659b,4,chromadb,TN008,negative_out_of_scope,False,False,10,2,f1611d72-8c47-41f8-bfee-99d5ffdfe12a,0.18530070781707764,False,14.94040000034147
transfusion-retrieval-v3,sha256:5fc6a9a0d5ff5721954fad8f2855c204301e59ef0b28a91d8d9bdbaf48cb659b,4,chromadb,TN008,negative_out_of_scope,False,False,10,3,16efaa44-1554-4748-8407-48fac0bced94,0.13833630084991455,False,14.94040000034147
transfusion-retrieval-v3,sha256:5fc6a9a0d5ff5721954fad8f2855c204301e59ef0b28a91d8d9bdbaf48cb659b,4,chromadb,TN008,negative_out_of_scope,False,False,10,4,2cea4ea7-7aaf-4c54-ac4e-b660de52065d,0.12004750967025757,False,14.94040000034147
transfusion-retrieval-v3,sha256:5fc6a9a0d5ff5721954fad8f2855c204301e59ef0b28a91d8d9bdbaf48cb659b,4,chromadb,TN008,negative_out_of_scope,False,False,10,5,63cb7040-3526-4f6f-9f88-e295bbe5edaf,0.08944445848464966,False,14.94040000034147
transfusion-retrieval-v3,sha256:5fc6a9a0d5ff5721954fad8f2855c204301e59ef0b28a91d8d9bdbaf48cb659b,4,chromadb,TN008,negative_out_of_scope,False,False,10,6,21efe016-3004-45f3-a070-29ce2ecb0019,0.07250845432281494,False,14.94040000034147
transfusion-retrieval-v3,sha256:5fc6a9a0d5ff5721954fad8f2855c204301e59ef0b28a91d8d9bdbaf48cb659b,4,chromadb,TN008,negative_out_of_scope,False,False,10,7,84c0a864-176f-4776-a15e-167fc2518e5d,0.06782633066177368,False,14.94040000034147
transfusion-retrieval-v3,sha256:5fc6a9a0d5ff5721954fad8f2855c204301e59ef0b28a91d8d9bdbaf48cb659b,4,chromadb,TN008,negative_out_of_scope,False,False,10,8,b7876bcb-b1d0-409a-831d-45e59e35a44e,0.06748712062835693,False,14.94040000034147
transfusion-retrieval-v3,sha256:5fc6a9a0d5ff5721954fad8f2855c204301e59ef0b28a91d8d9bdbaf48cb659b,4,chromadb,TN008,negative_out_of_scope,False,False,10,9,22e6c188-2e4c-4029-b200-7770a3f00e6e,0.06539243459701538,False,14.94040000034147
transfusion-retrieval-v3,sha256:5fc6a9a0d5ff5721954fad8f2855c204301e59ef0b28a91d8d9bdbaf48cb659b,4,chromadb,TN008,negative_out_of_scope,False,False,10,10,ee8c2027-ad6d-4bb7-8077-5e4c42be1cc3,0.06067627668380737,False,14.94040000034147
transfusion-retrieval-v3,sha256:5fc6a9a0d5ff5721954fad8f2855c204301e59ef0b28a91d8d9bdbaf48cb659b,4,chromadb,TN009,negative_out_of_scope,False,False,1,1,63cb7040-3526-4f6f-9f88-e295bbe5edaf,0.6284133195877075,False,14.062399999602349
transfusion-retrieval-v3,sha256:5fc6a9a0d5ff5721954fad8f2855c204301e59ef0b28a91d8d9bdbaf48cb659b,4,chromadb,TN009,negative_out_of_scope,False,False,3,1,63cb7040-3526-4f6f-9f88-e295bbe5edaf,0.6284133195877075,False,14.062399999602349
transfusion-retrieval-v3,sha256:5fc6a9a0d5ff5721954fad8f2855c204301e59ef0b28a91d8d9bdbaf48cb659b,4,chromadb,TN009,negative_out_of_scope,False,False,3,2,fb4884e3-8fea-42fa-b996-7e9c333e7fef,0.5406640768051147,False,14.062399999602349
transfusion-retrieval-v3,sha256:5fc6a9a0d5ff5721954fad8f2855c204301e59ef0b28a91d8d9bdbaf48cb659b,4,chromadb,TN009,negative_out_of_scope,False,False,3,3,eeb8db46-f757-41f1-9ca5-c022f3d4ea3e,0.5406640768051147,False,14.062399999602349
transfusion-retrieval-v3,sha256:5fc6a9a0d5ff5721954fad8f2855c204301e59ef0b28a91d8d9bdbaf48cb659b,4,chromadb,TN009,negative_out_of_scope,False,False,5,1,63cb7040-3526-4f6f-9f88-e295bbe5edaf,0.6284133195877075,False,14.062399999602349
transfusion-retrieval-v3,sha256:5fc6a9a0d5ff5721954fad8f2855c204301e59ef0b28a91d8d9bdbaf48cb659b,4,chromadb,TN009,negative_out_of_scope,False,False,5,2,fb4884e3-8fea-42fa-b996-7e9c333e7fef,0.5406640768051147,False,14.062399999602349
transfusion-retrieval-v3,sha256:5fc6a9a0d5ff5721954fad8f2855c204301e59ef0b28a91d8d9bdbaf48cb659b,4,chromadb,TN009,negative_out_of_scope,False,False,5,3,eeb8db46-f757-41f1-9ca5-c022f3d4ea3e,0.5406640768051147,False,14.062399999602349
transfusion-retrieval-v3,sha256:5fc6a9a0d5ff5721954fad8f2855c204301e59ef0b28a91d8d9bdbaf48cb659b,4,chromadb,TN009,negative_out_of_scope,False,False,5,4,17e22a4e-78d9-4607-b75b-151e52cc4d20,0.5406640768051147,False,14.062399999602349
transfusion-retrieval-v3,sha256:5fc6a9a0d5ff5721954fad8f2855c204301e59ef0b28a91d8d9bdbaf48cb659b,4,chromadb,TN009,negative_out_of_scope,False,False,5,5,fbb0340e-b19d-43c3-a23a-5ee07899e8cd,0.5406640768051147,False,14.062399999602349
transfusion-retrieval-v3,sha256:5fc6a9a0d5ff5721954fad8f2855c204301e59ef0b28a91d8d9bdbaf48cb659b,4,chromadb,TN009,negative_out_of_scope,False,False,10,1,63cb7040-3526-4f6f-9f88-e295bbe5edaf,0.6284133195877075,False,14.062399999602349
transfusion-retrieval-v3,sha256:5fc6a9a0d5ff5721954fad8f2855c204301e59ef0b28a91d8d9bdbaf48cb659b,4,chromadb,TN009,negative_out_of_scope,False,False,10,2,fb4884e3-8fea-42fa-b996-7e9c333e7fef,0.5406640768051147,False,14.062399999602349
transfusion-retrieval-v3,sha256:5fc6a9a0d5ff5721954fad8f2855c204301e59ef0b28a91d8d9bdbaf48cb659b,4,chromadb,TN009,negative_out_of_scope,False,False,10,3,eeb8db46-f757-41f1-9ca5-c022f3d4ea3e,0.5406640768051147,False,14.062399999602349
transfusion-retrieval-v3,sha256:5fc6a9a0d5ff5721954fad8f2855c204301e59ef0b28a91d8d9bdbaf48cb659b,4,chromadb,TN009,negative_out_of_scope,False,False,10,4,17e22a4e-78d9-4607-b75b-151e52cc4d20,0.5406640768051147,False,14.062399999602349
transfusion-retrieval-v3,sha256:5fc6a9a0d5ff5721954fad8f2855c204301e59ef0b28a91d8d9bdbaf48cb659b,4,chromadb,TN009,negative_out_of_scope,False,False,10,5,fbb0340e-b19d-43c3-a23a-5ee07899e8cd,0.5406640768051147,False,14.062399999602349
transfusion-retrieval-v3,sha256:5fc6a9a0d5ff5721954fad8f2855c204301e59ef0b28a91d8d9bdbaf48cb659b,4,chromadb,TN009,negative_out_of_scope,False,False,10,6,9c5f18b5-9491-4cb2-9eba-9a0d2462f8bb,0.5406640768051147,False,14.062399999602349
transfusion-retrieval-v3,sha256:5fc6a9a0d5ff5721954fad8f2855c204301e59ef0b28a91d8d9bdbaf48cb659b,4,chromadb,TN009,negative_out_of_scope,False,False,10,7,c141d593-8af3-43e4-b0a9-f60c7c49da12,0.5406640768051147,False,14.062399999602349
transfusion-retrieval-v3,sha256:5fc6a9a0d5ff5721954fad8f2855c204301e59ef0b28a91d8d9bdbaf48cb659b,4,chromadb,TN009,negative_out_of_scope,False,False,10,8,635840ee-2aa9-43b0-86b4-74229536c495,0.5406640768051147,False,14.062399999602349
transfusion-retrieval-v3,sha256:5fc6a9a0d5ff5721954fad8f2855c204301e59ef0b28a91d8d9bdbaf48cb659b,4,chromadb,TN009,negative_out_of_scope,False,False,10,9,756d12b3-7bab-48b3-86c9-f2911e308f0e,0.5406640768051147,False,14.062399999602349
transfusion-retrieval-v3,sha256:5fc6a9a0d5ff5721954fad8f2855c204301e59ef0b28a91d8d9bdbaf48cb659b,4,chromadb,TN009,negative_out_of_scope,False,False,10,10,e9ad4f9e-f150-4d2b-b7cd-20a8a3327864,0.5406640768051147,False,14.062399999602349
transfusion-retrieval-v3,sha256:5fc6a9a0d5ff5721954fad8f2855c204301e59ef0b28a91d8d9bdbaf48cb659b,4,chromadb,TN010,negative_out_of_scope,False,False,1,1,eeb8db46-f757-41f1-9ca5-c022f3d4ea3e,0.4333561062812805,False,13.929900000221096
transfusion-retrieval-v3,sha256:5fc6a9a0d5ff5721954fad8f2855c204301e59ef0b28a91d8d9bdbaf48cb659b,4,chromadb,TN010,negative_out_of_scope,False,False,3,1,eeb8db46-f757-41f1-9ca5-c022f3d4ea3e,0.4333561062812805,False,13.929900000221096
transfusion-retrieval-v3,sha256:5fc6a9a0d5ff5721954fad8f2855c204301e59ef0b28a91d8d9bdbaf48cb659b,4,chromadb,TN010,negative_out_of_scope,False,False,3,2,17e22a4e-78d9-4607-b75b-151e52cc4d20,0.4333561062812805,False,13.929900000221096
transfusion-retrieval-v3,sha256:5fc6a9a0d5ff5721954fad8f2855c204301e59ef0b28a91d8d9bdbaf48cb659b,4,chromadb,TN010,negative_out_of_scope,False,False,3,3,fbb0340e-b19d-43c3-a23a-5ee07899e8cd,0.4333561062812805,False,13.929900000221096
transfusion-retrieval-v3,sha256:5fc6a9a0d5ff5721954fad8f2855c204301e59ef0b28a91d8d9bdbaf48cb659b,4,chromadb,TN010,negative_out_of_scope,False,False,5,1,eeb8db46-f757-41f1-9ca5-c022f3d4ea3e,0.4333561062812805,False,13.929900000221096
transfusion-retrieval-v3,sha256:5fc6a9a0d5ff5721954fad8f2855c204301e59ef0b28a91d8d9bdbaf48cb659b,4,chromadb,TN010,negative_out_of_scope,False,False,5,2,17e22a4e-78d9-4607-b75b-151e52cc4d20,0.4333561062812805,False,13.929900000221096
transfusion-retrieval-v3,sha256:5fc6a9a0d5ff5721954fad8f2855c204301e59ef0b28a91d8d9bdbaf48cb659b,4,chromadb,TN010,negative_out_of_scope,False,False,5,3,fbb0340e-b19d-43c3-a23a-5ee07899e8cd,0.4333561062812805,False,13.929900000221096
transfusion-retrieval-v3,sha256:5fc6a9a0d5ff5721954fad8f2855c204301e59ef0b28a91d8d9bdbaf48cb659b,4,chromadb,TN010,negative_out_of_scope,False,False,5,4,e4892114-b8eb-4f39-a7c4-427217039236,0.4333561062812805,False,13.929900000221096
transfusion-retrieval-v3,sha256:5fc6a9a0d5ff5721954fad8f2855c204301e59ef0b28a91d8d9bdbaf48cb659b,4,chromadb,TN010,negative_out_of_scope,False,False,5,5,9c5f18b5-9491-4cb2-9eba-9a0d2462f8bb,0.4333561062812805,False,13.929900000221096
transfusion-retrieval-v3,sha256:5fc6a9a0d5ff5721954fad8f2855c204301e59ef0b28a91d8d9bdbaf48cb659b,4,chromadb,TN010,negative_out_of_scope,False,False,10,1,eeb8db46-f757-41f1-9ca5-c022f3d4ea3e,0.4333561062812805,False,13.929900000221096
transfusion-retrieval-v3,sha256:5fc6a9a0d5ff5721954fad8f2855c204301e59ef0b28a91d8d9bdbaf48cb659b,4,chromadb,TN010,negative_out_of_scope,False,False,10,2,17e22a4e-78d9-4607-b75b-151e52cc4d20,0.4333561062812805,False,13.929900000221096
transfusion-retrieval-v3,sha256:5fc6a9a0d5ff5721954fad8f2855c204301e59ef0b28a91d8d9bdbaf48cb659b,4,chromadb,TN010,negative_out_of_scope,False,False,10,3,fbb0340e-b19d-43c3-a23a-5ee07899e8cd,0.4333561062812805,False,13.929900000221096
transfusion-retrieval-v3,sha256:5fc6a9a0d5ff5721954fad8f2855c204301e59ef0b28a91d8d9bdbaf48cb659b,4,chromadb,TN010,negative_out_of_scope,False,False,10,4,e4892114-b8eb-4f39-a7c4-427217039236,0.4333561062812805,False,13.929900000221096
transfusion-retrieval-v3,sha256:5fc6a9a0d5ff5721954fad8f2855c204301e59ef0b28a91d8d9bdbaf48cb659b,4,chromadb,TN010,negative_out_of_scope,False,False,10,5,9c5f18b5-9491-4cb2-9eba-9a0d2462f8bb,0.4333561062812805,False,13.929900000221096
transfusion-retrieval-v3,sha256:5fc6a9a0d5ff5721954fad8f2855c204301e59ef0b28a91d8d9bdbaf48cb659b,4,chromadb,TN010,negative_out_of_scope,False,False,10,6,c141d593-8af3-43e4-b0a9-f60c7c49da12,0.4333561062812805,False,13.929900000221096
transfusion-retrieval-v3,sha256:5fc6a9a0d5ff5721954fad8f2855c204301e59ef0b28a91d8d9bdbaf48cb659b,4,chromadb,TN010,negative_out_of_scope,False,False,10,7,635840ee-2aa9-43b0-86b4-74229536c495,0.4333561062812805,False,13.929900000221096
transfusion-retrieval-v3,sha256:5fc6a9a0d5ff5721954fad8f2855c204301e59ef0b28a91d8d9bdbaf48cb659b,4,chromadb,TN010,negative_out_of_scope,False,False,10,8,cf1adf23-d1e1-4e53-990c-b241ad636d39,0.4333561062812805,False,13.929900000221096
transfusion-retrieval-v3,sha256:5fc6a9a0d5ff5721954fad8f2855c204301e59ef0b28a91d8d9bdbaf48cb659b,4,chromadb,TN010,negative_out_of_scope,False,False,10,9,756d12b3-7bab-48b3-86c9-f2911e308f0e,0.4333561062812805,False,13.929900000221096
transfusion-retrieval-v3,sha256:5fc6a9a0d5ff5721954fad8f2855c204301e59ef0b28a91d8d9bdbaf48cb659b,4,chromadb,TN010,negative_out_of_scope,False,False,10,10,e9ad4f9e-f150-4d2b-b7cd-20a8a3327864,0.4333561062812805,False,13.929900000221096
transfusion-retrieval-v3,sha256:5fc6a9a0d5ff5721954fad8f2855c204301e59ef0b28a91d8d9bdbaf48cb659b,4,chromadb,TN011,negative_out_of_scope,False,False,1,1,16efaa44-1554-4748-8407-48fac0bced94,0.7734647989273071,False,15.260999998645275
transfusion-retrieval-v3,sha256:5fc6a9a0d5ff5721954fad8f2855c204301e59ef0b28a91d8d9bdbaf48cb659b,4,chromadb,TN011,negative_out_of_scope,False,False,3,1,16efaa44-1554-4748-8407-48fac0bced94,0.7734647989273071,False,15.260999998645275
transfusion-retrieval-v3,sha256:5fc6a9a0d5ff5721954fad8f2855c204301e59ef0b28a91d8d9bdbaf48cb659b,4,chromadb,TN011,negative_out_of_scope,False,False,3,2,63cb7040-3526-4f6f-9f88-e295bbe5edaf,0.6852818727493286,False,15.260999998645275
transfusion-retrieval-v3,sha256:5fc6a9a0d5ff5721954fad8f2855c204301e59ef0b28a91d8d9bdbaf48cb659b,4,chromadb,TN011,negative_out_of_scope,False,False,3,3,8f3ed830-3a06-41c6-8b06-cfcf6d36a83c,0.6754006743431091,False,15.260999998645275
transfusion-retrieval-v3,sha256:5fc6a9a0d5ff5721954fad8f2855c204301e59ef0b28a91d8d9bdbaf48cb659b,4,chromadb,TN011,negative_out_of_scope,False,False,5,1,16efaa44-1554-4748-8407-48fac0bced94,0.7734647989273071,False,15.260999998645275
transfusion-retrieval-v3,sha256:5fc6a9a0d5ff5721954fad8f2855c204301e59ef0b28a91d8d9bdbaf48cb659b,4,chromadb,TN011,negative_out_of_scope,False,False,5,2,63cb7040-3526-4f6f-9f88-e295bbe5edaf,0.6852818727493286,False,15.260999998645275
transfusion-retrieval-v3,sha256:5fc6a9a0d5ff5721954fad8f2855c204301e59ef0b28a91d8d9bdbaf48cb659b,4,chromadb,TN011,negative_out_of_scope,False,False,5,3,8f3ed830-3a06-41c6-8b06-cfcf6d36a83c,0.6754006743431091,False,15.260999998645275
transfusion-retrieval-v3,sha256:5fc6a9a0d5ff5721954fad8f2855c204301e59ef0b28a91d8d9bdbaf48cb659b,4,chromadb,TN011,negative_out_of_scope,False,False,5,4,10537058-d160-4786-a6cf-95de46d7189c,0.6505284905433655,False,15.260999998645275
transfusion-retrieval-v3,sha256:5fc6a9a0d5ff5721954fad8f2855c204301e59ef0b28a91d8d9bdbaf48cb659b,4,chromadb,TN011,negative_out_of_scope,False,False,5,5,602c933f-0b8f-4533-87a5-f27ecd5f2af9,0.632306694984436,False,15.260999998645275
transfusion-retrieval-v3,sha256:5fc6a9a0d5ff5721954fad8f2855c204301e59ef0b28a91d8d9bdbaf48cb659b,4,chromadb,TN011,negative_out_of_scope,False,False,10,1,16efaa44-1554-4748-8407-48fac0bced94,0.7734647989273071,False,15.260999998645275
transfusion-retrieval-v3,sha256:5fc6a9a0d5ff5721954fad8f2855c204301e59ef0b28a91d8d9bdbaf48cb659b,4,chromadb,TN011,negative_out_of_scope,False,False,10,2,63cb7040-3526-4f6f-9f88-e295bbe5edaf,0.6852818727493286,False,15.260999998645275
transfusion-retrieval-v3,sha256:5fc6a9a0d5ff5721954fad8f2855c204301e59ef0b28a91d8d9bdbaf48cb659b,4,chromadb,TN011,negative_out_of_scope,False,False,10,3,8f3ed830-3a06-41c6-8b06-cfcf6d36a83c,0.6754006743431091,False,15.260999998645275
transfusion-retrieval-v3,sha256:5fc6a9a0d5ff5721954fad8f2855c204301e59ef0b28a91d8d9bdbaf48cb659b,4,chromadb,TN011,negative_out_of_scope,False,False,10,4,10537058-d160-4786-a6cf-95de46d7189c,0.6505284905433655,False,15.260999998645275
transfusion-retrieval-v3,sha256:5fc6a9a0d5ff5721954fad8f2855c204301e59ef0b28a91d8d9bdbaf48cb659b,4,chromadb,TN011,negative_out_of_scope,False,False,10,5,602c933f-0b8f-4533-87a5-f27ecd5f2af9,0.632306694984436,False,15.260999998645275
transfusion-retrieval-v3,sha256:5fc6a9a0d5ff5721954fad8f2855c204301e59ef0b28a91d8d9bdbaf48cb659b,4,chromadb,TN011,negative_out_of_scope,False,False,10,6,761b9529-5b18-4262-8174-6062c35fb31c,0.6043331027030945,False,15.260999998645275
transfusion-retrieval-v3,sha256:5fc6a9a0d5ff5721954fad8f2855c204301e59ef0b28a91d8d9bdbaf48cb659b,4,chromadb,TN011,negative_out_of_scope,False,False,10,7,eda54b74-cd2f-4808-8175-bcc5b916ce90,0.5907310247421265,False,15.260999998645275
transfusion-retrieval-v3,sha256:5fc6a9a0d5ff5721954fad8f2855c204301e59ef0b28a91d8d9bdbaf48cb659b,4,chromadb,TN011,negative_out_of_scope,False,False,10,8,66dba192-bac5-4b3a-bd4d-77e9eacb4192,0.5830906629562378,False,15.260999998645275
transfusion-retrieval-v3,sha256:5fc6a9a0d5ff5721954fad8f2855c204301e59ef0b28a91d8d9bdbaf48cb659b,4,chromadb,TN011,negative_out_of_scope,False,False,10,9,cfff9bf0-05e4-4179-a793-f3c705d04812,0.5797793865203857,False,15.260999998645275
transfusion-retrieval-v3,sha256:5fc6a9a0d5ff5721954fad8f2855c204301e59ef0b28a91d8d9bdbaf48cb659b,4,chromadb,TN011,negative_out_of_scope,False,False,10,10,7e5199d4-e5c9-40ca-a69f-ea37f52c6ce3,0.566204845905304,False,15.260999998645275
