retriever,question_id,question_type,rank,retrieved_chunk_id,score,is_gold,latency_ms
bm25_current,TF001,fact_specific,1,c78ff32d-ea17-41fd-98ef-2e8872f01df3,4.710935592651367,True,1.2493999993239413
bm25_current,TF001,fact_specific,2,9131e9a9-eff3-4f4e-a20b-4bdd456c35bc,4.693674087524414,False,1.2493999993239413
bm25_current,TF001,fact_specific,3,b0b5bc4f-7d0b-4f56-8e37-84178d38637d,4.191636085510254,False,1.2493999993239413
bm25_current,TF001,fact_specific,4,48b9789d-5088-4ba1-a82a-be3a6396ce85,3.7632017135620117,False,1.2493999993239413
bm25_current,TF001,fact_specific,5,919e93ca-fed9-4dde-b9b8-f870e207a3f3,1.8727848529815674,False,1.2493999993239413
bm25_current,TF001,fact_specific,6,30ce28cb-f702-4cce-8105-137e2f73af0d,1.6620255708694458,False,1.2493999993239413
bm25_current,TF001,fact_specific,7,22e6c188-2e4c-4029-b200-7770a3f00e6e,1.6404465436935425,False,1.2493999993239413
bm25_current,TF001,fact_specific,8,7e5199d4-e5c9-40ca-a69f-ea37f52c6ce3,0.9198150634765625,False,1.2493999993239413
bm25_current,TF001,fact_specific,9,a7cf71a5-8426-4d7c-8106-e0754e7cb4bf,0.9092135429382324,False,1.2493999993239413
bm25_current,TF001,fact_specific,10,5de4d74d-720e-4d86-a836-f946d70a2d32,0.901841402053833,False,1.2493999993239413
bm25_current,TF002,paraphrase,1,c78ff32d-ea17-41fd-98ef-2e8872f01df3,5.9642510414123535,True,1.135200000135228
bm25_current,TF002,paraphrase,2,7e5199d4-e5c9-40ca-a69f-ea37f52c6ce3,0.9198150634765625,False,1.135200000135228
bm25_current,TF002,paraphrase,3,a7cf71a5-8426-4d7c-8106-e0754e7cb4bf,0.9092135429382324,False,1.135200000135228
bm25_current,TF002,paraphrase,4,5de4d74d-720e-4d86-a836-f946d70a2d32,0.901841402053833,False,1.135200000135228
bm25_current,TF002,paraphrase,5,c404e320-0bf2-4325-be92-7a0614f201ca,0.8950620293617249,False,1.135200000135228
bm25_current,TF002,paraphrase,6,73735f01-c9d0-4dd5-8d46-c70045e4b334,0.8702232837677002,False,1.135200000135228
bm25_current,TF002,paraphrase,7,16efaa44-1554-4748-8407-48fac0bced94,0.8496715426445007,False,1.135200000135228
bm25_current,TF002,paraphrase,8,30ce28cb-f702-4cce-8105-137e2f73af0d,0.8492841124534607,False,1.135200000135228
bm25_current,TF002,paraphrase,9,22e6c188-2e4c-4029-b200-7770a3f00e6e,0.8428277373313904,False,1.135200000135228
bm25_current,TF002,paraphrase,10,70b95f72-95ec-43b5-b76f-657518103256,0.842285692691803,False,1.135200000135228
bm25_current,TF003,product_specific,1,0f6b0fc1-9d70-479f-a87d-a26e954e2adb,6.894256114959717,False,0.3942000003007706
bm25_current,TF003,product_specific,2,ba3d1d87-0c2d-4b67-a0c2-4615c8249c2a,5.875611782073975,True,0.3942000003007706
bm25_current,TF003,product_specific,3,9552a4ac-31b4-43a8-aa92-37bd3e89362a,5.7914910316467285,False,0.3942000003007706
bm25_current,TF003,product_specific,4,84c0a864-176f-4776-a15e-167fc2518e5d,4.635169506072998,False,0.3942000003007706
bm25_current,TF003,product_specific,5,324bc249-0e84-46e9-b77f-856c76cd5353,1.3938252925872803,False,0.3942000003007706
bm25_current,TF003,product_specific,6,4d18d11e-2a92-4690-8a64-46653931483e,0.8981029391288757,False,0.3942000003007706
bm25_current,TF003,product_specific,7,81a83ec4-b5d1-4305-9f44-93e5fa935ffe,0.8182902336120605,False,0.3942000003007706
bm25_current,TF003,product_specific,8,b66e5419-8a9c-47f4-866d-ebdb95b174b2,0.7539885640144348,False,0.3942000003007706
bm25_current,TF003,product_specific,9,1b376f6f-5ee5-4d05-a585-f3aa6b7ee824,0.7415080070495605,False,0.3942000003007706
bm25_current,TF003,product_specific,10,b7876bcb-b1d0-409a-831d-45e59e35a44e,0.7230057716369629,False,0.3942000003007706
bm25_current,TF004,product_specific,1,63b53156-440d-40c1-bc88-5c07c23ae77f,5.776729106903076,False,0.449799999842071
bm25_current,TF004,product_specific,2,a7cf71a5-8426-4d7c-8106-e0754e7cb4bf,4.858514785766602,False,0.449799999842071
bm25_current,TF004,product_specific,3,71d2e37c-44e2-4972-8e6b-a6449c2f8404,2.6328694820404053,False,0.449799999842071
bm25_current,TF004,product_specific,4,ffcf7308-6e83-47bc-a519-0b4b7ba44562,2.3771347999572754,True,0.449799999842071
bm25_current,TF004,product_specific,5,d3b7d61b-50f0-4b96-a770-785a9f3c3886,1.2342151403427124,False,0.449799999842071
bm25_current,TF004,product_specific,6,4d18d11e-2a92-4690-8a64-46653931483e,1.1490838527679443,False,0.449799999842071
bm25_current,TF004,product_specific,7,81a83ec4-b5d1-4305-9f44-93e5fa935ffe,1.0469669103622437,False,0.449799999842071
bm25_current,TF004,product_specific,8,7c33fbb7-e931-4f6b-9520-23875ec9ee5b,0.9736436009407043,False,0.449799999842071
bm25_current,TF004,product_specific,9,1b376f6f-5ee5-4d05-a585-f3aa6b7ee824,0.9487273693084717,False,0.449799999842071
bm25_current,TF004,product_specific,10,23c6ca0d-04bf-4081-b90a-9819029dcd73,0.9099183082580566,True,0.449799999842071
bm25_current,TF005,temporal,1,63b53156-440d-40c1-bc88-5c07c23ae77f,12.47430419921875,True,0.6978000001254259
bm25_current,TF005,temporal,2,4d18d11e-2a92-4690-8a64-46653931483e,5.7478814125061035,False,0.6978000001254259
bm25_current,TF005,temporal,3,81a83ec4-b5d1-4305-9f44-93e5fa935ffe,5.261360168457031,False,0.6978000001254259
bm25_current,TF005,temporal,4,1033ac46-dec8-493e-b577-7f5ad80f8e86,5.13101863861084,False,0.6978000001254259
bm25_current,TF005,temporal,5,09f3c6d5-9e0c-4545-960f-b16c69abbeb1,5.051819801330566,False,0.6978000001254259
bm25_current,TF005,temporal,6,1b376f6f-5ee5-4d05-a585-f3aa6b7ee824,4.790327072143555,False,0.6978000001254259
bm25_current,TF005,temporal,7,23c6ca0d-04bf-4081-b90a-9819029dcd73,4.603373050689697,False,0.6978000001254259
bm25_current,TF005,temporal,8,ba3d1d87-0c2d-4b67-a0c2-4615c8249c2a,4.5326690673828125,False,0.6978000001254259
bm25_current,TF005,temporal,9,646d4165-73db-4f69-84da-5f393cd81988,4.5326690673828125,False,0.6978000001254259
bm25_current,TF005,temporal,10,0f6b0fc1-9d70-479f-a87d-a26e954e2adb,4.430646896362305,False,0.6978000001254259
bm25_current,TF006,temporal,1,63b53156-440d-40c1-bc88-5c07c23ae77f,14.478357315063477,True,0.9949000004780828
bm25_current,TF006,temporal,2,71d2e37c-44e2-4972-8e6b-a6449c2f8404,10.167869567871094,True,0.9949000004780828
bm25_current,TF006,temporal,3,ffcf7308-6e83-47bc-a519-0b4b7ba44562,9.29672908782959,False,0.9949000004780828
bm25_current,TF006,temporal,4,3ecc27b9-634c-4026-b44e-e01123aa0467,7.5415730476379395,False,0.9949000004780828
bm25_current,TF006,temporal,5,1033ac46-dec8-493e-b577-7f5ad80f8e86,7.459507942199707,False,0.9949000004780828
bm25_current,TF006,temporal,6,09f3c6d5-9e0c-4545-960f-b16c69abbeb1,7.369272232055664,False,0.9949000004780828
bm25_current,TF006,temporal,7,4d18d11e-2a92-4690-8a64-46653931483e,6.227200031280518,False,0.9949000004780828
bm25_current,TF006,temporal,8,81a83ec4-b5d1-4305-9f44-93e5fa935ffe,5.167898654937744,False,0.9949000004780828
bm25_current,TF006,temporal,9,1b376f6f-5ee5-4d05-a585-f3aa6b7ee824,4.722105503082275,False,0.9949000004780828
bm25_current,TF006,temporal,10,23c6ca0d-04bf-4081-b90a-9819029dcd73,4.54464054107666,False,0.9949000004780828
bm25_current,TF007,temporal,1,5de4d74d-720e-4d86-a836-f946d70a2d32,7.858088493347168,False,0.9223000006386428
bm25_current,TF007,temporal,2,71d2e37c-44e2-4972-8e6b-a6449c2f8404,6.282154083251953,False,0.9223000006386428
bm25_current,TF007,temporal,3,c404e320-0bf2-4325-be92-7a0614f201ca,5.21891450881958,False,0.9223000006386428
bm25_current,TF007,temporal,4,ffcf7308-6e83-47bc-a519-0b4b7ba44562,5.140227317810059,False,0.9223000006386428
bm25_current,TF007,temporal,5,8259ed27-8646-4502-a959-aab1e9f1770f,4.400979995727539,False,0.9223000006386428
bm25_current,TF007,temporal,6,15e829a9-a475-429d-b0e3-5c34bfbd3ab7,3.977898597717285,False,0.9223000006386428
bm25_current,TF007,temporal,7,f4580736-a09e-471f-93d2-8089c695eb67,3.7442660331726074,False,0.9223000006386428
bm25_current,TF007,temporal,8,b10b8f1c-ed17-44ca-8d7c-1a4f19a12c67,3.6728756427764893,False,0.9223000006386428
bm25_current,TF007,temporal,9,b66e5419-8a9c-47f4-866d-ebdb95b174b2,2.1072566509246826,False,0.9223000006386428
bm25_current,TF007,temporal,10,0a4f11c7-39e8-41fe-bd14-48456671f531,1.4438905715942383,False,0.9223000006386428
bm25_current,TF008,product_specific,1,9131e9a9-eff3-4f4e-a20b-4bdd456c35bc,6.0372209548950195,False,0.5336999993232894
bm25_current,TF008,product_specific,2,e96acbc9-66b4-4df4-953b-3f7b0a846bbc,5.671143531799316,True,0.5336999993232894
bm25_current,TF008,product_specific,3,d4c1a9ca-23c5-4ae0-9a51-c56675b2e6d1,5.000271797180176,False,0.5336999993232894
bm25_current,TF008,product_specific,4,54fdf811-dedd-4016-b144-3e4bfdcd67c8,4.95124626159668,False,0.5336999993232894
bm25_current,TF008,product_specific,5,4d18d11e-2a92-4690-8a64-46653931483e,3.196270704269409,False,0.5336999993232894
bm25_current,TF008,product_specific,6,3abbb958-eafe-4ffe-bcfc-dafa7349c15c,3.0214383602142334,False,0.5336999993232894
bm25_current,TF008,product_specific,7,81a83ec4-b5d1-4305-9f44-93e5fa935ffe,2.912224054336548,False,0.5336999993232894
bm25_current,TF008,product_specific,8,1b376f6f-5ee5-4d05-a585-f3aa6b7ee824,2.638962745666504,False,0.5336999993232894
bm25_current,TF008,product_specific,9,b7876bcb-b1d0-409a-831d-45e59e35a44e,2.5731148719787598,False,0.5336999993232894
bm25_current,TF008,product_specific,10,23c6ca0d-04bf-4081-b90a-9819029dcd73,2.5310120582580566,False,0.5336999993232894
bm25_current,TF009,product_specific,1,9131e9a9-eff3-4f4e-a20b-4bdd456c35bc,8.340328216552734,False,1.0981999994328362
bm25_current,TF009,product_specific,2,d4c1a9ca-23c5-4ae0-9a51-c56675b2e6d1,5.195579528808594,True,1.0981999994328362
bm25_current,TF009,product_specific,3,fbf62ef9-25b7-437c-98d8-c4934fba0fe6,4.584576606750488,False,1.0981999994328362
bm25_current,TF009,product_specific,4,e96acbc9-66b4-4df4-953b-3f7b0a846bbc,4.372694492340088,False,1.0981999994328362
bm25_current,TF009,product_specific,5,2cea4ea7-7aaf-4c54-ac4e-b660de52065d,4.310486316680908,False,1.0981999994328362
bm25_current,TF009,product_specific,6,3abbb958-eafe-4ffe-bcfc-dafa7349c15c,4.2608842849731445,False,1.0981999994328362
bm25_current,TF009,product_specific,7,b66e5419-8a9c-47f4-866d-ebdb95b174b2,4.247298717498779,False,1.0981999994328362
bm25_current,TF009,product_specific,8,e62b0c91-ff0c-43b2-9bd5-ff173d9f8bc0,4.0696516036987305,False,1.0981999994328362
bm25_current,TF009,product_specific,9,4c0dde2a-0432-4cb2-ad33-987f5979ff76,3.84786319732666,False,1.0981999994328362
bm25_current,TF009,product_specific,10,dfb2693a-e821-4d6e-bbcc-0dbf3dc2a2ae,3.7838845252990723,False,1.0981999994328362
bm25_current,TF010,product_specific,1,54fdf811-dedd-4016-b144-3e4bfdcd67c8,9.561455726623535,True,0.4505000006247428
bm25_current,TF010,product_specific,2,d4c1a9ca-23c5-4ae0-9a51-c56675b2e6d1,9.034183502197266,False,0.4505000006247428
bm25_current,TF010,product_specific,3,9131e9a9-eff3-4f4e-a20b-4bdd456c35bc,7.510224342346191,True,0.4505000006247428
bm25_current,TF010,product_specific,4,e96acbc9-66b4-4df4-953b-3f7b0a846bbc,4.620869159698486,False,0.4505000006247428
bm25_current,TF010,product_specific,5,df699ccc-6f51-4281-b4a4-f3d2a20631e0,4.1182122230529785,False,0.4505000006247428
bm25_current,TF010,product_specific,6,3abbb958-eafe-4ffe-bcfc-dafa7349c15c,3.0214383602142334,False,0.4505000006247428
bm25_current,TF010,product_specific,7,919e93ca-fed9-4dde-b9b8-f870e207a3f3,1.8727848529815674,False,0.4505000006247428
bm25_current,TF010,product_specific,8,fb4884e3-8fea-42fa-b996-7e9c333e7fef,0.0,False,0.4505000006247428
bm25_current,TF010,product_specific,9,761b9529-5b18-4262-8174-6062c35fb31c,0.0,False,0.4505000006247428
bm25_current,TF010,product_specific,10,c78ff32d-ea17-41fd-98ef-2e8872f01df3,0.0,False,0.4505000006247428
bm25_current,TF011,paraphrase,1,9131e9a9-eff3-4f4e-a20b-4bdd456c35bc,7.8806376457214355,False,0.7986999999047839
bm25_current,TF011,paraphrase,2,d4c1a9ca-23c5-4ae0-9a51-c56675b2e6d1,5.195580005645752,False,0.7986999999047839
bm25_current,TF011,paraphrase,3,2cea4ea7-7aaf-4c54-ac4e-b660de52065d,5.016517639160156,False,0.7986999999047839
bm25_current,TF011,paraphrase,4,fbf62ef9-25b7-437c-98d8-c4934fba0fe6,4.652316093444824,False,0.7986999999047839
bm25_current,TF011,paraphrase,5,e96acbc9-66b4-4df4-953b-3f7b0a846bbc,4.372694492340088,False,0.7986999999047839
bm25_current,TF011,paraphrase,6,d3b7d61b-50f0-4b96-a770-785a9f3c3886,4.369418144226074,False,0.7986999999047839
bm25_current,TF011,paraphrase,7,dfb2693a-e821-4d6e-bbcc-0dbf3dc2a2ae,4.246716022491455,False,0.7986999999047839
bm25_current,TF011,paraphrase,8,e62b0c91-ff0c-43b2-9bd5-ff173d9f8bc0,4.0696516036987305,False,0.7986999999047839
bm25_current,TF011,paraphrase,9,4c0dde2a-0432-4cb2-ad33-987f5979ff76,3.84786319732666,False,0.7986999999047839
bm25_current,TF011,paraphrase,10,b66e5419-8a9c-47f4-866d-ebdb95b174b2,3.783297300338745,False,0.7986999999047839
bm25_current,TF012,product_specific,1,2cea4ea7-7aaf-4c54-ac4e-b660de52065d,10.292105674743652,False,1.216799999383511
bm25_current,TF012,product_specific,2,bc88f538-e881-4c81-85e9-fca20614315d,8.61343002319336,True,1.216799999383511
bm25_current,TF012,product_specific,3,21efe016-3004-45f3-a070-29ce2ecb0019,8.397099494934082,False,1.216799999383511
bm25_current,TF012,product_specific,4,9b6cc313-9a59-4387-a5ce-2ed14389a0a7,7.5611443519592285,False,1.216799999383511
bm25_current,TF012,product_specific,5,5de4d74d-720e-4d86-a836-f946d70a2d32,7.242742538452148,False,1.216799999383511
bm25_current,TF012,product_specific,6,b66e5419-8a9c-47f4-866d-ebdb95b174b2,6.799587249755859,False,1.216799999383511
bm25_current,TF012,product_specific,7,e62b0c91-ff0c-43b2-9bd5-ff173d9f8bc0,5.039976596832275,False,1.216799999383511
bm25_current,TF012,product_specific,8,23c6ca0d-04bf-4081-b90a-9819029dcd73,4.163450241088867,False,1.216799999383511
bm25_current,TF012,product_specific,9,4c0dde2a-0432-4cb2-ad33-987f5979ff76,3.1096293926239014,False,1.216799999383511
bm25_current,TF012,product_specific,10,73735f01-c9d0-4dd5-8d46-c70045e4b334,2.873859405517578,False,1.216799999383511
bm25_current,TF013,product_specific,1,2cea4ea7-7aaf-4c54-ac4e-b660de52065d,16.646203994750977,False,0.9540999999444466
bm25_current,TF013,product_specific,2,21efe016-3004-45f3-a070-29ce2ecb0019,14.344087600708008,False,0.9540999999444466
bm25_current,TF013,product_specific,3,bc88f538-e881-4c81-85e9-fca20614315d,10.15517520904541,False,0.9540999999444466
bm25_current,TF013,product_specific,4,b66e5419-8a9c-47f4-866d-ebdb95b174b2,9.404409408569336,True,0.9540999999444466
bm25_current,TF013,product_specific,5,3abbb958-eafe-4ffe-bcfc-dafa7349c15c,7.678774356842041,False,0.9540999999444466
bm25_current,TF013,product_specific,6,22e6c188-2e4c-4029-b200-7770a3f00e6e,6.105709552764893,False,0.9540999999444466
bm25_current,TF013,product_specific,7,4c0dde2a-0432-4cb2-ad33-987f5979ff76,4.8308916091918945,False,0.9540999999444466
bm25_current,TF013,product_specific,8,fbf62ef9-25b7-437c-98d8-c4934fba0fe6,3.7905309200286865,False,0.9540999999444466
bm25_current,TF013,product_specific,9,48b9789d-5088-4ba1-a82a-be3a6396ce85,3.5334229469299316,False,0.9540999999444466
bm25_current,TF013,product_specific,10,dfb2693a-e821-4d6e-bbcc-0dbf3dc2a2ae,3.319883108139038,False,0.9540999999444466
bm25_current,TF014,temporal,1,b66e5419-8a9c-47f4-866d-ebdb95b174b2,20.310565948486328,True,0.6567999998878804
bm25_current,TF014,temporal,2,2cea4ea7-7aaf-4c54-ac4e-b660de52065d,16.02041244506836,False,0.6567999998878804
bm25_current,TF014,temporal,3,21efe016-3004-45f3-a070-29ce2ecb0019,14.604875564575195,True,0.6567999998878804
bm25_current,TF014,temporal,4,9552a4ac-31b4-43a8-aa92-37bd3e89362a,5.974932670593262,False,0.6567999998878804
bm25_current,TF014,temporal,5,bc88f538-e881-4c81-85e9-fca20614315d,5.920632839202881,False,0.6567999998878804
bm25_current,TF014,temporal,6,4c0dde2a-0432-4cb2-ad33-987f5979ff76,4.8308916091918945,False,0.6567999998878804
bm25_current,TF014,temporal,7,84c0a864-176f-4776-a15e-167fc2518e5d,4.772139072418213,False,0.6567999998878804
bm25_current,TF014,temporal,8,fbf62ef9-25b7-437c-98d8-c4934fba0fe6,4.584576606750488,False,0.6567999998878804
bm25_current,TF014,temporal,9,3abbb958-eafe-4ffe-bcfc-dafa7349c15c,4.2608842849731445,False,0.6567999998878804
bm25_current,TF014,temporal,10,dfb2693a-e821-4d6e-bbcc-0dbf3dc2a2ae,3.7838845252990723,False,0.6567999998878804
bm25_current,TF015,product_specific,1,2cea4ea7-7aaf-4c54-ac4e-b660de52065d,13.16294002532959,False,1.177300000563264
bm25_current,TF015,product_specific,2,21efe016-3004-45f3-a070-29ce2ecb0019,12.84581184387207,True,1.177300000563264
bm25_current,TF015,product_specific,3,b66e5419-8a9c-47f4-866d-ebdb95b174b2,6.1967058181762695,False,1.177300000563264
bm25_current,TF015,product_specific,4,bc88f538-e881-4c81-85e9-fca20614315d,4.458576202392578,False,1.177300000563264
bm25_current,TF015,product_specific,5,4c0dde2a-0432-4cb2-ad33-987f5979ff76,2.52020001411438,False,1.177300000563264
bm25_current,TF015,product_specific,6,f7a9837d-f8db-4461-abd8-a3607db2276f,2.028798818588257,False,1.177300000563264
bm25_current,TF015,product_specific,7,22e6c188-2e4c-4029-b200-7770a3f00e6e,1.379338264465332,False,1.177300000563264
bm25_current,TF015,product_specific,8,48b9789d-5088-4ba1-a82a-be3a6396ce85,1.0481468439102173,False,1.177300000563264
bm25_current,TF015,product_specific,9,9b6cc313-9a59-4387-a5ce-2ed14389a0a7,0.9718410968780518,False,1.177300000563264
bm25_current,TF015,product_specific,10,5de4d74d-720e-4d86-a836-f946d70a2d32,0.9309166073799133,False,1.177300000563264
bm25_current,TF016,paraphrase,1,2cea4ea7-7aaf-4c54-ac4e-b660de52065d,16.02041244506836,False,1.0973999997077044
bm25_current,TF016,paraphrase,2,21efe016-3004-45f3-a070-29ce2ecb0019,14.604875564575195,False,1.0973999997077044
bm25_current,TF016,paraphrase,3,b66e5419-8a9c-47f4-866d-ebdb95b174b2,13.2290620803833,False,1.0973999997077044
bm25_current,TF016,paraphrase,4,bc88f538-e881-4c81-85e9-fca20614315d,5.920633316040039,False,1.0973999997077044
bm25_current,TF016,paraphrase,5,4c0dde2a-0432-4cb2-ad33-987f5979ff76,4.830891132354736,True,1.0973999997077044
bm25_current,TF016,paraphrase,6,fbf62ef9-25b7-437c-98d8-c4934fba0fe6,4.584576606750488,False,1.0973999997077044
bm25_current,TF016,paraphrase,7,4d18d11e-2a92-4690-8a64-46653931483e,4.343789100646973,False,1.0973999997077044
bm25_current,TF016,paraphrase,8,3abbb958-eafe-4ffe-bcfc-dafa7349c15c,4.2608842849731445,False,1.0973999997077044
bm25_current,TF016,paraphrase,9,eda54b74-cd2f-4808-8175-bcc5b916ce90,3.9129605293273926,False,1.0973999997077044
bm25_current,TF016,paraphrase,10,e62b0c91-ff0c-43b2-9bd5-ff173d9f8bc0,3.8392069339752197,False,1.0973999997077044
bm25_current,TF017,procedure,1,d4c1a9ca-23c5-4ae0-9a51-c56675b2e6d1,6.5267109870910645,False,1.330000000052678
bm25_current,TF017,procedure,2,22e6c188-2e4c-4029-b200-7770a3f00e6e,4.547313690185547,True,1.330000000052678
bm25_current,TF017,procedure,3,b225ae64-72d2-4e59-81c0-57f5d8438666,4.067415237426758,True,1.330000000052678
bm25_current,TF017,procedure,4,fd678588-5ac2-400d-95c5-3309537781ec,3.923882007598877,False,1.330000000052678
bm25_current,TF017,procedure,5,eda54b74-cd2f-4808-8175-bcc5b916ce90,3.8960189819335938,False,1.330000000052678
bm25_current,TF017,procedure,6,7adacb8c-91c0-4ea7-8d82-7505eeac5042,3.8598742485046387,True,1.330000000052678
bm25_current,TF017,procedure,7,3abbb958-eafe-4ffe-bcfc-dafa7349c15c,3.721762180328369,False,1.330000000052678
bm25_current,TF017,procedure,8,9552a4ac-31b4-43a8-aa92-37bd3e89362a,3.317979335784912,False,1.330000000052678
bm25_current,TF017,procedure,9,7e68f70a-ba74-4eb8-bbae-c7e9f7340567,3.1289350986480713,True,1.330000000052678
bm25_current,TF017,procedure,10,74c0eabe-77c7-4dbf-a321-27966a12fafb,3.0926811695098877,True,1.330000000052678
bm25_current,TF018,temporal,1,30ce28cb-f702-4cce-8105-137e2f73af0d,6.516515731811523,True,1.1475000001155422
bm25_current,TF018,temporal,2,d3b7d61b-50f0-4b96-a770-785a9f3c3886,6.205209732055664,False,1.1475000001155422
bm25_current,TF018,temporal,3,70b95f72-95ec-43b5-b76f-657518103256,6.130585193634033,False,1.1475000001155422
bm25_current,TF018,temporal,4,0a4f11c7-39e8-41fe-bd14-48456671f531,6.049788475036621,False,1.1475000001155422
bm25_current,TF018,temporal,5,22e6c188-2e4c-4029-b200-7770a3f00e6e,5.939718723297119,False,1.1475000001155422
bm25_current,TF018,temporal,6,48b9789d-5088-4ba1-a82a-be3a6396ce85,5.870181560516357,False,1.1475000001155422
bm25_current,TF018,temporal,7,f1611d72-8c47-41f8-bfee-99d5ffdfe12a,5.778292179107666,False,1.1475000001155422
bm25_current,TF018,temporal,8,cfff9bf0-05e4-4179-a793-f3c705d04812,5.397531986236572,False,1.1475000001155422
bm25_current,TF018,temporal,9,a952e706-800e-493c-886a-8f06602fb2be,4.3017683029174805,False,1.1475000001155422
bm25_current,TF018,temporal,10,b8c70ff9-e1b2-40ce-9a0a-f65a53899d13,1.5362286567687988,False,1.1475000001155422
bm25_current,TF019,preparation,1,d3b7d61b-50f0-4b96-a770-785a9f3c3886,11.401407241821289,True,1.3327000006029266
bm25_current,TF019,preparation,2,30ce28cb-f702-4cce-8105-137e2f73af0d,7.857677936553955,False,1.3327000006029266
bm25_current,TF019,preparation,3,22e6c188-2e4c-4029-b200-7770a3f00e6e,7.219790458679199,False,1.3327000006029266
bm25_current,TF019,preparation,4,9131e9a9-eff3-4f4e-a20b-4bdd456c35bc,7.155525207519531,False,1.3327000006029266
bm25_current,TF019,preparation,5,9552a4ac-31b4-43a8-aa92-37bd3e89362a,6.074146270751953,False,1.3327000006029266
bm25_current,TF019,preparation,6,0a4f11c7-39e8-41fe-bd14-48456671f531,5.4441328048706055,False,1.3327000006029266
bm25_current,TF019,preparation,7,70b95f72-95ec-43b5-b76f-657518103256,5.40863561630249,False,1.3327000006029266
bm25_current,TF019,preparation,8,48b9789d-5088-4ba1-a82a-be3a6396ce85,5.307383060455322,False,1.3327000006029266
bm25_current,TF019,preparation,9,f1611d72-8c47-41f8-bfee-99d5ffdfe12a,5.166721343994141,False,1.3327000006029266
bm25_current,TF019,preparation,10,f9cfc75b-a5e7-4633-a798-4b17ea462325,4.900941371917725,False,1.3327000006029266
bm25_current,TF020,temporal,1,0a4f11c7-39e8-41fe-bd14-48456671f531,13.441629409790039,True,1.3016000002608052
bm25_current,TF020,temporal,2,48b9789d-5088-4ba1-a82a-be3a6396ce85,11.625682830810547,False,1.3016000002608052
bm25_current,TF020,temporal,3,d3b7d61b-50f0-4b96-a770-785a9f3c3886,8.911781311035156,False,1.3016000002608052
bm25_current,TF020,temporal,4,cfff9bf0-05e4-4179-a793-f3c705d04812,6.723996639251709,False,1.3016000002608052
bm25_current,TF020,temporal,5,70b95f72-95ec-43b5-b76f-657518103256,6.627816200256348,True,1.3016000002608052
bm25_current,TF020,temporal,6,30ce28cb-f702-4cce-8105-137e2f73af0d,6.516515731811523,False,1.3016000002608052
bm25_current,TF020,temporal,7,22e6c188-2e4c-4029-b200-7770a3f00e6e,5.939718723297119,False,1.3016000002608052
bm25_current,TF020,temporal,8,f1611d72-8c47-41f8-bfee-99d5ffdfe12a,5.778292179107666,False,1.3016000002608052
bm25_current,TF020,temporal,9,a952e706-800e-493c-886a-8f06602fb2be,4.3017683029174805,False,1.3016000002608052
bm25_current,TF020,temporal,10,b8c70ff9-e1b2-40ce-9a0a-f65a53899d13,2.589033365249634,False,1.3016000002608052
bm25_current,TF021,preparation,1,73735f01-c9d0-4dd5-8d46-c70045e4b334,8.644279479980469,True,1.1311000007481198
bm25_current,TF021,preparation,2,919e93ca-fed9-4dde-b9b8-f870e207a3f3,5.588634490966797,False,1.1311000007481198
bm25_current,TF021,preparation,3,e62b0c91-ff0c-43b2-9bd5-ff173d9f8bc0,5.015397548675537,False,1.1311000007481198
bm25_current,TF021,preparation,4,b7876bcb-b1d0-409a-831d-45e59e35a44e,4.509583473205566,False,1.1311000007481198
bm25_current,TF021,preparation,5,6ffcd319-e868-444b-b6fe-8d192a4de3ff,4.417672634124756,False,1.1311000007481198
bm25_current,TF021,preparation,6,16efaa44-1554-4748-8407-48fac0bced94,4.405827045440674,False,1.1311000007481198
bm25_current,TF021,preparation,7,cfff9bf0-05e4-4179-a793-f3c705d04812,4.048162460327148,False,1.1311000007481198
bm25_current,TF021,preparation,8,b0d368a1-d0fc-4b8b-8567-e190cf462986,4.019526481628418,False,1.1311000007481198
bm25_current,TF021,preparation,9,74c0eabe-77c7-4dbf-a321-27966a12fafb,3.957832098007202,False,1.1311000007481198
bm25_current,TF021,preparation,10,23c6ca0d-04bf-4081-b90a-9819029dcd73,3.8351571559906006,False,1.1311000007481198
bm25_current,TF022,preparation,1,9552a4ac-31b4-43a8-aa92-37bd3e89362a,10.136932373046875,False,1.4731000001120265
bm25_current,TF022,preparation,2,84c0a864-176f-4776-a15e-167fc2518e5d,9.774299621582031,False,1.4731000001120265
bm25_current,TF022,preparation,3,74c0eabe-77c7-4dbf-a321-27966a12fafb,8.958414077758789,False,1.4731000001120265
bm25_current,TF022,preparation,4,36bac780-b1a2-42dc-8cca-3605f80c5521,5.997069358825684,False,1.4731000001120265
bm25_current,TF022,preparation,5,7e5199d4-e5c9-40ca-a69f-ea37f52c6ce3,5.834932804107666,False,1.4731000001120265
bm25_current,TF022,preparation,6,8f3ed830-3a06-41c6-8b06-cfcf6d36a83c,5.681777000427246,False,1.4731000001120265
bm25_current,TF022,preparation,7,b0d368a1-d0fc-4b8b-8567-e190cf462986,5.508952617645264,False,1.4731000001120265
bm25_current,TF022,preparation,8,6ffcd319-e868-444b-b6fe-8d192a4de3ff,4.947652339935303,True,1.4731000001120265
bm25_current,TF022,preparation,9,eda54b74-cd2f-4808-8175-bcc5b916ce90,4.89924955368042,False,1.4731000001120265
bm25_current,TF022,preparation,10,a7cf71a5-8426-4d7c-8106-e0754e7cb4bf,4.116937637329102,False,1.4731000001120265
bm25_current,TF023,temporal,1,f7a9837d-f8db-4461-abd8-a3607db2276f,8.460973739624023,False,1.052200000231096
bm25_current,TF023,temporal,2,b66e5419-8a9c-47f4-866d-ebdb95b174b2,7.081504821777344,False,1.052200000231096
bm25_current,TF023,temporal,3,c404e320-0bf2-4325-be92-7a0614f201ca,1.8160502910614014,True,1.052200000231096
bm25_current,TF023,temporal,4,73735f01-c9d0-4dd5-8d46-c70045e4b334,1.6709109544754028,False,1.052200000231096
bm25_current,TF023,temporal,5,b0d368a1-d0fc-4b8b-8567-e190cf462986,1.4178316593170166,False,1.052200000231096
bm25_current,TF023,temporal,6,919e93ca-fed9-4dde-b9b8-f870e207a3f3,1.4114233255386353,False,1.052200000231096
bm25_current,TF023,temporal,7,b7876bcb-b1d0-409a-831d-45e59e35a44e,0.8736749887466431,False,1.052200000231096
bm25_current,TF023,temporal,8,16efaa44-1554-4748-8407-48fac0bced94,0.8237892985343933,False,1.052200000231096
bm25_current,TF023,temporal,9,5e7838ae-0b80-4d05-b266-deb52de7b401,0.7666929960250854,False,1.052200000231096
bm25_current,TF023,temporal,10,6ffcd319-e868-444b-b6fe-8d192a4de3ff,0.7619568109512329,False,1.052200000231096
bm25_current,TF024,temporal,1,b10b8f1c-ed17-44ca-8d7c-1a4f19a12c67,1.5606176853179932,False,0.6008000000292668
bm25_current,TF024,temporal,2,a3d42ca5-54b5-4b8d-be4e-79337aaab880,1.3263585567474365,False,0.6008000000292668
bm25_current,TF024,temporal,3,d3b7d61b-50f0-4b96-a770-785a9f3c3886,1.2342151403427124,False,0.6008000000292668
bm25_current,TF024,temporal,4,b7876bcb-b1d0-409a-831d-45e59e35a44e,1.2111810445785522,False,0.6008000000292668
bm25_current,TF024,temporal,5,919e93ca-fed9-4dde-b9b8-f870e207a3f3,1.164312720298767,False,0.6008000000292668
bm25_current,TF024,temporal,6,f9cfc75b-a5e7-4633-a798-4b17ea462325,1.038439154624939,False,0.6008000000292668
bm25_current,TF024,temporal,7,15e829a9-a475-429d-b0e3-5c34bfbd3ab7,1.027919888496399,False,0.6008000000292668
bm25_current,TF024,temporal,8,b0d368a1-d0fc-4b8b-8567-e190cf462986,0.9320894479751587,False,0.6008000000292668
bm25_current,TF024,temporal,9,84c0a864-176f-4776-a15e-167fc2518e5d,0.7427181005477905,False,0.6008000000292668
bm25_current,TF024,temporal,10,6ffcd319-e868-444b-b6fe-8d192a4de3ff,0.6127641797065735,False,0.6008000000292668
bm25_current,TF025,fact_specific,1,f7a9837d-f8db-4461-abd8-a3607db2276f,10.361422538757324,False,0.8517999995092396
bm25_current,TF025,fact_specific,2,b0d368a1-d0fc-4b8b-8567-e190cf462986,4.658625602722168,True,0.8517999995092396
bm25_current,TF025,fact_specific,3,b7876bcb-b1d0-409a-831d-45e59e35a44e,4.509583473205566,False,0.8517999995092396
bm25_current,TF025,fact_specific,4,919e93ca-fed9-4dde-b9b8-f870e207a3f3,4.350883483886719,True,0.8517999995092396
bm25_current,TF025,fact_specific,5,73735f01-c9d0-4dd5-8d46-c70045e4b334,4.134036540985107,False,0.8517999995092396
bm25_current,TF025,fact_specific,6,6ffcd319-e868-444b-b6fe-8d192a4de3ff,3.932936191558838,False,0.8517999995092396
bm25_current,TF025,fact_specific,7,74c0eabe-77c7-4dbf-a321-27966a12fafb,3.925515651702881,False,0.8517999995092396
bm25_current,TF025,fact_specific,8,16efaa44-1554-4748-8407-48fac0bced94,3.5561554431915283,False,0.8517999995092396
bm25_current,TF025,fact_specific,9,cfff9bf0-05e4-4179-a793-f3c705d04812,3.2247838973999023,False,0.8517999995092396
bm25_current,TF025,fact_specific,10,22e6c188-2e4c-4029-b200-7770a3f00e6e,2.7293875217437744,False,0.8517999995092396
bm25_current,TF026,fact_specific,1,b7876bcb-b1d0-409a-831d-45e59e35a44e,12.085392951965332,True,1.1152000006404705
bm25_current,TF026,fact_specific,2,919e93ca-fed9-4dde-b9b8-f870e207a3f3,10.648041725158691,False,1.1152000006404705
bm25_current,TF026,fact_specific,3,16efaa44-1554-4748-8407-48fac0bced94,9.473323822021484,False,1.1152000006404705
bm25_current,TF026,fact_specific,4,74c0eabe-77c7-4dbf-a321-27966a12fafb,7.7976861000061035,False,1.1152000006404705
bm25_current,TF026,fact_specific,5,b0d368a1-d0fc-4b8b-8567-e190cf462986,7.680944442749023,False,1.1152000006404705
bm25_current,TF026,fact_specific,6,6ffcd319-e868-444b-b6fe-8d192a4de3ff,7.129397869110107,False,1.1152000006404705
bm25_current,TF026,fact_specific,7,9552a4ac-31b4-43a8-aa92-37bd3e89362a,6.16940975189209,False,1.1152000006404705
bm25_current,TF026,fact_specific,8,84c0a864-176f-4776-a15e-167fc2518e5d,5.551422119140625,False,1.1152000006404705
bm25_current,TF026,fact_specific,9,f7a9837d-f8db-4461-abd8-a3607db2276f,5.268797874450684,False,1.1152000006404705
bm25_current,TF026,fact_specific,10,73735f01-c9d0-4dd5-8d46-c70045e4b334,4.554635524749756,False,1.1152000006404705
bm25_current,TF027,procedure,1,3abbb958-eafe-4ffe-bcfc-dafa7349c15c,6.537220478057861,False,1.1115000006611808
bm25_current,TF027,procedure,2,eda54b74-cd2f-4808-8175-bcc5b916ce90,5.900103569030762,False,1.1115000006611808
bm25_current,TF027,procedure,3,7adacb8c-91c0-4ea7-8d82-7505eeac5042,5.830829620361328,False,1.1115000006611808
bm25_current,TF027,procedure,4,dfb2693a-e821-4d6e-bbcc-0dbf3dc2a2ae,5.8133440017700195,False,1.1115000006611808
bm25_current,TF027,procedure,5,22e6c188-2e4c-4029-b200-7770a3f00e6e,5.186156272888184,False,1.1115000006611808
bm25_current,TF027,procedure,6,fd678588-5ac2-400d-95c5-3309537781ec,4.4097089767456055,False,1.1115000006611808
bm25_current,TF027,procedure,7,fbf62ef9-25b7-437c-98d8-c4934fba0fe6,4.221967697143555,False,1.1115000006611808
bm25_current,TF027,procedure,8,b225ae64-72d2-4e59-81c0-57f5d8438666,4.156677722930908,False,1.1115000006611808
bm25_current,TF027,procedure,9,2cea4ea7-7aaf-4c54-ac4e-b660de52065d,3.7989649772644043,False,1.1115000006611808
bm25_current,TF027,procedure,10,b66e5419-8a9c-47f4-866d-ebdb95b174b2,3.479185104370117,False,1.1115000006611808
bm25_current,TF028,preparation,1,dfb2693a-e821-4d6e-bbcc-0dbf3dc2a2ae,4.276747226715088,False,1.2200999999549822
bm25_current,TF028,preparation,2,2cea4ea7-7aaf-4c54-ac4e-b660de52065d,4.030678749084473,False,1.2200999999549822
bm25_current,TF028,preparation,3,fbf62ef9-25b7-437c-98d8-c4934fba0fe6,3.7905309200286865,False,1.2200999999549822
bm25_current,TF028,preparation,4,9131e9a9-eff3-4f4e-a20b-4bdd456c35bc,3.7254443168640137,False,1.2200999999549822
bm25_current,TF028,preparation,5,3abbb958-eafe-4ffe-bcfc-dafa7349c15c,3.629601240158081,False,1.2200999999549822
bm25_current,TF028,preparation,6,d3b7d61b-50f0-4b96-a770-785a9f3c3886,3.241227149963379,False,1.2200999999549822
bm25_current,TF028,preparation,7,eda54b74-cd2f-4808-8175-bcc5b916ce90,3.0654232501983643,True,1.2200999999549822
bm25_current,TF028,preparation,8,7adacb8c-91c0-4ea7-8d82-7505eeac5042,2.9845497608184814,False,1.2200999999549822
bm25_current,TF028,preparation,9,bc88f538-e881-4c81-85e9-fca20614315d,2.961879253387451,False,1.2200999999549822
bm25_current,TF028,preparation,10,21efe016-3004-45f3-a070-29ce2ecb0019,2.884079694747925,False,1.2200999999549822
bm25_current,TF029,preparation,1,7e5199d4-e5c9-40ca-a69f-ea37f52c6ce3,10.472630500793457,False,1.338699999905657
bm25_current,TF029,preparation,2,9552a4ac-31b4-43a8-aa92-37bd3e89362a,9.223620414733887,False,1.338699999905657
bm25_current,TF029,preparation,3,36bac780-b1a2-42dc-8cca-3605f80c5521,9.049736976623535,True,1.338699999905657
bm25_current,TF029,preparation,4,84c0a864-176f-4776-a15e-167fc2518e5d,8.359822273254395,False,1.338699999905657
bm25_current,TF029,preparation,5,98d006ac-5212-4c8c-8a63-4cbd4d6caffc,7.574398040771484,False,1.338699999905657
bm25_current,TF029,preparation,6,8f3ed830-3a06-41c6-8b06-cfcf6d36a83c,3.7762582302093506,False,1.338699999905657
bm25_current,TF029,preparation,7,74c0eabe-77c7-4dbf-a321-27966a12fafb,3.43363356590271,False,1.338699999905657
bm25_current,TF029,preparation,8,48b9789d-5088-4ba1-a82a-be3a6396ce85,3.2934343814849854,False,1.338699999905657
bm25_current,TF029,preparation,9,a7cf71a5-8426-4d7c-8106-e0754e7cb4bf,2.8844263553619385,False,1.338699999905657
bm25_current,TF029,preparation,10,b0b5bc4f-7d0b-4f56-8e37-84178d38637d,2.8099758625030518,False,1.338699999905657
bm25_current,TF030,temporal,1,d3b7d61b-50f0-4b96-a770-785a9f3c3886,1.8082045316696167,False,2.9555000000982545
bm25_current,TF030,temporal,2,da79aa00-567d-434c-8441-915ac080f918,1.4931167364120483,False,2.9555000000982545
bm25_current,TF030,temporal,3,324bc249-0e84-46e9-b77f-856c76cd5353,1.4890623092651367,False,2.9555000000982545
bm25_current,TF030,temporal,4,73735f01-c9d0-4dd5-8d46-c70045e4b334,1.3838852643966675,False,2.9555000000982545
bm25_current,TF030,temporal,5,b66e5419-8a9c-47f4-866d-ebdb95b174b2,1.3309744596481323,False,2.9555000000982545
bm25_current,TF030,temporal,6,3ecc27b9-634c-4026-b44e-e01123aa0467,1.3121607303619385,False,2.9555000000982545
bm25_current,TF030,temporal,7,df699ccc-6f51-4281-b4a4-f3d2a20631e0,1.3037042617797852,False,2.9555000000982545
bm25_current,TF030,temporal,8,1033ac46-dec8-493e-b577-7f5ad80f8e86,1.2829042673110962,False,2.9555000000982545
bm25_current,TF030,temporal,9,dfb2693a-e821-4d6e-bbcc-0dbf3dc2a2ae,1.1329069137573242,False,2.9555000000982545
bm25_current,TF030,temporal,10,f9eb1471-4566-4c09-a18e-9f3d84a47e9c,1.0969891548156738,False,2.9555000000982545
bm25_current,TF031,procedure,1,9b6cc313-9a59-4387-a5ce-2ed14389a0a7,5.570442199707031,False,0.7324999996853876
bm25_current,TF031,procedure,2,f9cfc75b-a5e7-4633-a798-4b17ea462325,5.496945858001709,False,0.7324999996853876
bm25_current,TF031,procedure,3,5de4d74d-720e-4d86-a836-f946d70a2d32,5.293662071228027,True,0.7324999996853876
bm25_current,TF031,procedure,4,c404e320-0bf2-4325-be92-7a0614f201ca,5.21891450881958,False,0.7324999996853876
bm25_current,TF031,procedure,5,59d57c8a-c9d7-4f8d-b9a1-a2816f1f01f7,4.6752777099609375,False,0.7324999996853876
bm25_current,TF031,procedure,6,3ecc27b9-634c-4026-b44e-e01123aa0467,4.455740451812744,False,0.7324999996853876
bm25_current,TF031,procedure,7,e62b0c91-ff0c-43b2-9bd5-ff173d9f8bc0,4.448533535003662,False,0.7324999996853876
bm25_current,TF031,procedure,8,8259ed27-8646-4502-a959-aab1e9f1770f,4.400979995727539,False,0.7324999996853876
bm25_current,TF031,procedure,9,b225ae64-72d2-4e59-81c0-57f5d8438666,4.067415237426758,False,0.7324999996853876
bm25_current,TF031,procedure,10,22e6c188-2e4c-4029-b200-7770a3f00e6e,4.0264973640441895,False,0.7324999996853876
bm25_current,TF032,fact_specific,1,5de4d74d-720e-4d86-a836-f946d70a2d32,11.056583404541016,True,0.5560999998124316
bm25_current,TF032,fact_specific,2,9552a4ac-31b4-43a8-aa92-37bd3e89362a,6.485934734344482,False,0.5560999998124316
bm25_current,TF032,fact_specific,3,84c0a864-176f-4776-a15e-167fc2518e5d,4.9707417488098145,False,0.5560999998124316
bm25_current,TF032,fact_specific,4,df699ccc-6f51-4281-b4a4-f3d2a20631e0,4.395046710968018,False,0.5560999998124316
bm25_current,TF032,fact_specific,5,d3b7d61b-50f0-4b96-a770-785a9f3c3886,1.8082045316696167,False,0.5560999998124316
bm25_current,TF032,fact_specific,6,73735f01-c9d0-4dd5-8d46-c70045e4b334,1.6301363706588745,False,0.5560999998124316
bm25_current,TF032,fact_specific,7,27025cb7-0eea-4e71-b338-65cf293e45ee,1.533604383468628,False,0.5560999998124316
bm25_current,TF032,fact_specific,8,7e5199d4-e5c9-40ca-a69f-ea37f52c6ce3,0.9198150634765625,False,0.5560999998124316
bm25_current,TF032,fact_specific,9,a7cf71a5-8426-4d7c-8106-e0754e7cb4bf,0.9092135429382324,False,0.5560999998124316
bm25_current,TF032,fact_specific,10,c404e320-0bf2-4325-be92-7a0614f201ca,0.8950620293617249,False,0.5560999998124316
bm25_current,TF033,fact_specific,1,e62b0c91-ff0c-43b2-9bd5-ff173d9f8bc0,10.024564743041992,True,0.6666999997833045
bm25_current,TF033,fact_specific,2,df699ccc-6f51-4281-b4a4-f3d2a20631e0,6.9492082595825195,False,0.6666999997833045
bm25_current,TF033,fact_specific,3,23c6ca0d-04bf-4081-b90a-9819029dcd73,4.1220011711120605,False,0.6666999997833045
bm25_current,TF033,fact_specific,4,9b6cc313-9a59-4387-a5ce-2ed14389a0a7,4.104635715484619,False,0.6666999997833045
bm25_current,TF033,fact_specific,5,3ecc27b9-634c-4026-b44e-e01123aa0467,3.6088387966156006,False,0.6666999997833045
bm25_current,TF033,fact_specific,6,9131e9a9-eff3-4f4e-a20b-4bdd456c35bc,3.5404720306396484,False,0.6666999997833045
bm25_current,TF033,fact_specific,7,5de4d74d-720e-4d86-a836-f946d70a2d32,3.3876965045928955,False,0.6666999997833045
bm25_current,TF033,fact_specific,8,73735f01-c9d0-4dd5-8d46-c70045e4b334,3.1053051948547363,False,0.6666999997833045
bm25_current,TF033,fact_specific,9,bc88f538-e881-4c81-85e9-fca20614315d,3.061352491378784,False,0.6666999997833045
bm25_current,TF033,fact_specific,10,7c33fbb7-e931-4f6b-9520-23875ec9ee5b,3.0084354877471924,False,0.6666999997833045
bm25_current,TF034,product_specific,1,59d57c8a-c9d7-4f8d-b9a1-a2816f1f01f7,8.857223510742188,True,1.12749999971129
bm25_current,TF034,product_specific,2,9b6cc313-9a59-4387-a5ce-2ed14389a0a7,7.293911933898926,False,1.12749999971129
bm25_current,TF034,product_specific,3,e62b0c91-ff0c-43b2-9bd5-ff173d9f8bc0,7.2341227531433105,False,1.12749999971129
bm25_current,TF034,product_specific,4,7c33fbb7-e931-4f6b-9520-23875ec9ee5b,6.044243812561035,False,1.12749999971129
bm25_current,TF034,product_specific,5,3ecc27b9-634c-4026-b44e-e01123aa0467,6.001184463500977,False,1.12749999971129
bm25_current,TF034,product_specific,6,4c0dde2a-0432-4cb2-ad33-987f5979ff76,4.898802280426025,False,1.12749999971129
bm25_current,TF034,product_specific,7,d4c1a9ca-23c5-4ae0-9a51-c56675b2e6d1,4.809026718139648,False,1.12749999971129
bm25_current,TF034,product_specific,8,9131e9a9-eff3-4f4e-a20b-4bdd456c35bc,4.687402725219727,False,1.12749999971129
bm25_current,TF034,product_specific,9,a7cf71a5-8426-4d7c-8106-e0754e7cb4bf,4.556581020355225,False,1.12749999971129
bm25_current,TF034,product_specific,10,5de4d74d-720e-4d86-a836-f946d70a2d32,4.42374849319458,False,1.12749999971129
bm25_current,TF035,paraphrase,1,7c33fbb7-e931-4f6b-9520-23875ec9ee5b,6.9332594871521,False,1.2367999997877632
bm25_current,TF035,paraphrase,2,b0b5bc4f-7d0b-4f56-8e37-84178d38637d,4.386571884155273,True,1.2367999997877632
bm25_current,TF035,paraphrase,3,4d18d11e-2a92-4690-8a64-46653931483e,3.619680881500244,False,1.2367999997877632
bm25_current,TF035,paraphrase,4,da79aa00-567d-434c-8441-915ac080f918,3.531500816345215,False,1.2367999997877632
bm25_current,TF035,paraphrase,5,1033ac46-dec8-493e-b577-7f5ad80f8e86,3.4380242824554443,False,1.2367999997877632
bm25_current,TF035,paraphrase,6,81a83ec4-b5d1-4305-9f44-93e5fa935ffe,3.298006772994995,False,1.2367999997877632
bm25_current,TF035,paraphrase,7,1b376f6f-5ee5-4d05-a585-f3aa6b7ee824,2.988546371459961,False,1.2367999997877632
bm25_current,TF035,paraphrase,8,3ecc27b9-634c-4026-b44e-e01123aa0467,2.8958981037139893,False,1.2367999997877632
bm25_current,TF035,paraphrase,9,23c6ca0d-04bf-4081-b90a-9819029dcd73,2.866295576095581,False,1.2367999997877632
bm25_current,TF035,paraphrase,10,ba3d1d87-0c2d-4b67-a0c2-4615c8249c2a,2.82015061378479,False,1.2367999997877632
bm25_current,TF036,monitoring,1,a7cf71a5-8426-4d7c-8106-e0754e7cb4bf,10.13237476348877,True,1.355399999738438
bm25_current,TF036,monitoring,2,f9cfc75b-a5e7-4633-a798-4b17ea462325,8.370214462280273,False,1.355399999738438
bm25_current,TF036,monitoring,3,30ce28cb-f702-4cce-8105-137e2f73af0d,4.835442543029785,False,1.355399999738438
bm25_current,TF036,monitoring,4,22e6c188-2e4c-4029-b200-7770a3f00e6e,4.754816055297852,False,1.355399999738438
bm25_current,TF036,monitoring,5,36bac780-b1a2-42dc-8cca-3605f80c5521,3.5937914848327637,False,1.355399999738438
bm25_current,TF036,monitoring,6,8259ed27-8646-4502-a959-aab1e9f1770f,3.4005346298217773,False,1.355399999738438
bm25_current,TF036,monitoring,7,8f3ed830-3a06-41c6-8b06-cfcf6d36a83c,3.3961191177368164,False,1.355399999738438
bm25_current,TF036,monitoring,8,98d006ac-5212-4c8c-8a63-4cbd4d6caffc,3.356285572052002,False,1.355399999738438
bm25_current,TF036,monitoring,9,7e5199d4-e5c9-40ca-a69f-ea37f52c6ce3,3.2616989612579346,False,1.355399999738438
bm25_current,TF036,monitoring,10,6ffcd319-e868-444b-b6fe-8d192a4de3ff,3.187786102294922,False,1.355399999738438
bm25_current,TF037,adverse_reaction,1,15e829a9-a475-429d-b0e3-5c34bfbd3ab7,11.560527801513672,True,0.7356000005529495
bm25_current,TF037,adverse_reaction,2,324bc249-0e84-46e9-b77f-856c76cd5353,7.553943634033203,False,0.7356000005529495
bm25_current,TF037,adverse_reaction,3,8939253d-3272-4915-8c2b-c60062aeb818,1.9931259155273438,True,0.7356000005529495
bm25_current,TF037,adverse_reaction,4,7abe62fa-6fdb-4466-a16b-73e1770f0c57,1.600231409072876,False,0.7356000005529495
bm25_current,TF037,adverse_reaction,5,391ad5dc-0d1c-4350-85ba-5aa601d9ac0d,1.3353826999664307,False,0.7356000005529495
bm25_current,TF037,adverse_reaction,6,2e55093d-0a0f-4fd9-954b-4fc72df9eac0,0.949152946472168,False,0.7356000005529495
bm25_current,TF037,adverse_reaction,7,da79aa00-567d-434c-8441-915ac080f918,0.8504177927970886,False,0.7356000005529495
bm25_current,TF037,adverse_reaction,8,5de4d74d-720e-4d86-a836-f946d70a2d32,0.773520827293396,False,0.7356000005529495
bm25_current,TF037,adverse_reaction,9,d4c1a9ca-23c5-4ae0-9a51-c56675b2e6d1,0.6956260800361633,False,0.7356000005529495
bm25_current,TF037,adverse_reaction,10,7e5199d4-e5c9-40ca-a69f-ea37f52c6ce3,0.1314123421907425,False,0.7356000005529495
bm25_current,TF038,adverse_reaction,1,324bc249-0e84-46e9-b77f-856c76cd5353,7.709754943847656,False,0.7566999993287027
bm25_current,TF038,adverse_reaction,2,8939253d-3272-4915-8c2b-c60062aeb818,5.776628017425537,True,0.7566999993287027
bm25_current,TF038,adverse_reaction,3,15e829a9-a475-429d-b0e3-5c34bfbd3ab7,2.2149574756622314,False,0.7566999993287027
bm25_current,TF038,adverse_reaction,4,7abe62fa-6fdb-4466-a16b-73e1770f0c57,1.5427136421203613,True,0.7566999993287027
bm25_current,TF038,adverse_reaction,5,391ad5dc-0d1c-4350-85ba-5aa601d9ac0d,1.2345267534255981,False,0.7566999993287027
bm25_current,TF038,adverse_reaction,6,2e55093d-0a0f-4fd9-954b-4fc72df9eac0,0.8617947697639465,False,0.7566999993287027
bm25_current,TF038,adverse_reaction,7,e62b0c91-ff0c-43b2-9bd5-ff173d9f8bc0,0.823145866394043,False,0.7566999993287027
bm25_current,TF038,adverse_reaction,8,da79aa00-567d-434c-8441-915ac080f918,0.7254837155342102,False,0.7566999993287027
bm25_current,TF038,adverse_reaction,9,d4c1a9ca-23c5-4ae0-9a51-c56675b2e6d1,0.6956260800361633,False,0.7566999993287027
bm25_current,TF038,adverse_reaction,10,5de4d74d-720e-4d86-a836-f946d70a2d32,0.6446763873100281,False,0.7566999993287027
bm25_current,TF039,adverse_reaction,1,324bc249-0e84-46e9-b77f-856c76cd5353,5.971460819244385,False,1.0167999998884625
bm25_current,TF039,adverse_reaction,2,7abe62fa-6fdb-4466-a16b-73e1770f0c57,5.051360607147217,True,1.0167999998884625
bm25_current,TF039,adverse_reaction,3,2e55093d-0a0f-4fd9-954b-4fc72df9eac0,3.3720648288726807,True,1.0167999998884625
bm25_current,TF039,adverse_reaction,4,391ad5dc-0d1c-4350-85ba-5aa601d9ac0d,1.3353826999664307,False,1.0167999998884625
bm25_current,TF039,adverse_reaction,5,da79aa00-567d-434c-8441-915ac080f918,0.8504177927970886,False,1.0167999998884625
bm25_current,TF039,adverse_reaction,6,15e829a9-a475-429d-b0e3-5c34bfbd3ab7,0.7488635182380676,False,1.0167999998884625
bm25_current,TF039,adverse_reaction,7,d4c1a9ca-23c5-4ae0-9a51-c56675b2e6d1,0.6956260800361633,False,1.0167999998884625
bm25_current,TF039,adverse_reaction,8,8939253d-3272-4915-8c2b-c60062aeb818,0.6486386656761169,False,1.0167999998884625
bm25_current,TF039,adverse_reaction,9,7e5199d4-e5c9-40ca-a69f-ea37f52c6ce3,0.1314123421907425,False,1.0167999998884625
bm25_current,TF039,adverse_reaction,10,a7cf71a5-8426-4d7c-8106-e0754e7cb4bf,0.12989771366119385,False,1.0167999998884625
bm25_current,TF040,adverse_reaction,1,f4580736-a09e-471f-93d2-8089c695eb67,5.533454895019531,True,1.1905000001206645
bm25_current,TF040,adverse_reaction,2,2e55093d-0a0f-4fd9-954b-4fc72df9eac0,5.291259765625,True,1.1905000001206645
bm25_current,TF040,adverse_reaction,3,391ad5dc-0d1c-4350-85ba-5aa601d9ac0d,1.3353826999664307,False,1.1905000001206645
bm25_current,TF040,adverse_reaction,4,b0d368a1-d0fc-4b8b-8567-e190cf462986,0.9423860907554626,False,1.1905000001206645
bm25_current,TF040,adverse_reaction,5,7e5199d4-e5c9-40ca-a69f-ea37f52c6ce3,0.9198150634765625,False,1.1905000001206645
bm25_current,TF040,adverse_reaction,6,a7cf71a5-8426-4d7c-8106-e0754e7cb4bf,0.9092135429382324,False,1.1905000001206645
bm25_current,TF040,adverse_reaction,7,5de4d74d-720e-4d86-a836-f946d70a2d32,0.901841402053833,False,1.1905000001206645
bm25_current,TF040,adverse_reaction,8,c404e320-0bf2-4325-be92-7a0614f201ca,0.8950620293617249,False,1.1905000001206645
bm25_current,TF040,adverse_reaction,9,73735f01-c9d0-4dd5-8d46-c70045e4b334,0.8702232837677002,False,1.1905000001206645
bm25_current,TF040,adverse_reaction,10,16efaa44-1554-4748-8407-48fac0bced94,0.8496715426445007,False,1.1905000001206645
bm25_current,TF041,adverse_reaction,1,5e7838ae-0b80-4d05-b266-deb52de7b401,8.112334251403809,True,1.0429999992993544
bm25_current,TF041,adverse_reaction,2,7abe62fa-6fdb-4466-a16b-73e1770f0c57,7.936646461486816,False,1.0429999992993544
bm25_current,TF041,adverse_reaction,3,f4580736-a09e-471f-93d2-8089c695eb67,6.967788219451904,True,1.0429999992993544
bm25_current,TF041,adverse_reaction,4,324bc249-0e84-46e9-b77f-856c76cd5353,5.971460819244385,False,1.0429999992993544
bm25_current,TF041,adverse_reaction,5,391ad5dc-0d1c-4350-85ba-5aa601d9ac0d,1.3353826999664307,False,1.0429999992993544
bm25_current,TF041,adverse_reaction,6,2e55093d-0a0f-4fd9-954b-4fc72df9eac0,0.949152946472168,False,1.0429999992993544
bm25_current,TF041,adverse_reaction,7,da79aa00-567d-434c-8441-915ac080f918,0.8504177927970886,False,1.0429999992993544
bm25_current,TF041,adverse_reaction,8,15e829a9-a475-429d-b0e3-5c34bfbd3ab7,0.7488635182380676,False,1.0429999992993544
bm25_current,TF041,adverse_reaction,9,d4c1a9ca-23c5-4ae0-9a51-c56675b2e6d1,0.6956260800361633,False,1.0429999992993544
bm25_current,TF041,adverse_reaction,10,8939253d-3272-4915-8c2b-c60062aeb818,0.6486386656761169,False,1.0429999992993544
bm25_current,TF042,procedure,1,fbf62ef9-25b7-437c-98d8-c4934fba0fe6,9.348984718322754,False,1.0390999996161554
bm25_current,TF042,procedure,2,9552a4ac-31b4-43a8-aa92-37bd3e89362a,5.974932670593262,False,1.0390999996161554
bm25_current,TF042,procedure,3,2cea4ea7-7aaf-4c54-ac4e-b660de52065d,5.45098352432251,False,1.0390999996161554
bm25_current,TF042,procedure,4,dfb2693a-e821-4d6e-bbcc-0dbf3dc2a2ae,5.0552825927734375,True,1.0390999996161554
bm25_current,TF042,procedure,5,84c0a864-176f-4776-a15e-167fc2518e5d,4.772139072418213,False,1.0390999996161554
bm25_current,TF042,procedure,6,3abbb958-eafe-4ffe-bcfc-dafa7349c15c,4.684035301208496,True,1.0390999996161554
bm25_current,TF042,procedure,7,21efe016-3004-45f3-a070-29ce2ecb0019,4.681832790374756,False,1.0390999996161554
bm25_current,TF042,procedure,8,d3b7d61b-50f0-4b96-a770-785a9f3c3886,3.241227149963379,False,1.0390999996161554
bm25_current,TF042,procedure,9,4c0dde2a-0432-4cb2-ad33-987f5979ff76,3.2006609439849854,False,1.0390999996161554
bm25_current,TF042,procedure,10,9131e9a9-eff3-4f4e-a20b-4bdd456c35bc,3.0297956466674805,False,1.0390999996161554
bm25_current,TF043,procedure,1,9552a4ac-31b4-43a8-aa92-37bd3e89362a,6.669376373291016,False,1.2969999997949344
bm25_current,TF043,procedure,2,84c0a864-176f-4776-a15e-167fc2518e5d,5.107711315155029,False,1.2969999997949344
bm25_current,TF043,procedure,3,59d57c8a-c9d7-4f8d-b9a1-a2816f1f01f7,4.804264068603516,False,1.2969999997949344
bm25_current,TF043,procedure,4,f9cfc75b-a5e7-4633-a798-4b17ea462325,4.7051873207092285,False,1.2969999997949344
bm25_current,TF043,procedure,5,e62b0c91-ff0c-43b2-9bd5-ff173d9f8bc0,4.641680717468262,False,1.2969999997949344
bm25_current,TF043,procedure,6,3ecc27b9-634c-4026-b44e-e01123aa0467,4.619519233703613,False,1.2969999997949344
bm25_current,TF043,procedure,7,9b6cc313-9a59-4387-a5ce-2ed14389a0a7,4.246101379394531,False,1.2969999997949344
bm25_current,TF043,procedure,8,df699ccc-6f51-4281-b4a4-f3d2a20631e0,4.123198509216309,False,1.2969999997949344
bm25_current,TF043,procedure,9,d3b7d61b-50f0-4b96-a770-785a9f3c3886,1.9555081129074097,False,1.2969999997949344
bm25_current,TF043,procedure,10,b0b5bc4f-7d0b-4f56-8e37-84178d38637d,1.902570128440857,False,1.2969999997949344
bm25_current,TF044,fact_specific,1,09f3c6d5-9e0c-4545-960f-b16c69abbeb1,6.416562557220459,False,1.2899000003017136
bm25_current,TF044,fact_specific,2,dfb2693a-e821-4d6e-bbcc-0dbf3dc2a2ae,5.222231864929199,False,1.2899000003017136
bm25_current,TF044,fact_specific,3,919e93ca-fed9-4dde-b9b8-f870e207a3f3,4.688266754150391,False,1.2899000003017136
bm25_current,TF044,fact_specific,4,3abbb958-eafe-4ffe-bcfc-dafa7349c15c,4.684035301208496,False,1.2899000003017136
bm25_current,TF044,fact_specific,5,3ecc27b9-634c-4026-b44e-e01123aa0467,4.577188491821289,False,1.2899000003017136
bm25_current,TF044,fact_specific,6,9131e9a9-eff3-4f4e-a20b-4bdd456c35bc,4.4993977546691895,False,1.2899000003017136
bm25_current,TF044,fact_specific,7,2cea4ea7-7aaf-4c54-ac4e-b660de52065d,4.399069309234619,False,1.2899000003017136
bm25_current,TF044,fact_specific,8,fbf62ef9-25b7-437c-98d8-c4934fba0fe6,4.2966814041137695,False,1.2899000003017136
bm25_current,TF044,fact_specific,9,1033ac46-dec8-493e-b577-7f5ad80f8e86,4.093734264373779,False,1.2899000003017136
bm25_current,TF044,fact_specific,10,9552a4ac-31b4-43a8-aa92-37bd3e89362a,3.5061025619506836,False,1.2899000003017136
bm25_current,TF045,paraphrase,1,3abbb958-eafe-4ffe-bcfc-dafa7349c15c,6.537220478057861,False,1.0866000002351939
bm25_current,TF045,paraphrase,2,eda54b74-cd2f-4808-8175-bcc5b916ce90,5.430171489715576,False,1.0866000002351939
bm25_current,TF045,paraphrase,3,7adacb8c-91c0-4ea7-8d82-7505eeac5042,5.366875648498535,False,1.0866000002351939
bm25_current,TF045,paraphrase,4,dfb2693a-e821-4d6e-bbcc-0dbf3dc2a2ae,5.349342346191406,False,1.0866000002351939
bm25_current,TF045,paraphrase,5,22e6c188-2e4c-4029-b200-7770a3f00e6e,5.186156272888184,False,1.0866000002351939
bm25_current,TF045,paraphrase,6,2cea4ea7-7aaf-4c54-ac4e-b660de52065d,3.7989649772644043,False,1.0866000002351939
bm25_current,TF045,paraphrase,7,fbf62ef9-25b7-437c-98d8-c4934fba0fe6,3.7905309200286865,False,1.0866000002351939
bm25_current,TF045,paraphrase,8,b225ae64-72d2-4e59-81c0-57f5d8438666,3.657823085784912,False,1.0866000002351939
bm25_current,TF045,paraphrase,9,9131e9a9-eff3-4f4e-a20b-4bdd456c35bc,3.4647154808044434,False,1.0866000002351939
bm25_current,TF045,paraphrase,10,fd678588-5ac2-400d-95c5-3309537781ec,3.287501573562622,True,1.0866000002351939
bm25_current,TN001,negative_out_of_scope,1,fb4884e3-8fea-42fa-b996-7e9c333e7fef,0.0,False,2.4532999996154103
bm25_current,TN001,negative_out_of_scope,2,761b9529-5b18-4262-8174-6062c35fb31c,0.0,False,2.4532999996154103
bm25_current,TN001,negative_out_of_scope,3,c78ff32d-ea17-41fd-98ef-2e8872f01df3,0.0,False,2.4532999996154103
bm25_current,TN001,negative_out_of_scope,4,d9a4a9c8-fbd4-41f2-bab6-6abd72575204,0.0,False,2.4532999996154103
bm25_current,TN001,negative_out_of_scope,5,ee8c2027-ad6d-4bb7-8077-5e4c42be1cc3,0.0,False,2.4532999996154103
bm25_current,TN001,negative_out_of_scope,6,66dba192-bac5-4b3a-bd4d-77e9eacb4192,0.0,False,2.4532999996154103
bm25_current,TN001,negative_out_of_scope,7,edd76252-eb29-4acf-9a31-735463528b7d,0.0,False,2.4532999996154103
bm25_current,TN001,negative_out_of_scope,8,843aa4c8-3ffd-4747-97eb-8699b0a0eeaf,0.0,False,2.4532999996154103
bm25_current,TN001,negative_out_of_scope,9,63e9db23-9c0a-4e6a-a272-3d118d242ca2,0.0,False,2.4532999996154103
bm25_current,TN001,negative_out_of_scope,10,10537058-d160-4786-a6cf-95de46d7189c,0.0,False,2.4532999996154103
bm25_current,TN002,negative_out_of_scope,1,c78ff32d-ea17-41fd-98ef-2e8872f01df3,3.995793342590332,False,0.473200000669749
bm25_current,TN002,negative_out_of_scope,2,fb4884e3-8fea-42fa-b996-7e9c333e7fef,0.0,False,0.473200000669749
bm25_current,TN002,negative_out_of_scope,3,761b9529-5b18-4262-8174-6062c35fb31c,0.0,False,0.473200000669749
bm25_current,TN002,negative_out_of_scope,4,d9a4a9c8-fbd4-41f2-bab6-6abd72575204,0.0,False,0.473200000669749
bm25_current,TN002,negative_out_of_scope,5,ee8c2027-ad6d-4bb7-8077-5e4c42be1cc3,0.0,False,0.473200000669749
bm25_current,TN002,negative_out_of_scope,6,66dba192-bac5-4b3a-bd4d-77e9eacb4192,0.0,False,0.473200000669749
bm25_current,TN002,negative_out_of_scope,7,edd76252-eb29-4acf-9a31-735463528b7d,0.0,False,0.473200000669749
bm25_current,TN002,negative_out_of_scope,8,843aa4c8-3ffd-4747-97eb-8699b0a0eeaf,0.0,False,0.473200000669749
bm25_current,TN002,negative_out_of_scope,9,63e9db23-9c0a-4e6a-a272-3d118d242ca2,0.0,False,0.473200000669749
bm25_current,TN002,negative_out_of_scope,10,10537058-d160-4786-a6cf-95de46d7189c,0.0,False,0.473200000669749
bm25_current,TN003,negative_out_of_scope,1,6ffcd319-e868-444b-b6fe-8d192a4de3ff,5.228564262390137,False,0.6961000008232077
bm25_current,TN003,negative_out_of_scope,2,f7a9837d-f8db-4461-abd8-a3607db2276f,0.9105718731880188,False,0.6961000008232077
bm25_current,TN003,negative_out_of_scope,3,fbf62ef9-25b7-437c-98d8-c4934fba0fe6,0.7948442697525024,False,0.6961000008232077
bm25_current,TN003,negative_out_of_scope,4,fb4884e3-8fea-42fa-b996-7e9c333e7fef,0.0,False,0.6961000008232077
bm25_current,TN003,negative_out_of_scope,5,761b9529-5b18-4262-8174-6062c35fb31c,0.0,False,0.6961000008232077
bm25_current,TN003,negative_out_of_scope,6,c78ff32d-ea17-41fd-98ef-2e8872f01df3,0.0,False,0.6961000008232077
bm25_current,TN003,negative_out_of_scope,7,d9a4a9c8-fbd4-41f2-bab6-6abd72575204,0.0,False,0.6961000008232077
bm25_current,TN003,negative_out_of_scope,8,ee8c2027-ad6d-4bb7-8077-5e4c42be1cc3,0.0,False,0.6961000008232077
bm25_current,TN003,negative_out_of_scope,9,66dba192-bac5-4b3a-bd4d-77e9eacb4192,0.0,False,0.6961000008232077
bm25_current,TN003,negative_out_of_scope,10,edd76252-eb29-4acf-9a31-735463528b7d,0.0,False,0.6961000008232077
bm25_current,TN004,negative_out_of_scope,1,fb4884e3-8fea-42fa-b996-7e9c333e7fef,0.0,False,0.9164000002783723
bm25_current,TN004,negative_out_of_scope,2,761b9529-5b18-4262-8174-6062c35fb31c,0.0,False,0.9164000002783723
bm25_current,TN004,negative_out_of_scope,3,c78ff32d-ea17-41fd-98ef-2e8872f01df3,0.0,False,0.9164000002783723
bm25_current,TN004,negative_out_of_scope,4,d9a4a9c8-fbd4-41f2-bab6-6abd72575204,0.0,False,0.9164000002783723
bm25_current,TN004,negative_out_of_scope,5,ee8c2027-ad6d-4bb7-8077-5e4c42be1cc3,0.0,False,0.9164000002783723
bm25_current,TN004,negative_out_of_scope,6,66dba192-bac5-4b3a-bd4d-77e9eacb4192,0.0,False,0.9164000002783723
bm25_current,TN004,negative_out_of_scope,7,edd76252-eb29-4acf-9a31-735463528b7d,0.0,False,0.9164000002783723
bm25_current,TN004,negative_out_of_scope,8,843aa4c8-3ffd-4747-97eb-8699b0a0eeaf,0.0,False,0.9164000002783723
bm25_current,TN004,negative_out_of_scope,9,63e9db23-9c0a-4e6a-a272-3d118d242ca2,0.0,False,0.9164000002783723
bm25_current,TN004,negative_out_of_scope,10,10537058-d160-4786-a6cf-95de46d7189c,0.0,False,0.9164000002783723
bm25_current,TN005,negative_out_of_scope,1,b225ae64-72d2-4e59-81c0-57f5d8438666,3.417100429534912,False,1.0395999997854233
bm25_current,TN005,negative_out_of_scope,2,eda54b74-cd2f-4808-8175-bcc5b916ce90,3.2731075286865234,False,1.0395999997854233
bm25_current,TN005,negative_out_of_scope,3,7adacb8c-91c0-4ea7-8d82-7505eeac5042,3.242741823196411,False,1.0395999997854233
bm25_current,TN005,negative_out_of_scope,4,22e6c188-2e4c-4029-b200-7770a3f00e6e,3.1836698055267334,False,1.0395999997854233
bm25_current,TN005,negative_out_of_scope,5,3abbb958-eafe-4ffe-bcfc-dafa7349c15c,3.12671160697937,False,1.0395999997854233
bm25_current,TN005,negative_out_of_scope,6,fd678588-5ac2-400d-95c5-3309537781ec,3.0449960231781006,False,1.0395999997854233
bm25_current,TN005,negative_out_of_scope,7,84c0a864-176f-4776-a15e-167fc2518e5d,2.724569082260132,False,1.0395999997854233
bm25_current,TN005,negative_out_of_scope,8,9552a4ac-31b4-43a8-aa92-37bd3e89362a,2.6235361099243164,False,1.0395999997854233
bm25_current,TN005,negative_out_of_scope,9,74c0eabe-77c7-4dbf-a321-27966a12fafb,2.3422484397888184,False,1.0395999997854233
bm25_current,TN005,negative_out_of_scope,10,7e68f70a-ba74-4eb8-bbae-c7e9f7340567,2.1679201126098633,False,1.0395999997854233
bm25_current,TP001,product_specific,1,0f6b0fc1-9d70-479f-a87d-a26e954e2adb,6.211029052734375,False,0.551899999663874
bm25_current,TP001,product_specific,2,9552a4ac-31b4-43a8-aa92-37bd3e89362a,5.7914910316467285,False,0.551899999663874
bm25_current,TP001,product_specific,3,54fdf811-dedd-4016-b144-3e4bfdcd67c8,5.593297481536865,False,0.551899999663874
bm25_current,TP001,product_specific,4,ba3d1d87-0c2d-4b67-a0c2-4615c8249c2a,5.1758856773376465,True,0.551899999663874
bm25_current,TP001,product_specific,5,84c0a864-176f-4776-a15e-167fc2518e5d,3.892451286315918,False,0.551899999663874
bm25_current,TP001,product_specific,6,fb4884e3-8fea-42fa-b996-7e9c333e7fef,0.0,False,0.551899999663874
bm25_current,TP001,product_specific,7,761b9529-5b18-4262-8174-6062c35fb31c,0.0,False,0.551899999663874
bm25_current,TP001,product_specific,8,c78ff32d-ea17-41fd-98ef-2e8872f01df3,0.0,False,0.551899999663874
bm25_current,TP001,product_specific,9,d9a4a9c8-fbd4-41f2-bab6-6abd72575204,0.0,False,0.551899999663874
bm25_current,TP001,product_specific,10,ee8c2027-ad6d-4bb7-8077-5e4c42be1cc3,0.0,False,0.551899999663874
bm25_current,TP002,product_specific,1,4c0dde2a-0432-4cb2-ad33-987f5979ff76,4.5704240798950195,False,0.6304999997155392
bm25_current,TP002,product_specific,2,f7a9837d-f8db-4461-abd8-a3607db2276f,4.295620918273926,False,0.6304999997155392
bm25_current,TP002,product_specific,3,b0b5bc4f-7d0b-4f56-8e37-84178d38637d,3.8005127906799316,False,0.6304999997155392
bm25_current,TP002,product_specific,4,c404e320-0bf2-4325-be92-7a0614f201ca,3.50697922706604,False,0.6304999997155392
bm25_current,TP002,product_specific,5,a3d42ca5-54b5-4b8d-be4e-79337aaab880,2.6698713302612305,False,0.6304999997155392
bm25_current,TP002,product_specific,6,7adacb8c-91c0-4ea7-8d82-7505eeac5042,0.9279085397720337,False,0.6304999997155392
bm25_current,TP002,product_specific,7,7e68f70a-ba74-4eb8-bbae-c7e9f7340567,0.9048877954483032,False,0.6304999997155392
bm25_current,TP002,product_specific,8,17abd2d4-27a2-40ba-a55b-0b3ceee19005,0.8584475517272949,False,0.6304999997155392
bm25_current,TP002,product_specific,9,21d38039-895b-46a4-8902-96e380ce41aa,0.7931140065193176,False,0.6304999997155392
bm25_current,TP002,product_specific,10,b10b8f1c-ed17-44ca-8d7c-1a4f19a12c67,0.7817808985710144,False,0.6304999997155392
bm25_current,TP003,temporal,1,63b53156-440d-40c1-bc88-5c07c23ae77f,7.014913558959961,True,0.8197000006475719
bm25_current,TP003,temporal,2,c404e320-0bf2-4325-be92-7a0614f201ca,6.746158599853516,False,0.8197000006475719
bm25_current,TP003,temporal,3,9131e9a9-eff3-4f4e-a20b-4bdd456c35bc,5.673131942749023,False,0.8197000006475719
bm25_current,TP003,temporal,4,59d57c8a-c9d7-4f8d-b9a1-a2816f1f01f7,5.52161169052124,False,0.8197000006475719
bm25_current,TP003,temporal,5,ffcf7308-6e83-47bc-a519-0b4b7ba44562,5.474223613739014,False,0.8197000006475719
bm25_current,TP003,temporal,6,d2e0fc0a-bf0e-4226-abbf-e9f3dea2fce8,5.082720756530762,False,0.8197000006475719
bm25_current,TP003,temporal,7,21efe016-3004-45f3-a070-29ce2ecb0019,5.051664352416992,False,0.8197000006475719
bm25_current,TP003,temporal,8,f7a9837d-f8db-4461-abd8-a3607db2276f,4.295620918273926,False,0.8197000006475719
bm25_current,TP003,temporal,9,3ecc27b9-634c-4026-b44e-e01123aa0467,3.9162402153015137,False,0.8197000006475719
bm25_current,TP003,temporal,10,23c6ca0d-04bf-4081-b90a-9819029dcd73,3.50697922706604,False,0.8197000006475719
bm25_current,TP004,temporal,1,63b53156-440d-40c1-bc88-5c07c23ae77f,8.07597541809082,True,0.6026000000929344
bm25_current,TP004,temporal,2,f7a9837d-f8db-4461-abd8-a3607db2276f,4.295620918273926,False,0.6026000000929344
bm25_current,TP004,temporal,3,23c6ca0d-04bf-4081-b90a-9819029dcd73,3.50697922706604,False,0.6026000000929344
bm25_current,TP004,temporal,4,c404e320-0bf2-4325-be92-7a0614f201ca,3.50697922706604,False,0.6026000000929344
bm25_current,TP004,temporal,5,21efe016-3004-45f3-a070-29ce2ecb0019,2.6260993480682373,False,0.6026000000929344
bm25_current,TP004,temporal,6,71d2e37c-44e2-4972-8e6b-a6449c2f8404,1.058933973312378,True,0.6026000000929344
bm25_current,TP004,temporal,7,a7cf71a5-8426-4d7c-8106-e0754e7cb4bf,0.7901211380958557,False,0.6026000000929344
bm25_current,TP004,temporal,8,ffcf7308-6e83-47bc-a519-0b4b7ba44562,0.7786510586738586,False,0.6026000000929344
bm25_current,TP004,temporal,9,15e829a9-a475-429d-b0e3-5c34bfbd3ab7,0.6971055865287781,False,0.6026000000929344
bm25_current,TP004,temporal,10,b66e5419-8a9c-47f4-866d-ebdb95b174b2,0.6754313707351685,False,0.6026000000929344
bm25_current,TP005,temporal,1,da79aa00-567d-434c-8441-915ac080f918,8.468079566955566,True,0.43849999929079786
bm25_current,TP005,temporal,2,ba3d1d87-0c2d-4b67-a0c2-4615c8249c2a,5.760707378387451,False,0.43849999929079786
bm25_current,TP005,temporal,3,0f6b0fc1-9d70-479f-a87d-a26e954e2adb,5.537386417388916,False,0.43849999929079786
bm25_current,TP005,temporal,4,54fdf811-dedd-4016-b144-3e4bfdcd67c8,4.545566082000732,False,0.43849999929079786
bm25_current,TP005,temporal,5,e96acbc9-66b4-4df4-953b-3f7b0a846bbc,3.0434024333953857,False,0.43849999929079786
bm25_current,TP005,temporal,6,c404e320-0bf2-4325-be92-7a0614f201ca,1.71193528175354,False,0.43849999929079786
bm25_current,TP005,temporal,7,5de4d74d-720e-4d86-a836-f946d70a2d32,1.5024938583374023,False,0.43849999929079786
bm25_current,TP005,temporal,8,8259ed27-8646-4502-a959-aab1e9f1770f,1.4493985176086426,False,0.43849999929079786
bm25_current,TP005,temporal,9,9b6cc313-9a59-4387-a5ce-2ed14389a0a7,1.36068856716156,False,0.43849999929079786
bm25_current,TP005,temporal,10,b10b8f1c-ed17-44ca-8d7c-1a4f19a12c67,1.046776294708252,False,0.43849999929079786
bm25_current,TP006,product_specific,1,e96acbc9-66b4-4df4-953b-3f7b0a846bbc,13.520916938781738,True,0.4378000003271154
bm25_current,TP006,product_specific,2,9131e9a9-eff3-4f4e-a20b-4bdd456c35bc,7.239567756652832,False,0.4378000003271154
bm25_current,TP006,product_specific,3,54fdf811-dedd-4016-b144-3e4bfdcd67c8,6.474274635314941,False,0.4378000003271154
bm25_current,TP006,product_specific,4,d4c1a9ca-23c5-4ae0-9a51-c56675b2e6d1,5.54007625579834,False,0.4378000003271154
bm25_current,TP006,product_specific,5,e62b0c91-ff0c-43b2-9bd5-ff173d9f8bc0,4.853871822357178,False,0.4378000003271154
bm25_current,TP006,product_specific,6,73735f01-c9d0-4dd5-8d46-c70045e4b334,4.753548622131348,False,0.4378000003271154
bm25_current,TP006,product_specific,7,7c33fbb7-e931-4f6b-9520-23875ec9ee5b,4.394297122955322,False,0.4378000003271154
bm25_current,TP006,product_specific,8,324bc249-0e84-46e9-b77f-856c76cd5353,3.799816370010376,False,0.4378000003271154
bm25_current,TP006,product_specific,9,48b9789d-5088-4ba1-a82a-be3a6396ce85,3.434281349182129,False,0.4378000003271154
bm25_current,TP006,product_specific,10,3abbb958-eafe-4ffe-bcfc-dafa7349c15c,3.0214383602142334,False,0.4378000003271154
bm25_current,TP007,product_specific,1,e62b0c91-ff0c-43b2-9bd5-ff173d9f8bc0,10.254488945007324,False,1.1607000005824375
bm25_current,TP007,product_specific,2,7c33fbb7-e931-4f6b-9520-23875ec9ee5b,9.132205963134766,False,1.1607000005824375
bm25_current,TP007,product_specific,3,4c0dde2a-0432-4cb2-ad33-987f5979ff76,7.46903657913208,False,1.1607000005824375
bm25_current,TP007,product_specific,4,e96acbc9-66b4-4df4-953b-3f7b0a846bbc,7.3763322830200195,False,1.1607000005824375
bm25_current,TP007,product_specific,5,3ecc27b9-634c-4026-b44e-e01123aa0467,6.7035908699035645,False,1.1607000005824375
bm25_current,TP007,product_specific,6,7abe62fa-6fdb-4466-a16b-73e1770f0c57,5.780395984649658,False,1.1607000005824375
bm25_current,TP007,product_specific,7,9131e9a9-eff3-4f4e-a20b-4bdd456c35bc,5.747225761413574,False,1.1607000005824375
bm25_current,TP007,product_specific,8,f9cfc75b-a5e7-4633-a798-4b17ea462325,5.744748115539551,False,1.1607000005824375
bm25_current,TP007,product_specific,9,df699ccc-6f51-4281-b4a4-f3d2a20631e0,4.723957061767578,False,1.1607000005824375
bm25_current,TP007,product_specific,10,54fdf811-dedd-4016-b144-3e4bfdcd67c8,4.067595481872559,False,1.1607000005824375
bm25_current,TP008,product_specific,1,df699ccc-6f51-4281-b4a4-f3d2a20631e0,6.729312896728516,False,0.9209999998347485
bm25_current,TP008,product_specific,2,7c33fbb7-e931-4f6b-9520-23875ec9ee5b,5.272154808044434,False,0.9209999998347485
bm25_current,TP008,product_specific,3,a3d42ca5-54b5-4b8d-be4e-79337aaab880,5.092217922210693,False,0.9209999998347485
bm25_current,TP008,product_specific,4,e62b0c91-ff0c-43b2-9bd5-ff173d9f8bc0,5.087080955505371,False,0.9209999998347485
bm25_current,TP008,product_specific,5,09f3c6d5-9e0c-4545-960f-b16c69abbeb1,4.50029993057251,False,0.9209999998347485
bm25_current,TP008,product_specific,6,9131e9a9-eff3-4f4e-a20b-4bdd456c35bc,3.660259962081909,True,0.9209999998347485
bm25_current,TP008,product_specific,7,4c0dde2a-0432-4cb2-ad33-987f5979ff76,3.5203280448913574,False,0.9209999998347485
bm25_current,TP008,product_specific,8,3ecc27b9-634c-4026-b44e-e01123aa0467,3.278834104537964,False,0.9209999998347485
bm25_current,TP008,product_specific,9,fd678588-5ac2-400d-95c5-3309537781ec,3.265038013458252,False,0.9209999998347485
bm25_current,TP008,product_specific,10,54fdf811-dedd-4016-b144-3e4bfdcd67c8,0.8447748422622681,True,0.9209999998347485
bm25_current,TP009,product_specific,1,2cea4ea7-7aaf-4c54-ac4e-b660de52065d,12.369556427001953,False,0.8569999999963329
bm25_current,TP009,product_specific,2,21efe016-3004-45f3-a070-29ce2ecb0019,11.879400253295898,False,0.8569999999963329
bm25_current,TP009,product_specific,3,b66e5419-8a9c-47f4-866d-ebdb95b174b2,10.143758773803711,False,0.8569999999963329
bm25_current,TP009,product_specific,4,bc88f538-e881-4c81-85e9-fca20614315d,7.267630100250244,True,0.8569999999963329
bm25_current,TP009,product_specific,5,59d57c8a-c9d7-4f8d-b9a1-a2816f1f01f7,4.848947525024414,False,0.8569999999963329
bm25_current,TP009,product_specific,6,0a4f11c7-39e8-41fe-bd14-48456671f531,3.344679832458496,False,0.8569999999963329
bm25_current,TP009,product_specific,7,4c0dde2a-0432-4cb2-ad33-987f5979ff76,2.5322296619415283,False,0.8569999999963329
bm25_current,TP009,product_specific,8,22e6c188-2e4c-4029-b200-7770a3f00e6e,0.9576684236526489,False,0.8569999999963329
bm25_current,TP009,product_specific,9,6ffcd319-e868-444b-b6fe-8d192a4de3ff,0.937113344669342,False,0.8569999999963329
bm25_current,TP009,product_specific,10,a3d42ca5-54b5-4b8d-be4e-79337aaab880,0.8593719601631165,False,0.8569999999963329
bm25_current,TP010,product_specific,1,2cea4ea7-7aaf-4c54-ac4e-b660de52065d,13.960373878479004,False,1.140599999416736
bm25_current,TP010,product_specific,2,21efe016-3004-45f3-a070-29ce2ecb0019,12.336328506469727,False,1.140599999416736
bm25_current,TP010,product_specific,3,b66e5419-8a9c-47f4-866d-ebdb95b174b2,6.799587249755859,True,1.140599999416736
bm25_current,TP010,product_specific,4,9b6cc313-9a59-4387-a5ce-2ed14389a0a7,4.617155075073242,False,1.140599999416736
bm25_current,TP010,product_specific,5,5de4d74d-720e-4d86-a836-f946d70a2d32,4.422725200653076,False,1.140599999416736
bm25_current,TP010,product_specific,6,bc88f538-e881-4c81-85e9-fca20614315d,4.358898162841797,False,1.140599999416736
bm25_current,TP010,product_specific,7,4c0dde2a-0432-4cb2-ad33-987f5979ff76,3.1096293926239014,False,1.140599999416736
bm25_current,TP010,product_specific,8,fbf62ef9-25b7-437c-98d8-c4934fba0fe6,1.1337631940841675,False,1.140599999416736
bm25_current,TP010,product_specific,9,22e6c188-2e4c-4029-b200-7770a3f00e6e,1.1185086965560913,False,1.140599999416736
bm25_current,TP010,product_specific,10,3abbb958-eafe-4ffe-bcfc-dafa7349c15c,1.0435376167297363,False,1.140599999416736
bm25_current,TP011,temporal,1,b66e5419-8a9c-47f4-866d-ebdb95b174b2,6.2266645431518555,True,0.8692000001246925
bm25_current,TP011,temporal,2,23c6ca0d-04bf-4081-b90a-9819029dcd73,4.8180952072143555,False,0.8692000001246925
bm25_current,TP011,temporal,3,c404e320-0bf2-4325-be92-7a0614f201ca,1.2884047031402588,False,0.8692000001246925
bm25_current,TP011,temporal,4,d3b7d61b-50f0-4b96-a770-785a9f3c3886,0.6454505324363708,False,0.8692000001246925
bm25_current,TP011,temporal,5,fb4884e3-8fea-42fa-b996-7e9c333e7fef,0.0,False,0.8692000001246925
bm25_current,TP011,temporal,6,761b9529-5b18-4262-8174-6062c35fb31c,0.0,False,0.8692000001246925
bm25_current,TP011,temporal,7,c78ff32d-ea17-41fd-98ef-2e8872f01df3,0.0,False,0.8692000001246925
bm25_current,TP011,temporal,8,d9a4a9c8-fbd4-41f2-bab6-6abd72575204,0.0,False,0.8692000001246925
bm25_current,TP011,temporal,9,ee8c2027-ad6d-4bb7-8077-5e4c42be1cc3,0.0,False,0.8692000001246925
bm25_current,TP011,temporal,10,66dba192-bac5-4b3a-bd4d-77e9eacb4192,0.0,False,0.8692000001246925
bm25_current,TP012,product_specific,1,21efe016-3004-45f3-a070-29ce2ecb0019,10.14687728881836,True,0.9577000000717817
bm25_current,TP012,product_specific,2,2cea4ea7-7aaf-4c54-ac4e-b660de52065d,8.7315092086792,False,0.9577000000717817
bm25_current,TP012,product_specific,3,d3b7d61b-50f0-4b96-a770-785a9f3c3886,6.171075820922852,False,0.9577000000717817
bm25_current,TP012,product_specific,4,b66e5419-8a9c-47f4-866d-ebdb95b174b2,5.925224781036377,False,0.9577000000717817
bm25_current,TP012,product_specific,5,f7a9837d-f8db-4461-abd8-a3607db2276f,4.295620918273926,False,0.9577000000717817
bm25_current,TP012,product_specific,6,23c6ca0d-04bf-4081-b90a-9819029dcd73,3.50697922706604,False,0.9577000000717817
bm25_current,TP012,product_specific,7,c404e320-0bf2-4325-be92-7a0614f201ca,3.50697922706604,False,0.9577000000717817
bm25_current,TP012,product_specific,8,bc88f538-e881-4c81-85e9-fca20614315d,2.9587535858154297,False,0.9577000000717817
bm25_current,TP012,product_specific,9,4c0dde2a-0432-4cb2-ad33-987f5979ff76,2.3178772926330566,False,0.9577000000717817
bm25_current,TP012,product_specific,10,fb4884e3-8fea-42fa-b996-7e9c333e7fef,0.0,False,0.9577000000717817
bm25_current,TP013,procedure,1,d4c1a9ca-23c5-4ae0-9a51-c56675b2e6d1,6.5267109870910645,False,0.9475000006204937
bm25_current,TP013,procedure,2,a7cf71a5-8426-4d7c-8106-e0754e7cb4bf,1.6993346214294434,False,0.9475000006204937
bm25_current,TP013,procedure,3,5de4d74d-720e-4d86-a836-f946d70a2d32,1.675468921661377,False,0.9475000006204937
bm25_current,TP013,procedure,4,9b6cc313-9a59-4387-a5ce-2ed14389a0a7,1.5412678718566895,True,0.9475000006204937
bm25_current,TP013,procedure,5,d3b7d61b-50f0-4b96-a770-785a9f3c3886,1.3908843994140625,False,0.9475000006204937
bm25_current,TP013,procedure,6,b66e5419-8a9c-47f4-866d-ebdb95b174b2,1.2524172067642212,False,0.9475000006204937
bm25_current,TP013,procedure,7,84c0a864-176f-4776-a15e-167fc2518e5d,1.0782902240753174,False,0.9475000006204937
bm25_current,TP013,procedure,8,7e5199d4-e5c9-40ca-a69f-ea37f52c6ce3,0.9198150634765625,False,0.9475000006204937
bm25_current,TP013,procedure,9,c404e320-0bf2-4325-be92-7a0614f201ca,0.8950620293617249,False,0.9475000006204937
bm25_current,TP013,procedure,10,73735f01-c9d0-4dd5-8d46-c70045e4b334,0.8702232837677002,False,0.9475000006204937
bm25_current,TP014,temporal,1,6ffcd319-e868-444b-b6fe-8d192a4de3ff,6.696747779846191,False,0.8249000002251705
bm25_current,TP014,temporal,2,b0d368a1-d0fc-4b8b-8567-e190cf462986,4.711930274963379,False,0.8249000002251705
bm25_current,TP014,temporal,3,30ce28cb-f702-4cce-8105-137e2f73af0d,2.4998116493225098,True,0.8249000002251705
bm25_current,TP014,temporal,4,22e6c188-2e4c-4029-b200-7770a3f00e6e,2.3875579833984375,False,0.8249000002251705
bm25_current,TP014,temporal,5,0a4f11c7-39e8-41fe-bd14-48456671f531,1.7343227863311768,False,0.8249000002251705
bm25_current,TP014,temporal,6,70b95f72-95ec-43b5-b76f-657518103256,1.6964178085327148,False,0.8249000002251705
bm25_current,TP014,temporal,7,cfff9bf0-05e4-4179-a793-f3c705d04812,1.562166690826416,False,0.8249000002251705
bm25_current,TP014,temporal,8,f1611d72-8c47-41f8-bfee-99d5ffdfe12a,1.531539797782898,False,0.8249000002251705
bm25_current,TP014,temporal,9,48b9789d-5088-4ba1-a82a-be3a6396ce85,1.4986698627471924,False,0.8249000002251705
bm25_current,TP014,temporal,10,d3b7d61b-50f0-4b96-a770-785a9f3c3886,1.4326435327529907,False,0.8249000002251705
bm25_current,TP015,preparation,1,30ce28cb-f702-4cce-8105-137e2f73af0d,5.832473278045654,False,0.6646000001637731
bm25_current,TP015,preparation,2,70b95f72-95ec-43b5-b76f-657518103256,5.288299560546875,False,0.6646000001637731
bm25_current,TP015,preparation,3,22e6c188-2e4c-4029-b200-7770a3f00e6e,5.259057998657227,False,0.6646000001637731
bm25_current,TP015,preparation,4,0a4f11c7-39e8-41fe-bd14-48456671f531,5.24180793762207,False,0.6646000001637731
bm25_current,TP015,preparation,5,48b9789d-5088-4ba1-a82a-be3a6396ce85,5.2135748863220215,False,0.6646000001637731
bm25_current,TP015,preparation,6,f1611d72-8c47-41f8-bfee-99d5ffdfe12a,5.064783573150635,False,0.6646000001637731
bm25_current,TP015,preparation,7,b0d368a1-d0fc-4b8b-8567-e190cf462986,4.711930274963379,False,0.6646000001637731
bm25_current,TP015,preparation,8,d3b7d61b-50f0-4b96-a770-785a9f3c3886,4.616187572479248,True,0.6646000001637731
bm25_current,TP015,preparation,9,cfff9bf0-05e4-4179-a793-f3c705d04812,4.574153423309326,False,0.6646000001637731
bm25_current,TP015,preparation,10,a952e706-800e-493c-886a-8f06602fb2be,3.7705821990966797,False,0.6646000001637731
bm25_current,TP016,temporal,1,0a4f11c7-39e8-41fe-bd14-48456671f531,9.35996150970459,True,1.1419000002206303
bm25_current,TP016,temporal,2,48b9789d-5088-4ba1-a82a-be3a6396ce85,7.533435821533203,False,1.1419000002206303
bm25_current,TP016,temporal,3,b8c70ff9-e1b2-40ce-9a0a-f65a53899d13,7.136985778808594,False,1.1419000002206303
bm25_current,TP016,temporal,4,d3b7d61b-50f0-4b96-a770-785a9f3c3886,5.8221964836120605,False,1.1419000002206303
bm25_current,TP016,temporal,5,cfff9bf0-05e4-4179-a793-f3c705d04812,2.921675205230713,False,1.1419000002206303
bm25_current,TP016,temporal,6,70b95f72-95ec-43b5-b76f-657518103256,2.3258304595947266,True,1.1419000002206303
bm25_current,TP016,temporal,7,30ce28cb-f702-4cce-8105-137e2f73af0d,1.9520052671432495,False,1.1419000002206303
bm25_current,TP016,temporal,8,22e6c188-2e4c-4029-b200-7770a3f00e6e,1.7668474912643433,False,1.1419000002206303
bm25_current,TP016,temporal,9,f1611d72-8c47-41f8-bfee-99d5ffdfe12a,1.7380001544952393,False,1.1419000002206303
bm25_current,TP016,temporal,10,d4c1a9ca-23c5-4ae0-9a51-c56675b2e6d1,1.4104297161102295,False,1.1419000002206303
bm25_current,TP017,preparation,1,b7876bcb-b1d0-409a-831d-45e59e35a44e,5.091024875640869,False,0.9881000005407259
bm25_current,TP017,preparation,2,73735f01-c9d0-4dd5-8d46-c70045e4b334,5.004260063171387,True,0.9881000005407259
bm25_current,TP017,preparation,3,e96acbc9-66b4-4df4-953b-3f7b0a846bbc,4.899796485900879,False,0.9881000005407259
bm25_current,TP017,preparation,4,74c0eabe-77c7-4dbf-a321-27966a12fafb,4.675948619842529,False,0.9881000005407259
bm25_current,TP017,preparation,5,b0d368a1-d0fc-4b8b-8567-e190cf462986,4.671097278594971,False,0.9881000005407259
bm25_current,TP017,preparation,6,48b9789d-5088-4ba1-a82a-be3a6396ce85,4.464262008666992,False,0.9881000005407259
bm25_current,TP017,preparation,7,6ffcd319-e868-444b-b6fe-8d192a4de3ff,4.417672634124756,False,0.9881000005407259
bm25_current,TP017,preparation,8,16efaa44-1554-4748-8407-48fac0bced94,4.405827045440674,False,0.9881000005407259
bm25_current,TP017,preparation,9,919e93ca-fed9-4dde-b9b8-f870e207a3f3,4.160464286804199,False,0.9881000005407259
bm25_current,TP017,preparation,10,cfff9bf0-05e4-4179-a793-f3c705d04812,4.048162460327148,False,0.9881000005407259
bm25_current,TP018,preparation,1,9552a4ac-31b4-43a8-aa92-37bd3e89362a,9.442489624023438,False,0.8355999998457264
bm25_current,TP018,preparation,2,6ffcd319-e868-444b-b6fe-8d192a4de3ff,8.2786226272583,True,0.8355999998457264
bm25_current,TP018,preparation,3,84c0a864-176f-4776-a15e-167fc2518e5d,8.223052024841309,False,0.8355999998457264
bm25_current,TP018,preparation,4,73735f01-c9d0-4dd5-8d46-c70045e4b334,5.698094844818115,True,0.8355999998457264
bm25_current,TP018,preparation,5,36bac780-b1a2-42dc-8cca-3605f80c5521,5.455326080322266,False,0.8355999998457264
bm25_current,TP018,preparation,6,8f3ed830-3a06-41c6-8b06-cfcf6d36a83c,4.959288120269775,False,0.8355999998457264
bm25_current,TP018,preparation,7,7e5199d4-e5c9-40ca-a69f-ea37f52c6ce3,4.9151177406311035,False,0.8355999998457264
bm25_current,TP018,preparation,8,919e93ca-fed9-4dde-b9b8-f870e207a3f3,4.756850719451904,False,0.8355999998457264
bm25_current,TP018,preparation,9,b0d368a1-d0fc-4b8b-8567-e190cf462986,4.51632022857666,False,0.8355999998457264
bm25_current,TP018,preparation,10,eda54b74-cd2f-4808-8175-bcc5b916ce90,4.276338577270508,False,0.8355999998457264
bm25_current,TP019,temporal,1,b0d368a1-d0fc-4b8b-8567-e190cf462986,9.466052055358887,False,0.7843999992473982
bm25_current,TP019,temporal,2,c404e320-0bf2-4325-be92-7a0614f201ca,9.00384521484375,True,0.7843999992473982
bm25_current,TP019,temporal,3,919e93ca-fed9-4dde-b9b8-f870e207a3f3,6.4468278884887695,False,0.7843999992473982
bm25_current,TP019,temporal,4,16efaa44-1554-4748-8407-48fac0bced94,5.454773902893066,False,0.7843999992473982
bm25_current,TP019,temporal,5,b7876bcb-b1d0-409a-831d-45e59e35a44e,4.456645965576172,False,0.7843999992473982
bm25_current,TP019,temporal,6,74c0eabe-77c7-4dbf-a321-27966a12fafb,2.872466564178467,False,0.7843999992473982
bm25_current,TP019,temporal,7,b66e5419-8a9c-47f4-866d-ebdb95b174b2,1.350862741470337,False,0.7843999992473982
bm25_current,TP019,temporal,8,a7cf71a5-8426-4d7c-8106-e0754e7cb4bf,0.7901211380958557,False,0.7843999992473982
bm25_current,TP019,temporal,9,63b53156-440d-40c1-bc88-5c07c23ae77f,0.7743428945541382,False,0.7843999992473982
bm25_current,TP019,temporal,10,d3b7d61b-50f0-4b96-a770-785a9f3c3886,0.6454505324363708,False,0.7843999992473982
bm25_current,TP020,temporal,1,c404e320-0bf2-4325-be92-7a0614f201ca,8.193949699401855,True,1.0368000002927147
bm25_current,TP020,temporal,2,6ffcd319-e868-444b-b6fe-8d192a4de3ff,6.3165483474731445,False,1.0368000002927147
bm25_current,TP020,temporal,3,b0d368a1-d0fc-4b8b-8567-e190cf462986,5.487527370452881,False,1.0368000002927147
bm25_current,TP020,temporal,4,919e93ca-fed9-4dde-b9b8-f870e207a3f3,5.4526262283325195,False,1.0368000002927147
bm25_current,TP020,temporal,5,a7cf71a5-8426-4d7c-8106-e0754e7cb4bf,1.003361463546753,False,1.0368000002927147
bm25_current,TP020,temporal,6,7e5199d4-e5c9-40ca-a69f-ea37f52c6ce3,0.1314123421907425,False,1.0368000002927147
bm25_current,TP020,temporal,7,5de4d74d-720e-4d86-a836-f946d70a2d32,0.1288444697856903,False,1.0368000002927147
bm25_current,TP020,temporal,8,73735f01-c9d0-4dd5-8d46-c70045e4b334,0.1281001716852188,False,1.0368000002927147
bm25_current,TP020,temporal,9,da79aa00-567d-434c-8441-915ac080f918,0.12493409961462021,False,1.0368000002927147
bm25_current,TP020,temporal,10,8f3ed830-3a06-41c6-8b06-cfcf6d36a83c,0.12376230210065842,False,1.0368000002927147
bm25_current,TP021,fact_specific,1,f7a9837d-f8db-4461-abd8-a3607db2276f,10.361422538757324,False,1.069199999619741
bm25_current,TP021,fact_specific,2,919e93ca-fed9-4dde-b9b8-f870e207a3f3,9.123147964477539,True,1.069199999619741
bm25_current,TP021,fact_specific,3,b0d368a1-d0fc-4b8b-8567-e190cf462986,7.95120906829834,True,1.069199999619741
bm25_current,TP021,fact_specific,4,74c0eabe-77c7-4dbf-a321-27966a12fafb,7.1537628173828125,False,1.069199999619741
bm25_current,TP021,fact_specific,5,6ffcd319-e868-444b-b6fe-8d192a4de3ff,4.870049476623535,False,1.069199999619741
bm25_current,TP021,fact_specific,6,b7876bcb-b1d0-409a-831d-45e59e35a44e,4.509583473205566,False,1.069199999619741
bm25_current,TP021,fact_specific,7,73735f01-c9d0-4dd5-8d46-c70045e4b334,4.134036540985107,False,1.069199999619741
bm25_current,TP021,fact_specific,8,16efaa44-1554-4748-8407-48fac0bced94,3.5561554431915283,False,1.069199999619741
bm25_current,TP021,fact_specific,9,cfff9bf0-05e4-4179-a793-f3c705d04812,3.2247838973999023,False,1.069199999619741
bm25_current,TP021,fact_specific,10,22e6c188-2e4c-4029-b200-7770a3f00e6e,2.862337589263916,False,1.069199999619741
bm25_current,TP022,fact_specific,1,b7876bcb-b1d0-409a-831d-45e59e35a44e,11.854277610778809,True,0.6527000005007721
bm25_current,TP022,fact_specific,2,919e93ca-fed9-4dde-b9b8-f870e207a3f3,11.10816764831543,False,0.6527000005007721
bm25_current,TP022,fact_specific,3,16efaa44-1554-4748-8407-48fac0bced94,5.917168617248535,False,0.6527000005007721
bm25_current,TP022,fact_specific,4,74c0eabe-77c7-4dbf-a321-27966a12fafb,3.962033748626709,False,0.6527000005007721
bm25_current,TP022,fact_specific,5,b0d368a1-d0fc-4b8b-8567-e190cf462986,3.6614184379577637,False,0.6527000005007721
bm25_current,TP022,fact_specific,6,6ffcd319-e868-444b-b6fe-8d192a4de3ff,3.1964619159698486,False,0.6527000005007721
bm25_current,TP022,fact_specific,7,f7a9837d-f8db-4461-abd8-a3607db2276f,2.9116885662078857,False,0.6527000005007721
bm25_current,TP022,fact_specific,8,15e829a9-a475-429d-b0e3-5c34bfbd3ab7,2.618285894393921,False,0.6527000005007721
bm25_current,TP022,fact_specific,9,7abe62fa-6fdb-4466-a16b-73e1770f0c57,0.8910548090934753,False,0.6527000005007721
bm25_current,TP022,fact_specific,10,7e5199d4-e5c9-40ca-a69f-ea37f52c6ce3,0.4702845513820648,False,0.6527000005007721
bm25_current,TP023,preparation,1,eda54b74-cd2f-4808-8175-bcc5b916ce90,2.492544174194336,True,1.0816000003615045
bm25_current,TP023,preparation,2,fd678588-5ac2-400d-95c5-3309537781ec,2.46142315864563,False,1.0816000003615045
bm25_current,TP023,preparation,3,21d38039-895b-46a4-8902-96e380ce41aa,2.307420015335083,False,1.0816000003615045
bm25_current,TP023,preparation,4,b0d368a1-d0fc-4b8b-8567-e190cf462986,2.2435519695281982,False,1.0816000003615045
bm25_current,TP023,preparation,5,b8c70ff9-e1b2-40ce-9a0a-f65a53899d13,2.108513116836548,False,1.0816000003615045
bm25_current,TP023,preparation,6,b225ae64-72d2-4e59-81c0-57f5d8438666,2.056248188018799,False,1.0816000003615045
bm25_current,TP023,preparation,7,7adacb8c-91c0-4ea7-8d82-7505eeac5042,2.0183284282684326,False,1.0816000003615045
bm25_current,TP023,preparation,8,7e68f70a-ba74-4eb8-bbae-c7e9f7340567,1.9242539405822754,False,1.0816000003615045
bm25_current,TP023,preparation,9,a3d42ca5-54b5-4b8d-be4e-79337aaab880,1.836457371711731,False,1.0816000003615045
bm25_current,TP023,preparation,10,30ce28cb-f702-4cce-8105-137e2f73af0d,1.8011651039123535,False,1.0816000003615045
bm25_current,TP024,preparation,1,eda54b74-cd2f-4808-8175-bcc5b916ce90,7.792858600616455,False,1.1419000002206303
bm25_current,TP024,preparation,2,84c0a864-176f-4776-a15e-167fc2518e5d,7.192139148712158,False,1.1419000002206303
bm25_current,TP024,preparation,3,9552a4ac-31b4-43a8-aa92-37bd3e89362a,6.906689167022705,False,1.1419000002206303
bm25_current,TP024,preparation,4,63b53156-440d-40c1-bc88-5c07c23ae77f,6.220160484313965,False,1.1419000002206303
bm25_current,TP024,preparation,5,36bac780-b1a2-42dc-8cca-3605f80c5521,5.983499526977539,True,1.1419000002206303
bm25_current,TP024,preparation,6,b225ae64-72d2-4e59-81c0-57f5d8438666,5.9340081214904785,False,1.1419000002206303
bm25_current,TP024,preparation,7,d4c1a9ca-23c5-4ae0-9a51-c56675b2e6d1,5.856475830078125,False,1.1419000002206303
bm25_current,TP024,preparation,8,98d006ac-5212-4c8c-8a63-4cbd4d6caffc,5.782295227050781,False,1.1419000002206303
bm25_current,TP024,preparation,9,74c0eabe-77c7-4dbf-a321-27966a12fafb,5.61318826675415,False,1.1419000002206303
bm25_current,TP024,preparation,10,7adacb8c-91c0-4ea7-8d82-7505eeac5042,5.281604290008545,False,1.1419000002206303
bm25_current,TP025,temporal,1,f9cfc75b-a5e7-4633-a798-4b17ea462325,6.950838088989258,False,0.6404999994629179
bm25_current,TP025,temporal,2,54fdf811-dedd-4016-b144-3e4bfdcd67c8,5.593297481536865,False,0.6404999994629179
bm25_current,TP025,temporal,3,f4580736-a09e-471f-93d2-8089c695eb67,4.74151611328125,False,0.6404999994629179
bm25_current,TP025,temporal,4,5e7838ae-0b80-4d05-b266-deb52de7b401,3.833465099334717,False,0.6404999994629179
bm25_current,TP025,temporal,5,2e55093d-0a0f-4fd9-954b-4fc72df9eac0,3.1352901458740234,False,0.6404999994629179
bm25_current,TP025,temporal,6,8939253d-3272-4915-8c2b-c60062aeb818,3.0032620429992676,False,0.6404999994629179
bm25_current,TP025,temporal,7,d3b7d61b-50f0-4b96-a770-785a9f3c3886,2.7699732780456543,False,0.6404999994629179
bm25_current,TP025,temporal,8,a7cf71a5-8426-4d7c-8106-e0754e7cb4bf,2.620391368865967,False,0.6404999994629179
bm25_current,TP025,temporal,9,fb4884e3-8fea-42fa-b996-7e9c333e7fef,0.0,False,0.6404999994629179
bm25_current,TP025,temporal,10,761b9529-5b18-4262-8174-6062c35fb31c,0.0,False,0.6404999994629179
bm25_current,TP026,procedure,1,9b6cc313-9a59-4387-a5ce-2ed14389a0a7,8.074216842651367,False,1.0738999999375665
bm25_current,TP026,procedure,2,f9cfc75b-a5e7-4633-a798-4b17ea462325,5.610550403594971,False,1.0738999999375665
bm25_current,TP026,procedure,3,f4580736-a09e-471f-93d2-8089c695eb67,5.587043762207031,False,1.0738999999375665
bm25_current,TP026,procedure,4,5de4d74d-720e-4d86-a836-f946d70a2d32,4.822951793670654,True,1.0738999999375665
bm25_current,TP026,procedure,5,c78ff32d-ea17-41fd-98ef-2e8872f01df3,4.354409694671631,False,1.0738999999375665
bm25_current,TP026,procedure,6,54fdf811-dedd-4016-b144-3e4bfdcd67c8,4.351317882537842,False,1.0738999999375665
bm25_current,TP026,procedure,7,59d57c8a-c9d7-4f8d-b9a1-a2816f1f01f7,4.0892252922058105,False,1.0738999999375665
bm25_current,TP026,procedure,8,3ecc27b9-634c-4026-b44e-e01123aa0467,3.924311399459839,False,1.0738999999375665
bm25_current,TP026,procedure,9,e62b0c91-ff0c-43b2-9bd5-ff173d9f8bc0,3.917104482650757,False,1.0738999999375665
bm25_current,TP026,procedure,10,73735f01-c9d0-4dd5-8d46-c70045e4b334,3.548024892807007,False,1.0738999999375665
bm25_current,TP027,fact_specific,1,63e9db23-9c0a-4e6a-a272-3d118d242ca2,5.894291400909424,False,1.1475999999674968
bm25_current,TP027,fact_specific,2,5de4d74d-720e-4d86-a836-f946d70a2d32,5.330313205718994,True,1.1475999999674968
bm25_current,TP027,fact_specific,3,7e5199d4-e5c9-40ca-a69f-ea37f52c6ce3,0.9198150634765625,False,1.1475999999674968
bm25_current,TP027,fact_specific,4,a7cf71a5-8426-4d7c-8106-e0754e7cb4bf,0.9092135429382324,False,1.1475999999674968
bm25_current,TP027,fact_specific,5,c404e320-0bf2-4325-be92-7a0614f201ca,0.8950620293617249,False,1.1475999999674968
bm25_current,TP027,fact_specific,6,73735f01-c9d0-4dd5-8d46-c70045e4b334,0.8702232837677002,False,1.1475999999674968
bm25_current,TP027,fact_specific,7,16efaa44-1554-4748-8407-48fac0bced94,0.8496715426445007,False,1.1475999999674968
bm25_current,TP027,fact_specific,8,30ce28cb-f702-4cce-8105-137e2f73af0d,0.8492841124534607,False,1.1475999999674968
bm25_current,TP027,fact_specific,9,22e6c188-2e4c-4029-b200-7770a3f00e6e,0.8428277373313904,False,1.1475999999674968
bm25_current,TP027,fact_specific,10,70b95f72-95ec-43b5-b76f-657518103256,0.842285692691803,False,1.1475999999674968
bm25_current,TP028,fact_specific,1,54fdf811-dedd-4016-b144-3e4bfdcd67c8,9.588592529296875,False,1.4257000002544373
bm25_current,TP028,fact_specific,2,23c6ca0d-04bf-4081-b90a-9819029dcd73,8.653252601623535,False,1.4257000002544373
bm25_current,TP028,fact_specific,3,4c0dde2a-0432-4cb2-ad33-987f5979ff76,7.2013936042785645,False,1.4257000002544373
bm25_current,TP028,fact_specific,4,e62b0c91-ff0c-43b2-9bd5-ff173d9f8bc0,4.3692169189453125,True,1.4257000002544373
bm25_current,TP028,fact_specific,5,d4c1a9ca-23c5-4ae0-9a51-c56675b2e6d1,4.125542640686035,False,1.4257000002544373
bm25_current,TP028,fact_specific,6,e96acbc9-66b4-4df4-953b-3f7b0a846bbc,3.545820713043213,False,1.4257000002544373
bm25_current,TP028,fact_specific,7,bc88f538-e881-4c81-85e9-fca20614315d,3.000521183013916,False,1.4257000002544373
bm25_current,TP028,fact_specific,8,9b6cc313-9a59-4387-a5ce-2ed14389a0a7,2.9439892768859863,False,1.4257000002544373
bm25_current,TP028,fact_specific,9,5de4d74d-720e-4d86-a836-f946d70a2d32,2.820017099380493,False,1.4257000002544373
bm25_current,TP028,fact_specific,10,73735f01-c9d0-4dd5-8d46-c70045e4b334,2.7700257301330566,False,1.4257000002544373
bm25_current,TP029,product_specific,1,54fdf811-dedd-4016-b144-3e4bfdcd67c8,9.356359481811523,False,1.0394999999334686
bm25_current,TP029,product_specific,2,4c0dde2a-0432-4cb2-ad33-987f5979ff76,7.889040946960449,False,1.0394999999334686
bm25_current,TP029,product_specific,3,d4c1a9ca-23c5-4ae0-9a51-c56675b2e6d1,4.697351932525635,False,1.0394999999334686
bm25_current,TP029,product_specific,4,e96acbc9-66b4-4df4-953b-3f7b0a846bbc,3.545820713043213,False,1.0394999999334686
bm25_current,TP029,product_specific,5,3ecc27b9-634c-4026-b44e-e01123aa0467,0.7089129686355591,False,1.0394999999334686
bm25_current,TP029,product_specific,6,63b53156-440d-40c1-bc88-5c07c23ae77f,0.618414044380188,False,1.0394999999334686
bm25_current,TP029,product_specific,7,7c33fbb7-e931-4f6b-9520-23875ec9ee5b,0.5645987391471863,False,1.0394999999334686
bm25_current,TP029,product_specific,8,1033ac46-dec8-493e-b577-7f5ad80f8e86,0.5276455879211426,False,1.0394999999334686
bm25_current,TP029,product_specific,9,09f3c6d5-9e0c-4545-960f-b16c69abbeb1,0.5191509127616882,False,1.0394999999334686
bm25_current,TP029,product_specific,10,59d57c8a-c9d7-4f8d-b9a1-a2816f1f01f7,0.4734208881855011,True,1.0394999999334686
bm25_current,TP030,paraphrase,1,9552a4ac-31b4-43a8-aa92-37bd3e89362a,6.240203857421875,False,1.1193999998795334
bm25_current,TP030,paraphrase,2,f4580736-a09e-471f-93d2-8089c695eb67,4.74151611328125,False,1.1193999998795334
bm25_current,TP030,paraphrase,3,f7a9837d-f8db-4461-abd8-a3607db2276f,4.718916416168213,False,1.1193999998795334
bm25_current,TP030,paraphrase,4,4c0dde2a-0432-4cb2-ad33-987f5979ff76,4.5704240798950195,False,1.1193999998795334
bm25_current,TP030,paraphrase,5,84c0a864-176f-4776-a15e-167fc2518e5d,4.19403076171875,False,1.1193999998795334
bm25_current,TP030,paraphrase,6,b0b5bc4f-7d0b-4f56-8e37-84178d38637d,4.157996654510498,True,1.1193999998795334
bm25_current,TP030,paraphrase,7,c404e320-0bf2-4325-be92-7a0614f201ca,3.9960734844207764,False,1.1193999998795334
bm25_current,TP030,paraphrase,8,5e7838ae-0b80-4d05-b266-deb52de7b401,3.833465099334717,False,1.1193999998795334
bm25_current,TP030,paraphrase,9,4d18d11e-2a92-4690-8a64-46653931483e,3.619680881500244,False,1.1193999998795334
bm25_current,TP030,paraphrase,10,81a83ec4-b5d1-4305-9f44-93e5fa935ffe,3.298006772994995,False,1.1193999998795334
bm25_current,TP031,monitoring,1,b0d368a1-d0fc-4b8b-8567-e190cf462986,3.7695443630218506,False,0.8063999994192272
bm25_current,TP031,monitoring,2,7e5199d4-e5c9-40ca-a69f-ea37f52c6ce3,1.9381946325302124,False,0.8063999994192272
bm25_current,TP031,monitoring,3,64fa07b8-63c3-43c8-899e-5bd6282225ed,1.6739897727966309,False,0.8063999994192272
bm25_current,TP031,monitoring,4,d3b7d61b-50f0-4b96-a770-785a9f3c3886,1.21943998336792,False,0.8063999994192272
bm25_current,TP031,monitoring,5,a7cf71a5-8426-4d7c-8106-e0754e7cb4bf,0.9092135429382324,True,0.8063999994192272
bm25_current,TP031,monitoring,6,5de4d74d-720e-4d86-a836-f946d70a2d32,0.901841402053833,False,0.8063999994192272
bm25_current,TP031,monitoring,7,c404e320-0bf2-4325-be92-7a0614f201ca,0.8950620293617249,False,0.8063999994192272
bm25_current,TP031,monitoring,8,73735f01-c9d0-4dd5-8d46-c70045e4b334,0.8702232837677002,False,0.8063999994192272
bm25_current,TP031,monitoring,9,16efaa44-1554-4748-8407-48fac0bced94,0.8496715426445007,False,0.8063999994192272
bm25_current,TP031,monitoring,10,30ce28cb-f702-4cce-8105-137e2f73af0d,0.8492841124534607,False,0.8063999994192272
bm25_current,TP032,adverse_reaction,1,15e829a9-a475-429d-b0e3-5c34bfbd3ab7,6.542369842529297,True,1.1148999992656172
bm25_current,TP032,adverse_reaction,2,391ad5dc-0d1c-4350-85ba-5aa601d9ac0d,6.468019008636475,False,1.1148999992656172
bm25_current,TP032,adverse_reaction,3,c78ff32d-ea17-41fd-98ef-2e8872f01df3,5.844668865203857,False,1.1148999992656172
bm25_current,TP032,adverse_reaction,4,9552a4ac-31b4-43a8-aa92-37bd3e89362a,5.7914910316467285,False,1.1148999992656172
bm25_current,TP032,adverse_reaction,5,84c0a864-176f-4776-a15e-167fc2518e5d,3.892451524734497,False,1.1148999992656172
bm25_current,TP032,adverse_reaction,6,d4c1a9ca-23c5-4ae0-9a51-c56675b2e6d1,3.6445727348327637,False,1.1148999992656172
bm25_current,TP032,adverse_reaction,7,17abd2d4-27a2-40ba-a55b-0b3ceee19005,3.5676209926605225,False,1.1148999992656172
bm25_current,TP032,adverse_reaction,8,324bc249-0e84-46e9-b77f-856c76cd5353,2.4651119709014893,False,1.1148999992656172
bm25_current,TP032,adverse_reaction,9,7abe62fa-6fdb-4466-a16b-73e1770f0c57,2.4337682723999023,False,1.1148999992656172
bm25_current,TP032,adverse_reaction,10,8939253d-3272-4915-8c2b-c60062aeb818,1.2086797952651978,True,1.1148999992656172
bm25_current,TP033,adverse_reaction,1,8939253d-3272-4915-8c2b-c60062aeb818,9.275681495666504,True,0.8542999994460843
bm25_current,TP033,adverse_reaction,2,324bc249-0e84-46e9-b77f-856c76cd5353,6.799183368682861,False,0.8542999994460843
bm25_current,TP033,adverse_reaction,3,2e55093d-0a0f-4fd9-954b-4fc72df9eac0,5.139026165008545,False,0.8542999994460843
bm25_current,TP033,adverse_reaction,4,7abe62fa-6fdb-4466-a16b-73e1770f0c57,3.6548519134521484,True,0.8542999994460843
bm25_current,TP033,adverse_reaction,5,15e829a9-a475-429d-b0e3-5c34bfbd3ab7,3.027144432067871,False,0.8542999994460843
bm25_current,TP033,adverse_reaction,6,d3b7d61b-50f0-4b96-a770-785a9f3c3886,0.816895067691803,False,0.8542999994460843
bm25_current,TP033,adverse_reaction,7,b10b8f1c-ed17-44ca-8d7c-1a4f19a12c67,0.7817808985710144,False,0.8542999994460843
bm25_current,TP033,adverse_reaction,8,f4580736-a09e-471f-93d2-8089c695eb67,0.7641695737838745,False,0.8542999994460843
bm25_current,TP033,adverse_reaction,9,da79aa00-567d-434c-8441-915ac080f918,0.7254837155342102,False,0.8542999994460843
bm25_current,TP033,adverse_reaction,10,a3d42ca5-54b5-4b8d-be4e-79337aaab880,0.6644303798675537,False,0.8542999994460843
bm25_current,TP034,adverse_reaction,1,7abe62fa-6fdb-4466-a16b-73e1770f0c57,14.396987915039062,True,1.1373000006642542
bm25_current,TP034,adverse_reaction,2,5e7838ae-0b80-4d05-b266-deb52de7b401,6.98536491394043,False,1.1373000006642542
bm25_current,TP034,adverse_reaction,3,2e55093d-0a0f-4fd9-954b-4fc72df9eac0,6.602613925933838,True,1.1373000006642542
bm25_current,TP034,adverse_reaction,4,324bc249-0e84-46e9-b77f-856c76cd5353,5.971460819244385,False,1.1373000006642542
bm25_current,TP034,adverse_reaction,5,9552a4ac-31b4-43a8-aa92-37bd3e89362a,5.890705108642578,False,1.1373000006642542
bm25_current,TP034,adverse_reaction,6,84c0a864-176f-4776-a15e-167fc2518e5d,3.940394163131714,False,1.1373000006642542
bm25_current,TP034,adverse_reaction,7,da79aa00-567d-434c-8441-915ac080f918,0.8504177927970886,False,1.1373000006642542
bm25_current,TP034,adverse_reaction,8,15e829a9-a475-429d-b0e3-5c34bfbd3ab7,0.7488635182380676,False,1.1373000006642542
bm25_current,TP034,adverse_reaction,9,8939253d-3272-4915-8c2b-c60062aeb818,0.6486386656761169,False,1.1373000006642542
bm25_current,TP034,adverse_reaction,10,7e5199d4-e5c9-40ca-a69f-ea37f52c6ce3,0.1314123421907425,False,1.1373000006642542
bm25_current,TN006,negative_out_of_scope,1,71d2e37c-44e2-4972-8e6b-a6449c2f8404,6.282154083251953,False,0.9387999998580199
bm25_current,TN006,negative_out_of_scope,2,9552a4ac-31b4-43a8-aa92-37bd3e89362a,5.7914910316467285,False,0.9387999998580199
bm25_current,TN006,negative_out_of_scope,3,ffcf7308-6e83-47bc-a519-0b4b7ba44562,3.8932552337646484,False,0.9387999998580199
bm25_current,TN006,negative_out_of_scope,4,84c0a864-176f-4776-a15e-167fc2518e5d,3.892451286315918,False,0.9387999998580199
bm25_current,TN006,negative_out_of_scope,5,5de4d74d-720e-4d86-a836-f946d70a2d32,3.7768893241882324,False,0.9387999998580199
bm25_current,TN006,negative_out_of_scope,6,15e829a9-a475-429d-b0e3-5c34bfbd3ab7,3.485527992248535,False,0.9387999998580199
bm25_current,TN006,negative_out_of_scope,7,f4580736-a09e-471f-93d2-8089c695eb67,3.2794599533081055,False,0.9387999998580199
bm25_current,TN006,negative_out_of_scope,8,fb4884e3-8fea-42fa-b996-7e9c333e7fef,0.0,False,0.9387999998580199
bm25_current,TN006,negative_out_of_scope,9,761b9529-5b18-4262-8174-6062c35fb31c,0.0,False,0.9387999998580199
bm25_current,TN006,negative_out_of_scope,10,c78ff32d-ea17-41fd-98ef-2e8872f01df3,0.0,False,0.9387999998580199
bm25_current,TN007,negative_out_of_scope,1,7c33fbb7-e931-4f6b-9520-23875ec9ee5b,5.3772783279418945,False,0.6009999997331761
bm25_current,TN007,negative_out_of_scope,2,b0b5bc4f-7d0b-4f56-8e37-84178d38637d,3.6730659008026123,False,0.6009999997331761
bm25_current,TN007,negative_out_of_scope,3,9131e9a9-eff3-4f4e-a20b-4bdd456c35bc,0.8033373951911926,False,0.6009999997331761
bm25_current,TN007,negative_out_of_scope,4,54fdf811-dedd-4016-b144-3e4bfdcd67c8,0.655892014503479,False,0.6009999997331761
bm25_current,TN007,negative_out_of_scope,5,c78ff32d-ea17-41fd-98ef-2e8872f01df3,0.5419663786888123,False,0.6009999997331761
bm25_current,TN007,negative_out_of_scope,6,fb4884e3-8fea-42fa-b996-7e9c333e7fef,0.0,False,0.6009999997331761
bm25_current,TN007,negative_out_of_scope,7,761b9529-5b18-4262-8174-6062c35fb31c,0.0,False,0.6009999997331761
bm25_current,TN007,negative_out_of_scope,8,d9a4a9c8-fbd4-41f2-bab6-6abd72575204,0.0,False,0.6009999997331761
bm25_current,TN007,negative_out_of_scope,9,ee8c2027-ad6d-4bb7-8077-5e4c42be1cc3,0.0,False,0.6009999997331761
bm25_current,TN007,negative_out_of_scope,10,66dba192-bac5-4b3a-bd4d-77e9eacb4192,0.0,False,0.6009999997331761
bm25_current,TN008,negative_out_of_scope,1,2cea4ea7-7aaf-4c54-ac4e-b660de52065d,1.2055931091308594,False,0.7641000001967768
bm25_current,TN008,negative_out_of_scope,2,21efe016-3004-45f3-a070-29ce2ecb0019,1.0700573921203613,False,0.7641000001967768
bm25_current,TN008,negative_out_of_scope,3,b66e5419-8a9c-47f4-866d-ebdb95b174b2,1.036725640296936,False,0.7641000001967768
bm25_current,TN008,negative_out_of_scope,4,bc88f538-e881-4c81-85e9-fca20614315d,0.9306257963180542,False,0.7641000001967768
bm25_current,TN008,negative_out_of_scope,5,4c0dde2a-0432-4cb2-ad33-987f5979ff76,0.772625744342804,False,0.7641000001967768
bm25_current,TN008,negative_out_of_scope,6,fb4884e3-8fea-42fa-b996-7e9c333e7fef,0.0,False,0.7641000001967768
bm25_current,TN008,negative_out_of_scope,7,761b9529-5b18-4262-8174-6062c35fb31c,0.0,False,0.7641000001967768
bm25_current,TN008,negative_out_of_scope,8,c78ff32d-ea17-41fd-98ef-2e8872f01df3,0.0,False,0.7641000001967768
bm25_current,TN008,negative_out_of_scope,9,d9a4a9c8-fbd4-41f2-bab6-6abd72575204,0.0,False,0.7641000001967768
bm25_current,TN008,negative_out_of_scope,10,ee8c2027-ad6d-4bb7-8077-5e4c42be1cc3,0.0,False,0.7641000001967768
bm25_current,TN009,negative_out_of_scope,1,fb4884e3-8fea-42fa-b996-7e9c333e7fef,0.0,False,0.2885999992940924
bm25_current,TN009,negative_out_of_scope,2,761b9529-5b18-4262-8174-6062c35fb31c,0.0,False,0.2885999992940924
bm25_current,TN009,negative_out_of_scope,3,c78ff32d-ea17-41fd-98ef-2e8872f01df3,0.0,False,0.2885999992940924
bm25_current,TN009,negative_out_of_scope,4,d9a4a9c8-fbd4-41f2-bab6-6abd72575204,0.0,False,0.2885999992940924
bm25_current,TN009,negative_out_of_scope,5,ee8c2027-ad6d-4bb7-8077-5e4c42be1cc3,0.0,False,0.2885999992940924
bm25_current,TN009,negative_out_of_scope,6,66dba192-bac5-4b3a-bd4d-77e9eacb4192,0.0,False,0.2885999992940924
bm25_current,TN009,negative_out_of_scope,7,edd76252-eb29-4acf-9a31-735463528b7d,0.0,False,0.2885999992940924
bm25_current,TN009,negative_out_of_scope,8,843aa4c8-3ffd-4747-97eb-8699b0a0eeaf,0.0,False,0.2885999992940924
bm25_current,TN009,negative_out_of_scope,9,63e9db23-9c0a-4e6a-a272-3d118d242ca2,0.0,False,0.2885999992940924
bm25_current,TN009,negative_out_of_scope,10,10537058-d160-4786-a6cf-95de46d7189c,0.0,False,0.2885999992940924
bm25_current,TN010,negative_out_of_scope,1,7c33fbb7-e931-4f6b-9520-23875ec9ee5b,5.3772783279418945,False,0.8592000003773137
bm25_current,TN010,negative_out_of_scope,2,c78ff32d-ea17-41fd-98ef-2e8872f01df3,4.537759780883789,False,0.8592000003773137
bm25_current,TN010,negative_out_of_scope,3,b0b5bc4f-7d0b-4f56-8e37-84178d38637d,3.6730659008026123,False,0.8592000003773137
bm25_current,TN010,negative_out_of_scope,4,9131e9a9-eff3-4f4e-a20b-4bdd456c35bc,0.8033373951911926,False,0.8592000003773137
bm25_current,TN010,negative_out_of_scope,5,54fdf811-dedd-4016-b144-3e4bfdcd67c8,0.655892014503479,False,0.8592000003773137
bm25_current,TN010,negative_out_of_scope,6,fb4884e3-8fea-42fa-b996-7e9c333e7fef,0.0,False,0.8592000003773137
bm25_current,TN010,negative_out_of_scope,7,761b9529-5b18-4262-8174-6062c35fb31c,0.0,False,0.8592000003773137
bm25_current,TN010,negative_out_of_scope,8,d9a4a9c8-fbd4-41f2-bab6-6abd72575204,0.0,False,0.8592000003773137
bm25_current,TN010,negative_out_of_scope,9,ee8c2027-ad6d-4bb7-8077-5e4c42be1cc3,0.0,False,0.8592000003773137
bm25_current,TN010,negative_out_of_scope,10,66dba192-bac5-4b3a-bd4d-77e9eacb4192,0.0,False,0.8592000003773137
bm25_current,TN011,negative_out_of_scope,1,fb4884e3-8fea-42fa-b996-7e9c333e7fef,0.0,False,0.323999999636726
bm25_current,TN011,negative_out_of_scope,2,761b9529-5b18-4262-8174-6062c35fb31c,0.0,False,0.323999999636726
bm25_current,TN011,negative_out_of_scope,3,c78ff32d-ea17-41fd-98ef-2e8872f01df3,0.0,False,0.323999999636726
bm25_current,TN011,negative_out_of_scope,4,d9a4a9c8-fbd4-41f2-bab6-6abd72575204,0.0,False,0.323999999636726
bm25_current,TN011,negative_out_of_scope,5,ee8c2027-ad6d-4bb7-8077-5e4c42be1cc3,0.0,False,0.323999999636726
bm25_current,TN011,negative_out_of_scope,6,66dba192-bac5-4b3a-bd4d-77e9eacb4192,0.0,False,0.323999999636726
bm25_current,TN011,negative_out_of_scope,7,edd76252-eb29-4acf-9a31-735463528b7d,0.0,False,0.323999999636726
bm25_current,TN011,negative_out_of_scope,8,843aa4c8-3ffd-4747-97eb-8699b0a0eeaf,0.0,False,0.323999999636726
bm25_current,TN011,negative_out_of_scope,9,63e9db23-9c0a-4e6a-a272-3d118d242ca2,0.0,False,0.323999999636726
bm25_current,TN011,negative_out_of_scope,10,10537058-d160-4786-a6cf-95de46d7189c,0.0,False,0.323999999636726
e5_large,TF001,fact_specific,1,602c933f-0b8f-4533-87a5-f27ecd5f2af9,0.8456211090087891,False,142.87549999880866
e5_large,TF001,fact_specific,2,761b9529-5b18-4262-8174-6062c35fb31c,0.8344815373420715,False,142.87549999880866
e5_large,TF001,fact_specific,3,8f3ed830-3a06-41c6-8b06-cfcf6d36a83c,0.8324052095413208,False,142.87549999880866
e5_large,TF001,fact_specific,4,73735f01-c9d0-4dd5-8d46-c70045e4b334,0.8294085264205933,False,142.87549999880866
e5_large,TF001,fact_specific,5,d3b7d61b-50f0-4b96-a770-785a9f3c3886,0.829170286655426,False,142.87549999880866
e5_large,TF001,fact_specific,6,d9a4a9c8-fbd4-41f2-bab6-6abd72575204,0.8289143443107605,False,142.87549999880866
e5_large,TF001,fact_specific,7,cfff9bf0-05e4-4179-a793-f3c705d04812,0.8284149169921875,False,142.87549999880866
e5_large,TF001,fact_specific,8,48b9789d-5088-4ba1-a82a-be3a6396ce85,0.8276948928833008,False,142.87549999880866
e5_large,TF001,fact_specific,9,0a4f11c7-39e8-41fe-bd14-48456671f531,0.825605034828186,False,142.87549999880866
e5_large,TF001,fact_specific,10,16efaa44-1554-4748-8407-48fac0bced94,0.824301540851593,False,142.87549999880866
e5_large,TF002,paraphrase,1,c78ff32d-ea17-41fd-98ef-2e8872f01df3,0.8548600673675537,True,279.35099999922386
e5_large,TF002,paraphrase,2,64fa07b8-63c3-43c8-899e-5bd6282225ed,0.8457430601119995,False,279.35099999922386
e5_large,TF002,paraphrase,3,602c933f-0b8f-4533-87a5-f27ecd5f2af9,0.8400939106941223,False,279.35099999922386
e5_large,TF002,paraphrase,4,ee8c2027-ad6d-4bb7-8077-5e4c42be1cc3,0.8380852937698364,False,279.35099999922386
e5_large,TF002,paraphrase,5,73735f01-c9d0-4dd5-8d46-c70045e4b334,0.8335265517234802,False,279.35099999922386
e5_large,TF002,paraphrase,6,8f3ed830-3a06-41c6-8b06-cfcf6d36a83c,0.8332661986351013,False,279.35099999922386
e5_large,TF002,paraphrase,7,a3d42ca5-54b5-4b8d-be4e-79337aaab880,0.8318744897842407,False,279.35099999922386
e5_large,TF002,paraphrase,8,cfff9bf0-05e4-4179-a793-f3c705d04812,0.8306735157966614,False,279.35099999922386
e5_large,TF002,paraphrase,9,a952e706-800e-493c-886a-8f06602fb2be,0.8297731876373291,False,279.35099999922386
e5_large,TF002,paraphrase,10,d9a4a9c8-fbd4-41f2-bab6-6abd72575204,0.8285737037658691,False,279.35099999922386
e5_large,TF003,product_specific,1,0f6b0fc1-9d70-479f-a87d-a26e954e2adb,0.8524250984191895,False,159.89669999999023
e5_large,TF003,product_specific,2,2e55093d-0a0f-4fd9-954b-4fc72df9eac0,0.8506871461868286,False,159.89669999999023
e5_large,TF003,product_specific,3,ba3d1d87-0c2d-4b67-a0c2-4615c8249c2a,0.8495570421218872,True,159.89669999999023
e5_large,TF003,product_specific,4,df699ccc-6f51-4281-b4a4-f3d2a20631e0,0.8428847789764404,False,159.89669999999023
e5_large,TF003,product_specific,5,54fdf811-dedd-4016-b144-3e4bfdcd67c8,0.8415682911872864,False,159.89669999999023
e5_large,TF003,product_specific,6,7abe62fa-6fdb-4466-a16b-73e1770f0c57,0.8403931260108948,False,159.89669999999023
e5_large,TF003,product_specific,7,f4580736-a09e-471f-93d2-8089c695eb67,0.8399718999862671,False,159.89669999999023
e5_large,TF003,product_specific,8,646d4165-73db-4f69-84da-5f393cd81988,0.8386779427528381,False,159.89669999999023
e5_large,TF003,product_specific,9,8939253d-3272-4915-8c2b-c60062aeb818,0.8370705246925354,False,159.89669999999023
e5_large,TF003,product_specific,10,66dba192-bac5-4b3a-bd4d-77e9eacb4192,0.8364078402519226,False,159.89669999999023
e5_large,TF004,product_specific,1,ffcf7308-6e83-47bc-a519-0b4b7ba44562,0.8762875199317932,True,134.64729999941483
e5_large,TF004,product_specific,2,71d2e37c-44e2-4972-8e6b-a6449c2f8404,0.8727978467941284,False,134.64729999941483
e5_large,TF004,product_specific,3,21efe016-3004-45f3-a070-29ce2ecb0019,0.8666641116142273,False,134.64729999941483
e5_large,TF004,product_specific,4,646d4165-73db-4f69-84da-5f393cd81988,0.858903706073761,False,134.64729999941483
e5_large,TF004,product_specific,5,63b53156-440d-40c1-bc88-5c07c23ae77f,0.8581392168998718,False,134.64729999941483
e5_large,TF004,product_specific,6,0f6b0fc1-9d70-479f-a87d-a26e954e2adb,0.8566297292709351,False,134.64729999941483
e5_large,TF004,product_specific,7,da79aa00-567d-434c-8441-915ac080f918,0.8565981388092041,False,134.64729999941483
e5_large,TF004,product_specific,8,ba3d1d87-0c2d-4b67-a0c2-4615c8249c2a,0.8549904227256775,False,134.64729999941483
e5_large,TF004,product_specific,9,b66e5419-8a9c-47f4-866d-ebdb95b174b2,0.8527038097381592,False,134.64729999941483
e5_large,TF004,product_specific,10,f7a9837d-f8db-4461-abd8-a3607db2276f,0.8512903451919556,False,134.64729999941483
e5_large,TF005,temporal,1,63b53156-440d-40c1-bc88-5c07c23ae77f,0.8957263231277466,True,208.1811000007292
e5_large,TF005,temporal,2,ffcf7308-6e83-47bc-a519-0b4b7ba44562,0.8565260767936707,False,208.1811000007292
e5_large,TF005,temporal,3,b66e5419-8a9c-47f4-866d-ebdb95b174b2,0.854698121547699,False,208.1811000007292
e5_large,TF005,temporal,4,71d2e37c-44e2-4972-8e6b-a6449c2f8404,0.8461296558380127,False,208.1811000007292
e5_large,TF005,temporal,5,21efe016-3004-45f3-a070-29ce2ecb0019,0.8447319865226746,False,208.1811000007292
e5_large,TF005,temporal,6,3ecc27b9-634c-4026-b44e-e01123aa0467,0.8408535718917847,False,208.1811000007292
e5_large,TF005,temporal,7,da79aa00-567d-434c-8441-915ac080f918,0.8403475880622864,False,208.1811000007292
e5_large,TF005,temporal,8,1033ac46-dec8-493e-b577-7f5ad80f8e86,0.8394975662231445,False,208.1811000007292
e5_large,TF005,temporal,9,646d4165-73db-4f69-84da-5f393cd81988,0.8359232544898987,False,208.1811000007292
e5_large,TF005,temporal,10,4d18d11e-2a92-4690-8a64-46653931483e,0.8340319395065308,False,208.1811000007292
e5_large,TF006,temporal,1,ffcf7308-6e83-47bc-a519-0b4b7ba44562,0.8992807269096375,False,209.78900000045542
e5_large,TF006,temporal,2,63b53156-440d-40c1-bc88-5c07c23ae77f,0.8981925249099731,True,209.78900000045542
e5_large,TF006,temporal,3,71d2e37c-44e2-4972-8e6b-a6449c2f8404,0.8925552368164062,True,209.78900000045542
e5_large,TF006,temporal,4,da79aa00-567d-434c-8441-915ac080f918,0.8639952540397644,False,209.78900000045542
e5_large,TF006,temporal,5,ba3d1d87-0c2d-4b67-a0c2-4615c8249c2a,0.8590277433395386,False,209.78900000045542
e5_large,TF006,temporal,6,646d4165-73db-4f69-84da-5f393cd81988,0.8562752604484558,False,209.78900000045542
e5_large,TF006,temporal,7,1b376f6f-5ee5-4d05-a585-f3aa6b7ee824,0.8544737696647644,False,209.78900000045542
e5_large,TF006,temporal,8,09f3c6d5-9e0c-4545-960f-b16c69abbeb1,0.8533954620361328,False,209.78900000045542
e5_large,TF006,temporal,9,0f6b0fc1-9d70-479f-a87d-a26e954e2adb,0.8531073927879333,False,209.78900000045542
e5_large,TF006,temporal,10,17abd2d4-27a2-40ba-a55b-0b3ceee19005,0.8491737842559814,False,209.78900000045542
e5_large,TF007,temporal,1,5de4d74d-720e-4d86-a836-f946d70a2d32,0.8809088468551636,False,176.09600000014325
e5_large,TF007,temporal,2,da79aa00-567d-434c-8441-915ac080f918,0.8758611083030701,True,176.09600000014325
e5_large,TF007,temporal,3,ffcf7308-6e83-47bc-a519-0b4b7ba44562,0.8695126175880432,False,176.09600000014325
e5_large,TF007,temporal,4,71d2e37c-44e2-4972-8e6b-a6449c2f8404,0.8660404086112976,False,176.09600000014325
e5_large,TF007,temporal,5,9b6cc313-9a59-4387-a5ce-2ed14389a0a7,0.8645101189613342,False,176.09600000014325
e5_large,TF007,temporal,6,21efe016-3004-45f3-a070-29ce2ecb0019,0.8597350120544434,False,176.09600000014325
e5_large,TF007,temporal,7,a7cf71a5-8426-4d7c-8106-e0754e7cb4bf,0.8559550642967224,False,176.09600000014325
e5_large,TF007,temporal,8,f4580736-a09e-471f-93d2-8089c695eb67,0.8548315763473511,False,176.09600000014325
e5_large,TF007,temporal,9,c404e320-0bf2-4325-be92-7a0614f201ca,0.8542174696922302,False,176.09600000014325
e5_large,TF007,temporal,10,8939253d-3272-4915-8c2b-c60062aeb818,0.8520209789276123,False,176.09600000014325
e5_large,TF008,product_specific,1,54fdf811-dedd-4016-b144-3e4bfdcd67c8,0.878345787525177,False,167.17419999895355
e5_large,TF008,product_specific,2,e96acbc9-66b4-4df4-953b-3f7b0a846bbc,0.8723919987678528,True,167.17419999895355
e5_large,TF008,product_specific,3,9131e9a9-eff3-4f4e-a20b-4bdd456c35bc,0.8716058135032654,False,167.17419999895355
e5_large,TF008,product_specific,4,d4c1a9ca-23c5-4ae0-9a51-c56675b2e6d1,0.8693442344665527,False,167.17419999895355
e5_large,TF008,product_specific,5,4c0dde2a-0432-4cb2-ad33-987f5979ff76,0.8637702465057373,False,167.17419999895355
e5_large,TF008,product_specific,6,09f3c6d5-9e0c-4545-960f-b16c69abbeb1,0.8633310794830322,False,167.17419999895355
e5_large,TF008,product_specific,7,63b53156-440d-40c1-bc88-5c07c23ae77f,0.8613578081130981,False,167.17419999895355
e5_large,TF008,product_specific,8,324bc249-0e84-46e9-b77f-856c76cd5353,0.8601362705230713,False,167.17419999895355
e5_large,TF008,product_specific,9,23c6ca0d-04bf-4081-b90a-9819029dcd73,0.8579925298690796,False,167.17419999895355
e5_large,TF008,product_specific,10,17abd2d4-27a2-40ba-a55b-0b3ceee19005,0.8499043583869934,False,167.17419999895355
e5_large,TF009,product_specific,1,324bc249-0e84-46e9-b77f-856c76cd5353,0.8870602250099182,True,141.6512000005241
e5_large,TF009,product_specific,2,9131e9a9-eff3-4f4e-a20b-4bdd456c35bc,0.8836603760719299,False,141.6512000005241
e5_large,TF009,product_specific,3,d4c1a9ca-23c5-4ae0-9a51-c56675b2e6d1,0.8777949810028076,True,141.6512000005241
e5_large,TF009,product_specific,4,7abe62fa-6fdb-4466-a16b-73e1770f0c57,0.8665525317192078,False,141.6512000005241
e5_large,TF009,product_specific,5,bc88f538-e881-4c81-85e9-fca20614315d,0.8579815030097961,False,141.6512000005241
e5_large,TF009,product_specific,6,e62b0c91-ff0c-43b2-9bd5-ff173d9f8bc0,0.8518237471580505,False,141.6512000005241
e5_large,TF009,product_specific,7,10537058-d160-4786-a6cf-95de46d7189c,0.8493064641952515,False,141.6512000005241
e5_large,TF009,product_specific,8,81a83ec4-b5d1-4305-9f44-93e5fa935ffe,0.8488569855690002,False,141.6512000005241
e5_large,TF009,product_specific,9,3ecc27b9-634c-4026-b44e-e01123aa0467,0.8483790159225464,False,141.6512000005241
e5_large,TF009,product_specific,10,66dba192-bac5-4b3a-bd4d-77e9eacb4192,0.8481306433677673,False,141.6512000005241
e5_large,TF010,product_specific,1,9131e9a9-eff3-4f4e-a20b-4bdd456c35bc,0.858253538608551,True,94.50819999892701
e5_large,TF010,product_specific,2,54fdf811-dedd-4016-b144-3e4bfdcd67c8,0.8427079916000366,True,94.50819999892701
e5_large,TF010,product_specific,3,d4c1a9ca-23c5-4ae0-9a51-c56675b2e6d1,0.8408329486846924,False,94.50819999892701
e5_large,TF010,product_specific,4,e96acbc9-66b4-4df4-953b-3f7b0a846bbc,0.8315739035606384,False,94.50819999892701
e5_large,TF010,product_specific,5,63b53156-440d-40c1-bc88-5c07c23ae77f,0.8098049759864807,False,94.50819999892701
e5_large,TF010,product_specific,6,09f3c6d5-9e0c-4545-960f-b16c69abbeb1,0.8088573217391968,False,94.50819999892701
e5_large,TF010,product_specific,7,4c0dde2a-0432-4cb2-ad33-987f5979ff76,0.8072310090065002,False,94.50819999892701
e5_large,TF010,product_specific,8,4797ba3b-c3d9-4d11-be5f-86db44dbda83,0.8071171045303345,False,94.50819999892701
e5_large,TF010,product_specific,9,8f3ed830-3a06-41c6-8b06-cfcf6d36a83c,0.8058562874794006,False,94.50819999892701
e5_large,TF010,product_specific,10,3ecc27b9-634c-4026-b44e-e01123aa0467,0.805519163608551,False,94.50819999892701
e5_large,TF011,paraphrase,1,54fdf811-dedd-4016-b144-3e4bfdcd67c8,0.8748095035552979,True,242.04610000015236
e5_large,TF011,paraphrase,2,3ecc27b9-634c-4026-b44e-e01123aa0467,0.8647473454475403,False,242.04610000015236
e5_large,TF011,paraphrase,3,e96acbc9-66b4-4df4-953b-3f7b0a846bbc,0.8637804388999939,False,242.04610000015236
e5_large,TF011,paraphrase,4,2cea4ea7-7aaf-4c54-ac4e-b660de52065d,0.8521021604537964,False,242.04610000015236
e5_large,TF011,paraphrase,5,23c6ca0d-04bf-4081-b90a-9819029dcd73,0.8515751361846924,False,242.04610000015236
e5_large,TF011,paraphrase,6,e62b0c91-ff0c-43b2-9bd5-ff173d9f8bc0,0.8511129021644592,False,242.04610000015236
e5_large,TF011,paraphrase,7,7abe62fa-6fdb-4466-a16b-73e1770f0c57,0.8510251641273499,False,242.04610000015236
e5_large,TF011,paraphrase,8,bc88f538-e881-4c81-85e9-fca20614315d,0.8505253791809082,False,242.04610000015236
e5_large,TF011,paraphrase,9,1033ac46-dec8-493e-b577-7f5ad80f8e86,0.8494167327880859,False,242.04610000015236
e5_large,TF011,paraphrase,10,da79aa00-567d-434c-8441-915ac080f918,0.8487747311592102,False,242.04610000015236
e5_large,TF012,product_specific,1,bc88f538-e881-4c81-85e9-fca20614315d,0.9097682237625122,True,188.22760000057315
e5_large,TF012,product_specific,2,2cea4ea7-7aaf-4c54-ac4e-b660de52065d,0.8764685988426208,False,188.22760000057315
e5_large,TF012,product_specific,3,b66e5419-8a9c-47f4-866d-ebdb95b174b2,0.8672236204147339,False,188.22760000057315
e5_large,TF012,product_specific,4,21efe016-3004-45f3-a070-29ce2ecb0019,0.8587990403175354,False,188.22760000057315
e5_large,TF012,product_specific,5,324bc249-0e84-46e9-b77f-856c76cd5353,0.8568757772445679,False,188.22760000057315
e5_large,TF012,product_specific,6,23c6ca0d-04bf-4081-b90a-9819029dcd73,0.8557891845703125,False,188.22760000057315
e5_large,TF012,product_specific,7,dfb2693a-e821-4d6e-bbcc-0dbf3dc2a2ae,0.8476913571357727,False,188.22760000057315
e5_large,TF012,product_specific,8,d9a4a9c8-fbd4-41f2-bab6-6abd72575204,0.8434826731681824,False,188.22760000057315
e5_large,TF012,product_specific,9,eda54b74-cd2f-4808-8175-bcc5b916ce90,0.8433542847633362,False,188.22760000057315
e5_large,TF012,product_specific,10,da79aa00-567d-434c-8441-915ac080f918,0.8415144681930542,False,188.22760000057315
e5_large,TF013,product_specific,1,bc88f538-e881-4c81-85e9-fca20614315d,0.9130370020866394,False,204.91020000008575
e5_large,TF013,product_specific,2,b66e5419-8a9c-47f4-866d-ebdb95b174b2,0.8964223861694336,True,204.91020000008575
e5_large,TF013,product_specific,3,2cea4ea7-7aaf-4c54-ac4e-b660de52065d,0.8903650045394897,False,204.91020000008575
e5_large,TF013,product_specific,4,21efe016-3004-45f3-a070-29ce2ecb0019,0.8849860429763794,False,204.91020000008575
e5_large,TF013,product_specific,5,23c6ca0d-04bf-4081-b90a-9819029dcd73,0.8624122142791748,False,204.91020000008575
e5_large,TF013,product_specific,6,eda54b74-cd2f-4808-8175-bcc5b916ce90,0.8604663014411926,False,204.91020000008575
e5_large,TF013,product_specific,7,da79aa00-567d-434c-8441-915ac080f918,0.8599788546562195,False,204.91020000008575
e5_large,TF013,product_specific,8,dfb2693a-e821-4d6e-bbcc-0dbf3dc2a2ae,0.8593307137489319,False,204.91020000008575
e5_large,TF013,product_specific,9,1b376f6f-5ee5-4d05-a585-f3aa6b7ee824,0.8580358028411865,False,204.91020000008575
e5_large,TF013,product_specific,10,5de4d74d-720e-4d86-a836-f946d70a2d32,0.8543980717658997,False,204.91020000008575
e5_large,TF014,temporal,1,b66e5419-8a9c-47f4-866d-ebdb95b174b2,0.9102572202682495,True,267.51080000121874
e5_large,TF014,temporal,2,21efe016-3004-45f3-a070-29ce2ecb0019,0.8992167115211487,True,267.51080000121874
e5_large,TF014,temporal,3,2cea4ea7-7aaf-4c54-ac4e-b660de52065d,0.8880680203437805,False,267.51080000121874
e5_large,TF014,temporal,4,bc88f538-e881-4c81-85e9-fca20614315d,0.8857144117355347,False,267.51080000121874
e5_large,TF014,temporal,5,63b53156-440d-40c1-bc88-5c07c23ae77f,0.863108217716217,False,267.51080000121874
e5_large,TF014,temporal,6,c404e320-0bf2-4325-be92-7a0614f201ca,0.8571263551712036,False,267.51080000121874
e5_large,TF014,temporal,7,ffcf7308-6e83-47bc-a519-0b4b7ba44562,0.8566941618919373,False,267.51080000121874
e5_large,TF014,temporal,8,dfb2693a-e821-4d6e-bbcc-0dbf3dc2a2ae,0.854602038860321,False,267.51080000121874
e5_large,TF014,temporal,9,eda54b74-cd2f-4808-8175-bcc5b916ce90,0.850546658039093,False,267.51080000121874
e5_large,TF014,temporal,10,fbf62ef9-25b7-437c-98d8-c4934fba0fe6,0.8504398465156555,False,267.51080000121874
e5_large,TF015,product_specific,1,bc88f538-e881-4c81-85e9-fca20614315d,0.8958391547203064,False,160.10590000041702
e5_large,TF015,product_specific,2,b66e5419-8a9c-47f4-866d-ebdb95b174b2,0.8823975920677185,False,160.10590000041702
e5_large,TF015,product_specific,3,2cea4ea7-7aaf-4c54-ac4e-b660de52065d,0.8807582855224609,False,160.10590000041702
e5_large,TF015,product_specific,4,21efe016-3004-45f3-a070-29ce2ecb0019,0.8777070045471191,True,160.10590000041702
e5_large,TF015,product_specific,5,dfb2693a-e821-4d6e-bbcc-0dbf3dc2a2ae,0.8449798822402954,False,160.10590000041702
e5_large,TF015,product_specific,6,eda54b74-cd2f-4808-8175-bcc5b916ce90,0.8441001176834106,False,160.10590000041702
e5_large,TF015,product_specific,7,3ecc27b9-634c-4026-b44e-e01123aa0467,0.8414638042449951,False,160.10590000041702
e5_large,TF015,product_specific,8,23c6ca0d-04bf-4081-b90a-9819029dcd73,0.840903103351593,False,160.10590000041702
e5_large,TF015,product_specific,9,1b376f6f-5ee5-4d05-a585-f3aa6b7ee824,0.8400990962982178,False,160.10590000041702
e5_large,TF015,product_specific,10,f7a9837d-f8db-4461-abd8-a3607db2276f,0.8400675654411316,False,160.10590000041702
e5_large,TF016,paraphrase,1,bc88f538-e881-4c81-85e9-fca20614315d,0.9010297656059265,False,194.14059999962774
e5_large,TF016,paraphrase,2,10537058-d160-4786-a6cf-95de46d7189c,0.8935656547546387,False,194.14059999962774
e5_large,TF016,paraphrase,3,2cea4ea7-7aaf-4c54-ac4e-b660de52065d,0.8920120596885681,False,194.14059999962774
e5_large,TF016,paraphrase,4,1b376f6f-5ee5-4d05-a585-f3aa6b7ee824,0.889883279800415,False,194.14059999962774
e5_large,TF016,paraphrase,5,3ecc27b9-634c-4026-b44e-e01123aa0467,0.8840123414993286,False,194.14059999962774
e5_large,TF016,paraphrase,6,23c6ca0d-04bf-4081-b90a-9819029dcd73,0.8839983940124512,False,194.14059999962774
e5_large,TF016,paraphrase,7,da79aa00-567d-434c-8441-915ac080f918,0.8839355111122131,False,194.14059999962774
e5_large,TF016,paraphrase,8,1033ac46-dec8-493e-b577-7f5ad80f8e86,0.8804576396942139,False,194.14059999962774
e5_large,TF016,paraphrase,9,4d18d11e-2a92-4690-8a64-46653931483e,0.8801738619804382,False,194.14059999962774
e5_large,TF016,paraphrase,10,b66e5419-8a9c-47f4-866d-ebdb95b174b2,0.878303050994873,False,194.14059999962774
e5_large,TF017,procedure,1,30ce28cb-f702-4cce-8105-137e2f73af0d,0.8748311996459961,False,158.92859999985376
e5_large,TF017,procedure,2,22e6c188-2e4c-4029-b200-7770a3f00e6e,0.8689691424369812,True,158.92859999985376
e5_large,TF017,procedure,3,fd678588-5ac2-400d-95c5-3309537781ec,0.865284264087677,False,158.92859999985376
e5_large,TF017,procedure,4,b225ae64-72d2-4e59-81c0-57f5d8438666,0.8630672693252563,True,158.92859999985376
e5_large,TF017,procedure,5,a7cf71a5-8426-4d7c-8106-e0754e7cb4bf,0.862575352191925,False,158.92859999985376
e5_large,TF017,procedure,6,b8c70ff9-e1b2-40ce-9a0a-f65a53899d13,0.8625439405441284,False,158.92859999985376
e5_large,TF017,procedure,7,7e68f70a-ba74-4eb8-bbae-c7e9f7340567,0.8607059717178345,True,158.92859999985376
e5_large,TF017,procedure,8,9b6cc313-9a59-4387-a5ce-2ed14389a0a7,0.8600931763648987,True,158.92859999985376
e5_large,TF017,procedure,9,cfff9bf0-05e4-4179-a793-f3c705d04812,0.8596261739730835,False,158.92859999985376
e5_large,TF017,procedure,10,eda54b74-cd2f-4808-8175-bcc5b916ce90,0.859444797039032,False,158.92859999985376
e5_large,TF018,temporal,1,30ce28cb-f702-4cce-8105-137e2f73af0d,0.8843594193458557,True,208.5815000000366
e5_large,TF018,temporal,2,48b9789d-5088-4ba1-a82a-be3a6396ce85,0.881913423538208,False,208.5815000000366
e5_large,TF018,temporal,3,22e6c188-2e4c-4029-b200-7770a3f00e6e,0.8797798752784729,False,208.5815000000366
e5_large,TF018,temporal,4,70b95f72-95ec-43b5-b76f-657518103256,0.8792478442192078,False,208.5815000000366
e5_large,TF018,temporal,5,0a4f11c7-39e8-41fe-bd14-48456671f531,0.8741713762283325,False,208.5815000000366
e5_large,TF018,temporal,6,d3b7d61b-50f0-4b96-a770-785a9f3c3886,0.8718374967575073,False,208.5815000000366
e5_large,TF018,temporal,7,cfff9bf0-05e4-4179-a793-f3c705d04812,0.8586007952690125,False,208.5815000000366
e5_large,TF018,temporal,8,a952e706-800e-493c-886a-8f06602fb2be,0.8478000164031982,False,208.5815000000366
e5_large,TF018,temporal,9,7e68f70a-ba74-4eb8-bbae-c7e9f7340567,0.8447056412696838,False,208.5815000000366
e5_large,TF018,temporal,10,21d38039-895b-46a4-8902-96e380ce41aa,0.8437055945396423,False,208.5815000000366
e5_large,TF019,preparation,1,d3b7d61b-50f0-4b96-a770-785a9f3c3886,0.8960930705070496,True,300.81719999998313
e5_large,TF019,preparation,2,30ce28cb-f702-4cce-8105-137e2f73af0d,0.8763777017593384,False,300.81719999998313
e5_large,TF019,preparation,3,70b95f72-95ec-43b5-b76f-657518103256,0.8734821081161499,False,300.81719999998313
e5_large,TF019,preparation,4,22e6c188-2e4c-4029-b200-7770a3f00e6e,0.8734480738639832,False,300.81719999998313
e5_large,TF019,preparation,5,0a4f11c7-39e8-41fe-bd14-48456671f531,0.8666371703147888,False,300.81719999998313
e5_large,TF019,preparation,6,48b9789d-5088-4ba1-a82a-be3a6396ce85,0.8652433753013611,False,300.81719999998313
e5_large,TF019,preparation,7,eda54b74-cd2f-4808-8175-bcc5b916ce90,0.8613479733467102,False,300.81719999998313
e5_large,TF019,preparation,8,7adacb8c-91c0-4ea7-8d82-7505eeac5042,0.858478307723999,False,300.81719999998313
e5_large,TF019,preparation,9,21efe016-3004-45f3-a070-29ce2ecb0019,0.8490771055221558,False,300.81719999998313
e5_large,TF019,preparation,10,cfff9bf0-05e4-4179-a793-f3c705d04812,0.8473691344261169,False,300.81719999998313
e5_large,TF020,temporal,1,0a4f11c7-39e8-41fe-bd14-48456671f531,0.8792639374732971,True,265.61040000069625
e5_large,TF020,temporal,2,48b9789d-5088-4ba1-a82a-be3a6396ce85,0.8714770078659058,False,265.61040000069625
e5_large,TF020,temporal,3,70b95f72-95ec-43b5-b76f-657518103256,0.8714327216148376,True,265.61040000069625
e5_large,TF020,temporal,4,30ce28cb-f702-4cce-8105-137e2f73af0d,0.8692716360092163,False,265.61040000069625
e5_large,TF020,temporal,5,d3b7d61b-50f0-4b96-a770-785a9f3c3886,0.8690164685249329,False,265.61040000069625
e5_large,TF020,temporal,6,22e6c188-2e4c-4029-b200-7770a3f00e6e,0.8678646683692932,False,265.61040000069625
e5_large,TF020,temporal,7,cfff9bf0-05e4-4179-a793-f3c705d04812,0.8620071411132812,False,265.61040000069625
e5_large,TF020,temporal,8,21efe016-3004-45f3-a070-29ce2ecb0019,0.8551362752914429,False,265.61040000069625
e5_large,TF020,temporal,9,b66e5419-8a9c-47f4-866d-ebdb95b174b2,0.8536304235458374,False,265.61040000069625
e5_large,TF020,temporal,10,c404e320-0bf2-4325-be92-7a0614f201ca,0.8478285670280457,False,265.61040000069625
e5_large,TF021,preparation,1,73735f01-c9d0-4dd5-8d46-c70045e4b334,0.9014569520950317,True,138.98630000130652
e5_large,TF021,preparation,2,8f3ed830-3a06-41c6-8b06-cfcf6d36a83c,0.8763686418533325,False,138.98630000130652
e5_large,TF021,preparation,3,16efaa44-1554-4748-8407-48fac0bced94,0.8725443482398987,False,138.98630000130652
e5_large,TF021,preparation,4,d9a4a9c8-fbd4-41f2-bab6-6abd72575204,0.87055903673172,False,138.98630000130652
e5_large,TF021,preparation,5,a7cf71a5-8426-4d7c-8106-e0754e7cb4bf,0.8591840267181396,False,138.98630000130652
e5_large,TF021,preparation,6,b225ae64-72d2-4e59-81c0-57f5d8438666,0.8574468493461609,False,138.98630000130652
e5_large,TF021,preparation,7,f9cfc75b-a5e7-4633-a798-4b17ea462325,0.8554719686508179,False,138.98630000130652
e5_large,TF021,preparation,8,74c0eabe-77c7-4dbf-a321-27966a12fafb,0.8546467423439026,False,138.98630000130652
e5_large,TF021,preparation,9,324bc249-0e84-46e9-b77f-856c76cd5353,0.8545242547988892,False,138.98630000130652
e5_large,TF021,preparation,10,98d006ac-5212-4c8c-8a63-4cbd4d6caffc,0.8544966578483582,False,138.98630000130652
e5_large,TF022,preparation,1,6ffcd319-e868-444b-b6fe-8d192a4de3ff,0.8776470422744751,True,304.02219999996305
e5_large,TF022,preparation,2,98d006ac-5212-4c8c-8a63-4cbd4d6caffc,0.8734982013702393,False,304.02219999996305
e5_large,TF022,preparation,3,74c0eabe-77c7-4dbf-a321-27966a12fafb,0.8709911108016968,False,304.02219999996305
e5_large,TF022,preparation,4,84c0a864-176f-4776-a15e-167fc2518e5d,0.8675757646560669,False,304.02219999996305
e5_large,TF022,preparation,5,73735f01-c9d0-4dd5-8d46-c70045e4b334,0.8670362234115601,True,304.02219999996305
e5_large,TF022,preparation,6,d2e0fc0a-bf0e-4226-abbf-e9f3dea2fce8,0.8655890822410583,False,304.02219999996305
e5_large,TF022,preparation,7,36bac780-b1a2-42dc-8cca-3605f80c5521,0.8642082214355469,False,304.02219999996305
e5_large,TF022,preparation,8,a7cf71a5-8426-4d7c-8106-e0754e7cb4bf,0.8622548580169678,False,304.02219999996305
e5_large,TF022,preparation,9,8f3ed830-3a06-41c6-8b06-cfcf6d36a83c,0.8607094287872314,False,304.02219999996305
e5_large,TF022,preparation,10,eda54b74-cd2f-4808-8175-bcc5b916ce90,0.8594419360160828,False,304.02219999996305
e5_large,TF023,temporal,1,c404e320-0bf2-4325-be92-7a0614f201ca,0.8578243255615234,True,307.1437999997215
e5_large,TF023,temporal,2,b66e5419-8a9c-47f4-866d-ebdb95b174b2,0.8406611680984497,False,307.1437999997215
e5_large,TF023,temporal,3,f7a9837d-f8db-4461-abd8-a3607db2276f,0.8328536152839661,False,307.1437999997215
e5_large,TF023,temporal,4,63b53156-440d-40c1-bc88-5c07c23ae77f,0.8310434818267822,False,307.1437999997215
e5_large,TF023,temporal,5,21efe016-3004-45f3-a070-29ce2ecb0019,0.8293848037719727,False,307.1437999997215
e5_large,TF023,temporal,6,919e93ca-fed9-4dde-b9b8-f870e207a3f3,0.8250212073326111,False,307.1437999997215
e5_large,TF023,temporal,7,6ffcd319-e868-444b-b6fe-8d192a4de3ff,0.8214887380599976,False,307.1437999997215
e5_large,TF023,temporal,8,b0d368a1-d0fc-4b8b-8567-e190cf462986,0.8214559555053711,False,307.1437999997215
e5_large,TF023,temporal,9,74c0eabe-77c7-4dbf-a321-27966a12fafb,0.8164058923721313,False,307.1437999997215
e5_large,TF023,temporal,10,ffcf7308-6e83-47bc-a519-0b4b7ba44562,0.8164006471633911,False,307.1437999997215
e5_large,TF024,temporal,1,b0d368a1-d0fc-4b8b-8567-e190cf462986,0.7929195165634155,False,180.62560000089434
e5_large,TF024,temporal,2,6ffcd319-e868-444b-b6fe-8d192a4de3ff,0.7921847105026245,False,180.62560000089434
e5_large,TF024,temporal,3,c404e320-0bf2-4325-be92-7a0614f201ca,0.791324257850647,True,180.62560000089434
e5_large,TF024,temporal,4,919e93ca-fed9-4dde-b9b8-f870e207a3f3,0.7823618650436401,False,180.62560000089434
e5_large,TF024,temporal,5,21efe016-3004-45f3-a070-29ce2ecb0019,0.7809222936630249,False,180.62560000089434
e5_large,TF024,temporal,6,74c0eabe-77c7-4dbf-a321-27966a12fafb,0.7780290842056274,False,180.62560000089434
e5_large,TF024,temporal,7,71d2e37c-44e2-4972-8e6b-a6449c2f8404,0.7779874801635742,False,180.62560000089434
e5_large,TF024,temporal,8,ffcf7308-6e83-47bc-a519-0b4b7ba44562,0.776492714881897,False,180.62560000089434
e5_large,TF024,temporal,9,9552a4ac-31b4-43a8-aa92-37bd3e89362a,0.7740526795387268,False,180.62560000089434
e5_large,TF024,temporal,10,b66e5419-8a9c-47f4-866d-ebdb95b174b2,0.7729190587997437,False,180.62560000089434
e5_large,TF025,fact_specific,1,919e93ca-fed9-4dde-b9b8-f870e207a3f3,0.8604989647865295,True,277.34849999978906
e5_large,TF025,fact_specific,2,b0d368a1-d0fc-4b8b-8567-e190cf462986,0.8515133857727051,True,277.34849999978906
e5_large,TF025,fact_specific,3,f7a9837d-f8db-4461-abd8-a3607db2276f,0.8400734066963196,False,277.34849999978906
e5_large,TF025,fact_specific,4,74c0eabe-77c7-4dbf-a321-27966a12fafb,0.8382229208946228,False,277.34849999978906
e5_large,TF025,fact_specific,5,6ffcd319-e868-444b-b6fe-8d192a4de3ff,0.833419919013977,False,277.34849999978906
e5_large,TF025,fact_specific,6,b7876bcb-b1d0-409a-831d-45e59e35a44e,0.8332801461219788,False,277.34849999978906
e5_large,TF025,fact_specific,7,bc88f538-e881-4c81-85e9-fca20614315d,0.8316784501075745,False,277.34849999978906
e5_large,TF025,fact_specific,8,f9cfc75b-a5e7-4633-a798-4b17ea462325,0.8307896256446838,False,277.34849999978906
e5_large,TF025,fact_specific,9,c404e320-0bf2-4325-be92-7a0614f201ca,0.8273872137069702,False,277.34849999978906
e5_large,TF025,fact_specific,10,b10b8f1c-ed17-44ca-8d7c-1a4f19a12c67,0.8268716335296631,False,277.34849999978906
e5_large,TF026,fact_specific,1,74c0eabe-77c7-4dbf-a321-27966a12fafb,0.8513809442520142,False,226.23710000061692
e5_large,TF026,fact_specific,2,6ffcd319-e868-444b-b6fe-8d192a4de3ff,0.8457054495811462,False,226.23710000061692
e5_large,TF026,fact_specific,3,16efaa44-1554-4748-8407-48fac0bced94,0.8449761867523193,False,226.23710000061692
e5_large,TF026,fact_specific,4,919e93ca-fed9-4dde-b9b8-f870e207a3f3,0.8406083583831787,False,226.23710000061692
e5_large,TF026,fact_specific,5,2cea4ea7-7aaf-4c54-ac4e-b660de52065d,0.8381646275520325,False,226.23710000061692
e5_large,TF026,fact_specific,6,a7cf71a5-8426-4d7c-8106-e0754e7cb4bf,0.835347056388855,False,226.23710000061692
e5_large,TF026,fact_specific,7,c404e320-0bf2-4325-be92-7a0614f201ca,0.8346238732337952,False,226.23710000061692
e5_large,TF026,fact_specific,8,36bac780-b1a2-42dc-8cca-3605f80c5521,0.8337511420249939,False,226.23710000061692
e5_large,TF026,fact_specific,9,b7876bcb-b1d0-409a-831d-45e59e35a44e,0.8321325182914734,True,226.23710000061692
e5_large,TF026,fact_specific,10,b0d368a1-d0fc-4b8b-8567-e190cf462986,0.8316300511360168,False,226.23710000061692
e5_large,TF027,procedure,1,dfb2693a-e821-4d6e-bbcc-0dbf3dc2a2ae,0.8877782821655273,False,207.31329999944137
e5_large,TF027,procedure,2,3abbb958-eafe-4ffe-bcfc-dafa7349c15c,0.8838226795196533,False,207.31329999944137
e5_large,TF027,procedure,3,eda54b74-cd2f-4808-8175-bcc5b916ce90,0.8815370202064514,False,207.31329999944137
e5_large,TF027,procedure,4,fbf62ef9-25b7-437c-98d8-c4934fba0fe6,0.8775709271430969,False,207.31329999944137
e5_large,TF027,procedure,5,7adacb8c-91c0-4ea7-8d82-7505eeac5042,0.8750549554824829,False,207.31329999944137
e5_large,TF027,procedure,6,21d38039-895b-46a4-8902-96e380ce41aa,0.8739754557609558,True,207.31329999944137
e5_large,TF027,procedure,7,30ce28cb-f702-4cce-8105-137e2f73af0d,0.8732684254646301,False,207.31329999944137
e5_large,TF027,procedure,8,7e68f70a-ba74-4eb8-bbae-c7e9f7340567,0.8722661733627319,False,207.31329999944137
e5_large,TF027,procedure,9,fd678588-5ac2-400d-95c5-3309537781ec,0.8672946691513062,False,207.31329999944137
e5_large,TF027,procedure,10,22e6c188-2e4c-4029-b200-7770a3f00e6e,0.8665282726287842,False,207.31329999944137
e5_large,TF028,preparation,1,eda54b74-cd2f-4808-8175-bcc5b916ce90,0.8917029500007629,True,277.56049999879906
e5_large,TF028,preparation,2,7adacb8c-91c0-4ea7-8d82-7505eeac5042,0.8894022703170776,False,277.56049999879906
e5_large,TF028,preparation,3,dfb2693a-e821-4d6e-bbcc-0dbf3dc2a2ae,0.877630889415741,False,277.56049999879906
e5_large,TF028,preparation,4,b225ae64-72d2-4e59-81c0-57f5d8438666,0.8731969594955444,False,277.56049999879906
e5_large,TF028,preparation,5,30ce28cb-f702-4cce-8105-137e2f73af0d,0.8713707327842712,False,277.56049999879906
e5_large,TF028,preparation,6,3abbb958-eafe-4ffe-bcfc-dafa7349c15c,0.8707991242408752,False,277.56049999879906
e5_large,TF028,preparation,7,2cea4ea7-7aaf-4c54-ac4e-b660de52065d,0.8707275390625,False,277.56049999879906
e5_large,TF028,preparation,8,22e6c188-2e4c-4029-b200-7770a3f00e6e,0.8693585991859436,False,277.56049999879906
e5_large,TF028,preparation,9,bc88f538-e881-4c81-85e9-fca20614315d,0.8669707179069519,False,277.56049999879906
e5_large,TF028,preparation,10,9b6cc313-9a59-4387-a5ce-2ed14389a0a7,0.8669221997261047,False,277.56049999879906
e5_large,TF029,preparation,1,7e5199d4-e5c9-40ca-a69f-ea37f52c6ce3,0.8730597496032715,False,298.99939999995695
e5_large,TF029,preparation,2,b225ae64-72d2-4e59-81c0-57f5d8438666,0.8693364262580872,False,298.99939999995695
e5_large,TF029,preparation,3,eda54b74-cd2f-4808-8175-bcc5b916ce90,0.8671717047691345,False,298.99939999995695
e5_large,TF029,preparation,4,16efaa44-1554-4748-8407-48fac0bced94,0.8670735955238342,False,298.99939999995695
e5_large,TF029,preparation,5,a7cf71a5-8426-4d7c-8106-e0754e7cb4bf,0.8669264316558838,False,298.99939999995695
e5_large,TF029,preparation,6,7adacb8c-91c0-4ea7-8d82-7505eeac5042,0.8655354380607605,False,298.99939999995695
e5_large,TF029,preparation,7,98d006ac-5212-4c8c-8a63-4cbd4d6caffc,0.8640157580375671,False,298.99939999995695
e5_large,TF029,preparation,8,36bac780-b1a2-42dc-8cca-3605f80c5521,0.863915741443634,True,298.99939999995695
e5_large,TF029,preparation,9,74c0eabe-77c7-4dbf-a321-27966a12fafb,0.8624899983406067,False,298.99939999995695
e5_large,TF029,preparation,10,73735f01-c9d0-4dd5-8d46-c70045e4b334,0.8615351319313049,False,298.99939999995695
e5_large,TF030,temporal,1,73735f01-c9d0-4dd5-8d46-c70045e4b334,0.85915607213974,False,226.75950000029843
e5_large,TF030,temporal,2,a7cf71a5-8426-4d7c-8106-e0754e7cb4bf,0.8540055155754089,False,226.75950000029843
e5_large,TF030,temporal,3,b225ae64-72d2-4e59-81c0-57f5d8438666,0.8515748381614685,False,226.75950000029843
e5_large,TF030,temporal,4,21efe016-3004-45f3-a070-29ce2ecb0019,0.8508597016334534,False,226.75950000029843
e5_large,TF030,temporal,5,36bac780-b1a2-42dc-8cca-3605f80c5521,0.8498860597610474,False,226.75950000029843
e5_large,TF030,temporal,6,16efaa44-1554-4748-8407-48fac0bced94,0.8487402200698853,False,226.75950000029843
e5_large,TF030,temporal,7,22e6c188-2e4c-4029-b200-7770a3f00e6e,0.8461362719535828,False,226.75950000029843
e5_large,TF030,temporal,8,74c0eabe-77c7-4dbf-a321-27966a12fafb,0.8458468914031982,False,226.75950000029843
e5_large,TF030,temporal,9,b0d368a1-d0fc-4b8b-8567-e190cf462986,0.8439693450927734,False,226.75950000029843
e5_large,TF030,temporal,10,98d006ac-5212-4c8c-8a63-4cbd4d6caffc,0.8436129689216614,False,226.75950000029843
e5_large,TF031,procedure,1,9b6cc313-9a59-4387-a5ce-2ed14389a0a7,0.8688132762908936,False,191.84970000060275
e5_large,TF031,procedure,2,5de4d74d-720e-4d86-a836-f946d70a2d32,0.8683289289474487,True,191.84970000060275
e5_large,TF031,procedure,3,30ce28cb-f702-4cce-8105-137e2f73af0d,0.8638599514961243,False,191.84970000060275
e5_large,TF031,procedure,4,b0b5bc4f-7d0b-4f56-8e37-84178d38637d,0.8621706962585449,False,191.84970000060275
e5_large,TF031,procedure,5,22e6c188-2e4c-4029-b200-7770a3f00e6e,0.8621179461479187,False,191.84970000060275
e5_large,TF031,procedure,6,98d006ac-5212-4c8c-8a63-4cbd4d6caffc,0.8616077899932861,False,191.84970000060275
e5_large,TF031,procedure,7,4c0dde2a-0432-4cb2-ad33-987f5979ff76,0.8607497811317444,False,191.84970000060275
e5_large,TF031,procedure,8,b225ae64-72d2-4e59-81c0-57f5d8438666,0.8595051765441895,False,191.84970000060275
e5_large,TF031,procedure,9,36bac780-b1a2-42dc-8cca-3605f80c5521,0.8590483665466309,False,191.84970000060275
e5_large,TF031,procedure,10,fd678588-5ac2-400d-95c5-3309537781ec,0.8570807576179504,False,191.84970000060275
e5_large,TF032,fact_specific,1,5de4d74d-720e-4d86-a836-f946d70a2d32,0.8663718104362488,True,198.82749999942462
e5_large,TF032,fact_specific,2,df699ccc-6f51-4281-b4a4-f3d2a20631e0,0.8478474020957947,False,198.82749999942462
e5_large,TF032,fact_specific,3,21efe016-3004-45f3-a070-29ce2ecb0019,0.8321568369865417,False,198.82749999942462
e5_large,TF032,fact_specific,4,15e829a9-a475-429d-b0e3-5c34bfbd3ab7,0.8220385313034058,False,198.82749999942462
e5_large,TF032,fact_specific,5,59d57c8a-c9d7-4f8d-b9a1-a2816f1f01f7,0.8214255571365356,False,198.82749999942462
e5_large,TF032,fact_specific,6,cfff9bf0-05e4-4179-a793-f3c705d04812,0.8183644413948059,False,198.82749999942462
e5_large,TF032,fact_specific,7,54fdf811-dedd-4016-b144-3e4bfdcd67c8,0.8164650797843933,False,198.82749999942462
e5_large,TF032,fact_specific,8,3ecc27b9-634c-4026-b44e-e01123aa0467,0.816052258014679,False,198.82749999942462
e5_large,TF032,fact_specific,9,36bac780-b1a2-42dc-8cca-3605f80c5521,0.8159245848655701,False,198.82749999942462
e5_large,TF032,fact_specific,10,da79aa00-567d-434c-8441-915ac080f918,0.8159170150756836,False,198.82749999942462
e5_large,TF033,fact_specific,1,e62b0c91-ff0c-43b2-9bd5-ff173d9f8bc0,0.9201856851577759,True,269.4491000002017
e5_large,TF033,fact_specific,2,4c0dde2a-0432-4cb2-ad33-987f5979ff76,0.8893324732780457,False,269.4491000002017
e5_large,TF033,fact_specific,3,3ecc27b9-634c-4026-b44e-e01123aa0467,0.8853275179862976,False,269.4491000002017
e5_large,TF033,fact_specific,4,9131e9a9-eff3-4f4e-a20b-4bdd456c35bc,0.882369875907898,False,269.4491000002017
e5_large,TF033,fact_specific,5,d4c1a9ca-23c5-4ae0-9a51-c56675b2e6d1,0.8767238855361938,False,269.4491000002017
e5_large,TF033,fact_specific,6,df699ccc-6f51-4281-b4a4-f3d2a20631e0,0.8739575147628784,False,269.4491000002017
e5_large,TF033,fact_specific,7,59d57c8a-c9d7-4f8d-b9a1-a2816f1f01f7,0.8669423460960388,False,269.4491000002017
e5_large,TF033,fact_specific,8,1033ac46-dec8-493e-b577-7f5ad80f8e86,0.8658612966537476,False,269.4491000002017
e5_large,TF033,fact_specific,9,324bc249-0e84-46e9-b77f-856c76cd5353,0.8655955195426941,False,269.4491000002017
e5_large,TF033,fact_specific,10,54fdf811-dedd-4016-b144-3e4bfdcd67c8,0.8625783920288086,False,269.4491000002017
e5_large,TF034,product_specific,1,59d57c8a-c9d7-4f8d-b9a1-a2816f1f01f7,0.9008488655090332,True,212.58579999994254
e5_large,TF034,product_specific,2,7c33fbb7-e931-4f6b-9520-23875ec9ee5b,0.8775628805160522,False,212.58579999994254
e5_large,TF034,product_specific,3,d4c1a9ca-23c5-4ae0-9a51-c56675b2e6d1,0.8702666163444519,False,212.58579999994254
e5_large,TF034,product_specific,4,4c0dde2a-0432-4cb2-ad33-987f5979ff76,0.8652651906013489,False,212.58579999994254
e5_large,TF034,product_specific,5,9131e9a9-eff3-4f4e-a20b-4bdd456c35bc,0.8647069334983826,False,212.58579999994254
e5_large,TF034,product_specific,6,e62b0c91-ff0c-43b2-9bd5-ff173d9f8bc0,0.8608471751213074,False,212.58579999994254
e5_large,TF034,product_specific,7,3ecc27b9-634c-4026-b44e-e01123aa0467,0.8499968647956848,False,212.58579999994254
e5_large,TF034,product_specific,8,54fdf811-dedd-4016-b144-3e4bfdcd67c8,0.849301278591156,False,212.58579999994254
e5_large,TF034,product_specific,9,324bc249-0e84-46e9-b77f-856c76cd5353,0.8447543382644653,False,212.58579999994254
e5_large,TF034,product_specific,10,7abe62fa-6fdb-4466-a16b-73e1770f0c57,0.8439757227897644,False,212.58579999994254
e5_large,TF035,paraphrase,1,54fdf811-dedd-4016-b144-3e4bfdcd67c8,0.8684874176979065,False,189.40750000001572
e5_large,TF035,paraphrase,2,b0b5bc4f-7d0b-4f56-8e37-84178d38637d,0.8651152849197388,True,189.40750000001572
e5_large,TF035,paraphrase,3,fd678588-5ac2-400d-95c5-3309537781ec,0.863050639629364,False,189.40750000001572
e5_large,TF035,paraphrase,4,36bac780-b1a2-42dc-8cca-3605f80c5521,0.8618505597114563,False,189.40750000001572
e5_large,TF035,paraphrase,5,da79aa00-567d-434c-8441-915ac080f918,0.860630989074707,False,189.40750000001572
e5_large,TF035,paraphrase,6,4c0dde2a-0432-4cb2-ad33-987f5979ff76,0.8598604798316956,False,189.40750000001572
e5_large,TF035,paraphrase,7,1033ac46-dec8-493e-b577-7f5ad80f8e86,0.8597304224967957,False,189.40750000001572
e5_large,TF035,paraphrase,8,b225ae64-72d2-4e59-81c0-57f5d8438666,0.8596757650375366,False,189.40750000001572
e5_large,TF035,paraphrase,9,3ecc27b9-634c-4026-b44e-e01123aa0467,0.8590604066848755,False,189.40750000001572
e5_large,TF035,paraphrase,10,98d006ac-5212-4c8c-8a63-4cbd4d6caffc,0.8565447330474854,False,189.40750000001572
e5_large,TF036,monitoring,1,a7cf71a5-8426-4d7c-8106-e0754e7cb4bf,0.9017646908760071,True,201.02520000000368
e5_large,TF036,monitoring,2,8f3ed830-3a06-41c6-8b06-cfcf6d36a83c,0.8789157271385193,False,201.02520000000368
e5_large,TF036,monitoring,3,98d006ac-5212-4c8c-8a63-4cbd4d6caffc,0.8713086247444153,False,201.02520000000368
e5_large,TF036,monitoring,4,36bac780-b1a2-42dc-8cca-3605f80c5521,0.8674964308738708,False,201.02520000000368
e5_large,TF036,monitoring,5,16efaa44-1554-4748-8407-48fac0bced94,0.8661226630210876,False,201.02520000000368
e5_large,TF036,monitoring,6,73735f01-c9d0-4dd5-8d46-c70045e4b334,0.8659735918045044,False,201.02520000000368
e5_large,TF036,monitoring,7,eda54b74-cd2f-4808-8175-bcc5b916ce90,0.8640447854995728,False,201.02520000000368
e5_large,TF036,monitoring,8,f9cfc75b-a5e7-4633-a798-4b17ea462325,0.8615065813064575,False,201.02520000000368
e5_large,TF036,monitoring,9,b225ae64-72d2-4e59-81c0-57f5d8438666,0.8608555793762207,False,201.02520000000368
e5_large,TF036,monitoring,10,22e6c188-2e4c-4029-b200-7770a3f00e6e,0.8600488901138306,False,201.02520000000368
e5_large,TF037,adverse_reaction,1,15e829a9-a475-429d-b0e3-5c34bfbd3ab7,0.889808714389801,True,203.624700000546
e5_large,TF037,adverse_reaction,2,8939253d-3272-4915-8c2b-c60062aeb818,0.868772029876709,True,203.624700000546
e5_large,TF037,adverse_reaction,3,7abe62fa-6fdb-4466-a16b-73e1770f0c57,0.8679852485656738,False,203.624700000546
e5_large,TF037,adverse_reaction,4,2e55093d-0a0f-4fd9-954b-4fc72df9eac0,0.866772472858429,False,203.624700000546
e5_large,TF037,adverse_reaction,5,f4580736-a09e-471f-93d2-8089c695eb67,0.8615033030509949,False,203.624700000546
e5_large,TF037,adverse_reaction,6,da79aa00-567d-434c-8441-915ac080f918,0.8581302762031555,False,203.624700000546
e5_large,TF037,adverse_reaction,7,30ce28cb-f702-4cce-8105-137e2f73af0d,0.8545817136764526,False,203.624700000546
e5_large,TF037,adverse_reaction,8,a7cf71a5-8426-4d7c-8106-e0754e7cb4bf,0.8524491786956787,False,203.624700000546
e5_large,TF037,adverse_reaction,9,8f3ed830-3a06-41c6-8b06-cfcf6d36a83c,0.8523985743522644,False,203.624700000546
e5_large,TF037,adverse_reaction,10,22e6c188-2e4c-4029-b200-7770a3f00e6e,0.852173924446106,False,203.624700000546
e5_large,TF038,adverse_reaction,1,8939253d-3272-4915-8c2b-c60062aeb818,0.8805615901947021,True,195.26019999921118
e5_large,TF038,adverse_reaction,2,7abe62fa-6fdb-4466-a16b-73e1770f0c57,0.8640814423561096,True,195.26019999921118
e5_large,TF038,adverse_reaction,3,15e829a9-a475-429d-b0e3-5c34bfbd3ab7,0.8588476777076721,False,195.26019999921118
e5_large,TF038,adverse_reaction,4,2e55093d-0a0f-4fd9-954b-4fc72df9eac0,0.8525004982948303,False,195.26019999921118
e5_large,TF038,adverse_reaction,5,324bc249-0e84-46e9-b77f-856c76cd5353,0.8425398468971252,False,195.26019999921118
e5_large,TF038,adverse_reaction,6,391ad5dc-0d1c-4350-85ba-5aa601d9ac0d,0.8423630595207214,False,195.26019999921118
e5_large,TF038,adverse_reaction,7,f4580736-a09e-471f-93d2-8089c695eb67,0.837967574596405,False,195.26019999921118
e5_large,TF038,adverse_reaction,8,21d38039-895b-46a4-8902-96e380ce41aa,0.8372349739074707,False,195.26019999921118
e5_large,TF038,adverse_reaction,9,5e7838ae-0b80-4d05-b266-deb52de7b401,0.8367167115211487,False,195.26019999921118
e5_large,TF038,adverse_reaction,10,bc88f538-e881-4c81-85e9-fca20614315d,0.8348288536071777,False,195.26019999921118
e5_large,TF039,adverse_reaction,1,7abe62fa-6fdb-4466-a16b-73e1770f0c57,0.8857506513595581,True,226.7771000006178
e5_large,TF039,adverse_reaction,2,2e55093d-0a0f-4fd9-954b-4fc72df9eac0,0.8807573318481445,True,226.7771000006178
e5_large,TF039,adverse_reaction,3,15e829a9-a475-429d-b0e3-5c34bfbd3ab7,0.8711963295936584,False,226.7771000006178
e5_large,TF039,adverse_reaction,4,8939253d-3272-4915-8c2b-c60062aeb818,0.8693780899047852,False,226.7771000006178
e5_large,TF039,adverse_reaction,5,f4580736-a09e-471f-93d2-8089c695eb67,0.8583939075469971,False,226.7771000006178
e5_large,TF039,adverse_reaction,6,30ce28cb-f702-4cce-8105-137e2f73af0d,0.85382080078125,False,226.7771000006178
e5_large,TF039,adverse_reaction,7,5e7838ae-0b80-4d05-b266-deb52de7b401,0.8510050177574158,False,226.7771000006178
e5_large,TF039,adverse_reaction,8,22e6c188-2e4c-4029-b200-7770a3f00e6e,0.8494616150856018,False,226.7771000006178
e5_large,TF039,adverse_reaction,9,391ad5dc-0d1c-4350-85ba-5aa601d9ac0d,0.8491037487983704,False,226.7771000006178
e5_large,TF039,adverse_reaction,10,da79aa00-567d-434c-8441-915ac080f918,0.8489748239517212,False,226.7771000006178
e5_large,TF040,adverse_reaction,1,f4580736-a09e-471f-93d2-8089c695eb67,0.8699203729629517,True,203.37620000009338
e5_large,TF040,adverse_reaction,2,2e55093d-0a0f-4fd9-954b-4fc72df9eac0,0.869145393371582,True,203.37620000009338
e5_large,TF040,adverse_reaction,3,8939253d-3272-4915-8c2b-c60062aeb818,0.8680064082145691,False,203.37620000009338
e5_large,TF040,adverse_reaction,4,15e829a9-a475-429d-b0e3-5c34bfbd3ab7,0.8607852458953857,False,203.37620000009338
e5_large,TF040,adverse_reaction,5,ee8c2027-ad6d-4bb7-8077-5e4c42be1cc3,0.8574559092521667,False,203.37620000009338
e5_large,TF040,adverse_reaction,6,602c933f-0b8f-4533-87a5-f27ecd5f2af9,0.8546048998832703,False,203.37620000009338
e5_large,TF040,adverse_reaction,7,391ad5dc-0d1c-4350-85ba-5aa601d9ac0d,0.852593719959259,False,203.37620000009338
e5_large,TF040,adverse_reaction,8,66dba192-bac5-4b3a-bd4d-77e9eacb4192,0.8512749671936035,False,203.37620000009338
e5_large,TF040,adverse_reaction,9,7abe62fa-6fdb-4466-a16b-73e1770f0c57,0.8506764769554138,False,203.37620000009338
e5_large,TF040,adverse_reaction,10,8f3ed830-3a06-41c6-8b06-cfcf6d36a83c,0.8464251160621643,False,203.37620000009338
e5_large,TF041,adverse_reaction,1,7abe62fa-6fdb-4466-a16b-73e1770f0c57,0.8695314526557922,False,219.99980000055075
e5_large,TF041,adverse_reaction,2,f4580736-a09e-471f-93d2-8089c695eb67,0.86784827709198,True,219.99980000055075
e5_large,TF041,adverse_reaction,3,15e829a9-a475-429d-b0e3-5c34bfbd3ab7,0.8653336763381958,False,219.99980000055075
e5_large,TF041,adverse_reaction,4,5e7838ae-0b80-4d05-b266-deb52de7b401,0.8619989156723022,True,219.99980000055075
e5_large,TF041,adverse_reaction,5,8939253d-3272-4915-8c2b-c60062aeb818,0.8532163500785828,False,219.99980000055075
e5_large,TF041,adverse_reaction,6,2e55093d-0a0f-4fd9-954b-4fc72df9eac0,0.8525481224060059,False,219.99980000055075
e5_large,TF041,adverse_reaction,7,391ad5dc-0d1c-4350-85ba-5aa601d9ac0d,0.834941565990448,False,219.99980000055075
e5_large,TF041,adverse_reaction,8,a7cf71a5-8426-4d7c-8106-e0754e7cb4bf,0.8345822691917419,False,219.99980000055075
e5_large,TF041,adverse_reaction,9,66dba192-bac5-4b3a-bd4d-77e9eacb4192,0.8339925408363342,False,219.99980000055075
e5_large,TF041,adverse_reaction,10,8f3ed830-3a06-41c6-8b06-cfcf6d36a83c,0.833848237991333,False,219.99980000055075
e5_large,TF042,procedure,1,dfb2693a-e821-4d6e-bbcc-0dbf3dc2a2ae,0.9039978981018066,True,226.76140000021405
e5_large,TF042,procedure,2,3abbb958-eafe-4ffe-bcfc-dafa7349c15c,0.899225652217865,True,226.76140000021405
e5_large,TF042,procedure,3,fbf62ef9-25b7-437c-98d8-c4934fba0fe6,0.8881998658180237,False,226.76140000021405
e5_large,TF042,procedure,4,2cea4ea7-7aaf-4c54-ac4e-b660de52065d,0.8824784159660339,False,226.76140000021405
e5_large,TF042,procedure,5,21efe016-3004-45f3-a070-29ce2ecb0019,0.8758549690246582,False,226.76140000021405
e5_large,TF042,procedure,6,4797ba3b-c3d9-4d11-be5f-86db44dbda83,0.874883234500885,False,226.76140000021405
e5_large,TF042,procedure,7,b66e5419-8a9c-47f4-866d-ebdb95b174b2,0.8550946116447449,False,226.76140000021405
e5_large,TF042,procedure,8,a3d42ca5-54b5-4b8d-be4e-79337aaab880,0.8536884188652039,False,226.76140000021405
e5_large,TF042,procedure,9,63cb7040-3526-4f6f-9f88-e295bbe5edaf,0.8527801036834717,False,226.76140000021405
e5_large,TF042,procedure,10,63b53156-440d-40c1-bc88-5c07c23ae77f,0.8527674674987793,False,226.76140000021405
e5_large,TF043,procedure,1,fbf62ef9-25b7-437c-98d8-c4934fba0fe6,0.8843250274658203,True,265.99759999953676
e5_large,TF043,procedure,2,e62b0c91-ff0c-43b2-9bd5-ff173d9f8bc0,0.8662036657333374,False,265.99759999953676
e5_large,TF043,procedure,3,4c0dde2a-0432-4cb2-ad33-987f5979ff76,0.8639145493507385,False,265.99759999953676
e5_large,TF043,procedure,4,4797ba3b-c3d9-4d11-be5f-86db44dbda83,0.8609945774078369,False,265.99759999953676
e5_large,TF043,procedure,5,f9eb1471-4566-4c09-a18e-9f3d84a47e9c,0.8589695692062378,True,265.99759999953676
e5_large,TF043,procedure,6,a3d42ca5-54b5-4b8d-be4e-79337aaab880,0.8567370176315308,False,265.99759999953676
e5_large,TF043,procedure,7,dfb2693a-e821-4d6e-bbcc-0dbf3dc2a2ae,0.856069803237915,False,265.99759999953676
e5_large,TF043,procedure,8,2cea4ea7-7aaf-4c54-ac4e-b660de52065d,0.8552899360656738,False,265.99759999953676
e5_large,TF043,procedure,9,3ecc27b9-634c-4026-b44e-e01123aa0467,0.8525523543357849,False,265.99759999953676
e5_large,TF043,procedure,10,b0b5bc4f-7d0b-4f56-8e37-84178d38637d,0.8521126508712769,False,265.99759999953676
e5_large,TF044,fact_specific,1,dfb2693a-e821-4d6e-bbcc-0dbf3dc2a2ae,0.9019894599914551,False,264.84719999916706
e5_large,TF044,fact_specific,2,3abbb958-eafe-4ffe-bcfc-dafa7349c15c,0.895709216594696,False,264.84719999916706
e5_large,TF044,fact_specific,3,fbf62ef9-25b7-437c-98d8-c4934fba0fe6,0.8815701007843018,False,264.84719999916706
e5_large,TF044,fact_specific,4,4797ba3b-c3d9-4d11-be5f-86db44dbda83,0.8736756443977356,False,264.84719999916706
e5_large,TF044,fact_specific,5,2cea4ea7-7aaf-4c54-ac4e-b660de52065d,0.8731919527053833,False,264.84719999916706
e5_large,TF044,fact_specific,6,21efe016-3004-45f3-a070-29ce2ecb0019,0.8723168969154358,False,264.84719999916706
e5_large,TF044,fact_specific,7,a3d42ca5-54b5-4b8d-be4e-79337aaab880,0.8721800446510315,True,264.84719999916706
e5_large,TF044,fact_specific,8,63cb7040-3526-4f6f-9f88-e295bbe5edaf,0.8619474172592163,False,264.84719999916706
e5_large,TF044,fact_specific,9,fd678588-5ac2-400d-95c5-3309537781ec,0.8595563173294067,False,264.84719999916706
e5_large,TF044,fact_specific,10,b66e5419-8a9c-47f4-866d-ebdb95b174b2,0.8585922122001648,False,264.84719999916706
e5_large,TF045,paraphrase,1,dfb2693a-e821-4d6e-bbcc-0dbf3dc2a2ae,0.898263156414032,False,200.4360999999335
e5_large,TF045,paraphrase,2,3abbb958-eafe-4ffe-bcfc-dafa7349c15c,0.8921127319335938,False,200.4360999999335
e5_large,TF045,paraphrase,3,fbf62ef9-25b7-437c-98d8-c4934fba0fe6,0.8809617757797241,False,200.4360999999335
e5_large,TF045,paraphrase,4,fd678588-5ac2-400d-95c5-3309537781ec,0.8784043788909912,True,200.4360999999335
e5_large,TF045,paraphrase,5,63cb7040-3526-4f6f-9f88-e295bbe5edaf,0.875068724155426,False,200.4360999999335
e5_large,TF045,paraphrase,6,4797ba3b-c3d9-4d11-be5f-86db44dbda83,0.8713273406028748,False,200.4360999999335
e5_large,TF045,paraphrase,7,21efe016-3004-45f3-a070-29ce2ecb0019,0.8678716421127319,False,200.4360999999335
e5_large,TF045,paraphrase,8,a3d42ca5-54b5-4b8d-be4e-79337aaab880,0.8675458431243896,False,200.4360999999335
e5_large,TF045,paraphrase,9,63b53156-440d-40c1-bc88-5c07c23ae77f,0.8628298044204712,False,200.4360999999335
e5_large,TF045,paraphrase,10,2cea4ea7-7aaf-4c54-ac4e-b660de52065d,0.8615501523017883,False,200.4360999999335
e5_large,TN001,negative_out_of_scope,1,f1611d72-8c47-41f8-bfee-99d5ffdfe12a,0.7946974635124207,False,192.56680000034976
e5_large,TN001,negative_out_of_scope,2,ee8c2027-ad6d-4bb7-8077-5e4c42be1cc3,0.7720940709114075,False,192.56680000034976
e5_large,TN001,negative_out_of_scope,3,d9a4a9c8-fbd4-41f2-bab6-6abd72575204,0.7703794240951538,False,192.56680000034976
e5_large,TN001,negative_out_of_scope,4,391ad5dc-0d1c-4350-85ba-5aa601d9ac0d,0.7671498656272888,False,192.56680000034976
e5_large,TN001,negative_out_of_scope,5,edd76252-eb29-4acf-9a31-735463528b7d,0.7663092613220215,False,192.56680000034976
e5_large,TN001,negative_out_of_scope,6,64fa07b8-63c3-43c8-899e-5bd6282225ed,0.7650434970855713,False,192.56680000034976
e5_large,TN001,negative_out_of_scope,7,f4580736-a09e-471f-93d2-8089c695eb67,0.7637006044387817,False,192.56680000034976
e5_large,TN001,negative_out_of_scope,8,66dba192-bac5-4b3a-bd4d-77e9eacb4192,0.7625462412834167,False,192.56680000034976
e5_large,TN001,negative_out_of_scope,9,602c933f-0b8f-4533-87a5-f27ecd5f2af9,0.7602108716964722,False,192.56680000034976
e5_large,TN001,negative_out_of_scope,10,761b9529-5b18-4262-8174-6062c35fb31c,0.7599158883094788,False,192.56680000034976
e5_large,TN002,negative_out_of_scope,1,5de4d74d-720e-4d86-a836-f946d70a2d32,0.8060633540153503,False,152.35529999881692
e5_large,TN002,negative_out_of_scope,2,15e829a9-a475-429d-b0e3-5c34bfbd3ab7,0.8052812814712524,False,152.35529999881692
e5_large,TN002,negative_out_of_scope,3,fb4884e3-8fea-42fa-b996-7e9c333e7fef,0.8051214814186096,False,152.35529999881692
e5_large,TN002,negative_out_of_scope,4,eeb8db46-f757-41f1-9ca5-c022f3d4ea3e,0.8051214814186096,False,152.35529999881692
e5_large,TN002,negative_out_of_scope,5,17e22a4e-78d9-4607-b75b-151e52cc4d20,0.8051214814186096,False,152.35529999881692
e5_large,TN002,negative_out_of_scope,6,fbb0340e-b19d-43c3-a23a-5ee07899e8cd,0.8051214814186096,False,152.35529999881692
e5_large,TN002,negative_out_of_scope,7,e4892114-b8eb-4f39-a7c4-427217039236,0.8051214814186096,False,152.35529999881692
e5_large,TN002,negative_out_of_scope,8,9c5f18b5-9491-4cb2-9eba-9a0d2462f8bb,0.8051214814186096,False,152.35529999881692
e5_large,TN002,negative_out_of_scope,9,c141d593-8af3-43e4-b0a9-f60c7c49da12,0.8051214814186096,False,152.35529999881692
e5_large,TN002,negative_out_of_scope,10,635840ee-2aa9-43b0-86b4-74229536c495,0.8051214814186096,False,152.35529999881692
e5_large,TN003,negative_out_of_scope,1,4797ba3b-c3d9-4d11-be5f-86db44dbda83,0.7977767586708069,False,175.71810000026744
e5_large,TN003,negative_out_of_scope,2,f1611d72-8c47-41f8-bfee-99d5ffdfe12a,0.7976372838020325,False,175.71810000026744
e5_large,TN003,negative_out_of_scope,3,ee8c2027-ad6d-4bb7-8077-5e4c42be1cc3,0.7974724173545837,False,175.71810000026744
e5_large,TN003,negative_out_of_scope,4,63cb7040-3526-4f6f-9f88-e295bbe5edaf,0.79456627368927,False,175.71810000026744
e5_large,TN003,negative_out_of_scope,5,63b53156-440d-40c1-bc88-5c07c23ae77f,0.7939923405647278,False,175.71810000026744
e5_large,TN003,negative_out_of_scope,6,ffcf7308-6e83-47bc-a519-0b4b7ba44562,0.7934771180152893,False,175.71810000026744
e5_large,TN003,negative_out_of_scope,7,10537058-d160-4786-a6cf-95de46d7189c,0.7921404242515564,False,175.71810000026744
e5_large,TN003,negative_out_of_scope,8,71d2e37c-44e2-4972-8e6b-a6449c2f8404,0.7901099920272827,False,175.71810000026744
e5_large,TN003,negative_out_of_scope,9,c404e320-0bf2-4325-be92-7a0614f201ca,0.7898223996162415,False,175.71810000026744
e5_large,TN003,negative_out_of_scope,10,21efe016-3004-45f3-a070-29ce2ecb0019,0.7874764800071716,False,175.71810000026744
e5_large,TN004,negative_out_of_scope,1,10537058-d160-4786-a6cf-95de46d7189c,0.8084447383880615,False,145.73019999897951
e5_large,TN004,negative_out_of_scope,2,f1611d72-8c47-41f8-bfee-99d5ffdfe12a,0.7990736961364746,False,145.73019999897951
e5_large,TN004,negative_out_of_scope,3,ee8c2027-ad6d-4bb7-8077-5e4c42be1cc3,0.7970097661018372,False,145.73019999897951
e5_large,TN004,negative_out_of_scope,4,66dba192-bac5-4b3a-bd4d-77e9eacb4192,0.7944698333740234,False,145.73019999897951
e5_large,TN004,negative_out_of_scope,5,63cb7040-3526-4f6f-9f88-e295bbe5edaf,0.7942984700202942,False,145.73019999897951
e5_large,TN004,negative_out_of_scope,6,843aa4c8-3ffd-4747-97eb-8699b0a0eeaf,0.7938660383224487,False,145.73019999897951
e5_large,TN004,negative_out_of_scope,7,4d18d11e-2a92-4690-8a64-46653931483e,0.7905403971672058,False,145.73019999897951
e5_large,TN004,negative_out_of_scope,8,761b9529-5b18-4262-8174-6062c35fb31c,0.7902292609214783,False,145.73019999897951
e5_large,TN004,negative_out_of_scope,9,23c6ca0d-04bf-4081-b90a-9819029dcd73,0.7890348434448242,False,145.73019999897951
e5_large,TN004,negative_out_of_scope,10,ffcf7308-6e83-47bc-a519-0b4b7ba44562,0.786337673664093,False,145.73019999897951
e5_large,TN005,negative_out_of_scope,1,fd678588-5ac2-400d-95c5-3309537781ec,0.8190124034881592,False,136.87149999987014
e5_large,TN005,negative_out_of_scope,2,4797ba3b-c3d9-4d11-be5f-86db44dbda83,0.8023873567581177,False,136.87149999987014
e5_large,TN005,negative_out_of_scope,3,dfb2693a-e821-4d6e-bbcc-0dbf3dc2a2ae,0.8011043667793274,False,136.87149999987014
e5_large,TN005,negative_out_of_scope,4,63cb7040-3526-4f6f-9f88-e295bbe5edaf,0.8005325794219971,False,136.87149999987014
e5_large,TN005,negative_out_of_scope,5,70b95f72-95ec-43b5-b76f-657518103256,0.799004316329956,False,136.87149999987014
e5_large,TN005,negative_out_of_scope,6,3abbb958-eafe-4ffe-bcfc-dafa7349c15c,0.7982285022735596,False,136.87149999987014
e5_large,TN005,negative_out_of_scope,7,21d38039-895b-46a4-8902-96e380ce41aa,0.7977898120880127,False,136.87149999987014
e5_large,TN005,negative_out_of_scope,8,a3d42ca5-54b5-4b8d-be4e-79337aaab880,0.7959004044532776,False,136.87149999987014
e5_large,TN005,negative_out_of_scope,9,6ffcd319-e868-444b-b6fe-8d192a4de3ff,0.7949318885803223,False,136.87149999987014
e5_large,TN005,negative_out_of_scope,10,f1611d72-8c47-41f8-bfee-99d5ffdfe12a,0.7941855788230896,False,136.87149999987014
e5_large,TP001,product_specific,1,54fdf811-dedd-4016-b144-3e4bfdcd67c8,0.8477907776832581,False,160.80760000022565
e5_large,TP001,product_specific,2,4c0dde2a-0432-4cb2-ad33-987f5979ff76,0.8242747187614441,False,160.80760000022565
e5_large,TP001,product_specific,3,c404e320-0bf2-4325-be92-7a0614f201ca,0.8233048915863037,False,160.80760000022565
e5_large,TP001,product_specific,4,e96acbc9-66b4-4df4-953b-3f7b0a846bbc,0.8209360837936401,False,160.80760000022565
e5_large,TP001,product_specific,5,f7a9837d-f8db-4461-abd8-a3607db2276f,0.8155566453933716,False,160.80760000022565
e5_large,TP001,product_specific,6,23c6ca0d-04bf-4081-b90a-9819029dcd73,0.8129224181175232,True,160.80760000022565
e5_large,TP001,product_specific,7,0f6b0fc1-9d70-479f-a87d-a26e954e2adb,0.8120505213737488,False,160.80760000022565
e5_large,TP001,product_specific,8,ba3d1d87-0c2d-4b67-a0c2-4615c8249c2a,0.8117796182632446,True,160.80760000022565
e5_large,TP001,product_specific,9,b0b5bc4f-7d0b-4f56-8e37-84178d38637d,0.8082062602043152,False,160.80760000022565
e5_large,TP001,product_specific,10,21efe016-3004-45f3-a070-29ce2ecb0019,0.8068640828132629,False,160.80760000022565
e5_large,TP002,product_specific,1,b0b5bc4f-7d0b-4f56-8e37-84178d38637d,0.8274747729301453,False,175.35549999956856
e5_large,TP002,product_specific,2,4c0dde2a-0432-4cb2-ad33-987f5979ff76,0.8132926225662231,False,175.35549999956856
e5_large,TP002,product_specific,3,c404e320-0bf2-4325-be92-7a0614f201ca,0.8108072280883789,False,175.35549999956856
e5_large,TP002,product_specific,4,f7a9837d-f8db-4461-abd8-a3607db2276f,0.8069257140159607,False,175.35549999956856
e5_large,TP002,product_specific,5,36bac780-b1a2-42dc-8cca-3605f80c5521,0.8047033548355103,False,175.35549999956856
e5_large,TP002,product_specific,6,70b95f72-95ec-43b5-b76f-657518103256,0.8041896820068359,False,175.35549999956856
e5_large,TP002,product_specific,7,b225ae64-72d2-4e59-81c0-57f5d8438666,0.8009505271911621,False,175.35549999956856
e5_large,TP002,product_specific,8,54fdf811-dedd-4016-b144-3e4bfdcd67c8,0.8008633852005005,False,175.35549999956856
e5_large,TP002,product_specific,9,b10b8f1c-ed17-44ca-8d7c-1a4f19a12c67,0.7997216582298279,False,175.35549999956856
e5_large,TP002,product_specific,10,66dba192-bac5-4b3a-bd4d-77e9eacb4192,0.7963739037513733,False,175.35549999956856
e5_large,TP003,temporal,1,c404e320-0bf2-4325-be92-7a0614f201ca,0.8608958125114441,False,142.4152999998114
e5_large,TP003,temporal,2,21efe016-3004-45f3-a070-29ce2ecb0019,0.8523938655853271,False,142.4152999998114
e5_large,TP003,temporal,3,63b53156-440d-40c1-bc88-5c07c23ae77f,0.8438319563865662,True,142.4152999998114
e5_large,TP003,temporal,4,ffcf7308-6e83-47bc-a519-0b4b7ba44562,0.8235214948654175,False,142.4152999998114
e5_large,TP003,temporal,5,59d57c8a-c9d7-4f8d-b9a1-a2816f1f01f7,0.8191152215003967,False,142.4152999998114
e5_large,TP003,temporal,6,f7a9837d-f8db-4461-abd8-a3607db2276f,0.8186115622520447,False,142.4152999998114
e5_large,TP003,temporal,7,b66e5419-8a9c-47f4-866d-ebdb95b174b2,0.8167807459831238,False,142.4152999998114
e5_large,TP003,temporal,8,a3d42ca5-54b5-4b8d-be4e-79337aaab880,0.8136892914772034,False,142.4152999998114
e5_large,TP003,temporal,9,23c6ca0d-04bf-4081-b90a-9819029dcd73,0.812645673751831,False,142.4152999998114
e5_large,TP003,temporal,10,71d2e37c-44e2-4972-8e6b-a6449c2f8404,0.810358464717865,False,142.4152999998114
e5_large,TP004,temporal,1,63b53156-440d-40c1-bc88-5c07c23ae77f,0.8719040155410767,True,158.00690000014583
e5_large,TP004,temporal,2,c404e320-0bf2-4325-be92-7a0614f201ca,0.86109459400177,False,158.00690000014583
e5_large,TP004,temporal,3,ffcf7308-6e83-47bc-a519-0b4b7ba44562,0.8488277792930603,False,158.00690000014583
e5_large,TP004,temporal,4,21efe016-3004-45f3-a070-29ce2ecb0019,0.8483203053474426,False,158.00690000014583
e5_large,TP004,temporal,5,f7a9837d-f8db-4461-abd8-a3607db2276f,0.845725417137146,False,158.00690000014583
e5_large,TP004,temporal,6,71d2e37c-44e2-4972-8e6b-a6449c2f8404,0.8450802564620972,True,158.00690000014583
e5_large,TP004,temporal,7,b66e5419-8a9c-47f4-866d-ebdb95b174b2,0.8298583030700684,False,158.00690000014583
e5_large,TP004,temporal,8,5de4d74d-720e-4d86-a836-f946d70a2d32,0.8285366892814636,False,158.00690000014583
e5_large,TP004,temporal,9,59d57c8a-c9d7-4f8d-b9a1-a2816f1f01f7,0.8226507306098938,False,158.00690000014583
e5_large,TP004,temporal,10,8939253d-3272-4915-8c2b-c60062aeb818,0.8222190141677856,False,158.00690000014583
e5_large,TP005,temporal,1,da79aa00-567d-434c-8441-915ac080f918,0.8693084716796875,True,162.48339999947348
e5_large,TP005,temporal,2,5de4d74d-720e-4d86-a836-f946d70a2d32,0.8468964099884033,False,162.48339999947348
e5_large,TP005,temporal,3,ba3d1d87-0c2d-4b67-a0c2-4615c8249c2a,0.8439843058586121,False,162.48339999947348
e5_large,TP005,temporal,4,7e68f70a-ba74-4eb8-bbae-c7e9f7340567,0.8427770137786865,False,162.48339999947348
e5_large,TP005,temporal,5,0f6b0fc1-9d70-479f-a87d-a26e954e2adb,0.8420827984809875,False,162.48339999947348
e5_large,TP005,temporal,6,30ce28cb-f702-4cce-8105-137e2f73af0d,0.841294527053833,False,162.48339999947348
e5_large,TP005,temporal,7,22e6c188-2e4c-4029-b200-7770a3f00e6e,0.840550422668457,False,162.48339999947348
e5_large,TP005,temporal,8,54fdf811-dedd-4016-b144-3e4bfdcd67c8,0.8404245972633362,False,162.48339999947348
e5_large,TP005,temporal,9,b8c70ff9-e1b2-40ce-9a0a-f65a53899d13,0.8394579887390137,False,162.48339999947348
e5_large,TP005,temporal,10,c404e320-0bf2-4325-be92-7a0614f201ca,0.8372540473937988,False,162.48339999947348
e5_large,TP006,product_specific,1,e96acbc9-66b4-4df4-953b-3f7b0a846bbc,0.8811385035514832,True,217.99989999908576
e5_large,TP006,product_specific,2,9131e9a9-eff3-4f4e-a20b-4bdd456c35bc,0.8589500784873962,False,217.99989999908576
e5_large,TP006,product_specific,3,54fdf811-dedd-4016-b144-3e4bfdcd67c8,0.85727858543396,False,217.99989999908576
e5_large,TP006,product_specific,4,d4c1a9ca-23c5-4ae0-9a51-c56675b2e6d1,0.8482216000556946,False,217.99989999908576
e5_large,TP006,product_specific,5,4c0dde2a-0432-4cb2-ad33-987f5979ff76,0.8468829989433289,False,217.99989999908576
e5_large,TP006,product_specific,6,324bc249-0e84-46e9-b77f-856c76cd5353,0.8454773426055908,False,217.99989999908576
e5_large,TP006,product_specific,7,23c6ca0d-04bf-4081-b90a-9819029dcd73,0.8434476256370544,False,217.99989999908576
e5_large,TP006,product_specific,8,f7a9837d-f8db-4461-abd8-a3607db2276f,0.8375599384307861,False,217.99989999908576
e5_large,TP006,product_specific,9,b66e5419-8a9c-47f4-866d-ebdb95b174b2,0.8355312943458557,False,217.99989999908576
e5_large,TP006,product_specific,10,09f3c6d5-9e0c-4545-960f-b16c69abbeb1,0.8352442979812622,False,217.99989999908576
e5_large,TP007,product_specific,1,9131e9a9-eff3-4f4e-a20b-4bdd456c35bc,0.8711730241775513,False,215.12069999971573
e5_large,TP007,product_specific,2,324bc249-0e84-46e9-b77f-856c76cd5353,0.8690797686576843,True,215.12069999971573
e5_large,TP007,product_specific,3,e62b0c91-ff0c-43b2-9bd5-ff173d9f8bc0,0.8662078976631165,False,215.12069999971573
e5_large,TP007,product_specific,4,7abe62fa-6fdb-4466-a16b-73e1770f0c57,0.8603494167327881,False,215.12069999971573
e5_large,TP007,product_specific,5,54fdf811-dedd-4016-b144-3e4bfdcd67c8,0.8600468039512634,False,215.12069999971573
e5_large,TP007,product_specific,6,d4c1a9ca-23c5-4ae0-9a51-c56675b2e6d1,0.8598412275314331,True,215.12069999971573
e5_large,TP007,product_specific,7,4c0dde2a-0432-4cb2-ad33-987f5979ff76,0.8521493673324585,False,215.12069999971573
e5_large,TP007,product_specific,8,3ecc27b9-634c-4026-b44e-e01123aa0467,0.8521095514297485,False,215.12069999971573
e5_large,TP007,product_specific,9,59d57c8a-c9d7-4f8d-b9a1-a2816f1f01f7,0.8502987623214722,False,215.12069999971573
e5_large,TP007,product_specific,10,e96acbc9-66b4-4df4-953b-3f7b0a846bbc,0.8499900102615356,False,215.12069999971573
e5_large,TP008,product_specific,1,9131e9a9-eff3-4f4e-a20b-4bdd456c35bc,0.8474264144897461,True,141.5406999994957
e5_large,TP008,product_specific,2,d4c1a9ca-23c5-4ae0-9a51-c56675b2e6d1,0.8271657824516296,False,141.5406999994957
e5_large,TP008,product_specific,3,54fdf811-dedd-4016-b144-3e4bfdcd67c8,0.8260816931724548,True,141.5406999994957
e5_large,TP008,product_specific,4,e62b0c91-ff0c-43b2-9bd5-ff173d9f8bc0,0.8130638599395752,False,141.5406999994957
e5_large,TP008,product_specific,5,3ecc27b9-634c-4026-b44e-e01123aa0467,0.8097232580184937,False,141.5406999994957
e5_large,TP008,product_specific,6,4c0dde2a-0432-4cb2-ad33-987f5979ff76,0.8094821572303772,False,141.5406999994957
e5_large,TP008,product_specific,7,59d57c8a-c9d7-4f8d-b9a1-a2816f1f01f7,0.8072000741958618,False,141.5406999994957
e5_large,TP008,product_specific,8,df699ccc-6f51-4281-b4a4-f3d2a20631e0,0.8022773861885071,False,141.5406999994957
e5_large,TP008,product_specific,9,e96acbc9-66b4-4df4-953b-3f7b0a846bbc,0.8016887307167053,False,141.5406999994957
e5_large,TP008,product_specific,10,7c33fbb7-e931-4f6b-9520-23875ec9ee5b,0.8011674880981445,False,141.5406999994957
e5_large,TP009,product_specific,1,bc88f538-e881-4c81-85e9-fca20614315d,0.8711420893669128,True,169.58969999996043
e5_large,TP009,product_specific,2,2cea4ea7-7aaf-4c54-ac4e-b660de52065d,0.8705555200576782,False,169.58969999996043
e5_large,TP009,product_specific,3,21efe016-3004-45f3-a070-29ce2ecb0019,0.8548191785812378,False,169.58969999996043
e5_large,TP009,product_specific,4,16efaa44-1554-4748-8407-48fac0bced94,0.8521034121513367,False,169.58969999996043
e5_large,TP009,product_specific,5,b66e5419-8a9c-47f4-866d-ebdb95b174b2,0.8502299785614014,False,169.58969999996043
e5_large,TP009,product_specific,6,4c0dde2a-0432-4cb2-ad33-987f5979ff76,0.846885085105896,False,169.58969999996043
e5_large,TP009,product_specific,7,8f3ed830-3a06-41c6-8b06-cfcf6d36a83c,0.8419390320777893,False,169.58969999996043
e5_large,TP009,product_specific,8,36bac780-b1a2-42dc-8cca-3605f80c5521,0.8413506150245667,False,169.58969999996043
e5_large,TP009,product_specific,9,f9eb1471-4566-4c09-a18e-9f3d84a47e9c,0.8399903774261475,False,169.58969999996043
e5_large,TP009,product_specific,10,66dba192-bac5-4b3a-bd4d-77e9eacb4192,0.8396121859550476,False,169.58969999996043
e5_large,TP010,product_specific,1,bc88f538-e881-4c81-85e9-fca20614315d,0.8998140096664429,False,226.31170000113343
e5_large,TP010,product_specific,2,2cea4ea7-7aaf-4c54-ac4e-b660de52065d,0.8896148800849915,False,226.31170000113343
e5_large,TP010,product_specific,3,b66e5419-8a9c-47f4-866d-ebdb95b174b2,0.8804236650466919,True,226.31170000113343
e5_large,TP010,product_specific,4,21efe016-3004-45f3-a070-29ce2ecb0019,0.8778469562530518,False,226.31170000113343
e5_large,TP010,product_specific,5,23c6ca0d-04bf-4081-b90a-9819029dcd73,0.8545932769775391,False,226.31170000113343
e5_large,TP010,product_specific,6,3ecc27b9-634c-4026-b44e-e01123aa0467,0.8542970418930054,False,226.31170000113343
e5_large,TP010,product_specific,7,1b376f6f-5ee5-4d05-a585-f3aa6b7ee824,0.8532326817512512,False,226.31170000113343
e5_large,TP010,product_specific,8,da79aa00-567d-434c-8441-915ac080f918,0.8528859615325928,False,226.31170000113343
e5_large,TP010,product_specific,9,dfb2693a-e821-4d6e-bbcc-0dbf3dc2a2ae,0.8499559760093689,False,226.31170000113343
e5_large,TP010,product_specific,10,eda54b74-cd2f-4808-8175-bcc5b916ce90,0.8495235443115234,False,226.31170000113343
e5_large,TP011,temporal,1,c404e320-0bf2-4325-be92-7a0614f201ca,0.874870777130127,False,149.8916000000463
e5_large,TP011,temporal,2,b66e5419-8a9c-47f4-866d-ebdb95b174b2,0.8714249730110168,True,149.8916000000463
e5_large,TP011,temporal,3,21efe016-3004-45f3-a070-29ce2ecb0019,0.8641608357429504,True,149.8916000000463
e5_large,TP011,temporal,4,2cea4ea7-7aaf-4c54-ac4e-b660de52065d,0.8641462922096252,False,149.8916000000463
e5_large,TP011,temporal,5,4c0dde2a-0432-4cb2-ad33-987f5979ff76,0.856558084487915,False,149.8916000000463
e5_large,TP011,temporal,6,63b53156-440d-40c1-bc88-5c07c23ae77f,0.8533921241760254,False,149.8916000000463
e5_large,TP011,temporal,7,a3d42ca5-54b5-4b8d-be4e-79337aaab880,0.8454679846763611,False,149.8916000000463
e5_large,TP011,temporal,8,ffcf7308-6e83-47bc-a519-0b4b7ba44562,0.8433105945587158,False,149.8916000000463
e5_large,TP011,temporal,9,16efaa44-1554-4748-8407-48fac0bced94,0.8401818871498108,False,149.8916000000463
e5_large,TP011,temporal,10,63cb7040-3526-4f6f-9f88-e295bbe5edaf,0.838748037815094,False,149.8916000000463
e5_large,TP012,product_specific,1,21efe016-3004-45f3-a070-29ce2ecb0019,0.8342300057411194,True,209.13870000003953
e5_large,TP012,product_specific,2,2cea4ea7-7aaf-4c54-ac4e-b660de52065d,0.8241798281669617,False,209.13870000003953
e5_large,TP012,product_specific,3,bc88f538-e881-4c81-85e9-fca20614315d,0.8180499076843262,False,209.13870000003953
e5_large,TP012,product_specific,4,b66e5419-8a9c-47f4-866d-ebdb95b174b2,0.8150455355644226,False,209.13870000003953
e5_large,TP012,product_specific,5,c404e320-0bf2-4325-be92-7a0614f201ca,0.814615786075592,False,209.13870000003953
e5_large,TP012,product_specific,6,4c0dde2a-0432-4cb2-ad33-987f5979ff76,0.8026414513587952,False,209.13870000003953
e5_large,TP012,product_specific,7,23c6ca0d-04bf-4081-b90a-9819029dcd73,0.8019260764122009,False,209.13870000003953
e5_large,TP012,product_specific,8,f7a9837d-f8db-4461-abd8-a3607db2276f,0.7959990501403809,False,209.13870000003953
e5_large,TP012,product_specific,9,b0d368a1-d0fc-4b8b-8567-e190cf462986,0.7921895980834961,False,209.13870000003953
e5_large,TP012,product_specific,10,59d57c8a-c9d7-4f8d-b9a1-a2816f1f01f7,0.7902555465698242,False,209.13870000003953
e5_large,TP013,procedure,1,9b6cc313-9a59-4387-a5ce-2ed14389a0a7,0.8630039095878601,True,199.20270000056917
e5_large,TP013,procedure,2,c78ff32d-ea17-41fd-98ef-2e8872f01df3,0.8623498678207397,False,199.20270000056917
e5_large,TP013,procedure,3,8f3ed830-3a06-41c6-8b06-cfcf6d36a83c,0.8613098859786987,False,199.20270000056917
e5_large,TP013,procedure,4,30ce28cb-f702-4cce-8105-137e2f73af0d,0.8611220121383667,False,199.20270000056917
e5_large,TP013,procedure,5,22e6c188-2e4c-4029-b200-7770a3f00e6e,0.857847273349762,True,199.20270000056917
e5_large,TP013,procedure,6,5de4d74d-720e-4d86-a836-f946d70a2d32,0.8577713966369629,False,199.20270000056917
e5_large,TP013,procedure,7,b8c70ff9-e1b2-40ce-9a0a-f65a53899d13,0.8568781018257141,False,199.20270000056917
e5_large,TP013,procedure,8,b0b5bc4f-7d0b-4f56-8e37-84178d38637d,0.8568552732467651,False,199.20270000056917
e5_large,TP013,procedure,9,fd678588-5ac2-400d-95c5-3309537781ec,0.8568312525749207,False,199.20270000056917
e5_large,TP013,procedure,10,36bac780-b1a2-42dc-8cca-3605f80c5521,0.8546841740608215,False,199.20270000056917
e5_large,TP014,temporal,1,30ce28cb-f702-4cce-8105-137e2f73af0d,0.8787253499031067,True,135.01019999966957
e5_large,TP014,temporal,2,22e6c188-2e4c-4029-b200-7770a3f00e6e,0.875167191028595,False,135.01019999966957
e5_large,TP014,temporal,3,48b9789d-5088-4ba1-a82a-be3a6396ce85,0.8703470230102539,False,135.01019999966957
e5_large,TP014,temporal,4,70b95f72-95ec-43b5-b76f-657518103256,0.8687916994094849,False,135.01019999966957
e5_large,TP014,temporal,5,0a4f11c7-39e8-41fe-bd14-48456671f531,0.8670607209205627,False,135.01019999966957
e5_large,TP014,temporal,6,d3b7d61b-50f0-4b96-a770-785a9f3c3886,0.8589469790458679,False,135.01019999966957
e5_large,TP014,temporal,7,cfff9bf0-05e4-4179-a793-f3c705d04812,0.8533763885498047,False,135.01019999966957
e5_large,TP014,temporal,8,7e68f70a-ba74-4eb8-bbae-c7e9f7340567,0.8509137630462646,False,135.01019999966957
e5_large,TP014,temporal,9,21d38039-895b-46a4-8902-96e380ce41aa,0.8478545546531677,False,135.01019999966957
e5_large,TP014,temporal,10,a952e706-800e-493c-886a-8f06602fb2be,0.8467550873756409,False,135.01019999966957
e5_large,TP015,preparation,1,d3b7d61b-50f0-4b96-a770-785a9f3c3886,0.8502085208892822,True,170.7181000001583
e5_large,TP015,preparation,2,70b95f72-95ec-43b5-b76f-657518103256,0.8408578634262085,False,170.7181000001583
e5_large,TP015,preparation,3,30ce28cb-f702-4cce-8105-137e2f73af0d,0.8220319747924805,False,170.7181000001583
e5_large,TP015,preparation,4,22e6c188-2e4c-4029-b200-7770a3f00e6e,0.8210053443908691,False,170.7181000001583
e5_large,TP015,preparation,5,48b9789d-5088-4ba1-a82a-be3a6396ce85,0.8159708976745605,False,170.7181000001583
e5_large,TP015,preparation,6,17abd2d4-27a2-40ba-a55b-0b3ceee19005,0.8122867941856384,False,170.7181000001583
e5_large,TP015,preparation,7,cfff9bf0-05e4-4179-a793-f3c705d04812,0.811129629611969,False,170.7181000001583
e5_large,TP015,preparation,8,10537058-d160-4786-a6cf-95de46d7189c,0.8087191581726074,False,170.7181000001583
e5_large,TP015,preparation,9,66dba192-bac5-4b3a-bd4d-77e9eacb4192,0.8074691891670227,False,170.7181000001583
e5_large,TP015,preparation,10,0a4f11c7-39e8-41fe-bd14-48456671f531,0.8070669174194336,False,170.7181000001583
e5_large,TP016,temporal,1,d3b7d61b-50f0-4b96-a770-785a9f3c3886,0.8645722270011902,False,219.77140000035433
e5_large,TP016,temporal,2,0a4f11c7-39e8-41fe-bd14-48456671f531,0.8602672815322876,True,219.77140000035433
e5_large,TP016,temporal,3,b66e5419-8a9c-47f4-866d-ebdb95b174b2,0.8592354655265808,False,219.77140000035433
e5_large,TP016,temporal,4,48b9789d-5088-4ba1-a82a-be3a6396ce85,0.8553581833839417,False,219.77140000035433
e5_large,TP016,temporal,5,70b95f72-95ec-43b5-b76f-657518103256,0.8529361486434937,True,219.77140000035433
e5_large,TP016,temporal,6,30ce28cb-f702-4cce-8105-137e2f73af0d,0.8507951498031616,False,219.77140000035433
e5_large,TP016,temporal,7,21efe016-3004-45f3-a070-29ce2ecb0019,0.8491307497024536,False,219.77140000035433
e5_large,TP016,temporal,8,22e6c188-2e4c-4029-b200-7770a3f00e6e,0.8476979732513428,False,219.77140000035433
e5_large,TP016,temporal,9,a3d42ca5-54b5-4b8d-be4e-79337aaab880,0.841475248336792,False,219.77140000035433
e5_large,TP016,temporal,10,b8c70ff9-e1b2-40ce-9a0a-f65a53899d13,0.8411834836006165,False,219.77140000035433
e5_large,TP017,preparation,1,73735f01-c9d0-4dd5-8d46-c70045e4b334,0.8981563448905945,True,134.56529999893974
e5_large,TP017,preparation,2,16efaa44-1554-4748-8407-48fac0bced94,0.8911829590797424,False,134.56529999893974
e5_large,TP017,preparation,3,74c0eabe-77c7-4dbf-a321-27966a12fafb,0.8862155079841614,False,134.56529999893974
e5_large,TP017,preparation,4,b225ae64-72d2-4e59-81c0-57f5d8438666,0.8842229843139648,False,134.56529999893974
e5_large,TP017,preparation,5,7adacb8c-91c0-4ea7-8d82-7505eeac5042,0.8768423199653625,False,134.56529999893974
e5_large,TP017,preparation,6,eda54b74-cd2f-4808-8175-bcc5b916ce90,0.87647545337677,False,134.56529999893974
e5_large,TP017,preparation,7,7e5199d4-e5c9-40ca-a69f-ea37f52c6ce3,0.8763558864593506,False,134.56529999893974
e5_large,TP017,preparation,8,a7cf71a5-8426-4d7c-8106-e0754e7cb4bf,0.873856782913208,False,134.56529999893974
e5_large,TP017,preparation,9,98d006ac-5212-4c8c-8a63-4cbd4d6caffc,0.8726796507835388,False,134.56529999893974
e5_large,TP017,preparation,10,36bac780-b1a2-42dc-8cca-3605f80c5521,0.8680874109268188,False,134.56529999893974
e5_large,TP018,preparation,1,6ffcd319-e868-444b-b6fe-8d192a4de3ff,0.874443769454956,True,232.76669999995647
e5_large,TP018,preparation,2,73735f01-c9d0-4dd5-8d46-c70045e4b334,0.8649272918701172,True,232.76669999995647
e5_large,TP018,preparation,3,b225ae64-72d2-4e59-81c0-57f5d8438666,0.8597078919410706,False,232.76669999995647
e5_large,TP018,preparation,4,8f3ed830-3a06-41c6-8b06-cfcf6d36a83c,0.8595157861709595,False,232.76669999995647
e5_large,TP018,preparation,5,98d006ac-5212-4c8c-8a63-4cbd4d6caffc,0.8592110276222229,False,232.76669999995647
e5_large,TP018,preparation,6,d2e0fc0a-bf0e-4226-abbf-e9f3dea2fce8,0.8566499352455139,False,232.76669999995647
e5_large,TP018,preparation,7,74c0eabe-77c7-4dbf-a321-27966a12fafb,0.8566246032714844,False,232.76669999995647
e5_large,TP018,preparation,8,36bac780-b1a2-42dc-8cca-3605f80c5521,0.853959321975708,False,232.76669999995647
e5_large,TP018,preparation,9,eda54b74-cd2f-4808-8175-bcc5b916ce90,0.8522114157676697,False,232.76669999995647
e5_large,TP018,preparation,10,16efaa44-1554-4748-8407-48fac0bced94,0.8517169952392578,False,232.76669999995647
e5_large,TP019,temporal,1,c404e320-0bf2-4325-be92-7a0614f201ca,0.8922373056411743,True,194.64810000044963
e5_large,TP019,temporal,2,b0d368a1-d0fc-4b8b-8567-e190cf462986,0.8621465563774109,False,194.64810000044963
e5_large,TP019,temporal,3,b66e5419-8a9c-47f4-866d-ebdb95b174b2,0.8547077178955078,False,194.64810000044963
e5_large,TP019,temporal,4,21efe016-3004-45f3-a070-29ce2ecb0019,0.8531113266944885,False,194.64810000044963
e5_large,TP019,temporal,5,63b53156-440d-40c1-bc88-5c07c23ae77f,0.8455761671066284,False,194.64810000044963
e5_large,TP019,temporal,6,919e93ca-fed9-4dde-b9b8-f870e207a3f3,0.8413050770759583,False,194.64810000044963
e5_large,TP019,temporal,7,74c0eabe-77c7-4dbf-a321-27966a12fafb,0.8394025564193726,False,194.64810000044963
e5_large,TP019,temporal,8,a3d42ca5-54b5-4b8d-be4e-79337aaab880,0.8360603451728821,False,194.64810000044963
e5_large,TP019,temporal,9,6ffcd319-e868-444b-b6fe-8d192a4de3ff,0.8352200388908386,False,194.64810000044963
e5_large,TP019,temporal,10,16efaa44-1554-4748-8407-48fac0bced94,0.8345053791999817,False,194.64810000044963
e5_large,TP020,temporal,1,6ffcd319-e868-444b-b6fe-8d192a4de3ff,0.8502628803253174,False,155.67929999997432
e5_large,TP020,temporal,2,c404e320-0bf2-4325-be92-7a0614f201ca,0.8457280397415161,True,155.67929999997432
e5_large,TP020,temporal,3,74c0eabe-77c7-4dbf-a321-27966a12fafb,0.8423247337341309,False,155.67929999997432
e5_large,TP020,temporal,4,16efaa44-1554-4748-8407-48fac0bced94,0.8420252203941345,False,155.67929999997432
e5_large,TP020,temporal,5,919e93ca-fed9-4dde-b9b8-f870e207a3f3,0.8375003337860107,False,155.67929999997432
e5_large,TP020,temporal,6,66dba192-bac5-4b3a-bd4d-77e9eacb4192,0.8332693576812744,False,155.67929999997432
e5_large,TP020,temporal,7,843aa4c8-3ffd-4747-97eb-8699b0a0eeaf,0.8307330012321472,False,155.67929999997432
e5_large,TP020,temporal,8,59d57c8a-c9d7-4f8d-b9a1-a2816f1f01f7,0.8291572332382202,False,155.67929999997432
e5_large,TP020,temporal,9,f7a9837d-f8db-4461-abd8-a3607db2276f,0.8291071653366089,False,155.67929999997432
e5_large,TP020,temporal,10,d3b7d61b-50f0-4b96-a770-785a9f3c3886,0.827790379524231,False,155.67929999997432
e5_large,TP021,fact_specific,1,919e93ca-fed9-4dde-b9b8-f870e207a3f3,0.8697285056114197,True,191.03960000029474
e5_large,TP021,fact_specific,2,b0d368a1-d0fc-4b8b-8567-e190cf462986,0.8683280348777771,True,191.03960000029474
e5_large,TP021,fact_specific,3,c404e320-0bf2-4325-be92-7a0614f201ca,0.8661695718765259,False,191.03960000029474
e5_large,TP021,fact_specific,4,74c0eabe-77c7-4dbf-a321-27966a12fafb,0.8646678924560547,False,191.03960000029474
e5_large,TP021,fact_specific,5,f7a9837d-f8db-4461-abd8-a3607db2276f,0.8624237775802612,False,191.03960000029474
e5_large,TP021,fact_specific,6,6ffcd319-e868-444b-b6fe-8d192a4de3ff,0.8592416048049927,False,191.03960000029474
e5_large,TP021,fact_specific,7,b7876bcb-b1d0-409a-831d-45e59e35a44e,0.8542722463607788,False,191.03960000029474
e5_large,TP021,fact_specific,8,b10b8f1c-ed17-44ca-8d7c-1a4f19a12c67,0.8502255082130432,False,191.03960000029474
e5_large,TP021,fact_specific,9,f9cfc75b-a5e7-4633-a798-4b17ea462325,0.846546471118927,False,191.03960000029474
e5_large,TP021,fact_specific,10,d2e0fc0a-bf0e-4226-abbf-e9f3dea2fce8,0.8459129929542542,False,191.03960000029474
e5_large,TP022,fact_specific,1,919e93ca-fed9-4dde-b9b8-f870e207a3f3,0.8565889596939087,False,150.43139999943378
e5_large,TP022,fact_specific,2,b7876bcb-b1d0-409a-831d-45e59e35a44e,0.8526725769042969,True,150.43139999943378
e5_large,TP022,fact_specific,3,7e68f70a-ba74-4eb8-bbae-c7e9f7340567,0.8400995135307312,False,150.43139999943378
e5_large,TP022,fact_specific,4,c404e320-0bf2-4325-be92-7a0614f201ca,0.8385446667671204,False,150.43139999943378
e5_large,TP022,fact_specific,5,16efaa44-1554-4748-8407-48fac0bced94,0.8377140164375305,False,150.43139999943378
e5_large,TP022,fact_specific,6,74c0eabe-77c7-4dbf-a321-27966a12fafb,0.8374418020248413,False,150.43139999943378
e5_large,TP022,fact_specific,7,2cea4ea7-7aaf-4c54-ac4e-b660de52065d,0.8374111652374268,False,150.43139999943378
e5_large,TP022,fact_specific,8,21efe016-3004-45f3-a070-29ce2ecb0019,0.8360034227371216,False,150.43139999943378
e5_large,TP022,fact_specific,9,b0d368a1-d0fc-4b8b-8567-e190cf462986,0.8338111639022827,False,150.43139999943378
e5_large,TP022,fact_specific,10,6ffcd319-e868-444b-b6fe-8d192a4de3ff,0.8327596783638,False,150.43139999943378
e5_large,TP023,preparation,1,b225ae64-72d2-4e59-81c0-57f5d8438666,0.875860333442688,False,178.07389999961742
e5_large,TP023,preparation,2,7e5199d4-e5c9-40ca-a69f-ea37f52c6ce3,0.873370349407196,False,178.07389999961742
e5_large,TP023,preparation,3,98d006ac-5212-4c8c-8a63-4cbd4d6caffc,0.8731390833854675,False,178.07389999961742
e5_large,TP023,preparation,4,7adacb8c-91c0-4ea7-8d82-7505eeac5042,0.8699562549591064,False,178.07389999961742
e5_large,TP023,preparation,5,36bac780-b1a2-42dc-8cca-3605f80c5521,0.8691128492355347,False,178.07389999961742
e5_large,TP023,preparation,6,eda54b74-cd2f-4808-8175-bcc5b916ce90,0.8686219453811646,True,178.07389999961742
e5_large,TP023,preparation,7,73735f01-c9d0-4dd5-8d46-c70045e4b334,0.8659263849258423,False,178.07389999961742
e5_large,TP023,preparation,8,74c0eabe-77c7-4dbf-a321-27966a12fafb,0.8654540181159973,False,178.07389999961742
e5_large,TP023,preparation,9,16efaa44-1554-4748-8407-48fac0bced94,0.8646752834320068,False,178.07389999961742
e5_large,TP023,preparation,10,84c0a864-176f-4776-a15e-167fc2518e5d,0.8643198013305664,False,178.07389999961742
e5_large,TP024,preparation,1,98d006ac-5212-4c8c-8a63-4cbd4d6caffc,0.8796384334564209,False,200.39419999920938
e5_large,TP024,preparation,2,84c0a864-176f-4776-a15e-167fc2518e5d,0.8776851296424866,False,200.39419999920938
e5_large,TP024,preparation,3,b225ae64-72d2-4e59-81c0-57f5d8438666,0.8755968809127808,False,200.39419999920938
e5_large,TP024,preparation,4,a7cf71a5-8426-4d7c-8106-e0754e7cb4bf,0.8740434646606445,False,200.39419999920938
e5_large,TP024,preparation,5,36bac780-b1a2-42dc-8cca-3605f80c5521,0.8736507296562195,True,200.39419999920938
e5_large,TP024,preparation,6,eda54b74-cd2f-4808-8175-bcc5b916ce90,0.8714222311973572,False,200.39419999920938
e5_large,TP024,preparation,7,8f3ed830-3a06-41c6-8b06-cfcf6d36a83c,0.8689332008361816,False,200.39419999920938
e5_large,TP024,preparation,8,7e5199d4-e5c9-40ca-a69f-ea37f52c6ce3,0.8670814037322998,False,200.39419999920938
e5_large,TP024,preparation,9,6ffcd319-e868-444b-b6fe-8d192a4de3ff,0.8667805790901184,False,200.39419999920938
e5_large,TP024,preparation,10,7adacb8c-91c0-4ea7-8d82-7505eeac5042,0.8636215329170227,False,200.39419999920938
e5_large,TP025,temporal,1,a7cf71a5-8426-4d7c-8106-e0754e7cb4bf,0.8462850451469421,False,179.4990999997026
e5_large,TP025,temporal,2,c404e320-0bf2-4325-be92-7a0614f201ca,0.846278965473175,False,179.4990999997026
e5_large,TP025,temporal,3,15e829a9-a475-429d-b0e3-5c34bfbd3ab7,0.8454257845878601,False,179.4990999997026
e5_large,TP025,temporal,4,54fdf811-dedd-4016-b144-3e4bfdcd67c8,0.8440762162208557,False,179.4990999997026
e5_large,TP025,temporal,5,f7a9837d-f8db-4461-abd8-a3607db2276f,0.8437035083770752,False,179.4990999997026
e5_large,TP025,temporal,6,7abe62fa-6fdb-4466-a16b-73e1770f0c57,0.8435508012771606,False,179.4990999997026
e5_large,TP025,temporal,7,8939253d-3272-4915-8c2b-c60062aeb818,0.8411262035369873,False,179.4990999997026
e5_large,TP025,temporal,8,23c6ca0d-04bf-4081-b90a-9819029dcd73,0.8391109704971313,False,179.4990999997026
e5_large,TP025,temporal,9,f4580736-a09e-471f-93d2-8089c695eb67,0.8382169008255005,False,179.4990999997026
e5_large,TP025,temporal,10,e96acbc9-66b4-4df4-953b-3f7b0a846bbc,0.8324804306030273,False,179.4990999997026
e5_large,TP026,procedure,1,9b6cc313-9a59-4387-a5ce-2ed14389a0a7,0.8703612089157104,False,160.40249999969092
e5_large,TP026,procedure,2,b0b5bc4f-7d0b-4f56-8e37-84178d38637d,0.8684484362602234,False,160.40249999969092
e5_large,TP026,procedure,3,5de4d74d-720e-4d86-a836-f946d70a2d32,0.8669501543045044,True,160.40249999969092
e5_large,TP026,procedure,4,98d006ac-5212-4c8c-8a63-4cbd4d6caffc,0.8652620315551758,False,160.40249999969092
e5_large,TP026,procedure,5,36bac780-b1a2-42dc-8cca-3605f80c5521,0.8627730011940002,False,160.40249999969092
e5_large,TP026,procedure,6,4c0dde2a-0432-4cb2-ad33-987f5979ff76,0.8607540726661682,False,160.40249999969092
e5_large,TP026,procedure,7,b225ae64-72d2-4e59-81c0-57f5d8438666,0.8569833040237427,False,160.40249999969092
e5_large,TP026,procedure,8,9552a4ac-31b4-43a8-aa92-37bd3e89362a,0.8567267060279846,False,160.40249999969092
e5_large,TP026,procedure,9,fd678588-5ac2-400d-95c5-3309537781ec,0.8537966012954712,False,160.40249999969092
e5_large,TP026,procedure,10,22e6c188-2e4c-4029-b200-7770a3f00e6e,0.8529053330421448,False,160.40249999969092
e5_large,TP027,fact_specific,1,5de4d74d-720e-4d86-a836-f946d70a2d32,0.8695955872535706,True,183.6319000003641
e5_large,TP027,fact_specific,2,df699ccc-6f51-4281-b4a4-f3d2a20631e0,0.8500269651412964,False,183.6319000003641
e5_large,TP027,fact_specific,3,59d57c8a-c9d7-4f8d-b9a1-a2816f1f01f7,0.8485793471336365,False,183.6319000003641
e5_large,TP027,fact_specific,4,da79aa00-567d-434c-8441-915ac080f918,0.8443934917449951,False,183.6319000003641
e5_large,TP027,fact_specific,5,21efe016-3004-45f3-a070-29ce2ecb0019,0.841701865196228,False,183.6319000003641
e5_large,TP027,fact_specific,6,15e829a9-a475-429d-b0e3-5c34bfbd3ab7,0.837552547454834,False,183.6319000003641
e5_large,TP027,fact_specific,7,1033ac46-dec8-493e-b577-7f5ad80f8e86,0.8364860415458679,False,183.6319000003641
e5_large,TP027,fact_specific,8,cfff9bf0-05e4-4179-a793-f3c705d04812,0.8339247107505798,False,183.6319000003641
e5_large,TP027,fact_specific,9,3ecc27b9-634c-4026-b44e-e01123aa0467,0.8333553075790405,False,183.6319000003641
e5_large,TP027,fact_specific,10,54fdf811-dedd-4016-b144-3e4bfdcd67c8,0.831874430179596,False,183.6319000003641
e5_large,TP028,fact_specific,1,4c0dde2a-0432-4cb2-ad33-987f5979ff76,0.8761329054832458,False,208.0865999996604
e5_large,TP028,fact_specific,2,54fdf811-dedd-4016-b144-3e4bfdcd67c8,0.8740477561950684,False,208.0865999996604
e5_large,TP028,fact_specific,3,d4c1a9ca-23c5-4ae0-9a51-c56675b2e6d1,0.8736807703971863,False,208.0865999996604
e5_large,TP028,fact_specific,4,324bc249-0e84-46e9-b77f-856c76cd5353,0.8732463121414185,False,208.0865999996604
e5_large,TP028,fact_specific,5,e62b0c91-ff0c-43b2-9bd5-ff173d9f8bc0,0.8677793145179749,True,208.0865999996604
e5_large,TP028,fact_specific,6,e96acbc9-66b4-4df4-953b-3f7b0a846bbc,0.8609247803688049,False,208.0865999996604
e5_large,TP028,fact_specific,7,23c6ca0d-04bf-4081-b90a-9819029dcd73,0.8584742546081543,False,208.0865999996604
e5_large,TP028,fact_specific,8,3ecc27b9-634c-4026-b44e-e01123aa0467,0.8532974123954773,False,208.0865999996604
e5_large,TP028,fact_specific,9,9131e9a9-eff3-4f4e-a20b-4bdd456c35bc,0.8513698577880859,False,208.0865999996604
e5_large,TP028,fact_specific,10,df699ccc-6f51-4281-b4a4-f3d2a20631e0,0.8490939736366272,False,208.0865999996604
e5_large,TP029,product_specific,1,59d57c8a-c9d7-4f8d-b9a1-a2816f1f01f7,0.862234354019165,True,198.7976999998864
e5_large,TP029,product_specific,2,4c0dde2a-0432-4cb2-ad33-987f5979ff76,0.8605700731277466,False,198.7976999998864
e5_large,TP029,product_specific,3,54fdf811-dedd-4016-b144-3e4bfdcd67c8,0.8584621548652649,False,198.7976999998864
e5_large,TP029,product_specific,4,7c33fbb7-e931-4f6b-9520-23875ec9ee5b,0.8429566025733948,False,198.7976999998864
e5_large,TP029,product_specific,5,e96acbc9-66b4-4df4-953b-3f7b0a846bbc,0.8420618772506714,False,198.7976999998864
e5_large,TP029,product_specific,6,3ecc27b9-634c-4026-b44e-e01123aa0467,0.8392149806022644,False,198.7976999998864
e5_large,TP029,product_specific,7,16efaa44-1554-4748-8407-48fac0bced94,0.8369078040122986,False,198.7976999998864
e5_large,TP029,product_specific,8,d4c1a9ca-23c5-4ae0-9a51-c56675b2e6d1,0.8367353081703186,False,198.7976999998864
e5_large,TP029,product_specific,9,5de4d74d-720e-4d86-a836-f946d70a2d32,0.8346579670906067,False,198.7976999998864
e5_large,TP029,product_specific,10,324bc249-0e84-46e9-b77f-856c76cd5353,0.8332118988037109,False,198.7976999998864
e5_large,TP030,paraphrase,1,b0b5bc4f-7d0b-4f56-8e37-84178d38637d,0.8713790774345398,True,186.50520000028337
e5_large,TP030,paraphrase,2,54fdf811-dedd-4016-b144-3e4bfdcd67c8,0.8604252934455872,False,186.50520000028337
e5_large,TP030,paraphrase,3,4c0dde2a-0432-4cb2-ad33-987f5979ff76,0.8578749895095825,False,186.50520000028337
e5_large,TP030,paraphrase,4,f7a9837d-f8db-4461-abd8-a3607db2276f,0.856537401676178,False,186.50520000028337
e5_large,TP030,paraphrase,5,23c6ca0d-04bf-4081-b90a-9819029dcd73,0.856187641620636,False,186.50520000028337
e5_large,TP030,paraphrase,6,e96acbc9-66b4-4df4-953b-3f7b0a846bbc,0.84844970703125,False,186.50520000028337
e5_large,TP030,paraphrase,7,c404e320-0bf2-4325-be92-7a0614f201ca,0.8474359512329102,False,186.50520000028337
e5_large,TP030,paraphrase,8,646d4165-73db-4f69-84da-5f393cd81988,0.846846878528595,False,186.50520000028337
e5_large,TP030,paraphrase,9,17abd2d4-27a2-40ba-a55b-0b3ceee19005,0.8448758721351624,False,186.50520000028337
e5_large,TP030,paraphrase,10,36bac780-b1a2-42dc-8cca-3605f80c5521,0.8429175615310669,False,186.50520000028337
e5_large,TP031,monitoring,1,a7cf71a5-8426-4d7c-8106-e0754e7cb4bf,0.8821143507957458,True,128.40849999975035
e5_large,TP031,monitoring,2,b225ae64-72d2-4e59-81c0-57f5d8438666,0.8755602240562439,False,128.40849999975035
e5_large,TP031,monitoring,3,16efaa44-1554-4748-8407-48fac0bced94,0.8738033771514893,False,128.40849999975035
e5_large,TP031,monitoring,4,7e5199d4-e5c9-40ca-a69f-ea37f52c6ce3,0.8719047904014587,False,128.40849999975035
e5_large,TP031,monitoring,5,73735f01-c9d0-4dd5-8d46-c70045e4b334,0.8698763251304626,False,128.40849999975035
e5_large,TP031,monitoring,6,7adacb8c-91c0-4ea7-8d82-7505eeac5042,0.8698577880859375,False,128.40849999975035
e5_large,TP031,monitoring,7,eda54b74-cd2f-4808-8175-bcc5b916ce90,0.8663811087608337,False,128.40849999975035
e5_large,TP031,monitoring,8,98d006ac-5212-4c8c-8a63-4cbd4d6caffc,0.8662395477294922,False,128.40849999975035
e5_large,TP031,monitoring,9,8f3ed830-3a06-41c6-8b06-cfcf6d36a83c,0.8655114769935608,False,128.40849999975035
e5_large,TP031,monitoring,10,7e68f70a-ba74-4eb8-bbae-c7e9f7340567,0.8635222315788269,False,128.40849999975035
e5_large,TP032,adverse_reaction,1,15e829a9-a475-429d-b0e3-5c34bfbd3ab7,0.8767913579940796,True,219.47999999974854
e5_large,TP032,adverse_reaction,2,7abe62fa-6fdb-4466-a16b-73e1770f0c57,0.8650346398353577,False,219.47999999974854
e5_large,TP032,adverse_reaction,3,2e55093d-0a0f-4fd9-954b-4fc72df9eac0,0.8589553833007812,False,219.47999999974854
e5_large,TP032,adverse_reaction,4,8939253d-3272-4915-8c2b-c60062aeb818,0.8586863279342651,True,219.47999999974854
e5_large,TP032,adverse_reaction,5,a7cf71a5-8426-4d7c-8106-e0754e7cb4bf,0.8517942428588867,False,219.47999999974854
e5_large,TP032,adverse_reaction,6,f4580736-a09e-471f-93d2-8089c695eb67,0.8515125513076782,False,219.47999999974854
e5_large,TP032,adverse_reaction,7,391ad5dc-0d1c-4350-85ba-5aa601d9ac0d,0.8507156372070312,False,219.47999999974854
e5_large,TP032,adverse_reaction,8,9b6cc313-9a59-4387-a5ce-2ed14389a0a7,0.849158525466919,False,219.47999999974854
e5_large,TP032,adverse_reaction,9,8f3ed830-3a06-41c6-8b06-cfcf6d36a83c,0.8483279943466187,False,219.47999999974854
e5_large,TP032,adverse_reaction,10,66dba192-bac5-4b3a-bd4d-77e9eacb4192,0.8474575877189636,False,219.47999999974854
e5_large,TP033,adverse_reaction,1,8939253d-3272-4915-8c2b-c60062aeb818,0.8698011636734009,True,194.22339999982796
e5_large,TP033,adverse_reaction,2,15e829a9-a475-429d-b0e3-5c34bfbd3ab7,0.8574523329734802,False,194.22339999982796
e5_large,TP033,adverse_reaction,3,7abe62fa-6fdb-4466-a16b-73e1770f0c57,0.8453329801559448,True,194.22339999982796
e5_large,TP033,adverse_reaction,4,f4580736-a09e-471f-93d2-8089c695eb67,0.8434872031211853,False,194.22339999982796
e5_large,TP033,adverse_reaction,5,2e55093d-0a0f-4fd9-954b-4fc72df9eac0,0.8397296071052551,False,194.22339999982796
e5_large,TP033,adverse_reaction,6,66dba192-bac5-4b3a-bd4d-77e9eacb4192,0.8392494320869446,False,194.22339999982796
e5_large,TP033,adverse_reaction,7,54fdf811-dedd-4016-b144-3e4bfdcd67c8,0.8351688385009766,False,194.22339999982796
e5_large,TP033,adverse_reaction,8,391ad5dc-0d1c-4350-85ba-5aa601d9ac0d,0.8335409164428711,False,194.22339999982796
e5_large,TP033,adverse_reaction,9,5e7838ae-0b80-4d05-b266-deb52de7b401,0.8319045901298523,False,194.22339999982796
e5_large,TP033,adverse_reaction,10,bc88f538-e881-4c81-85e9-fca20614315d,0.83095782995224,False,194.22339999982796
e5_large,TP034,adverse_reaction,1,7abe62fa-6fdb-4466-a16b-73e1770f0c57,0.8634025454521179,True,273.08350000021164
e5_large,TP034,adverse_reaction,2,2e55093d-0a0f-4fd9-954b-4fc72df9eac0,0.8512800335884094,True,273.08350000021164
e5_large,TP034,adverse_reaction,3,5e7838ae-0b80-4d05-b266-deb52de7b401,0.8462101817131042,False,273.08350000021164
e5_large,TP034,adverse_reaction,4,da79aa00-567d-434c-8441-915ac080f918,0.8437905311584473,False,273.08350000021164
e5_large,TP034,adverse_reaction,5,15e829a9-a475-429d-b0e3-5c34bfbd3ab7,0.8424524068832397,False,273.08350000021164
e5_large,TP034,adverse_reaction,6,66dba192-bac5-4b3a-bd4d-77e9eacb4192,0.8421577215194702,False,273.08350000021164
e5_large,TP034,adverse_reaction,7,8939253d-3272-4915-8c2b-c60062aeb818,0.840477705001831,False,273.08350000021164
e5_large,TP034,adverse_reaction,8,324bc249-0e84-46e9-b77f-856c76cd5353,0.8384644389152527,False,273.08350000021164
e5_large,TP034,adverse_reaction,9,d3b7d61b-50f0-4b96-a770-785a9f3c3886,0.8382292985916138,False,273.08350000021164
e5_large,TP034,adverse_reaction,10,70b95f72-95ec-43b5-b76f-657518103256,0.835395097732544,False,273.08350000021164
e5_large,TN006,negative_out_of_scope,1,71d2e37c-44e2-4972-8e6b-a6449c2f8404,0.8476886749267578,False,213.37320000020554
e5_large,TN006,negative_out_of_scope,2,ffcf7308-6e83-47bc-a519-0b4b7ba44562,0.8408074378967285,False,213.37320000020554
e5_large,TN006,negative_out_of_scope,3,f4580736-a09e-471f-93d2-8089c695eb67,0.8279728293418884,False,213.37320000020554
e5_large,TN006,negative_out_of_scope,4,da79aa00-567d-434c-8441-915ac080f918,0.8237664103507996,False,213.37320000020554
e5_large,TN006,negative_out_of_scope,5,8939253d-3272-4915-8c2b-c60062aeb818,0.8222116231918335,False,213.37320000020554
e5_large,TN006,negative_out_of_scope,6,5de4d74d-720e-4d86-a836-f946d70a2d32,0.8213784694671631,False,213.37320000020554
e5_large,TN006,negative_out_of_scope,7,0f6b0fc1-9d70-479f-a87d-a26e954e2adb,0.8206724524497986,False,213.37320000020554
e5_large,TN006,negative_out_of_scope,8,ba3d1d87-0c2d-4b67-a0c2-4615c8249c2a,0.8196008205413818,False,213.37320000020554
e5_large,TN006,negative_out_of_scope,9,ee8c2027-ad6d-4bb7-8077-5e4c42be1cc3,0.8165488243103027,False,213.37320000020554
e5_large,TN006,negative_out_of_scope,10,66dba192-bac5-4b3a-bd4d-77e9eacb4192,0.8156875967979431,False,213.37320000020554
e5_large,TN007,negative_out_of_scope,1,63b53156-440d-40c1-bc88-5c07c23ae77f,0.8408007621765137,False,150.28540000002977
e5_large,TN007,negative_out_of_scope,2,09f3c6d5-9e0c-4545-960f-b16c69abbeb1,0.8304475545883179,False,150.28540000002977
e5_large,TN007,negative_out_of_scope,3,23c6ca0d-04bf-4081-b90a-9819029dcd73,0.8222071528434753,False,150.28540000002977
e5_large,TN007,negative_out_of_scope,4,ba3d1d87-0c2d-4b67-a0c2-4615c8249c2a,0.8167137503623962,False,150.28540000002977
e5_large,TN007,negative_out_of_scope,5,dfb2693a-e821-4d6e-bbcc-0dbf3dc2a2ae,0.8156550526618958,False,150.28540000002977
e5_large,TN007,negative_out_of_scope,6,e96acbc9-66b4-4df4-953b-3f7b0a846bbc,0.8152160048484802,False,150.28540000002977
e5_large,TN007,negative_out_of_scope,7,0f6b0fc1-9d70-479f-a87d-a26e954e2adb,0.8150330185890198,False,150.28540000002977
e5_large,TN007,negative_out_of_scope,8,71d2e37c-44e2-4972-8e6b-a6449c2f8404,0.8138275742530823,False,150.28540000002977
e5_large,TN007,negative_out_of_scope,9,bc88f538-e881-4c81-85e9-fca20614315d,0.8137361407279968,False,150.28540000002977
e5_large,TN007,negative_out_of_scope,10,da79aa00-567d-434c-8441-915ac080f918,0.8126838207244873,False,150.28540000002977
e5_large,TN008,negative_out_of_scope,1,f1611d72-8c47-41f8-bfee-99d5ffdfe12a,0.7925341725349426,False,137.11550000061834
e5_large,TN008,negative_out_of_scope,2,d9a4a9c8-fbd4-41f2-bab6-6abd72575204,0.7729465365409851,False,137.11550000061834
e5_large,TN008,negative_out_of_scope,3,64fa07b8-63c3-43c8-899e-5bd6282225ed,0.766955554485321,False,137.11550000061834
e5_large,TN008,negative_out_of_scope,4,edd76252-eb29-4acf-9a31-735463528b7d,0.7668415904045105,False,137.11550000061834
e5_large,TN008,negative_out_of_scope,5,ee8c2027-ad6d-4bb7-8077-5e4c42be1cc3,0.7663379907608032,False,137.11550000061834
e5_large,TN008,negative_out_of_scope,6,391ad5dc-0d1c-4350-85ba-5aa601d9ac0d,0.7650840282440186,False,137.11550000061834
e5_large,TN008,negative_out_of_scope,7,bc88f538-e881-4c81-85e9-fca20614315d,0.7644656300544739,False,137.11550000061834
e5_large,TN008,negative_out_of_scope,8,b66e5419-8a9c-47f4-866d-ebdb95b174b2,0.7586954832077026,False,137.11550000061834
e5_large,TN008,negative_out_of_scope,9,fb4884e3-8fea-42fa-b996-7e9c333e7fef,0.758694052696228,False,137.11550000061834
e5_large,TN008,negative_out_of_scope,10,eeb8db46-f757-41f1-9ca5-c022f3d4ea3e,0.758694052696228,False,137.11550000061834
e5_large,TN009,negative_out_of_scope,1,f1611d72-8c47-41f8-bfee-99d5ffdfe12a,0.7777343392372131,False,101.53050000008079
e5_large,TN009,negative_out_of_scope,2,ee8c2027-ad6d-4bb7-8077-5e4c42be1cc3,0.7703150510787964,False,101.53050000008079
e5_large,TN009,negative_out_of_scope,3,21d38039-895b-46a4-8902-96e380ce41aa,0.7669066190719604,False,101.53050000008079
e5_large,TN009,negative_out_of_scope,4,63cb7040-3526-4f6f-9f88-e295bbe5edaf,0.7657023072242737,False,101.53050000008079
e5_large,TN009,negative_out_of_scope,5,c404e320-0bf2-4325-be92-7a0614f201ca,0.7642205357551575,False,101.53050000008079
e5_large,TN009,negative_out_of_scope,6,36bac780-b1a2-42dc-8cca-3605f80c5521,0.7635831236839294,False,101.53050000008079
e5_large,TN009,negative_out_of_scope,7,54fdf811-dedd-4016-b144-3e4bfdcd67c8,0.763059675693512,False,101.53050000008079
e5_large,TN009,negative_out_of_scope,8,919e93ca-fed9-4dde-b9b8-f870e207a3f3,0.762998104095459,False,101.53050000008079
e5_large,TN009,negative_out_of_scope,9,10537058-d160-4786-a6cf-95de46d7189c,0.762596607208252,False,101.53050000008079
e5_large,TN009,negative_out_of_scope,10,66dba192-bac5-4b3a-bd4d-77e9eacb4192,0.7606741189956665,False,101.53050000008079
e5_large,TN010,negative_out_of_scope,1,70b95f72-95ec-43b5-b76f-657518103256,0.8031862378120422,False,92.232499999227
e5_large,TN010,negative_out_of_scope,2,4797ba3b-c3d9-4d11-be5f-86db44dbda83,0.7972033619880676,False,92.232499999227
e5_large,TN010,negative_out_of_scope,3,36bac780-b1a2-42dc-8cca-3605f80c5521,0.7968738675117493,False,92.232499999227
e5_large,TN010,negative_out_of_scope,4,fbf62ef9-25b7-437c-98d8-c4934fba0fe6,0.7954797744750977,False,92.232499999227
e5_large,TN010,negative_out_of_scope,5,5de4d74d-720e-4d86-a836-f946d70a2d32,0.7937469482421875,False,92.232499999227
e5_large,TN010,negative_out_of_scope,6,f1611d72-8c47-41f8-bfee-99d5ffdfe12a,0.7936683297157288,False,92.232499999227
e5_large,TN010,negative_out_of_scope,7,dfb2693a-e821-4d6e-bbcc-0dbf3dc2a2ae,0.79310542345047,False,92.232499999227
e5_large,TN010,negative_out_of_scope,8,21d38039-895b-46a4-8902-96e380ce41aa,0.7930059432983398,False,92.232499999227
e5_large,TN010,negative_out_of_scope,9,8f3ed830-3a06-41c6-8b06-cfcf6d36a83c,0.7927721738815308,False,92.232499999227
e5_large,TN010,negative_out_of_scope,10,e96acbc9-66b4-4df4-953b-3f7b0a846bbc,0.7918931841850281,False,92.232499999227
e5_large,TN011,negative_out_of_scope,1,f4580736-a09e-471f-93d2-8089c695eb67,0.830929160118103,False,151.25349999925675
e5_large,TN011,negative_out_of_scope,2,64fa07b8-63c3-43c8-899e-5bd6282225ed,0.8302919268608093,False,151.25349999925675
e5_large,TN011,negative_out_of_scope,3,a952e706-800e-493c-886a-8f06602fb2be,0.8285961747169495,False,151.25349999925675
e5_large,TN011,negative_out_of_scope,4,6ffcd319-e868-444b-b6fe-8d192a4de3ff,0.8279910087585449,False,151.25349999925675
e5_large,TN011,negative_out_of_scope,5,15e829a9-a475-429d-b0e3-5c34bfbd3ab7,0.8265823125839233,False,151.25349999925675
e5_large,TN011,negative_out_of_scope,6,16efaa44-1554-4748-8407-48fac0bced94,0.8263697624206543,False,151.25349999925675
e5_large,TN011,negative_out_of_scope,7,391ad5dc-0d1c-4350-85ba-5aa601d9ac0d,0.8249385952949524,False,151.25349999925675
e5_large,TN011,negative_out_of_scope,8,cfff9bf0-05e4-4179-a793-f3c705d04812,0.8231764435768127,False,151.25349999925675
e5_large,TN011,negative_out_of_scope,9,ee8c2027-ad6d-4bb7-8077-5e4c42be1cc3,0.8223164081573486,False,151.25349999925675
e5_large,TN011,negative_out_of_scope,10,d2e0fc0a-bf0e-4226-abbf-e9f3dea2fce8,0.8212524652481079,False,151.25349999925675
bm25_e5_rrf,TF001,fact_specific,1,48b9789d-5088-4ba1-a82a-be3a6396ce85,0.030330882352941176,False,144.34219999839115
bm25_e5_rrf,TF001,fact_specific,2,c78ff32d-ea17-41fd-98ef-2e8872f01df3,0.03028233151183971,True,144.34219999839115
bm25_e5_rrf,TF001,fact_specific,3,73735f01-c9d0-4dd5-8d46-c70045e4b334,0.029513888888888888,False,144.34219999839115
bm25_e5_rrf,TF001,fact_specific,4,cfff9bf0-05e4-4179-a793-f3c705d04812,0.028258706467661692,False,144.34219999839115
bm25_e5_rrf,TF001,fact_specific,5,8f3ed830-3a06-41c6-8b06-cfcf6d36a83c,0.028068137824235385,False,144.34219999839115
bm25_e5_rrf,TF001,fact_specific,6,16efaa44-1554-4748-8407-48fac0bced94,0.027984344422700584,False,144.34219999839115
bm25_e5_rrf,TF001,fact_specific,7,5de4d74d-720e-4d86-a836-f946d70a2d32,0.027984344422700584,False,144.34219999839115
bm25_e5_rrf,TF001,fact_specific,8,30ce28cb-f702-4cce-8105-137e2f73af0d,0.027809742999616416,False,144.34219999839115
bm25_e5_rrf,TF001,fact_specific,9,0a4f11c7-39e8-41fe-bd14-48456671f531,0.027479766610201392,False,144.34219999839115
bm25_e5_rrf,TF001,fact_specific,10,22e6c188-2e4c-4029-b200-7770a3f00e6e,0.026973565905412694,False,144.34219999839115
bm25_e5_rrf,TF002,paraphrase,1,c78ff32d-ea17-41fd-98ef-2e8872f01df3,0.03278688524590164,True,280.58489999875746
bm25_e5_rrf,TF002,paraphrase,2,73735f01-c9d0-4dd5-8d46-c70045e4b334,0.030536130536130537,False,280.58489999875746
bm25_e5_rrf,TF002,paraphrase,3,a7cf71a5-8426-4d7c-8106-e0754e7cb4bf,0.029957522915269395,False,280.58489999875746
bm25_e5_rrf,TF002,paraphrase,4,16efaa44-1554-4748-8407-48fac0bced94,0.028814262023217248,False,280.58489999875746
bm25_e5_rrf,TF002,paraphrase,5,cfff9bf0-05e4-4179-a793-f3c705d04812,0.028594771241830064,False,280.58489999875746
bm25_e5_rrf,TF002,paraphrase,6,30ce28cb-f702-4cce-8105-137e2f73af0d,0.028404512489927477,False,280.58489999875746
bm25_e5_rrf,TF002,paraphrase,7,8f3ed830-3a06-41c6-8b06-cfcf6d36a83c,0.027809742999616416,False,280.58489999875746
bm25_e5_rrf,TF002,paraphrase,8,22e6c188-2e4c-4029-b200-7770a3f00e6e,0.027479766610201392,False,280.58489999875746
bm25_e5_rrf,TF002,paraphrase,9,5de4d74d-720e-4d86-a836-f946d70a2d32,0.027119252873563218,False,280.58489999875746
bm25_e5_rrf,TF002,paraphrase,10,64fa07b8-63c3-43c8-899e-5bd6282225ed,0.026881720430107527,False,280.58489999875746
bm25_e5_rrf,TF003,product_specific,1,0f6b0fc1-9d70-479f-a87d-a26e954e2adb,0.03278688524590164,False,160.3690000001734
bm25_e5_rrf,TF003,product_specific,2,ba3d1d87-0c2d-4b67-a0c2-4615c8249c2a,0.03200204813108039,True,160.3690000001734
bm25_e5_rrf,TF003,product_specific,3,324bc249-0e84-46e9-b77f-856c76cd5353,0.029083245521601686,False,160.3690000001734
bm25_e5_rrf,TF003,product_specific,4,646d4165-73db-4f69-84da-5f393cd81988,0.028404512489927477,False,160.3690000001734
bm25_e5_rrf,TF003,product_specific,5,df699ccc-6f51-4281-b4a4-f3d2a20631e0,0.028125,False,160.3690000001734
bm25_e5_rrf,TF003,product_specific,6,ffcf7308-6e83-47bc-a519-0b4b7ba44562,0.027222222222222224,False,160.3690000001734
bm25_e5_rrf,TF003,product_specific,7,1b376f6f-5ee5-4d05-a585-f3aa6b7ee824,0.02715098147128967,False,160.3690000001734
bm25_e5_rrf,TF003,product_specific,8,23c6ca0d-04bf-4081-b90a-9819029dcd73,0.02658450704225352,True,160.3690000001734
bm25_e5_rrf,TF003,product_specific,9,71d2e37c-44e2-4972-8e6b-a6449c2f8404,0.026500526500526502,False,160.3690000001734
bm25_e5_rrf,TF003,product_specific,10,54fdf811-dedd-4016-b144-3e4bfdcd67c8,0.02625418060200669,False,160.3690000001734
bm25_e5_rrf,TF004,product_specific,1,ffcf7308-6e83-47bc-a519-0b4b7ba44562,0.032018442622950824,True,135.17319999937172
bm25_e5_rrf,TF004,product_specific,2,71d2e37c-44e2-4972-8e6b-a6449c2f8404,0.03200204813108039,False,135.17319999937172
bm25_e5_rrf,TF004,product_specific,3,63b53156-440d-40c1-bc88-5c07c23ae77f,0.03177805800756621,False,135.17319999937172
bm25_e5_rrf,TF004,product_specific,4,646d4165-73db-4f69-84da-5f393cd81988,0.0293236301369863,False,135.17319999937172
bm25_e5_rrf,TF004,product_specific,5,ba3d1d87-0c2d-4b67-a0c2-4615c8249c2a,0.028594771241830064,False,135.17319999937172
bm25_e5_rrf,TF004,product_specific,6,0f6b0fc1-9d70-479f-a87d-a26e954e2adb,0.028484848484848488,False,135.17319999937172
bm25_e5_rrf,TF004,product_specific,7,1b376f6f-5ee5-4d05-a585-f3aa6b7ee824,0.028381642512077296,False,135.17319999937172
bm25_e5_rrf,TF004,product_specific,8,da79aa00-567d-434c-8441-915ac080f918,0.028083267871170464,False,135.17319999937172
bm25_e5_rrf,TF004,product_specific,9,23c6ca0d-04bf-4081-b90a-9819029dcd73,0.027799227799227798,True,135.17319999937172
bm25_e5_rrf,TF004,product_specific,10,21efe016-3004-45f3-a070-29ce2ecb0019,0.027236652236652236,False,135.17319999937172
bm25_e5_rrf,TF005,temporal,1,63b53156-440d-40c1-bc88-5c07c23ae77f,0.03278688524590164,True,208.9549000011175
bm25_e5_rrf,TF005,temporal,2,4d18d11e-2a92-4690-8a64-46653931483e,0.0304147465437788,False,208.9549000011175
bm25_e5_rrf,TF005,temporal,3,1033ac46-dec8-493e-b577-7f5ad80f8e86,0.030330882352941176,False,208.9549000011175
bm25_e5_rrf,TF005,temporal,4,ffcf7308-6e83-47bc-a519-0b4b7ba44562,0.03021353930031804,False,208.9549000011175
bm25_e5_rrf,TF005,temporal,5,71d2e37c-44e2-4972-8e6b-a6449c2f8404,0.029138513513513514,False,208.9549000011175
bm25_e5_rrf,TF005,temporal,6,09f3c6d5-9e0c-4545-960f-b16c69abbeb1,0.029083245521601686,False,208.9549000011175
bm25_e5_rrf,TF005,temporal,7,646d4165-73db-4f69-84da-5f393cd81988,0.028985507246376812,False,208.9549000011175
bm25_e5_rrf,TF005,temporal,8,3ecc27b9-634c-4026-b44e-e01123aa0467,0.028850145288501453,False,208.9549000011175
bm25_e5_rrf,TF005,temporal,9,da79aa00-567d-434c-8441-915ac080f918,0.028814262023217248,False,208.9549000011175
bm25_e5_rrf,TF005,temporal,10,b66e5419-8a9c-47f4-866d-ebdb95b174b2,0.02821869488536155,False,208.9549000011175
bm25_e5_rrf,TF006,temporal,1,63b53156-440d-40c1-bc88-5c07c23ae77f,0.03252247488101534,True,210.95990000139864
bm25_e5_rrf,TF006,temporal,2,ffcf7308-6e83-47bc-a519-0b4b7ba44562,0.032266458495966696,False,210.95990000139864
bm25_e5_rrf,TF006,temporal,3,71d2e37c-44e2-4972-8e6b-a6449c2f8404,0.03200204813108039,True,210.95990000139864
bm25_e5_rrf,TF006,temporal,4,09f3c6d5-9e0c-4545-960f-b16c69abbeb1,0.029857397504456328,False,210.95990000139864
bm25_e5_rrf,TF006,temporal,5,ba3d1d87-0c2d-4b67-a0c2-4615c8249c2a,0.02946912242686891,False,210.95990000139864
bm25_e5_rrf,TF006,temporal,6,1b376f6f-5ee5-4d05-a585-f3aa6b7ee824,0.029418126757516764,False,210.95990000139864
bm25_e5_rrf,TF006,temporal,7,da79aa00-567d-434c-8441-915ac080f918,0.029138513513513514,False,210.95990000139864
bm25_e5_rrf,TF006,temporal,8,646d4165-73db-4f69-84da-5f393cd81988,0.02904040404040404,False,210.95990000139864
bm25_e5_rrf,TF006,temporal,9,4d18d11e-2a92-4690-8a64-46653931483e,0.02862400327131466,False,210.95990000139864
bm25_e5_rrf,TF006,temporal,10,81a83ec4-b5d1-4305-9f44-93e5fa935ffe,0.028594771241830064,False,210.95990000139864
bm25_e5_rrf,TF007,temporal,1,5de4d74d-720e-4d86-a836-f946d70a2d32,0.03278688524590164,False,177.20570000074076
bm25_e5_rrf,TF007,temporal,2,71d2e37c-44e2-4972-8e6b-a6449c2f8404,0.031754032258064516,False,177.20570000074076
bm25_e5_rrf,TF007,temporal,3,ffcf7308-6e83-47bc-a519-0b4b7ba44562,0.03149801587301587,False,177.20570000074076
bm25_e5_rrf,TF007,temporal,4,c404e320-0bf2-4325-be92-7a0614f201ca,0.03036576949620428,False,177.20570000074076
bm25_e5_rrf,TF007,temporal,5,f4580736-a09e-471f-93d2-8089c695eb67,0.029631255487269532,False,177.20570000074076
bm25_e5_rrf,TF007,temporal,6,9b6cc313-9a59-4387-a5ce-2ed14389a0a7,0.02946912242686891,False,177.20570000074076
bm25_e5_rrf,TF007,temporal,7,15e829a9-a475-429d-b0e3-5c34bfbd3ab7,0.028484848484848488,False,177.20570000074076
bm25_e5_rrf,TF007,temporal,8,da79aa00-567d-434c-8441-915ac080f918,0.028474711270410194,True,177.20570000074076
bm25_e5_rrf,TF007,temporal,9,a7cf71a5-8426-4d7c-8106-e0754e7cb4bf,0.028438886647841874,False,177.20570000074076
bm25_e5_rrf,TF007,temporal,10,8259ed27-8646-4502-a959-aab1e9f1770f,0.028371628371628373,False,177.20570000074076
bm25_e5_rrf,TF008,product_specific,1,9131e9a9-eff3-4f4e-a20b-4bdd456c35bc,0.032266458495966696,False,167.88159999850905
bm25_e5_rrf,TF008,product_specific,2,e96acbc9-66b4-4df4-953b-3f7b0a846bbc,0.03225806451612903,True,167.88159999850905
bm25_e5_rrf,TF008,product_specific,3,54fdf811-dedd-4016-b144-3e4bfdcd67c8,0.032018442622950824,False,167.88159999850905
bm25_e5_rrf,TF008,product_specific,4,d4c1a9ca-23c5-4ae0-9a51-c56675b2e6d1,0.03149801587301587,False,167.88159999850905
bm25_e5_rrf,TF008,product_specific,5,23c6ca0d-04bf-4081-b90a-9819029dcd73,0.02877846790890269,False,167.88159999850905
bm25_e5_rrf,TF008,product_specific,6,09f3c6d5-9e0c-4545-960f-b16c69abbeb1,0.028484848484848488,False,167.88159999850905
bm25_e5_rrf,TF008,product_specific,7,3ecc27b9-634c-4026-b44e-e01123aa0467,0.027777777777777776,False,167.88159999850905
bm25_e5_rrf,TF008,product_specific,8,0f6b0fc1-9d70-479f-a87d-a26e954e2adb,0.027242401779095628,False,167.88159999850905
bm25_e5_rrf,TF008,product_specific,9,646d4165-73db-4f69-84da-5f393cd81988,0.027212143650499815,False,167.88159999850905
bm25_e5_rrf,TF008,product_specific,10,4d18d11e-2a92-4690-8a64-46653931483e,0.027149321266968326,False,167.88159999850905
bm25_e5_rrf,TF009,product_specific,1,9131e9a9-eff3-4f4e-a20b-4bdd456c35bc,0.03252247488101534,False,142.82769999954326
bm25_e5_rrf,TF009,product_specific,2,d4c1a9ca-23c5-4ae0-9a51-c56675b2e6d1,0.03200204813108039,True,142.82769999954326
bm25_e5_rrf,TF009,product_specific,3,324bc249-0e84-46e9-b77f-856c76cd5353,0.03028233151183971,True,142.82769999954326
bm25_e5_rrf,TF009,product_specific,4,e62b0c91-ff0c-43b2-9bd5-ff173d9f8bc0,0.029857397504456328,False,142.82769999954326
bm25_e5_rrf,TF009,product_specific,5,bc88f538-e881-4c81-85e9-fca20614315d,0.029083245521601686,False,142.82769999954326
bm25_e5_rrf,TF009,product_specific,6,e96acbc9-66b4-4df4-953b-3f7b0a846bbc,0.028283227848101264,False,142.82769999954326
bm25_e5_rrf,TF009,product_specific,7,fbf62ef9-25b7-437c-98d8-c4934fba0fe6,0.02792120864410021,False,142.82769999954326
bm25_e5_rrf,TF009,product_specific,8,b66e5419-8a9c-47f4-866d-ebdb95b174b2,0.02712049508554787,False,142.82769999954326
bm25_e5_rrf,TF009,product_specific,9,7abe62fa-6fdb-4466-a16b-73e1770f0c57,0.027119252873563218,False,142.82769999954326
bm25_e5_rrf,TF009,product_specific,10,dfb2693a-e821-4d6e-bbcc-0dbf3dc2a2ae,0.026785714285714288,False,142.82769999954326
bm25_e5_rrf,TF010,product_specific,1,54fdf811-dedd-4016-b144-3e4bfdcd67c8,0.03252247488101534,True,95.15819999978703
bm25_e5_rrf,TF010,product_specific,2,9131e9a9-eff3-4f4e-a20b-4bdd456c35bc,0.032266458495966696,True,95.15819999978703
bm25_e5_rrf,TF010,product_specific,3,d4c1a9ca-23c5-4ae0-9a51-c56675b2e6d1,0.03200204813108039,False,95.15819999978703
bm25_e5_rrf,TF010,product_specific,4,e96acbc9-66b4-4df4-953b-3f7b0a846bbc,0.03125,False,95.15819999978703
bm25_e5_rrf,TF010,product_specific,5,df699ccc-6f51-4281-b4a4-f3d2a20631e0,0.029083245521601686,False,95.15819999978703
bm25_e5_rrf,TF010,product_specific,6,23c6ca0d-04bf-4081-b90a-9819029dcd73,0.02658450704225352,False,95.15819999978703
bm25_e5_rrf,TF010,product_specific,7,63b53156-440d-40c1-bc88-5c07c23ae77f,0.0264957264957265,False,95.15819999978703
bm25_e5_rrf,TF010,product_specific,8,09f3c6d5-9e0c-4545-960f-b16c69abbeb1,0.026387470207694927,False,95.15819999978703
bm25_e5_rrf,TF010,product_specific,9,ee8c2027-ad6d-4bb7-8077-5e4c42be1cc3,0.026234567901234566,False,95.15819999978703
bm25_e5_rrf,TF010,product_specific,10,3ecc27b9-634c-4026-b44e-e01123aa0467,0.025274725274725275,False,95.15819999978703
bm25_e5_rrf,TF011,paraphrase,1,2cea4ea7-7aaf-4c54-ac4e-b660de52065d,0.03149801587301587,False,243.0051999999705
bm25_e5_rrf,TF011,paraphrase,2,e96acbc9-66b4-4df4-953b-3f7b0a846bbc,0.03125763125763126,False,243.0051999999705
bm25_e5_rrf,TF011,paraphrase,3,e62b0c91-ff0c-43b2-9bd5-ff173d9f8bc0,0.029857397504456328,False,243.0051999999705
bm25_e5_rrf,TF011,paraphrase,4,9131e9a9-eff3-4f4e-a20b-4bdd456c35bc,0.02921395544346364,False,243.0051999999705
bm25_e5_rrf,TF011,paraphrase,5,54fdf811-dedd-4016-b144-3e4bfdcd67c8,0.028588564574170333,True,243.0051999999705
bm25_e5_rrf,TF011,paraphrase,6,4c0dde2a-0432-4cb2-ad33-987f5979ff76,0.028381642512077296,False,243.0051999999705
bm25_e5_rrf,TF011,paraphrase,7,bc88f538-e881-4c81-85e9-fca20614315d,0.02821939586645469,False,243.0051999999705
bm25_e5_rrf,TF011,paraphrase,8,3ecc27b9-634c-4026-b44e-e01123aa0467,0.02803379416282642,False,243.0051999999705
bm25_e5_rrf,TF011,paraphrase,9,324bc249-0e84-46e9-b77f-856c76cd5353,0.027783137179239824,False,243.0051999999705
bm25_e5_rrf,TF011,paraphrase,10,fbf62ef9-25b7-437c-98d8-c4934fba0fe6,0.026736111111111113,False,243.0051999999705
bm25_e5_rrf,TF012,product_specific,1,bc88f538-e881-4c81-85e9-fca20614315d,0.03252247488101534,True,189.63949999942997
bm25_e5_rrf,TF012,product_specific,2,2cea4ea7-7aaf-4c54-ac4e-b660de52065d,0.03252247488101534,False,189.63949999942997
bm25_e5_rrf,TF012,product_specific,3,21efe016-3004-45f3-a070-29ce2ecb0019,0.03149801587301587,False,189.63949999942997
bm25_e5_rrf,TF012,product_specific,4,b66e5419-8a9c-47f4-866d-ebdb95b174b2,0.031024531024531024,False,189.63949999942997
bm25_e5_rrf,TF012,product_specific,5,23c6ca0d-04bf-4081-b90a-9819029dcd73,0.029857397504456328,False,189.63949999942997
bm25_e5_rrf,TF012,product_specific,6,9b6cc313-9a59-4387-a5ce-2ed14389a0a7,0.029513888888888888,False,189.63949999942997
bm25_e5_rrf,TF012,product_specific,7,324bc249-0e84-46e9-b77f-856c76cd5353,0.029083245521601686,False,189.63949999942997
bm25_e5_rrf,TF012,product_specific,8,73735f01-c9d0-4dd5-8d46-c70045e4b334,0.028370221327967807,False,189.63949999942997
bm25_e5_rrf,TF012,product_specific,9,dfb2693a-e821-4d6e-bbcc-0dbf3dc2a2ae,0.028083267871170464,False,189.63949999942997
bm25_e5_rrf,TF012,product_specific,10,e62b0c91-ff0c-43b2-9bd5-ff173d9f8bc0,0.026553280111072546,False,189.63949999942997
bm25_e5_rrf,TF013,product_specific,1,bc88f538-e881-4c81-85e9-fca20614315d,0.032266458495966696,False,206.0507999995025
bm25_e5_rrf,TF013,product_specific,2,2cea4ea7-7aaf-4c54-ac4e-b660de52065d,0.032266458495966696,False,206.0507999995025
bm25_e5_rrf,TF013,product_specific,3,b66e5419-8a9c-47f4-866d-ebdb95b174b2,0.031754032258064516,True,206.0507999995025
bm25_e5_rrf,TF013,product_specific,4,21efe016-3004-45f3-a070-29ce2ecb0019,0.031754032258064516,False,206.0507999995025
bm25_e5_rrf,TF013,product_specific,5,dfb2693a-e821-4d6e-bbcc-0dbf3dc2a2ae,0.028991596638655463,False,206.0507999995025
bm25_e5_rrf,TF013,product_specific,6,eda54b74-cd2f-4808-8175-bcc5b916ce90,0.028309409888357256,False,206.0507999995025
bm25_e5_rrf,TF013,product_specific,7,fbf62ef9-25b7-437c-98d8-c4934fba0fe6,0.02803921568627451,False,206.0507999995025
bm25_e5_rrf,TF013,product_specific,8,7adacb8c-91c0-4ea7-8d82-7505eeac5042,0.02668564312399929,False,206.0507999995025
bm25_e5_rrf,TF013,product_specific,9,f7a9837d-f8db-4461-abd8-a3607db2276f,0.026279628993473032,False,206.0507999995025
bm25_e5_rrf,TF013,product_specific,10,23c6ca0d-04bf-4081-b90a-9819029dcd73,0.025693893735130847,False,206.0507999995025
bm25_e5_rrf,TF014,temporal,1,b66e5419-8a9c-47f4-866d-ebdb95b174b2,0.03278688524590164,True,268.2896000005712
bm25_e5_rrf,TF014,temporal,2,21efe016-3004-45f3-a070-29ce2ecb0019,0.03200204813108039,True,268.2896000005712
bm25_e5_rrf,TF014,temporal,3,2cea4ea7-7aaf-4c54-ac4e-b660de52065d,0.03200204813108039,False,268.2896000005712
bm25_e5_rrf,TF014,temporal,4,bc88f538-e881-4c81-85e9-fca20614315d,0.031009615384615385,False,268.2896000005712
bm25_e5_rrf,TF014,temporal,5,dfb2693a-e821-4d6e-bbcc-0dbf3dc2a2ae,0.028991596638655463,False,268.2896000005712
bm25_e5_rrf,TF014,temporal,6,fbf62ef9-25b7-437c-98d8-c4934fba0fe6,0.028991596638655463,False,268.2896000005712
bm25_e5_rrf,TF014,temporal,7,3abbb958-eafe-4ffe-bcfc-dafa7349c15c,0.028577260665441927,False,268.2896000005712
bm25_e5_rrf,TF014,temporal,8,eda54b74-cd2f-4808-8175-bcc5b916ce90,0.027650648360030512,False,268.2896000005712
bm25_e5_rrf,TF014,temporal,9,c404e320-0bf2-4325-be92-7a0614f201ca,0.02749719416386083,False,268.2896000005712
bm25_e5_rrf,TF014,temporal,10,d3b7d61b-50f0-4b96-a770-785a9f3c3886,0.0273972602739726,False,268.2896000005712
bm25_e5_rrf,TF015,product_specific,1,2cea4ea7-7aaf-4c54-ac4e-b660de52065d,0.032266458495966696,False,161.47710000132065
bm25_e5_rrf,TF015,product_specific,2,bc88f538-e881-4c81-85e9-fca20614315d,0.032018442622950824,False,161.47710000132065
bm25_e5_rrf,TF015,product_specific,3,b66e5419-8a9c-47f4-866d-ebdb95b174b2,0.03200204813108039,False,161.47710000132065
bm25_e5_rrf,TF015,product_specific,4,21efe016-3004-45f3-a070-29ce2ecb0019,0.031754032258064516,True,161.47710000132065
bm25_e5_rrf,TF015,product_specific,5,f7a9837d-f8db-4461-abd8-a3607db2276f,0.029437229437229435,False,161.47710000132065
bm25_e5_rrf,TF015,product_specific,6,1b376f6f-5ee5-4d05-a585-f3aa6b7ee824,0.02819138376017471,False,161.47710000132065
bm25_e5_rrf,TF015,product_specific,7,23c6ca0d-04bf-4081-b90a-9819029dcd73,0.02803921568627451,False,161.47710000132065
bm25_e5_rrf,TF015,product_specific,8,4d18d11e-2a92-4690-8a64-46653931483e,0.027783137179239824,False,161.47710000132065
bm25_e5_rrf,TF015,product_specific,9,3ecc27b9-634c-4026-b44e-e01123aa0467,0.026419626007891578,False,161.47710000132065
bm25_e5_rrf,TF015,product_specific,10,09f3c6d5-9e0c-4545-960f-b16c69abbeb1,0.026334026334026334,False,161.47710000132065
bm25_e5_rrf,TF016,paraphrase,1,2cea4ea7-7aaf-4c54-ac4e-b660de52065d,0.032266458495966696,False,195.41299999946204
bm25_e5_rrf,TF016,paraphrase,2,bc88f538-e881-4c81-85e9-fca20614315d,0.032018442622950824,False,195.41299999946204
bm25_e5_rrf,TF016,paraphrase,3,b66e5419-8a9c-47f4-866d-ebdb95b174b2,0.030158730158730156,False,195.41299999946204
bm25_e5_rrf,TF016,paraphrase,4,21efe016-3004-45f3-a070-29ce2ecb0019,0.029827662395050816,False,195.41299999946204
bm25_e5_rrf,TF016,paraphrase,5,4d18d11e-2a92-4690-8a64-46653931483e,0.029418126757516764,False,195.41299999946204
bm25_e5_rrf,TF016,paraphrase,6,1b376f6f-5ee5-4d05-a585-f3aa6b7ee824,0.028612012987012988,False,195.41299999946204
bm25_e5_rrf,TF016,paraphrase,7,1033ac46-dec8-493e-b577-7f5ad80f8e86,0.02821939586645469,False,195.41299999946204
bm25_e5_rrf,TF016,paraphrase,8,23c6ca0d-04bf-4081-b90a-9819029dcd73,0.027972027972027972,False,195.41299999946204
bm25_e5_rrf,TF016,paraphrase,9,81a83ec4-b5d1-4305-9f44-93e5fa935ffe,0.02758751902587519,False,195.41299999946204
bm25_e5_rrf,TF016,paraphrase,10,da79aa00-567d-434c-8441-915ac080f918,0.026553280111072546,False,195.41299999946204
bm25_e5_rrf,TF017,procedure,1,22e6c188-2e4c-4029-b200-7770a3f00e6e,0.03225806451612903,True,160.45730000041658
bm25_e5_rrf,TF017,procedure,2,b225ae64-72d2-4e59-81c0-57f5d8438666,0.03149801587301587,True,160.45730000041658
bm25_e5_rrf,TF017,procedure,3,fd678588-5ac2-400d-95c5-3309537781ec,0.03149801587301587,False,160.45730000041658
bm25_e5_rrf,TF017,procedure,4,eda54b74-cd2f-4808-8175-bcc5b916ce90,0.02967032967032967,False,160.45730000041658
bm25_e5_rrf,TF017,procedure,5,7e68f70a-ba74-4eb8-bbae-c7e9f7340567,0.029418126757516764,True,160.45730000041658
bm25_e5_rrf,TF017,procedure,6,b8c70ff9-e1b2-40ce-9a0a-f65a53899d13,0.028309409888357256,False,160.45730000041658
bm25_e5_rrf,TF017,procedure,7,7adacb8c-91c0-4ea7-8d82-7505eeac5042,0.02813852813852814,True,160.45730000041658
bm25_e5_rrf,TF017,procedure,8,30ce28cb-f702-4cce-8105-137e2f73af0d,0.028021349599695006,False,160.45730000041658
bm25_e5_rrf,TF017,procedure,9,a7cf71a5-8426-4d7c-8106-e0754e7cb4bf,0.027730294396961064,False,160.45730000041658
bm25_e5_rrf,TF017,procedure,10,98d006ac-5212-4c8c-8a63-4cbd4d6caffc,0.027402402402402402,True,160.45730000041658
bm25_e5_rrf,TF018,temporal,1,30ce28cb-f702-4cce-8105-137e2f73af0d,0.03278688524590164,True,209.91880000019592
bm25_e5_rrf,TF018,temporal,2,70b95f72-95ec-43b5-b76f-657518103256,0.03149801587301587,False,209.91880000019592
bm25_e5_rrf,TF018,temporal,3,d3b7d61b-50f0-4b96-a770-785a9f3c3886,0.03128054740957967,False,209.91880000019592
bm25_e5_rrf,TF018,temporal,4,48b9789d-5088-4ba1-a82a-be3a6396ce85,0.03128054740957967,False,209.91880000019592
bm25_e5_rrf,TF018,temporal,5,22e6c188-2e4c-4029-b200-7770a3f00e6e,0.03125763125763126,False,209.91880000019592
bm25_e5_rrf,TF018,temporal,6,0a4f11c7-39e8-41fe-bd14-48456671f531,0.031009615384615385,False,209.91880000019592
bm25_e5_rrf,TF018,temporal,7,cfff9bf0-05e4-4179-a793-f3c705d04812,0.029631255487269532,False,209.91880000019592
bm25_e5_rrf,TF018,temporal,8,a952e706-800e-493c-886a-8f06602fb2be,0.02919863597612958,False,209.91880000019592
bm25_e5_rrf,TF018,temporal,9,b8c70ff9-e1b2-40ce-9a0a-f65a53899d13,0.027799227799227798,False,209.91880000019592
bm25_e5_rrf,TF018,temporal,10,a7cf71a5-8426-4d7c-8106-e0754e7cb4bf,0.02666666666666667,False,209.91880000019592
bm25_e5_rrf,TF019,preparation,1,d3b7d61b-50f0-4b96-a770-785a9f3c3886,0.03278688524590164,True,302.269000000706
bm25_e5_rrf,TF019,preparation,2,30ce28cb-f702-4cce-8105-137e2f73af0d,0.03225806451612903,False,302.269000000706
bm25_e5_rrf,TF019,preparation,3,22e6c188-2e4c-4029-b200-7770a3f00e6e,0.03149801587301587,False,302.269000000706
bm25_e5_rrf,TF019,preparation,4,70b95f72-95ec-43b5-b76f-657518103256,0.030798389007344232,False,302.269000000706
bm25_e5_rrf,TF019,preparation,5,0a4f11c7-39e8-41fe-bd14-48456671f531,0.030536130536130537,False,302.269000000706
bm25_e5_rrf,TF019,preparation,6,48b9789d-5088-4ba1-a82a-be3a6396ce85,0.029857397504456328,False,302.269000000706
bm25_e5_rrf,TF019,preparation,7,cfff9bf0-05e4-4179-a793-f3c705d04812,0.027984344422700584,False,302.269000000706
bm25_e5_rrf,TF019,preparation,8,dfb2693a-e821-4d6e-bbcc-0dbf3dc2a2ae,0.027783137179239824,False,302.269000000706
bm25_e5_rrf,TF019,preparation,9,2cea4ea7-7aaf-4c54-ac4e-b660de52065d,0.027071520029266508,False,302.269000000706
bm25_e5_rrf,TF019,preparation,10,21efe016-3004-45f3-a070-29ce2ecb0019,0.026687875574407917,False,302.269000000706
bm25_e5_rrf,TF020,temporal,1,0a4f11c7-39e8-41fe-bd14-48456671f531,0.03278688524590164,True,267.0862000013585
bm25_e5_rrf,TF020,temporal,2,48b9789d-5088-4ba1-a82a-be3a6396ce85,0.03225806451612903,False,267.0862000013585
bm25_e5_rrf,TF020,temporal,3,d3b7d61b-50f0-4b96-a770-785a9f3c3886,0.03125763125763126,False,267.0862000013585
bm25_e5_rrf,TF020,temporal,4,70b95f72-95ec-43b5-b76f-657518103256,0.03125763125763126,True,267.0862000013585
bm25_e5_rrf,TF020,temporal,5,30ce28cb-f702-4cce-8105-137e2f73af0d,0.030776515151515152,False,267.0862000013585
bm25_e5_rrf,TF020,temporal,6,cfff9bf0-05e4-4179-a793-f3c705d04812,0.03055037313432836,False,267.0862000013585
bm25_e5_rrf,TF020,temporal,7,22e6c188-2e4c-4029-b200-7770a3f00e6e,0.03007688828584351,False,267.0862000013585
bm25_e5_rrf,TF020,temporal,8,a952e706-800e-493c-886a-8f06602fb2be,0.028577260665441927,False,267.0862000013585
bm25_e5_rrf,TF020,temporal,9,b66e5419-8a9c-47f4-866d-ebdb95b174b2,0.028381642512077296,False,267.0862000013585
bm25_e5_rrf,TF020,temporal,10,c404e320-0bf2-4325-be92-7a0614f201ca,0.028370221327967807,False,267.0862000013585
bm25_e5_rrf,TF021,preparation,1,73735f01-c9d0-4dd5-8d46-c70045e4b334,0.03278688524590164,True,140.31040000190842
bm25_e5_rrf,TF021,preparation,2,16efaa44-1554-4748-8407-48fac0bced94,0.031024531024531024,False,140.31040000190842
bm25_e5_rrf,TF021,preparation,3,e62b0c91-ff0c-43b2-9bd5-ff173d9f8bc0,0.029957522915269395,False,140.31040000190842
bm25_e5_rrf,TF021,preparation,4,74c0eabe-77c7-4dbf-a321-27966a12fafb,0.02919863597612958,False,140.31040000190842
bm25_e5_rrf,TF021,preparation,5,a7cf71a5-8426-4d7c-8106-e0754e7cb4bf,0.027730294396961064,False,140.31040000190842
bm25_e5_rrf,TF021,preparation,6,8f3ed830-3a06-41c6-8b06-cfcf6d36a83c,0.027623285131627734,False,140.31040000190842
bm25_e5_rrf,TF021,preparation,7,919e93ca-fed9-4dde-b9b8-f870e207a3f3,0.02749266862170088,False,140.31040000190842
bm25_e5_rrf,TF021,preparation,8,6ffcd319-e868-444b-b6fe-8d192a4de3ff,0.02728937728937729,False,140.31040000190842
bm25_e5_rrf,TF021,preparation,9,cfff9bf0-05e4-4179-a793-f3c705d04812,0.027271052146674038,False,140.31040000190842
bm25_e5_rrf,TF021,preparation,10,bc88f538-e881-4c81-85e9-fca20614315d,0.027031963470319637,False,140.31040000190842
bm25_e5_rrf,TF022,preparation,1,84c0a864-176f-4776-a15e-167fc2518e5d,0.031754032258064516,False,305.66670000007434
bm25_e5_rrf,TF022,preparation,2,74c0eabe-77c7-4dbf-a321-27966a12fafb,0.031746031746031744,False,305.66670000007434
bm25_e5_rrf,TF022,preparation,3,6ffcd319-e868-444b-b6fe-8d192a4de3ff,0.031099324975891997,True,305.66670000007434
bm25_e5_rrf,TF022,preparation,4,36bac780-b1a2-42dc-8cca-3605f80c5521,0.03055037313432836,False,305.66670000007434
bm25_e5_rrf,TF022,preparation,5,98d006ac-5212-4c8c-8a63-4cbd4d6caffc,0.030017921146953404,False,305.66670000007434
bm25_e5_rrf,TF022,preparation,6,8f3ed830-3a06-41c6-8b06-cfcf6d36a83c,0.02964426877470356,False,305.66670000007434
bm25_e5_rrf,TF022,preparation,7,9552a4ac-31b4-43a8-aa92-37bd3e89362a,0.029051670471052088,False,305.66670000007434
bm25_e5_rrf,TF022,preparation,8,a7cf71a5-8426-4d7c-8106-e0754e7cb4bf,0.028991596638655463,False,305.66670000007434
bm25_e5_rrf,TF022,preparation,9,eda54b74-cd2f-4808-8175-bcc5b916ce90,0.02877846790890269,False,305.66670000007434
bm25_e5_rrf,TF022,preparation,10,73735f01-c9d0-4dd5-8d46-c70045e4b334,0.02871794871794872,True,305.66670000007434
bm25_e5_rrf,TF023,temporal,1,f7a9837d-f8db-4461-abd8-a3607db2276f,0.032266458495966696,False,308.31749999924796
bm25_e5_rrf,TF023,temporal,2,c404e320-0bf2-4325-be92-7a0614f201ca,0.032266458495966696,True,308.31749999924796
bm25_e5_rrf,TF023,temporal,3,b66e5419-8a9c-47f4-866d-ebdb95b174b2,0.03225806451612903,False,308.31749999924796
bm25_e5_rrf,TF023,temporal,4,919e93ca-fed9-4dde-b9b8-f870e207a3f3,0.030303030303030304,False,308.31749999924796
bm25_e5_rrf,TF023,temporal,5,b0d368a1-d0fc-4b8b-8567-e190cf462986,0.030090497737556562,False,308.31749999924796
bm25_e5_rrf,TF023,temporal,6,6ffcd319-e868-444b-b6fe-8d192a4de3ff,0.029211087420042643,False,308.31749999924796
bm25_e5_rrf,TF023,temporal,7,73735f01-c9d0-4dd5-8d46-c70045e4b334,0.028958333333333336,False,308.31749999924796
bm25_e5_rrf,TF023,temporal,8,74c0eabe-77c7-4dbf-a321-27966a12fafb,0.02819138376017471,False,308.31749999924796
bm25_e5_rrf,TF023,temporal,9,d2e0fc0a-bf0e-4226-abbf-e9f3dea2fce8,0.02684684684684685,False,308.31749999924796
bm25_e5_rrf,TF023,temporal,10,b7876bcb-b1d0-409a-831d-45e59e35a44e,0.02603648424543947,False,308.31749999924796
bm25_e5_rrf,TF024,temporal,1,b0d368a1-d0fc-4b8b-8567-e190cf462986,0.031099324975891997,False,181.32640000112588
bm25_e5_rrf,TF024,temporal,2,919e93ca-fed9-4dde-b9b8-f870e207a3f3,0.031009615384615385,False,181.32640000112588
bm25_e5_rrf,TF024,temporal,3,6ffcd319-e868-444b-b6fe-8d192a4de3ff,0.0304147465437788,False,181.32640000112588
bm25_e5_rrf,TF024,temporal,4,d3b7d61b-50f0-4b96-a770-785a9f3c3886,0.029957522915269395,False,181.32640000112588
bm25_e5_rrf,TF024,temporal,5,c404e320-0bf2-4325-be92-7a0614f201ca,0.029206349206349208,True,181.32640000112588
bm25_e5_rrf,TF024,temporal,6,15e829a9-a475-429d-b0e3-5c34bfbd3ab7,0.028083267871170464,False,181.32640000112588
bm25_e5_rrf,TF024,temporal,7,74c0eabe-77c7-4dbf-a321-27966a12fafb,0.027972027972027972,False,181.32640000112588
bm25_e5_rrf,TF024,temporal,8,b7876bcb-b1d0-409a-831d-45e59e35a44e,0.027820121951219513,False,181.32640000112588
bm25_e5_rrf,TF024,temporal,9,73735f01-c9d0-4dd5-8d46-c70045e4b334,0.027402402402402402,False,181.32640000112588
bm25_e5_rrf,TF024,temporal,10,f7a9837d-f8db-4461-abd8-a3607db2276f,0.027402402402402402,False,181.32640000112588
bm25_e5_rrf,TF025,fact_specific,1,f7a9837d-f8db-4461-abd8-a3607db2276f,0.032266458495966696,False,278.38489999976446
bm25_e5_rrf,TF025,fact_specific,2,b0d368a1-d0fc-4b8b-8567-e190cf462986,0.03225806451612903,True,278.38489999976446
bm25_e5_rrf,TF025,fact_specific,3,919e93ca-fed9-4dde-b9b8-f870e207a3f3,0.032018442622950824,True,278.38489999976446
bm25_e5_rrf,TF025,fact_specific,4,b7876bcb-b1d0-409a-831d-45e59e35a44e,0.031024531024531024,False,278.38489999976446
bm25_e5_rrf,TF025,fact_specific,5,74c0eabe-77c7-4dbf-a321-27966a12fafb,0.03055037313432836,False,278.38489999976446
bm25_e5_rrf,TF025,fact_specific,6,6ffcd319-e868-444b-b6fe-8d192a4de3ff,0.030536130536130537,False,278.38489999976446
bm25_e5_rrf,TF025,fact_specific,7,73735f01-c9d0-4dd5-8d46-c70045e4b334,0.02946912242686891,False,278.38489999976446
bm25_e5_rrf,TF025,fact_specific,8,c404e320-0bf2-4325-be92-7a0614f201ca,0.028577260665441927,False,278.38489999976446
bm25_e5_rrf,TF025,fact_specific,9,d2e0fc0a-bf0e-4226-abbf-e9f3dea2fce8,0.027777777777777776,False,278.38489999976446
bm25_e5_rrf,TF025,fact_specific,10,16efaa44-1554-4748-8407-48fac0bced94,0.02606951871657754,False,278.38489999976446
bm25_e5_rrf,TF026,fact_specific,1,74c0eabe-77c7-4dbf-a321-27966a12fafb,0.032018442622950824,False,227.47370000161027
bm25_e5_rrf,TF026,fact_specific,2,919e93ca-fed9-4dde-b9b8-f870e207a3f3,0.031754032258064516,False,227.47370000161027
bm25_e5_rrf,TF026,fact_specific,3,16efaa44-1554-4748-8407-48fac0bced94,0.031746031746031744,False,227.47370000161027
bm25_e5_rrf,TF026,fact_specific,4,6ffcd319-e868-444b-b6fe-8d192a4de3ff,0.03128054740957967,False,227.47370000161027
bm25_e5_rrf,TF026,fact_specific,5,b7876bcb-b1d0-409a-831d-45e59e35a44e,0.030886196246139225,True,227.47370000161027
bm25_e5_rrf,TF026,fact_specific,6,b0d368a1-d0fc-4b8b-8567-e190cf462986,0.02967032967032967,False,227.47370000161027
bm25_e5_rrf,TF026,fact_specific,7,c404e320-0bf2-4325-be92-7a0614f201ca,0.028814262023217248,False,227.47370000161027
bm25_e5_rrf,TF026,fact_specific,8,84c0a864-176f-4776-a15e-167fc2518e5d,0.028404512489927477,False,227.47370000161027
bm25_e5_rrf,TF026,fact_specific,9,f7a9837d-f8db-4461-abd8-a3607db2276f,0.027650648360030512,False,227.47370000161027
bm25_e5_rrf,TF026,fact_specific,10,9552a4ac-31b4-43a8-aa92-37bd3e89362a,0.027425373134328357,False,227.47370000161027
bm25_e5_rrf,TF027,procedure,1,3abbb958-eafe-4ffe-bcfc-dafa7349c15c,0.03252247488101534,False,208.55930000016087
bm25_e5_rrf,TF027,procedure,2,dfb2693a-e821-4d6e-bbcc-0dbf3dc2a2ae,0.032018442622950824,False,208.55930000016087
bm25_e5_rrf,TF027,procedure,3,eda54b74-cd2f-4808-8175-bcc5b916ce90,0.03200204813108039,False,208.55930000016087
bm25_e5_rrf,TF027,procedure,4,7adacb8c-91c0-4ea7-8d82-7505eeac5042,0.03125763125763126,False,208.55930000016087
bm25_e5_rrf,TF027,procedure,5,fbf62ef9-25b7-437c-98d8-c4934fba0fe6,0.03055037313432836,False,208.55930000016087
bm25_e5_rrf,TF027,procedure,6,22e6c188-2e4c-4029-b200-7770a3f00e6e,0.02967032967032967,False,208.55930000016087
bm25_e5_rrf,TF027,procedure,7,fd678588-5ac2-400d-95c5-3309537781ec,0.02964426877470356,False,208.55930000016087
bm25_e5_rrf,TF027,procedure,8,7e68f70a-ba74-4eb8-bbae-c7e9f7340567,0.028790389395194696,False,208.55930000016087
bm25_e5_rrf,TF027,procedure,9,2cea4ea7-7aaf-4c54-ac4e-b660de52065d,0.02819138376017471,False,208.55930000016087
bm25_e5_rrf,TF027,procedure,10,b225ae64-72d2-4e59-81c0-57f5d8438666,0.02803921568627451,False,208.55930000016087
bm25_e5_rrf,TF028,preparation,1,dfb2693a-e821-4d6e-bbcc-0dbf3dc2a2ae,0.032266458495966696,False,278.91149999868503
bm25_e5_rrf,TF028,preparation,2,eda54b74-cd2f-4808-8175-bcc5b916ce90,0.03131881575727918,True,278.91149999868503
bm25_e5_rrf,TF028,preparation,3,2cea4ea7-7aaf-4c54-ac4e-b660de52065d,0.031054405392392875,False,278.91149999868503
bm25_e5_rrf,TF028,preparation,4,7adacb8c-91c0-4ea7-8d82-7505eeac5042,0.030834914611005692,False,278.91149999868503
bm25_e5_rrf,TF028,preparation,5,3abbb958-eafe-4ffe-bcfc-dafa7349c15c,0.030536130536130537,False,278.91149999868503
bm25_e5_rrf,TF028,preparation,6,d3b7d61b-50f0-4b96-a770-785a9f3c3886,0.029236022193768675,False,278.91149999868503
bm25_e5_rrf,TF028,preparation,7,bc88f538-e881-4c81-85e9-fca20614315d,0.028985507246376812,False,278.91149999868503
bm25_e5_rrf,TF028,preparation,8,fbf62ef9-25b7-437c-98d8-c4934fba0fe6,0.02886002886002886,False,278.91149999868503
bm25_e5_rrf,TF028,preparation,9,30ce28cb-f702-4cce-8105-137e2f73af0d,0.02854251012145749,False,278.91149999868503
bm25_e5_rrf,TF028,preparation,10,22e6c188-2e4c-4029-b200-7770a3f00e6e,0.02803921568627451,False,278.91149999868503
bm25_e5_rrf,TF029,preparation,1,7e5199d4-e5c9-40ca-a69f-ea37f52c6ce3,0.03278688524590164,False,300.5373999994845
bm25_e5_rrf,TF029,preparation,2,36bac780-b1a2-42dc-8cca-3605f80c5521,0.03057889822595705,True,300.5373999994845
bm25_e5_rrf,TF029,preparation,3,98d006ac-5212-4c8c-8a63-4cbd4d6caffc,0.030309988518943745,False,300.5373999994845
bm25_e5_rrf,TF029,preparation,4,a7cf71a5-8426-4d7c-8106-e0754e7cb4bf,0.029877369007803793,False,300.5373999994845
bm25_e5_rrf,TF029,preparation,5,eda54b74-cd2f-4808-8175-bcc5b916ce90,0.02976190476190476,False,300.5373999994845
bm25_e5_rrf,TF029,preparation,6,74c0eabe-77c7-4dbf-a321-27966a12fafb,0.029418126757516764,False,300.5373999994845
bm25_e5_rrf,TF029,preparation,7,9552a4ac-31b4-43a8-aa92-37bd3e89362a,0.02928692699490662,False,300.5373999994845
bm25_e5_rrf,TF029,preparation,8,8f3ed830-3a06-41c6-8b06-cfcf6d36a83c,0.029236022193768675,False,300.5373999994845
bm25_e5_rrf,TF029,preparation,9,b225ae64-72d2-4e59-81c0-57f5d8438666,0.028177225029148854,False,300.5373999994845
bm25_e5_rrf,TF029,preparation,10,84c0a864-176f-4776-a15e-167fc2518e5d,0.027820121951219513,False,300.5373999994845
bm25_e5_rrf,TF030,temporal,1,73735f01-c9d0-4dd5-8d46-c70045e4b334,0.032018442622950824,False,229.89740000048187
bm25_e5_rrf,TF030,temporal,2,a7cf71a5-8426-4d7c-8106-e0754e7cb4bf,0.02928692699490662,False,229.89740000048187
bm25_e5_rrf,TF030,temporal,3,b66e5419-8a9c-47f4-866d-ebdb95b174b2,0.02871794871794872,False,229.89740000048187
bm25_e5_rrf,TF030,temporal,4,16efaa44-1554-4748-8407-48fac0bced94,0.027651515151515153,False,229.89740000048187
bm25_e5_rrf,TF030,temporal,5,d3b7d61b-50f0-4b96-a770-785a9f3c3886,0.027146130794993832,False,229.89740000048187
bm25_e5_rrf,TF030,temporal,6,22e6c188-2e4c-4029-b200-7770a3f00e6e,0.02712049508554787,False,229.89740000048187
bm25_e5_rrf,TF030,temporal,7,7e5199d4-e5c9-40ca-a69f-ea37f52c6ce3,0.02684684684684685,True,229.89740000048187
bm25_e5_rrf,TF030,temporal,8,da79aa00-567d-434c-8441-915ac080f918,0.026655348047538198,False,229.89740000048187
bm25_e5_rrf,TF030,temporal,9,c404e320-0bf2-4325-be92-7a0614f201ca,0.026547116736990152,False,229.89740000048187
bm25_e5_rrf,TF030,temporal,10,f9eb1471-4566-4c09-a18e-9f3d84a47e9c,0.02564935064935065,False,229.89740000048187
bm25_e5_rrf,TF031,procedure,1,9b6cc313-9a59-4387-a5ce-2ed14389a0a7,0.03278688524590164,False,192.75300000026618
bm25_e5_rrf,TF031,procedure,2,5de4d74d-720e-4d86-a836-f946d70a2d32,0.03200204813108039,True,192.75300000026618
bm25_e5_rrf,TF031,procedure,3,22e6c188-2e4c-4029-b200-7770a3f00e6e,0.02967032967032967,False,192.75300000026618
bm25_e5_rrf,TF031,procedure,4,b225ae64-72d2-4e59-81c0-57f5d8438666,0.02919863597612958,False,192.75300000026618
bm25_e5_rrf,TF031,procedure,5,f9cfc75b-a5e7-4633-a798-4b17ea462325,0.028474711270410194,False,192.75300000026618
bm25_e5_rrf,TF031,procedure,6,98d006ac-5212-4c8c-8a63-4cbd4d6caffc,0.028309409888357256,False,192.75300000026618
bm25_e5_rrf,TF031,procedure,7,eda54b74-cd2f-4808-8175-bcc5b916ce90,0.02797339593114241,False,192.75300000026618
bm25_e5_rrf,TF031,procedure,8,fd678588-5ac2-400d-95c5-3309537781ec,0.027272727272727275,False,192.75300000026618
bm25_e5_rrf,TF031,procedure,9,df699ccc-6f51-4281-b4a4-f3d2a20631e0,0.027242401779095628,False,192.75300000026618
bm25_e5_rrf,TF031,procedure,10,59d57c8a-c9d7-4f8d-b9a1-a2816f1f01f7,0.027149321266968326,False,192.75300000026618
bm25_e5_rrf,TF032,fact_specific,1,5de4d74d-720e-4d86-a836-f946d70a2d32,0.03278688524590164,True,199.47979999869858
bm25_e5_rrf,TF032,fact_specific,2,df699ccc-6f51-4281-b4a4-f3d2a20631e0,0.031754032258064516,False,199.47979999869858
bm25_e5_rrf,TF032,fact_specific,3,cfff9bf0-05e4-4179-a793-f3c705d04812,0.028484848484848488,False,199.47979999869858
bm25_e5_rrf,TF032,fact_specific,4,9552a4ac-31b4-43a8-aa92-37bd3e89362a,0.028474711270410194,False,199.47979999869858
bm25_e5_rrf,TF032,fact_specific,5,da79aa00-567d-434c-8441-915ac080f918,0.027443609022556388,False,199.47979999869858
bm25_e5_rrf,TF032,fact_specific,6,59d57c8a-c9d7-4f8d-b9a1-a2816f1f01f7,0.02701252236135957,False,199.47979999869858
bm25_e5_rrf,TF032,fact_specific,7,21efe016-3004-45f3-a070-29ce2ecb0019,0.026742581090407176,False,199.47979999869858
bm25_e5_rrf,TF032,fact_specific,8,70b95f72-95ec-43b5-b76f-657518103256,0.026500526500526502,False,199.47979999869858
bm25_e5_rrf,TF032,fact_specific,9,73735f01-c9d0-4dd5-8d46-c70045e4b334,0.026262626262626265,False,199.47979999869858
bm25_e5_rrf,TF032,fact_specific,10,22e6c188-2e4c-4029-b200-7770a3f00e6e,0.0261986301369863,False,199.47979999869858
bm25_e5_rrf,TF033,fact_specific,1,e62b0c91-ff0c-43b2-9bd5-ff173d9f8bc0,0.03278688524590164,True,270.304099999521
bm25_e5_rrf,TF033,fact_specific,2,df699ccc-6f51-4281-b4a4-f3d2a20631e0,0.03128054740957967,False,270.304099999521
bm25_e5_rrf,TF033,fact_specific,3,3ecc27b9-634c-4026-b44e-e01123aa0467,0.03125763125763126,False,270.304099999521
bm25_e5_rrf,TF033,fact_specific,4,9131e9a9-eff3-4f4e-a20b-4bdd456c35bc,0.030776515151515152,False,270.304099999521
bm25_e5_rrf,TF033,fact_specific,5,4c0dde2a-0432-4cb2-ad33-987f5979ff76,0.03021353930031804,False,270.304099999521
bm25_e5_rrf,TF033,fact_specific,6,d4c1a9ca-23c5-4ae0-9a51-c56675b2e6d1,0.0288981288981289,False,270.304099999521
bm25_e5_rrf,TF033,fact_specific,7,23c6ca0d-04bf-4081-b90a-9819029dcd73,0.02886002886002886,False,270.304099999521
bm25_e5_rrf,TF033,fact_specific,8,59d57c8a-c9d7-4f8d-b9a1-a2816f1f01f7,0.02862400327131466,False,270.304099999521
bm25_e5_rrf,TF033,fact_specific,9,73735f01-c9d0-4dd5-8d46-c70045e4b334,0.02821939586645469,False,270.304099999521
bm25_e5_rrf,TF033,fact_specific,10,5de4d74d-720e-4d86-a836-f946d70a2d32,0.028083267871170464,False,270.304099999521
bm25_e5_rrf,TF034,product_specific,1,59d57c8a-c9d7-4f8d-b9a1-a2816f1f01f7,0.03278688524590164,True,213.82859999994253
bm25_e5_rrf,TF034,product_specific,2,7c33fbb7-e931-4f6b-9520-23875ec9ee5b,0.031754032258064516,False,213.82859999994253
bm25_e5_rrf,TF034,product_specific,3,e62b0c91-ff0c-43b2-9bd5-ff173d9f8bc0,0.031024531024531024,False,213.82859999994253
bm25_e5_rrf,TF034,product_specific,4,d4c1a9ca-23c5-4ae0-9a51-c56675b2e6d1,0.030798389007344232,False,213.82859999994253
bm25_e5_rrf,TF034,product_specific,5,4c0dde2a-0432-4cb2-ad33-987f5979ff76,0.030776515151515152,False,213.82859999994253
bm25_e5_rrf,TF034,product_specific,6,3ecc27b9-634c-4026-b44e-e01123aa0467,0.030309988518943745,False,213.82859999994253
bm25_e5_rrf,TF034,product_specific,7,9131e9a9-eff3-4f4e-a20b-4bdd456c35bc,0.030090497737556562,False,213.82859999994253
bm25_e5_rrf,TF034,product_specific,8,9b6cc313-9a59-4387-a5ce-2ed14389a0a7,0.029827662395050816,False,213.82859999994253
bm25_e5_rrf,TF034,product_specific,9,7abe62fa-6fdb-4466-a16b-73e1770f0c57,0.02817460317460317,False,213.82859999994253
bm25_e5_rrf,TF034,product_specific,10,5de4d74d-720e-4d86-a836-f946d70a2d32,0.02761904761904762,False,213.82859999994253
bm25_e5_rrf,TF035,paraphrase,1,b0b5bc4f-7d0b-4f56-8e37-84178d38637d,0.03225806451612903,True,190.8315999999104
bm25_e5_rrf,TF035,paraphrase,2,da79aa00-567d-434c-8441-915ac080f918,0.031009615384615385,False,190.8315999999104
bm25_e5_rrf,TF035,paraphrase,3,1033ac46-dec8-493e-b577-7f5ad80f8e86,0.030309988518943745,False,190.8315999999104
bm25_e5_rrf,TF035,paraphrase,4,3ecc27b9-634c-4026-b44e-e01123aa0467,0.02919863597612958,False,190.8315999999104
bm25_e5_rrf,TF035,paraphrase,5,23c6ca0d-04bf-4081-b90a-9819029dcd73,0.028381642512077296,False,190.8315999999104
bm25_e5_rrf,TF035,paraphrase,6,54fdf811-dedd-4016-b144-3e4bfdcd67c8,0.02681010928961749,False,190.8315999999104
bm25_e5_rrf,TF035,paraphrase,7,646d4165-73db-4f69-84da-5f393cd81988,0.02658450704225352,False,190.8315999999104
bm25_e5_rrf,TF035,paraphrase,8,17abd2d4-27a2-40ba-a55b-0b3ceee19005,0.02632034632034632,False,190.8315999999104
bm25_e5_rrf,TF035,paraphrase,9,ba3d1d87-0c2d-4b67-a0c2-4615c8249c2a,0.025155279503105588,False,190.8315999999104
bm25_e5_rrf,TF035,paraphrase,10,a7cf71a5-8426-4d7c-8106-e0754e7cb4bf,0.024868705591597158,False,190.8315999999104
bm25_e5_rrf,TF036,monitoring,1,a7cf71a5-8426-4d7c-8106-e0754e7cb4bf,0.03278688524590164,True,202.52329999948415
bm25_e5_rrf,TF036,monitoring,2,8f3ed830-3a06-41c6-8b06-cfcf6d36a83c,0.031054405392392875,False,202.52329999948415
bm25_e5_rrf,TF036,monitoring,3,36bac780-b1a2-42dc-8cca-3605f80c5521,0.031009615384615385,False,202.52329999948415
bm25_e5_rrf,TF036,monitoring,4,f9cfc75b-a5e7-4633-a798-4b17ea462325,0.030834914611005692,False,202.52329999948415
bm25_e5_rrf,TF036,monitoring,5,98d006ac-5212-4c8c-8a63-4cbd4d6caffc,0.03057889822595705,False,202.52329999948415
bm25_e5_rrf,TF036,monitoring,6,22e6c188-2e4c-4029-b200-7770a3f00e6e,0.029910714285714284,False,202.52329999948415
bm25_e5_rrf,TF036,monitoring,7,30ce28cb-f702-4cce-8105-137e2f73af0d,0.029386529386529386,False,202.52329999948415
bm25_e5_rrf,TF036,monitoring,8,8259ed27-8646-4502-a959-aab1e9f1770f,0.029236022193768675,False,202.52329999948415
bm25_e5_rrf,TF036,monitoring,9,7e5199d4-e5c9-40ca-a69f-ea37f52c6ce3,0.02782608695652174,False,202.52329999948415
bm25_e5_rrf,TF036,monitoring,10,eda54b74-cd2f-4808-8175-bcc5b916ce90,0.027745885954841176,False,202.52329999948415
bm25_e5_rrf,TF037,adverse_reaction,1,15e829a9-a475-429d-b0e3-5c34bfbd3ab7,0.03278688524590164,True,204.5458000011422
bm25_e5_rrf,TF037,adverse_reaction,2,8939253d-3272-4915-8c2b-c60062aeb818,0.03200204813108039,True,204.5458000011422
bm25_e5_rrf,TF037,adverse_reaction,3,7abe62fa-6fdb-4466-a16b-73e1770f0c57,0.03149801587301587,False,204.5458000011422
bm25_e5_rrf,TF037,adverse_reaction,4,2e55093d-0a0f-4fd9-954b-4fc72df9eac0,0.030776515151515152,False,204.5458000011422
bm25_e5_rrf,TF037,adverse_reaction,5,da79aa00-567d-434c-8441-915ac080f918,0.03007688828584351,False,204.5458000011422
bm25_e5_rrf,TF037,adverse_reaction,6,a7cf71a5-8426-4d7c-8106-e0754e7cb4bf,0.028790389395194696,False,204.5458000011422
bm25_e5_rrf,TF037,adverse_reaction,7,5de4d74d-720e-4d86-a836-f946d70a2d32,0.028790389395194696,False,204.5458000011422
bm25_e5_rrf,TF037,adverse_reaction,8,324bc249-0e84-46e9-b77f-856c76cd5353,0.028629032258064516,False,204.5458000011422
bm25_e5_rrf,TF037,adverse_reaction,9,391ad5dc-0d1c-4350-85ba-5aa601d9ac0d,0.02804284323271665,False,204.5458000011422
bm25_e5_rrf,TF037,adverse_reaction,10,8f3ed830-3a06-41c6-8b06-cfcf6d36a83c,0.028006267136701922,False,204.5458000011422
bm25_e5_rrf,TF038,adverse_reaction,1,8939253d-3272-4915-8c2b-c60062aeb818,0.03252247488101534,True,196.2093999982244
bm25_e5_rrf,TF038,adverse_reaction,2,324bc249-0e84-46e9-b77f-856c76cd5353,0.03177805800756621,False,196.2093999982244
bm25_e5_rrf,TF038,adverse_reaction,3,7abe62fa-6fdb-4466-a16b-73e1770f0c57,0.031754032258064516,True,196.2093999982244
bm25_e5_rrf,TF038,adverse_reaction,4,15e829a9-a475-429d-b0e3-5c34bfbd3ab7,0.031746031746031744,False,196.2093999982244
bm25_e5_rrf,TF038,adverse_reaction,5,2e55093d-0a0f-4fd9-954b-4fc72df9eac0,0.030776515151515152,False,196.2093999982244
bm25_e5_rrf,TF038,adverse_reaction,6,391ad5dc-0d1c-4350-85ba-5aa601d9ac0d,0.030536130536130537,False,196.2093999982244
bm25_e5_rrf,TF038,adverse_reaction,7,66dba192-bac5-4b3a-bd4d-77e9eacb4192,0.027242401779095628,False,196.2093999982244
bm25_e5_rrf,TF038,adverse_reaction,8,ee8c2027-ad6d-4bb7-8077-5e4c42be1cc3,0.027031963470319637,False,196.2093999982244
bm25_e5_rrf,TF038,adverse_reaction,9,5de4d74d-720e-4d86-a836-f946d70a2d32,0.0264808362369338,False,196.2093999982244
bm25_e5_rrf,TF038,adverse_reaction,10,da79aa00-567d-434c-8441-915ac080f918,0.026470588235294117,False,196.2093999982244
bm25_e5_rrf,TF039,adverse_reaction,1,7abe62fa-6fdb-4466-a16b-73e1770f0c57,0.03252247488101534,True,227.95769999993354
bm25_e5_rrf,TF039,adverse_reaction,2,2e55093d-0a0f-4fd9-954b-4fc72df9eac0,0.03200204813108039,True,227.95769999993354
bm25_e5_rrf,TF039,adverse_reaction,3,15e829a9-a475-429d-b0e3-5c34bfbd3ab7,0.031024531024531024,False,227.95769999993354
bm25_e5_rrf,TF039,adverse_reaction,4,8939253d-3272-4915-8c2b-c60062aeb818,0.030330882352941176,False,227.95769999993354
bm25_e5_rrf,TF039,adverse_reaction,5,391ad5dc-0d1c-4350-85ba-5aa601d9ac0d,0.030117753623188408,False,227.95769999993354
bm25_e5_rrf,TF039,adverse_reaction,6,324bc249-0e84-46e9-b77f-856c76cd5353,0.03009207275993712,False,227.95769999993354
bm25_e5_rrf,TF039,adverse_reaction,7,da79aa00-567d-434c-8441-915ac080f918,0.02967032967032967,False,227.95769999993354
bm25_e5_rrf,TF039,adverse_reaction,8,30ce28cb-f702-4cce-8105-137e2f73af0d,0.02813852813852814,False,227.95769999993354
bm25_e5_rrf,TF039,adverse_reaction,9,22e6c188-2e4c-4029-b200-7770a3f00e6e,0.027526395173453996,False,227.95769999993354
bm25_e5_rrf,TF039,adverse_reaction,10,8f3ed830-3a06-41c6-8b06-cfcf6d36a83c,0.02684684684684685,False,227.95769999993354
bm25_e5_rrf,TF040,adverse_reaction,1,f4580736-a09e-471f-93d2-8089c695eb67,0.03278688524590164,True,204.7509000003629
bm25_e5_rrf,TF040,adverse_reaction,2,2e55093d-0a0f-4fd9-954b-4fc72df9eac0,0.03225806451612903,True,204.7509000003629
bm25_e5_rrf,TF040,adverse_reaction,3,391ad5dc-0d1c-4350-85ba-5aa601d9ac0d,0.030798389007344232,False,204.7509000003629
bm25_e5_rrf,TF040,adverse_reaction,4,a7cf71a5-8426-4d7c-8106-e0754e7cb4bf,0.029236022193768675,False,204.7509000003629
bm25_e5_rrf,TF040,adverse_reaction,5,5de4d74d-720e-4d86-a836-f946d70a2d32,0.028258706467661692,False,204.7509000003629
bm25_e5_rrf,TF040,adverse_reaction,6,22e6c188-2e4c-4029-b200-7770a3f00e6e,0.02758751902587519,False,204.7509000003629
bm25_e5_rrf,TF040,adverse_reaction,7,30ce28cb-f702-4cce-8105-137e2f73af0d,0.027071520029266508,False,204.7509000003629
bm25_e5_rrf,TF040,adverse_reaction,8,da79aa00-567d-434c-8441-915ac080f918,0.027046783625730993,False,204.7509000003629
bm25_e5_rrf,TF040,adverse_reaction,9,7abe62fa-6fdb-4466-a16b-73e1770f0c57,0.026992753623188405,False,204.7509000003629
bm25_e5_rrf,TF040,adverse_reaction,10,70b95f72-95ec-43b5-b76f-657518103256,0.026856524873828405,False,204.7509000003629
bm25_e5_rrf,TF041,adverse_reaction,1,7abe62fa-6fdb-4466-a16b-73e1770f0c57,0.03252247488101534,False,221.14680000049702
bm25_e5_rrf,TF041,adverse_reaction,2,5e7838ae-0b80-4d05-b266-deb52de7b401,0.032018442622950824,True,221.14680000049702
bm25_e5_rrf,TF041,adverse_reaction,3,f4580736-a09e-471f-93d2-8089c695eb67,0.03200204813108039,True,221.14680000049702
bm25_e5_rrf,TF041,adverse_reaction,4,15e829a9-a475-429d-b0e3-5c34bfbd3ab7,0.03057889822595705,False,221.14680000049702
bm25_e5_rrf,TF041,adverse_reaction,5,391ad5dc-0d1c-4350-85ba-5aa601d9ac0d,0.030309988518943745,False,221.14680000049702
bm25_e5_rrf,TF041,adverse_reaction,6,2e55093d-0a0f-4fd9-954b-4fc72df9eac0,0.030303030303030304,False,221.14680000049702
bm25_e5_rrf,TF041,adverse_reaction,7,324bc249-0e84-46e9-b77f-856c76cd5353,0.029709507042253523,False,221.14680000049702
bm25_e5_rrf,TF041,adverse_reaction,8,8939253d-3272-4915-8c2b-c60062aeb818,0.02967032967032967,False,221.14680000049702
bm25_e5_rrf,TF041,adverse_reaction,9,a7cf71a5-8426-4d7c-8106-e0754e7cb4bf,0.028594771241830064,False,221.14680000049702
bm25_e5_rrf,TF041,adverse_reaction,10,8f3ed830-3a06-41c6-8b06-cfcf6d36a83c,0.027443609022556388,False,221.14680000049702
bm25_e5_rrf,TF042,procedure,1,fbf62ef9-25b7-437c-98d8-c4934fba0fe6,0.032266458495966696,False,228.08809999969526
bm25_e5_rrf,TF042,procedure,2,dfb2693a-e821-4d6e-bbcc-0dbf3dc2a2ae,0.032018442622950824,True,228.08809999969526
bm25_e5_rrf,TF042,procedure,3,2cea4ea7-7aaf-4c54-ac4e-b660de52065d,0.03149801587301587,False,228.08809999969526
bm25_e5_rrf,TF042,procedure,4,3abbb958-eafe-4ffe-bcfc-dafa7349c15c,0.03128054740957967,True,228.08809999969526
bm25_e5_rrf,TF042,procedure,5,21efe016-3004-45f3-a070-29ce2ecb0019,0.030309988518943745,False,228.08809999969526
bm25_e5_rrf,TF042,procedure,6,b66e5419-8a9c-47f4-866d-ebdb95b174b2,0.028814262023217248,False,228.08809999969526
bm25_e5_rrf,TF042,procedure,7,9131e9a9-eff3-4f4e-a20b-4bdd456c35bc,0.02817460317460317,False,228.08809999969526
bm25_e5_rrf,TF042,procedure,8,bc88f538-e881-4c81-85e9-fca20614315d,0.027783137179239824,False,228.08809999969526
bm25_e5_rrf,TF042,procedure,9,d3b7d61b-50f0-4b96-a770-785a9f3c3886,0.027364110201042444,False,228.08809999969526
bm25_e5_rrf,TF042,procedure,10,e96acbc9-66b4-4df4-953b-3f7b0a846bbc,0.02702702702702703,False,228.08809999969526
bm25_e5_rrf,TF043,procedure,1,e62b0c91-ff0c-43b2-9bd5-ff173d9f8bc0,0.0315136476426799,False,267.47939999859227
bm25_e5_rrf,TF043,procedure,2,fbf62ef9-25b7-437c-98d8-c4934fba0fe6,0.03009207275993712,True,267.47939999859227
bm25_e5_rrf,TF043,procedure,3,4c0dde2a-0432-4cb2-ad33-987f5979ff76,0.02976190476190476,False,267.47939999859227
bm25_e5_rrf,TF043,procedure,4,3ecc27b9-634c-4026-b44e-e01123aa0467,0.02964426877470356,False,267.47939999859227
bm25_e5_rrf,TF043,procedure,5,59d57c8a-c9d7-4f8d-b9a1-a2816f1f01f7,0.029571646010002173,False,267.47939999859227
bm25_e5_rrf,TF043,procedure,6,f9eb1471-4566-4c09-a18e-9f3d84a47e9c,0.02946912242686891,True,267.47939999859227
bm25_e5_rrf,TF043,procedure,7,a3d42ca5-54b5-4b8d-be4e-79337aaab880,0.028665028665028666,False,267.47939999859227
bm25_e5_rrf,TF043,procedure,8,b0b5bc4f-7d0b-4f56-8e37-84178d38637d,0.02857142857142857,False,267.47939999859227
bm25_e5_rrf,TF043,procedure,9,df699ccc-6f51-4281-b4a4-f3d2a20631e0,0.02821939586645469,False,267.47939999859227
bm25_e5_rrf,TF043,procedure,10,2cea4ea7-7aaf-4c54-ac4e-b660de52065d,0.027051561365286855,False,267.47939999859227
bm25_e5_rrf,TF044,fact_specific,1,dfb2693a-e821-4d6e-bbcc-0dbf3dc2a2ae,0.03252247488101534,False,266.24899999933405
bm25_e5_rrf,TF044,fact_specific,2,3abbb958-eafe-4ffe-bcfc-dafa7349c15c,0.031754032258064516,False,266.24899999933405
bm25_e5_rrf,TF044,fact_specific,3,fbf62ef9-25b7-437c-98d8-c4934fba0fe6,0.03057889822595705,False,266.24899999933405
bm25_e5_rrf,TF044,fact_specific,4,2cea4ea7-7aaf-4c54-ac4e-b660de52065d,0.030309988518943745,False,266.24899999933405
bm25_e5_rrf,TF044,fact_specific,5,09f3c6d5-9e0c-4545-960f-b16c69abbeb1,0.03009207275993712,False,266.24899999933405
bm25_e5_rrf,TF044,fact_specific,6,21efe016-3004-45f3-a070-29ce2ecb0019,0.029236022193768675,False,266.24899999933405
bm25_e5_rrf,TF044,fact_specific,7,9131e9a9-eff3-4f4e-a20b-4bdd456c35bc,0.028665028665028666,False,266.24899999933405
bm25_e5_rrf,TF044,fact_specific,8,b66e5419-8a9c-47f4-866d-ebdb95b174b2,0.02761904761904762,False,266.24899999933405
bm25_e5_rrf,TF044,fact_specific,9,bc88f538-e881-4c81-85e9-fca20614315d,0.026356857985087564,False,266.24899999933405
bm25_e5_rrf,TF044,fact_specific,10,3ecc27b9-634c-4026-b44e-e01123aa0467,0.026022913256955812,False,266.24899999933405
bm25_e5_rrf,TF045,paraphrase,1,3abbb958-eafe-4ffe-bcfc-dafa7349c15c,0.03252247488101534,False,201.63180000054126
bm25_e5_rrf,TF045,paraphrase,2,dfb2693a-e821-4d6e-bbcc-0dbf3dc2a2ae,0.032018442622950824,False,201.63180000054126
bm25_e5_rrf,TF045,paraphrase,3,fbf62ef9-25b7-437c-98d8-c4934fba0fe6,0.030798389007344232,False,201.63180000054126
bm25_e5_rrf,TF045,paraphrase,4,fd678588-5ac2-400d-95c5-3309537781ec,0.029910714285714284,True,201.63180000054126
bm25_e5_rrf,TF045,paraphrase,5,2cea4ea7-7aaf-4c54-ac4e-b660de52065d,0.029437229437229435,False,201.63180000054126
bm25_e5_rrf,TF045,paraphrase,6,eda54b74-cd2f-4808-8175-bcc5b916ce90,0.02928692699490662,False,201.63180000054126
bm25_e5_rrf,TF045,paraphrase,7,21efe016-3004-45f3-a070-29ce2ecb0019,0.028814262023217248,False,201.63180000054126
bm25_e5_rrf,TF045,paraphrase,8,9131e9a9-eff3-4f4e-a20b-4bdd456c35bc,0.027479766610201392,False,201.63180000054126
bm25_e5_rrf,TF045,paraphrase,9,bc88f538-e881-4c81-85e9-fca20614315d,0.027417840375586856,False,201.63180000054126
bm25_e5_rrf,TF045,paraphrase,10,b66e5419-8a9c-47f4-866d-ebdb95b174b2,0.027417840375586856,False,201.63180000054126
bm25_e5_rrf,TN001,negative_out_of_scope,1,ee8c2027-ad6d-4bb7-8077-5e4c42be1cc3,0.0315136476426799,False,195.206500000495
bm25_e5_rrf,TN001,negative_out_of_scope,2,d9a4a9c8-fbd4-41f2-bab6-6abd72575204,0.03149801587301587,False,195.206500000495
bm25_e5_rrf,TN001,negative_out_of_scope,3,761b9529-5b18-4262-8174-6062c35fb31c,0.0304147465437788,False,195.206500000495
bm25_e5_rrf,TN001,negative_out_of_scope,4,edd76252-eb29-4acf-9a31-735463528b7d,0.030309988518943745,False,195.206500000495
bm25_e5_rrf,TN001,negative_out_of_scope,5,fb4884e3-8fea-42fa-b996-7e9c333e7fef,0.03028233151183971,False,195.206500000495
bm25_e5_rrf,TN001,negative_out_of_scope,6,66dba192-bac5-4b3a-bd4d-77e9eacb4192,0.029857397504456328,False,195.206500000495
bm25_e5_rrf,TN001,negative_out_of_scope,7,eeb8db46-f757-41f1-9ca5-c022f3d4ea3e,0.027783137179239824,False,195.206500000495
bm25_e5_rrf,TN001,negative_out_of_scope,8,843aa4c8-3ffd-4747-97eb-8699b0a0eeaf,0.025694893341952164,False,195.206500000495
bm25_e5_rrf,TN001,negative_out_of_scope,9,10537058-d160-4786-a6cf-95de46d7189c,0.02492401215805471,False,195.206500000495
bm25_e5_rrf,TN001,negative_out_of_scope,10,bc88f538-e881-4c81-85e9-fca20614315d,0.02483719521429653,False,195.206500000495
bm25_e5_rrf,TN002,negative_out_of_scope,1,fb4884e3-8fea-42fa-b996-7e9c333e7fef,0.03200204813108039,False,153.08719999939058
bm25_e5_rrf,TN002,negative_out_of_scope,2,eeb8db46-f757-41f1-9ca5-c022f3d4ea3e,0.029709507042253523,False,153.08719999939058
bm25_e5_rrf,TN002,negative_out_of_scope,3,761b9529-5b18-4262-8174-6062c35fb31c,0.028373015873015873,False,153.08719999939058
bm25_e5_rrf,TN002,negative_out_of_scope,4,843aa4c8-3ffd-4747-97eb-8699b0a0eeaf,0.027364110201042444,False,153.08719999939058
bm25_e5_rrf,TN002,negative_out_of_scope,5,ee8c2027-ad6d-4bb7-8077-5e4c42be1cc3,0.02728937728937729,False,153.08719999939058
bm25_e5_rrf,TN002,negative_out_of_scope,6,66dba192-bac5-4b3a-bd4d-77e9eacb4192,0.026779422128259338,False,153.08719999939058
bm25_e5_rrf,TN002,negative_out_of_scope,7,17e22a4e-78d9-4607-b75b-151e52cc4d20,0.02625418060200669,False,153.08719999939058
bm25_e5_rrf,TN002,negative_out_of_scope,8,23c6ca0d-04bf-4081-b90a-9819029dcd73,0.02546333601933924,False,153.08719999939058
bm25_e5_rrf,TN002,negative_out_of_scope,9,fbb0340e-b19d-43c3-a23a-5ee07899e8cd,0.02535559678416821,False,153.08719999939058
bm25_e5_rrf,TN002,negative_out_of_scope,10,e96acbc9-66b4-4df4-953b-3f7b0a846bbc,0.023839931885908897,False,153.08719999939058
bm25_e5_rrf,TN003,negative_out_of_scope,1,ee8c2027-ad6d-4bb7-8077-5e4c42be1cc3,0.03057889822595705,False,176.49060000167083
bm25_e5_rrf,TN003,negative_out_of_scope,2,f7a9837d-f8db-4461-abd8-a3607db2276f,0.02964254577157803,False,176.49060000167083
bm25_e5_rrf,TN003,negative_out_of_scope,3,6ffcd319-e868-444b-b6fe-8d192a4de3ff,0.02921395544346364,False,176.49060000167083
bm25_e5_rrf,TN003,negative_out_of_scope,4,761b9529-5b18-4262-8174-6062c35fb31c,0.02871794871794872,False,176.49060000167083
bm25_e5_rrf,TN003,negative_out_of_scope,5,10537058-d160-4786-a6cf-95de46d7189c,0.02862400327131466,False,176.49060000167083
bm25_e5_rrf,TN003,negative_out_of_scope,6,fbf62ef9-25b7-437c-98d8-c4934fba0fe6,0.02736726874657909,False,176.49060000167083
bm25_e5_rrf,TN003,negative_out_of_scope,7,ffcf7308-6e83-47bc-a519-0b4b7ba44562,0.027346637102734665,False,176.49060000167083
bm25_e5_rrf,TN003,negative_out_of_scope,8,63b53156-440d-40c1-bc88-5c07c23ae77f,0.02701252236135957,False,176.49060000167083
bm25_e5_rrf,TN003,negative_out_of_scope,9,71d2e37c-44e2-4972-8e6b-a6449c2f8404,0.026754075124025514,False,176.49060000167083
bm25_e5_rrf,TN003,negative_out_of_scope,10,ba3d1d87-0c2d-4b67-a0c2-4615c8249c2a,0.02651914295749912,False,176.49060000167083
bm25_e5_rrf,TN004,negative_out_of_scope,1,ee8c2027-ad6d-4bb7-8077-5e4c42be1cc3,0.03125763125763126,False,146.84809999926074
bm25_e5_rrf,TN004,negative_out_of_scope,2,761b9529-5b18-4262-8174-6062c35fb31c,0.030834914611005692,False,146.84809999926074
bm25_e5_rrf,TN004,negative_out_of_scope,3,66dba192-bac5-4b3a-bd4d-77e9eacb4192,0.030776515151515152,False,146.84809999926074
bm25_e5_rrf,TN004,negative_out_of_scope,4,10537058-d160-4786-a6cf-95de46d7189c,0.030679156908665108,False,146.84809999926074
bm25_e5_rrf,TN004,negative_out_of_scope,5,843aa4c8-3ffd-4747-97eb-8699b0a0eeaf,0.029857397504456328,False,146.84809999926074
bm25_e5_rrf,TN004,negative_out_of_scope,6,fb4884e3-8fea-42fa-b996-7e9c333e7fef,0.029051670471052088,False,146.84809999926074
bm25_e5_rrf,TN004,negative_out_of_scope,7,4d18d11e-2a92-4690-8a64-46653931483e,0.028814262023217248,False,146.84809999926074
bm25_e5_rrf,TN004,negative_out_of_scope,8,d9a4a9c8-fbd4-41f2-bab6-6abd72575204,0.028782894736842105,False,146.84809999926074
bm25_e5_rrf,TN004,negative_out_of_scope,9,23c6ca0d-04bf-4081-b90a-9819029dcd73,0.02819138376017471,False,146.84809999926074
bm25_e5_rrf,TN004,negative_out_of_scope,10,ffcf7308-6e83-47bc-a519-0b4b7ba44562,0.02694394213381555,False,146.84809999926074
bm25_e5_rrf,TN005,negative_out_of_scope,1,fd678588-5ac2-400d-95c5-3309537781ec,0.031544957774465976,False,138.1216999998287
bm25_e5_rrf,TN005,negative_out_of_scope,2,3abbb958-eafe-4ffe-bcfc-dafa7349c15c,0.030536130536130537,False,138.1216999998287
bm25_e5_rrf,TN005,negative_out_of_scope,3,dfb2693a-e821-4d6e-bbcc-0dbf3dc2a2ae,0.02976190476190476,False,138.1216999998287
bm25_e5_rrf,TN005,negative_out_of_scope,4,eda54b74-cd2f-4808-8175-bcc5b916ce90,0.029116045245077504,False,138.1216999998287
bm25_e5_rrf,TN005,negative_out_of_scope,5,84c0a864-176f-4776-a15e-167fc2518e5d,0.027745885954841176,False,138.1216999998287
bm25_e5_rrf,TN005,negative_out_of_scope,6,b225ae64-72d2-4e59-81c0-57f5d8438666,0.027629397679130595,False,138.1216999998287
bm25_e5_rrf,TN005,negative_out_of_scope,7,22e6c188-2e4c-4029-b200-7770a3f00e6e,0.027252906976744186,False,138.1216999998287
bm25_e5_rrf,TN005,negative_out_of_scope,8,7e68f70a-ba74-4eb8-bbae-c7e9f7340567,0.026785714285714288,False,138.1216999998287
bm25_e5_rrf,TN005,negative_out_of_scope,9,7adacb8c-91c0-4ea7-8d82-7505eeac5042,0.026182294223531334,False,138.1216999998287
bm25_e5_rrf,TN005,negative_out_of_scope,10,66dba192-bac5-4b3a-bd4d-77e9eacb4192,0.025478740668614087,False,138.1216999998287
bm25_e5_rrf,TP001,product_specific,1,54fdf811-dedd-4016-b144-3e4bfdcd67c8,0.032266458495966696,False,161.5430000001652
bm25_e5_rrf,TP001,product_specific,2,0f6b0fc1-9d70-479f-a87d-a26e954e2adb,0.03131881575727918,False,161.5430000001652
bm25_e5_rrf,TP001,product_specific,3,ba3d1d87-0c2d-4b67-a0c2-4615c8249c2a,0.030330882352941176,True,161.5430000001652
bm25_e5_rrf,TP001,product_specific,4,23c6ca0d-04bf-4081-b90a-9819029dcd73,0.027972027972027972,True,161.5430000001652
bm25_e5_rrf,TP001,product_specific,5,e96acbc9-66b4-4df4-953b-3f7b0a846bbc,0.026736111111111113,False,161.5430000001652
bm25_e5_rrf,TP001,product_specific,6,4c0dde2a-0432-4cb2-ad33-987f5979ff76,0.02623004235907462,False,161.5430000001652
bm25_e5_rrf,TP001,product_specific,7,646d4165-73db-4f69-84da-5f393cd81988,0.02604430914933198,False,161.5430000001652
bm25_e5_rrf,TP001,product_specific,8,71d2e37c-44e2-4972-8e6b-a6449c2f8404,0.025937081659973226,False,161.5430000001652
bm25_e5_rrf,TP001,product_specific,9,ee8c2027-ad6d-4bb7-8077-5e4c42be1cc3,0.025779967159277502,False,161.5430000001652
bm25_e5_rrf,TP001,product_specific,10,63b53156-440d-40c1-bc88-5c07c23ae77f,0.02571241401899771,False,161.5430000001652
bm25_e5_rrf,TP002,product_specific,1,4c0dde2a-0432-4cb2-ad33-987f5979ff76,0.03252247488101534,False,176.2232999990374
bm25_e5_rrf,TP002,product_specific,2,b0b5bc4f-7d0b-4f56-8e37-84178d38637d,0.032266458495966696,False,176.2232999990374
bm25_e5_rrf,TP002,product_specific,3,f7a9837d-f8db-4461-abd8-a3607db2276f,0.031754032258064516,False,176.2232999990374
bm25_e5_rrf,TP002,product_specific,4,c404e320-0bf2-4325-be92-7a0614f201ca,0.03149801587301587,False,176.2232999990374
bm25_e5_rrf,TP002,product_specific,5,b10b8f1c-ed17-44ca-8d7c-1a4f19a12c67,0.02877846790890269,False,176.2232999990374
bm25_e5_rrf,TP002,product_specific,6,7e68f70a-ba74-4eb8-bbae-c7e9f7340567,0.028438886647841874,False,176.2232999990374
bm25_e5_rrf,TP002,product_specific,7,b225ae64-72d2-4e59-81c0-57f5d8438666,0.027912386121341344,False,176.2232999990374
bm25_e5_rrf,TP002,product_specific,8,36bac780-b1a2-42dc-8cca-3605f80c5521,0.027579737335834898,False,176.2232999990374
bm25_e5_rrf,TP002,product_specific,9,21d38039-895b-46a4-8902-96e380ce41aa,0.026992753623188405,False,176.2232999990374
bm25_e5_rrf,TP002,product_specific,10,a3d42ca5-54b5-4b8d-be4e-79337aaab880,0.0264957264957265,False,176.2232999990374
bm25_e5_rrf,TP003,temporal,1,c404e320-0bf2-4325-be92-7a0614f201ca,0.03252247488101534,False,143.32930000000488
bm25_e5_rrf,TP003,temporal,2,63b53156-440d-40c1-bc88-5c07c23ae77f,0.032266458495966696,True,143.32930000000488
bm25_e5_rrf,TP003,temporal,3,21efe016-3004-45f3-a070-29ce2ecb0019,0.031054405392392875,False,143.32930000000488
bm25_e5_rrf,TP003,temporal,4,ffcf7308-6e83-47bc-a519-0b4b7ba44562,0.031009615384615385,False,143.32930000000488
bm25_e5_rrf,TP003,temporal,5,59d57c8a-c9d7-4f8d-b9a1-a2816f1f01f7,0.031009615384615385,False,143.32930000000488
bm25_e5_rrf,TP003,temporal,6,f7a9837d-f8db-4461-abd8-a3607db2276f,0.029857397504456328,False,143.32930000000488
bm25_e5_rrf,TP003,temporal,7,9131e9a9-eff3-4f4e-a20b-4bdd456c35bc,0.029030910609857977,False,143.32930000000488
bm25_e5_rrf,TP003,temporal,8,23c6ca0d-04bf-4081-b90a-9819029dcd73,0.02877846790890269,False,143.32930000000488
bm25_e5_rrf,TP003,temporal,9,5de4d74d-720e-4d86-a836-f946d70a2d32,0.02797339593114241,False,143.32930000000488
bm25_e5_rrf,TP003,temporal,10,71d2e37c-44e2-4972-8e6b-a6449c2f8404,0.027799227799227798,False,143.32930000000488
bm25_e5_rrf,TP004,temporal,1,63b53156-440d-40c1-bc88-5c07c23ae77f,0.03278688524590164,True,158.68530000079772
bm25_e5_rrf,TP004,temporal,2,c404e320-0bf2-4325-be92-7a0614f201ca,0.031754032258064516,False,158.68530000079772
bm25_e5_rrf,TP004,temporal,3,f7a9837d-f8db-4461-abd8-a3607db2276f,0.0315136476426799,False,158.68530000079772
bm25_e5_rrf,TP004,temporal,4,21efe016-3004-45f3-a070-29ce2ecb0019,0.031009615384615385,False,158.68530000079772
bm25_e5_rrf,TP004,temporal,5,ffcf7308-6e83-47bc-a519-0b4b7ba44562,0.03057889822595705,False,158.68530000079772
bm25_e5_rrf,TP004,temporal,6,71d2e37c-44e2-4972-8e6b-a6449c2f8404,0.030303030303030304,True,158.68530000079772
bm25_e5_rrf,TP004,temporal,7,23c6ca0d-04bf-4081-b90a-9819029dcd73,0.029957522915269395,False,158.68530000079772
bm25_e5_rrf,TP004,temporal,8,b66e5419-8a9c-47f4-866d-ebdb95b174b2,0.029211087420042643,False,158.68530000079772
bm25_e5_rrf,TP004,temporal,9,5de4d74d-720e-4d86-a836-f946d70a2d32,0.028594771241830064,False,158.68530000079772
bm25_e5_rrf,TP004,temporal,10,f4580736-a09e-471f-93d2-8089c695eb67,0.02690501986276634,False,158.68530000079772
bm25_e5_rrf,TP005,temporal,1,da79aa00-567d-434c-8441-915ac080f918,0.03278688524590164,True,163.10329999851092
bm25_e5_rrf,TP005,temporal,2,ba3d1d87-0c2d-4b67-a0c2-4615c8249c2a,0.03200204813108039,False,163.10329999851092
bm25_e5_rrf,TP005,temporal,3,0f6b0fc1-9d70-479f-a87d-a26e954e2adb,0.03125763125763126,False,163.10329999851092
bm25_e5_rrf,TP005,temporal,4,5de4d74d-720e-4d86-a836-f946d70a2d32,0.031054405392392875,False,163.10329999851092
bm25_e5_rrf,TP005,temporal,5,54fdf811-dedd-4016-b144-3e4bfdcd67c8,0.030330882352941176,False,163.10329999851092
bm25_e5_rrf,TP005,temporal,6,c404e320-0bf2-4325-be92-7a0614f201ca,0.029437229437229435,False,163.10329999851092
bm25_e5_rrf,TP005,temporal,7,30ce28cb-f702-4cce-8105-137e2f73af0d,0.028484848484848488,False,163.10329999851092
bm25_e5_rrf,TP005,temporal,8,22e6c188-2e4c-4029-b200-7770a3f00e6e,0.028083267871170464,False,163.10329999851092
bm25_e5_rrf,TP005,temporal,9,9b6cc313-9a59-4387-a5ce-2ed14389a0a7,0.028006267136701922,False,163.10329999851092
bm25_e5_rrf,TP005,temporal,10,a7cf71a5-8426-4d7c-8106-e0754e7cb4bf,0.026709401709401708,False,163.10329999851092
bm25_e5_rrf,TP006,product_specific,1,e96acbc9-66b4-4df4-953b-3f7b0a846bbc,0.03278688524590164,True,218.62099999998463
bm25_e5_rrf,TP006,product_specific,2,9131e9a9-eff3-4f4e-a20b-4bdd456c35bc,0.03225806451612903,False,218.62099999998463
bm25_e5_rrf,TP006,product_specific,3,54fdf811-dedd-4016-b144-3e4bfdcd67c8,0.031746031746031744,False,218.62099999998463
bm25_e5_rrf,TP006,product_specific,4,d4c1a9ca-23c5-4ae0-9a51-c56675b2e6d1,0.03125,False,218.62099999998463
bm25_e5_rrf,TP006,product_specific,5,324bc249-0e84-46e9-b77f-856c76cd5353,0.029857397504456328,False,218.62099999998463
bm25_e5_rrf,TP006,product_specific,6,4c0dde2a-0432-4cb2-ad33-987f5979ff76,0.02946912242686891,False,218.62099999998463
bm25_e5_rrf,TP006,product_specific,7,73735f01-c9d0-4dd5-8d46-c70045e4b334,0.02904040404040404,False,218.62099999998463
bm25_e5_rrf,TP006,product_specific,8,e62b0c91-ff0c-43b2-9bd5-ff173d9f8bc0,0.0288981288981289,False,218.62099999998463
bm25_e5_rrf,TP006,product_specific,9,3ecc27b9-634c-4026-b44e-e01123aa0467,0.02758751902587519,False,218.62099999998463
bm25_e5_rrf,TP006,product_specific,10,b66e5419-8a9c-47f4-866d-ebdb95b174b2,0.02715098147128967,False,218.62099999998463
bm25_e5_rrf,TP007,product_specific,1,e62b0c91-ff0c-43b2-9bd5-ff173d9f8bc0,0.032266458495966696,False,216.47420000044804
bm25_e5_rrf,TP007,product_specific,2,9131e9a9-eff3-4f4e-a20b-4bdd456c35bc,0.03131881575727918,False,216.47420000044804
bm25_e5_rrf,TP007,product_specific,3,4c0dde2a-0432-4cb2-ad33-987f5979ff76,0.030798389007344232,False,216.47420000044804
bm25_e5_rrf,TP007,product_specific,4,7abe62fa-6fdb-4466-a16b-73e1770f0c57,0.030776515151515152,False,216.47420000044804
bm25_e5_rrf,TP007,product_specific,5,324bc249-0e84-46e9-b77f-856c76cd5353,0.03021353930031804,True,216.47420000044804
bm25_e5_rrf,TP007,product_specific,6,3ecc27b9-634c-4026-b44e-e01123aa0467,0.030090497737556562,False,216.47420000044804
bm25_e5_rrf,TP007,product_specific,7,e96acbc9-66b4-4df4-953b-3f7b0a846bbc,0.029910714285714284,False,216.47420000044804
bm25_e5_rrf,TP007,product_specific,8,54fdf811-dedd-4016-b144-3e4bfdcd67c8,0.02967032967032967,False,216.47420000044804
bm25_e5_rrf,TP007,product_specific,9,7c33fbb7-e931-4f6b-9520-23875ec9ee5b,0.02964254577157803,False,216.47420000044804
bm25_e5_rrf,TP007,product_specific,10,d4c1a9ca-23c5-4ae0-9a51-c56675b2e6d1,0.02904040404040404,True,216.47420000044804
bm25_e5_rrf,TP008,product_specific,1,9131e9a9-eff3-4f4e-a20b-4bdd456c35bc,0.031544957774465976,True,142.58389999940846
bm25_e5_rrf,TP008,product_specific,2,e62b0c91-ff0c-43b2-9bd5-ff173d9f8bc0,0.03125,False,142.58389999940846
bm25_e5_rrf,TP008,product_specific,3,df699ccc-6f51-4281-b4a4-f3d2a20631e0,0.031099324975891997,False,142.58389999940846
bm25_e5_rrf,TP008,product_specific,4,7c33fbb7-e931-4f6b-9520-23875ec9ee5b,0.0304147465437788,False,142.58389999940846
bm25_e5_rrf,TP008,product_specific,5,54fdf811-dedd-4016-b144-3e4bfdcd67c8,0.030158730158730156,True,142.58389999940846
bm25_e5_rrf,TP008,product_specific,6,3ecc27b9-634c-4026-b44e-e01123aa0467,0.030090497737556562,False,142.58389999940846
bm25_e5_rrf,TP008,product_specific,7,4c0dde2a-0432-4cb2-ad33-987f5979ff76,0.03007688828584351,False,142.58389999940846
bm25_e5_rrf,TP008,product_specific,8,d4c1a9ca-23c5-4ae0-9a51-c56675b2e6d1,0.02928692699490662,False,142.58389999940846
bm25_e5_rrf,TP008,product_specific,9,a3d42ca5-54b5-4b8d-be4e-79337aaab880,0.028693528693528692,False,142.58389999940846
bm25_e5_rrf,TP008,product_specific,10,e96acbc9-66b4-4df4-953b-3f7b0a846bbc,0.028577260665441927,False,142.58389999940846
bm25_e5_rrf,TP009,product_specific,1,2cea4ea7-7aaf-4c54-ac4e-b660de52065d,0.03252247488101534,False,170.54489999918587
bm25_e5_rrf,TP009,product_specific,2,bc88f538-e881-4c81-85e9-fca20614315d,0.032018442622950824,True,170.54489999918587
bm25_e5_rrf,TP009,product_specific,3,21efe016-3004-45f3-a070-29ce2ecb0019,0.03200204813108039,False,170.54489999918587
bm25_e5_rrf,TP009,product_specific,4,b66e5419-8a9c-47f4-866d-ebdb95b174b2,0.03125763125763126,False,170.54489999918587
bm25_e5_rrf,TP009,product_specific,5,4c0dde2a-0432-4cb2-ad33-987f5979ff76,0.03007688828584351,False,170.54489999918587
bm25_e5_rrf,TP009,product_specific,6,f9eb1471-4566-4c09-a18e-9f3d84a47e9c,0.028577260665441927,False,170.54489999918587
bm25_e5_rrf,TP009,product_specific,7,b0d368a1-d0fc-4b8b-8567-e190cf462986,0.02758751902587519,False,170.54489999918587
bm25_e5_rrf,TP009,product_specific,8,16efaa44-1554-4748-8407-48fac0bced94,0.026041666666666664,False,170.54489999918587
bm25_e5_rrf,TP009,product_specific,9,6ffcd319-e868-444b-b6fe-8d192a4de3ff,0.025987006496751626,False,170.54489999918587
bm25_e5_rrf,TP009,product_specific,10,36bac780-b1a2-42dc-8cca-3605f80c5521,0.025694893341952164,False,170.54489999918587
bm25_e5_rrf,TP010,product_specific,1,2cea4ea7-7aaf-4c54-ac4e-b660de52065d,0.03252247488101534,False,227.628999999979
bm25_e5_rrf,TP010,product_specific,2,21efe016-3004-45f3-a070-29ce2ecb0019,0.031754032258064516,False,227.628999999979
bm25_e5_rrf,TP010,product_specific,3,b66e5419-8a9c-47f4-866d-ebdb95b174b2,0.031746031746031744,True,227.628999999979
bm25_e5_rrf,TP010,product_specific,4,bc88f538-e881-4c81-85e9-fca20614315d,0.031544957774465976,False,227.628999999979
bm25_e5_rrf,TP010,product_specific,5,dfb2693a-e821-4d6e-bbcc-0dbf3dc2a2ae,0.028577260665441927,False,227.628999999979
bm25_e5_rrf,TP010,product_specific,6,fbf62ef9-25b7-437c-98d8-c4934fba0fe6,0.02821939586645469,False,227.628999999979
bm25_e5_rrf,TP010,product_specific,7,eda54b74-cd2f-4808-8175-bcc5b916ce90,0.027106227106227107,False,227.628999999979
bm25_e5_rrf,TP010,product_specific,8,7adacb8c-91c0-4ea7-8d82-7505eeac5042,0.026547116736990152,False,227.628999999979
bm25_e5_rrf,TP010,product_specific,9,f7a9837d-f8db-4461-abd8-a3607db2276f,0.026144907723855092,False,227.628999999979
bm25_e5_rrf,TP010,product_specific,10,5de4d74d-720e-4d86-a836-f946d70a2d32,0.026137303556658397,False,227.628999999979
bm25_e5_rrf,TP011,temporal,1,b66e5419-8a9c-47f4-866d-ebdb95b174b2,0.03252247488101534,True,150.862500000585
bm25_e5_rrf,TP011,temporal,2,c404e320-0bf2-4325-be92-7a0614f201ca,0.032266458495966696,False,150.862500000585
bm25_e5_rrf,TP011,temporal,3,23c6ca0d-04bf-4081-b90a-9819029dcd73,0.028949545078577336,False,150.862500000585
bm25_e5_rrf,TP011,temporal,4,ee8c2027-ad6d-4bb7-8077-5e4c42be1cc3,0.028006267136701922,False,150.862500000585
bm25_e5_rrf,TP011,temporal,5,ffcf7308-6e83-47bc-a519-0b4b7ba44562,0.02690100430416069,False,150.862500000585
bm25_e5_rrf,TP011,temporal,6,d3b7d61b-50f0-4b96-a770-785a9f3c3886,0.026860955056179775,False,150.862500000585
bm25_e5_rrf,TP011,temporal,7,63b53156-440d-40c1-bc88-5c07c23ae77f,0.026779422128259338,False,150.862500000585
bm25_e5_rrf,TP011,temporal,8,761b9529-5b18-4262-8174-6062c35fb31c,0.026515151515151516,False,150.862500000585
bm25_e5_rrf,TP011,temporal,9,21efe016-3004-45f3-a070-29ce2ecb0019,0.026182294223531334,True,150.862500000585
bm25_e5_rrf,TP011,temporal,10,2cea4ea7-7aaf-4c54-ac4e-b660de52065d,0.02582908163265306,False,150.862500000585
bm25_e5_rrf,TP012,product_specific,1,21efe016-3004-45f3-a070-29ce2ecb0019,0.03278688524590164,True,210.2988999995432
bm25_e5_rrf,TP012,product_specific,2,2cea4ea7-7aaf-4c54-ac4e-b660de52065d,0.03225806451612903,False,210.2988999995432
bm25_e5_rrf,TP012,product_specific,3,b66e5419-8a9c-47f4-866d-ebdb95b174b2,0.03125,False,210.2988999995432
bm25_e5_rrf,TP012,product_specific,4,bc88f538-e881-4c81-85e9-fca20614315d,0.03057889822595705,False,210.2988999995432
bm25_e5_rrf,TP012,product_specific,5,c404e320-0bf2-4325-be92-7a0614f201ca,0.030309988518943745,False,210.2988999995432
bm25_e5_rrf,TP012,product_specific,6,f7a9837d-f8db-4461-abd8-a3607db2276f,0.030090497737556562,False,210.2988999995432
bm25_e5_rrf,TP012,product_specific,7,23c6ca0d-04bf-4081-b90a-9819029dcd73,0.03007688828584351,False,210.2988999995432
bm25_e5_rrf,TP012,product_specific,8,4c0dde2a-0432-4cb2-ad33-987f5979ff76,0.02964426877470356,False,210.2988999995432
bm25_e5_rrf,TP012,product_specific,9,d3b7d61b-50f0-4b96-a770-785a9f3c3886,0.025974025974025976,False,210.2988999995432
bm25_e5_rrf,TP012,product_specific,10,66dba192-bac5-4b3a-bd4d-77e9eacb4192,0.025098039215686277,False,210.2988999995432
bm25_e5_rrf,TP013,procedure,1,9b6cc313-9a59-4387-a5ce-2ed14389a0a7,0.032018442622950824,True,200.2717000013945
bm25_e5_rrf,TP013,procedure,2,5de4d74d-720e-4d86-a836-f946d70a2d32,0.031024531024531024,False,200.2717000013945
bm25_e5_rrf,TP013,procedure,3,a7cf71a5-8426-4d7c-8106-e0754e7cb4bf,0.03021353930031804,False,200.2717000013945
bm25_e5_rrf,TP013,procedure,4,30ce28cb-f702-4cce-8105-137e2f73af0d,0.029513888888888888,False,200.2717000013945
bm25_e5_rrf,TP013,procedure,5,22e6c188-2e4c-4029-b200-7770a3f00e6e,0.029083245521601686,True,200.2717000013945
bm25_e5_rrf,TP013,procedure,6,c78ff32d-ea17-41fd-98ef-2e8872f01df3,0.028474711270410194,False,200.2717000013945
bm25_e5_rrf,TP013,procedure,7,8f3ed830-3a06-41c6-8b06-cfcf6d36a83c,0.02792120864410021,False,200.2717000013945
bm25_e5_rrf,TP013,procedure,8,16efaa44-1554-4748-8407-48fac0bced94,0.027417840375586856,False,200.2717000013945
bm25_e5_rrf,TP013,procedure,9,73735f01-c9d0-4dd5-8d46-c70045e4b334,0.026785714285714288,False,200.2717000013945
bm25_e5_rrf,TP013,procedure,10,d3b7d61b-50f0-4b96-a770-785a9f3c3886,0.02674825174825175,False,200.2717000013945
bm25_e5_rrf,TP014,temporal,1,30ce28cb-f702-4cce-8105-137e2f73af0d,0.032266458495966696,True,135.96770000003744
bm25_e5_rrf,TP014,temporal,2,22e6c188-2e4c-4029-b200-7770a3f00e6e,0.031754032258064516,False,135.96770000003744
bm25_e5_rrf,TP014,temporal,3,70b95f72-95ec-43b5-b76f-657518103256,0.030776515151515152,False,135.96770000003744
bm25_e5_rrf,TP014,temporal,4,0a4f11c7-39e8-41fe-bd14-48456671f531,0.03076923076923077,False,135.96770000003744
bm25_e5_rrf,TP014,temporal,5,48b9789d-5088-4ba1-a82a-be3a6396ce85,0.03036576949620428,False,135.96770000003744
bm25_e5_rrf,TP014,temporal,6,cfff9bf0-05e4-4179-a793-f3c705d04812,0.029850746268656716,False,135.96770000003744
bm25_e5_rrf,TP014,temporal,7,d3b7d61b-50f0-4b96-a770-785a9f3c3886,0.029437229437229435,False,135.96770000003744
bm25_e5_rrf,TP014,temporal,8,6ffcd319-e868-444b-b6fe-8d192a4de3ff,0.028588564574170333,False,135.96770000003744
bm25_e5_rrf,TP014,temporal,9,a952e706-800e-493c-886a-8f06602fb2be,0.028370221327967807,False,135.96770000003744
bm25_e5_rrf,TP014,temporal,10,a7cf71a5-8426-4d7c-8106-e0754e7cb4bf,0.027598020555767037,False,135.96770000003744
bm25_e5_rrf,TP015,preparation,1,30ce28cb-f702-4cce-8105-137e2f73af0d,0.032266458495966696,False,171.4802000005875
bm25_e5_rrf,TP015,preparation,2,70b95f72-95ec-43b5-b76f-657518103256,0.03225806451612903,False,171.4802000005875
bm25_e5_rrf,TP015,preparation,3,22e6c188-2e4c-4029-b200-7770a3f00e6e,0.03149801587301587,False,171.4802000005875
bm25_e5_rrf,TP015,preparation,4,d3b7d61b-50f0-4b96-a770-785a9f3c3886,0.031099324975891997,True,171.4802000005875
bm25_e5_rrf,TP015,preparation,5,48b9789d-5088-4ba1-a82a-be3a6396ce85,0.03076923076923077,False,171.4802000005875
bm25_e5_rrf,TP015,preparation,6,0a4f11c7-39e8-41fe-bd14-48456671f531,0.029910714285714284,False,171.4802000005875
bm25_e5_rrf,TP015,preparation,7,cfff9bf0-05e4-4179-a793-f3c705d04812,0.029418126757516764,False,171.4802000005875
bm25_e5_rrf,TP015,preparation,8,f1611d72-8c47-41f8-bfee-99d5ffdfe12a,0.029236022193768675,False,171.4802000005875
bm25_e5_rrf,TP015,preparation,9,a952e706-800e-493c-886a-8f06602fb2be,0.027984344422700584,False,171.4802000005875
bm25_e5_rrf,TP015,preparation,10,4d18d11e-2a92-4690-8a64-46653931483e,0.027417840375586856,False,171.4802000005875
bm25_e5_rrf,TP016,temporal,1,0a4f11c7-39e8-41fe-bd14-48456671f531,0.03252247488101534,True,221.0186000002068
bm25_e5_rrf,TP016,temporal,2,d3b7d61b-50f0-4b96-a770-785a9f3c3886,0.032018442622950824,False,221.0186000002068
bm25_e5_rrf,TP016,temporal,3,48b9789d-5088-4ba1-a82a-be3a6396ce85,0.031754032258064516,False,221.0186000002068
bm25_e5_rrf,TP016,temporal,4,70b95f72-95ec-43b5-b76f-657518103256,0.030536130536130537,True,221.0186000002068
bm25_e5_rrf,TP016,temporal,5,b8c70ff9-e1b2-40ce-9a0a-f65a53899d13,0.030158730158730156,False,221.0186000002068
bm25_e5_rrf,TP016,temporal,6,30ce28cb-f702-4cce-8105-137e2f73af0d,0.03007688828584351,False,221.0186000002068
bm25_e5_rrf,TP016,temporal,7,22e6c188-2e4c-4029-b200-7770a3f00e6e,0.029411764705882353,False,221.0186000002068
bm25_e5_rrf,TP016,temporal,8,b66e5419-8a9c-47f4-866d-ebdb95b174b2,0.029386529386529386,False,221.0186000002068
bm25_e5_rrf,TP016,temporal,9,cfff9bf0-05e4-4179-a793-f3c705d04812,0.029083245521601686,False,221.0186000002068
bm25_e5_rrf,TP016,temporal,10,63b53156-440d-40c1-bc88-5c07c23ae77f,0.027598020555767037,False,221.0186000002068
bm25_e5_rrf,TP017,preparation,1,73735f01-c9d0-4dd5-8d46-c70045e4b334,0.03252247488101534,True,135.64689999930124
bm25_e5_rrf,TP017,preparation,2,74c0eabe-77c7-4dbf-a321-27966a12fafb,0.03149801587301587,False,135.64689999930124
bm25_e5_rrf,TP017,preparation,3,16efaa44-1554-4748-8407-48fac0bced94,0.030834914611005692,False,135.64689999930124
bm25_e5_rrf,TP017,preparation,4,b0d368a1-d0fc-4b8b-8567-e190cf462986,0.028205128205128206,False,135.64689999930124
bm25_e5_rrf,TP017,preparation,5,c404e320-0bf2-4325-be92-7a0614f201ca,0.02797339593114241,False,135.64689999930124
bm25_e5_rrf,TP017,preparation,6,d2e0fc0a-bf0e-4226-abbf-e9f3dea2fce8,0.027598020555767037,False,135.64689999930124
bm25_e5_rrf,TP017,preparation,7,6ffcd319-e868-444b-b6fe-8d192a4de3ff,0.027425373134328357,False,135.64689999930124
bm25_e5_rrf,TP017,preparation,8,7e5199d4-e5c9-40ca-a69f-ea37f52c6ce3,0.027271052146674038,False,135.64689999930124
bm25_e5_rrf,TP017,preparation,9,22e6c188-2e4c-4029-b200-7770a3f00e6e,0.027222222222222224,False,135.64689999930124
bm25_e5_rrf,TP017,preparation,10,48b9789d-5088-4ba1-a82a-be3a6396ce85,0.026916221033868093,False,135.64689999930124
bm25_e5_rrf,TP018,preparation,1,6ffcd319-e868-444b-b6fe-8d192a4de3ff,0.03252247488101534,True,233.7803000000349
bm25_e5_rrf,TP018,preparation,2,73735f01-c9d0-4dd5-8d46-c70045e4b334,0.031754032258064516,True,233.7803000000349
bm25_e5_rrf,TP018,preparation,3,8f3ed830-3a06-41c6-8b06-cfcf6d36a83c,0.030776515151515152,False,233.7803000000349
bm25_e5_rrf,TP018,preparation,4,36bac780-b1a2-42dc-8cca-3605f80c5521,0.030090497737556562,False,233.7803000000349
bm25_e5_rrf,TP018,preparation,5,84c0a864-176f-4776-a15e-167fc2518e5d,0.029957522915269395,False,233.7803000000349
bm25_e5_rrf,TP018,preparation,6,9552a4ac-31b4-43a8-aa92-37bd3e89362a,0.02921395544346364,False,233.7803000000349
bm25_e5_rrf,TP018,preparation,7,98d006ac-5212-4c8c-8a63-4cbd4d6caffc,0.0288981288981289,False,233.7803000000349
bm25_e5_rrf,TP018,preparation,8,74c0eabe-77c7-4dbf-a321-27966a12fafb,0.028814262023217248,False,233.7803000000349
bm25_e5_rrf,TP018,preparation,9,eda54b74-cd2f-4808-8175-bcc5b916ce90,0.02877846790890269,False,233.7803000000349
bm25_e5_rrf,TP018,preparation,10,7e5199d4-e5c9-40ca-a69f-ea37f52c6ce3,0.02862400327131466,False,233.7803000000349
bm25_e5_rrf,TP019,temporal,1,c404e320-0bf2-4325-be92-7a0614f201ca,0.03252247488101534,True,195.5880999994406
bm25_e5_rrf,TP019,temporal,2,b0d368a1-d0fc-4b8b-8567-e190cf462986,0.03252247488101534,False,195.5880999994406
bm25_e5_rrf,TP019,temporal,3,919e93ca-fed9-4dde-b9b8-f870e207a3f3,0.031024531024531024,False,195.5880999994406
bm25_e5_rrf,TP019,temporal,4,b66e5419-8a9c-47f4-866d-ebdb95b174b2,0.030798389007344232,False,195.5880999994406
bm25_e5_rrf,TP019,temporal,5,74c0eabe-77c7-4dbf-a321-27966a12fafb,0.03007688828584351,False,195.5880999994406
bm25_e5_rrf,TP019,temporal,6,16efaa44-1554-4748-8407-48fac0bced94,0.029910714285714284,False,195.5880999994406
bm25_e5_rrf,TP019,temporal,7,63b53156-440d-40c1-bc88-5c07c23ae77f,0.029877369007803793,False,195.5880999994406
bm25_e5_rrf,TP019,temporal,8,b7876bcb-b1d0-409a-831d-45e59e35a44e,0.02854251012145749,False,195.5880999994406
bm25_e5_rrf,TP019,temporal,9,d3b7d61b-50f0-4b96-a770-785a9f3c3886,0.027272727272727275,False,195.5880999994406
bm25_e5_rrf,TP019,temporal,10,ffcf7308-6e83-47bc-a519-0b4b7ba44562,0.025320462098433298,False,195.5880999994406
bm25_e5_rrf,TP020,temporal,1,6ffcd319-e868-444b-b6fe-8d192a4de3ff,0.03252247488101534,False,156.91869999955088
bm25_e5_rrf,TP020,temporal,2,c404e320-0bf2-4325-be92-7a0614f201ca,0.03252247488101534,True,156.91869999955088
bm25_e5_rrf,TP020,temporal,3,919e93ca-fed9-4dde-b9b8-f870e207a3f3,0.031009615384615385,False,156.91869999955088
bm25_e5_rrf,TP020,temporal,4,16efaa44-1554-4748-8407-48fac0bced94,0.029513888888888888,False,156.91869999955088
bm25_e5_rrf,TP020,temporal,5,b0d368a1-d0fc-4b8b-8567-e190cf462986,0.028373015873015873,False,156.91869999955088
bm25_e5_rrf,TP020,temporal,6,da79aa00-567d-434c-8441-915ac080f918,0.028006267136701922,False,156.91869999955088
bm25_e5_rrf,TP020,temporal,7,8f3ed830-3a06-41c6-8b06-cfcf6d36a83c,0.027272727272727275,False,156.91869999955088
bm25_e5_rrf,TP020,temporal,8,74c0eabe-77c7-4dbf-a321-27966a12fafb,0.027236652236652236,False,156.91869999955088
bm25_e5_rrf,TP020,temporal,9,59d57c8a-c9d7-4f8d-b9a1-a2816f1f01f7,0.02690100430416069,False,156.91869999955088
bm25_e5_rrf,TP020,temporal,10,5de4d74d-720e-4d86-a836-f946d70a2d32,0.026830135039090264,False,156.91869999955088
bm25_e5_rrf,TP021,fact_specific,1,919e93ca-fed9-4dde-b9b8-f870e207a3f3,0.03252247488101534,True,192.32110000029934
bm25_e5_rrf,TP021,fact_specific,2,b0d368a1-d0fc-4b8b-8567-e190cf462986,0.03200204813108039,True,192.32110000029934
bm25_e5_rrf,TP021,fact_specific,3,f7a9837d-f8db-4461-abd8-a3607db2276f,0.03177805800756621,False,192.32110000029934
bm25_e5_rrf,TP021,fact_specific,4,74c0eabe-77c7-4dbf-a321-27966a12fafb,0.03125,False,192.32110000029934
bm25_e5_rrf,TP021,fact_specific,5,6ffcd319-e868-444b-b6fe-8d192a4de3ff,0.030536130536130537,False,192.32110000029934
bm25_e5_rrf,TP021,fact_specific,6,b7876bcb-b1d0-409a-831d-45e59e35a44e,0.03007688828584351,False,192.32110000029934
bm25_e5_rrf,TP021,fact_specific,7,c404e320-0bf2-4325-be92-7a0614f201ca,0.029957522915269395,False,192.32110000029934
bm25_e5_rrf,TP021,fact_specific,8,73735f01-c9d0-4dd5-8d46-c70045e4b334,0.02900988017658188,False,192.32110000029934
bm25_e5_rrf,TP021,fact_specific,9,16efaa44-1554-4748-8407-48fac0bced94,0.028594771241830064,False,192.32110000029934
bm25_e5_rrf,TP021,fact_specific,10,d2e0fc0a-bf0e-4226-abbf-e9f3dea2fce8,0.02817460317460317,False,192.32110000029934
bm25_e5_rrf,TP022,fact_specific,1,919e93ca-fed9-4dde-b9b8-f870e207a3f3,0.03252247488101534,False,151.1836999998195
bm25_e5_rrf,TP022,fact_specific,2,b7876bcb-b1d0-409a-831d-45e59e35a44e,0.03252247488101534,True,151.1836999998195
bm25_e5_rrf,TP022,fact_specific,3,16efaa44-1554-4748-8407-48fac0bced94,0.03125763125763126,False,151.1836999998195
bm25_e5_rrf,TP022,fact_specific,4,74c0eabe-77c7-4dbf-a321-27966a12fafb,0.030776515151515152,False,151.1836999998195
bm25_e5_rrf,TP022,fact_specific,5,b0d368a1-d0fc-4b8b-8567-e190cf462986,0.029877369007803793,False,151.1836999998195
bm25_e5_rrf,TP022,fact_specific,6,6ffcd319-e868-444b-b6fe-8d192a4de3ff,0.029437229437229435,False,151.1836999998195
bm25_e5_rrf,TP022,fact_specific,7,f7a9837d-f8db-4461-abd8-a3607db2276f,0.02900988017658188,False,151.1836999998195
bm25_e5_rrf,TP022,fact_specific,8,7e68f70a-ba74-4eb8-bbae-c7e9f7340567,0.02821869488536155,False,151.1836999998195
bm25_e5_rrf,TP022,fact_specific,9,c404e320-0bf2-4325-be92-7a0614f201ca,0.027820121951219513,False,151.1836999998195
bm25_e5_rrf,TP022,fact_specific,10,15e829a9-a475-429d-b0e3-5c34bfbd3ab7,0.027692895339954164,False,151.1836999998195
bm25_e5_rrf,TP023,preparation,1,b225ae64-72d2-4e59-81c0-57f5d8438666,0.031544957774465976,False,179.32590000054915
bm25_e5_rrf,TP023,preparation,2,eda54b74-cd2f-4808-8175-bcc5b916ce90,0.031544957774465976,True,179.32590000054915
bm25_e5_rrf,TP023,preparation,3,7adacb8c-91c0-4ea7-8d82-7505eeac5042,0.03055037313432836,False,179.32590000054915
bm25_e5_rrf,TP023,preparation,4,fd678588-5ac2-400d-95c5-3309537781ec,0.02928692699490662,False,179.32590000054915
bm25_e5_rrf,TP023,preparation,5,21d38039-895b-46a4-8902-96e380ce41aa,0.029206349206349208,False,179.32590000054915
bm25_e5_rrf,TP023,preparation,6,7e68f70a-ba74-4eb8-bbae-c7e9f7340567,0.028404512489927477,False,179.32590000054915
bm25_e5_rrf,TP023,preparation,7,b0d368a1-d0fc-4b8b-8567-e190cf462986,0.028283227848101264,False,179.32590000054915
bm25_e5_rrf,TP023,preparation,8,b8c70ff9-e1b2-40ce-9a0a-f65a53899d13,0.028205128205128206,False,179.32590000054915
bm25_e5_rrf,TP023,preparation,9,36bac780-b1a2-42dc-8cca-3605f80c5521,0.027884615384615386,False,179.32590000054915
bm25_e5_rrf,TP023,preparation,10,73735f01-c9d0-4dd5-8d46-c70045e4b334,0.027583600982429624,False,179.32590000054915
bm25_e5_rrf,TP024,preparation,1,84c0a864-176f-4776-a15e-167fc2518e5d,0.03225806451612903,False,201.644299999316
bm25_e5_rrf,TP024,preparation,2,eda54b74-cd2f-4808-8175-bcc5b916ce90,0.031544957774465976,False,201.644299999316
bm25_e5_rrf,TP024,preparation,3,98d006ac-5212-4c8c-8a63-4cbd4d6caffc,0.031099324975891997,False,201.644299999316
bm25_e5_rrf,TP024,preparation,4,b225ae64-72d2-4e59-81c0-57f5d8438666,0.031024531024531024,False,201.644299999316
bm25_e5_rrf,TP024,preparation,5,36bac780-b1a2-42dc-8cca-3605f80c5521,0.03076923076923077,True,201.644299999316
bm25_e5_rrf,TP024,preparation,6,9552a4ac-31b4-43a8-aa92-37bd3e89362a,0.029957522915269395,False,201.644299999316
bm25_e5_rrf,TP024,preparation,7,7e5199d4-e5c9-40ca-a69f-ea37f52c6ce3,0.028790389395194696,False,201.644299999316
bm25_e5_rrf,TP024,preparation,8,8f3ed830-3a06-41c6-8b06-cfcf6d36a83c,0.02862400327131466,False,201.644299999316
bm25_e5_rrf,TP024,preparation,9,7adacb8c-91c0-4ea7-8d82-7505eeac5042,0.02857142857142857,False,201.644299999316
bm25_e5_rrf,TP024,preparation,10,a7cf71a5-8426-4d7c-8106-e0754e7cb4bf,0.02844551282051282,False,201.644299999316
bm25_e5_rrf,TP025,temporal,1,54fdf811-dedd-4016-b144-3e4bfdcd67c8,0.031754032258064516,False,180.2929999994376
bm25_e5_rrf,TP025,temporal,2,a7cf71a5-8426-4d7c-8106-e0754e7cb4bf,0.031099324975891997,False,180.2929999994376
bm25_e5_rrf,TP025,temporal,3,f4580736-a09e-471f-93d2-8089c695eb67,0.03036576949620428,False,180.2929999994376
bm25_e5_rrf,TP025,temporal,4,f9cfc75b-a5e7-4633-a798-4b17ea462325,0.03009207275993712,False,180.2929999994376
bm25_e5_rrf,TP025,temporal,5,8939253d-3272-4915-8c2b-c60062aeb818,0.03007688828584351,False,180.2929999994376
bm25_e5_rrf,TP025,temporal,6,2e55093d-0a0f-4fd9-954b-4fc72df9eac0,0.028371628371628373,False,180.2929999994376
bm25_e5_rrf,TP025,temporal,7,23c6ca0d-04bf-4081-b90a-9819029dcd73,0.027051561365286855,False,180.2929999994376
bm25_e5_rrf,TP025,temporal,8,71d2e37c-44e2-4972-8e6b-a6449c2f8404,0.025252525252525252,False,180.2929999994376
bm25_e5_rrf,TP025,temporal,9,ffcf7308-6e83-47bc-a519-0b4b7ba44562,0.025007766387076732,False,180.2929999994376
bm25_e5_rrf,TP025,temporal,10,e96acbc9-66b4-4df4-953b-3f7b0a846bbc,0.02481203007518797,False,180.2929999994376
bm25_e5_rrf,TP026,procedure,1,9b6cc313-9a59-4387-a5ce-2ed14389a0a7,0.03278688524590164,False,161.54960000039864
bm25_e5_rrf,TP026,procedure,2,5de4d74d-720e-4d86-a836-f946d70a2d32,0.03149801587301587,True,161.54960000039864
bm25_e5_rrf,TP026,procedure,3,f9cfc75b-a5e7-4633-a798-4b17ea462325,0.028949545078577336,False,161.54960000039864
bm25_e5_rrf,TP026,procedure,4,b0b5bc4f-7d0b-4f56-8e37-84178d38637d,0.02803379416282642,False,161.54960000039864
bm25_e5_rrf,TP026,procedure,5,4c0dde2a-0432-4cb2-ad33-987f5979ff76,0.027972027972027972,False,161.54960000039864
bm25_e5_rrf,TP026,procedure,6,36bac780-b1a2-42dc-8cca-3605f80c5521,0.027884615384615386,False,161.54960000039864
bm25_e5_rrf,TP026,procedure,7,98d006ac-5212-4c8c-8a63-4cbd4d6caffc,0.02661401098901099,False,161.54960000039864
bm25_e5_rrf,TP026,procedure,8,74c0eabe-77c7-4dbf-a321-27966a12fafb,0.0260840108401084,False,161.54960000039864
bm25_e5_rrf,TP026,procedure,9,2cea4ea7-7aaf-4c54-ac4e-b660de52065d,0.0259915611814346,False,161.54960000039864
bm25_e5_rrf,TP026,procedure,10,73735f01-c9d0-4dd5-8d46-c70045e4b334,0.02591362126245847,False,161.54960000039864
bm25_e5_rrf,TP027,fact_specific,1,5de4d74d-720e-4d86-a836-f946d70a2d32,0.03252247488101534,True,184.98320000071544
bm25_e5_rrf,TP027,fact_specific,2,da79aa00-567d-434c-8441-915ac080f918,0.029513888888888888,False,184.98320000071544
bm25_e5_rrf,TP027,fact_specific,3,cfff9bf0-05e4-4179-a793-f3c705d04812,0.028790389395194696,False,184.98320000071544
bm25_e5_rrf,TP027,fact_specific,4,df699ccc-6f51-4281-b4a4-f3d2a20631e0,0.02832415420928403,False,184.98320000071544
bm25_e5_rrf,TP027,fact_specific,5,59d57c8a-c9d7-4f8d-b9a1-a2816f1f01f7,0.02792120864410021,False,184.98320000071544
bm25_e5_rrf,TP027,fact_specific,6,c404e320-0bf2-4325-be92-7a0614f201ca,0.02701252236135957,False,184.98320000071544
bm25_e5_rrf,TP027,fact_specific,7,16efaa44-1554-4748-8407-48fac0bced94,0.0266900790166813,False,184.98320000071544
bm25_e5_rrf,TP027,fact_specific,8,21efe016-3004-45f3-a070-29ce2ecb0019,0.02662057044079516,False,184.98320000071544
bm25_e5_rrf,TP027,fact_specific,9,3ecc27b9-634c-4026-b44e-e01123aa0467,0.026120660599932594,False,184.98320000071544
bm25_e5_rrf,TP027,fact_specific,10,b0b5bc4f-7d0b-4f56-8e37-84178d38637d,0.02604430914933198,False,184.98320000071544
bm25_e5_rrf,TP028,fact_specific,1,54fdf811-dedd-4016-b144-3e4bfdcd67c8,0.03252247488101534,False,209.69289999993634
bm25_e5_rrf,TP028,fact_specific,2,4c0dde2a-0432-4cb2-ad33-987f5979ff76,0.032266458495966696,False,209.69289999993634
bm25_e5_rrf,TP028,fact_specific,3,d4c1a9ca-23c5-4ae0-9a51-c56675b2e6d1,0.03125763125763126,False,209.69289999993634
bm25_e5_rrf,TP028,fact_specific,4,23c6ca0d-04bf-4081-b90a-9819029dcd73,0.031054405392392875,False,209.69289999993634
bm25_e5_rrf,TP028,fact_specific,5,e62b0c91-ff0c-43b2-9bd5-ff173d9f8bc0,0.031009615384615385,True,209.69289999993634
bm25_e5_rrf,TP028,fact_specific,6,e96acbc9-66b4-4df4-953b-3f7b0a846bbc,0.030303030303030304,False,209.69289999993634
bm25_e5_rrf,TP028,fact_specific,7,bc88f538-e881-4c81-85e9-fca20614315d,0.02900988017658188,False,209.69289999993634
bm25_e5_rrf,TP028,fact_specific,8,df699ccc-6f51-4281-b4a4-f3d2a20631e0,0.028370221327967807,False,209.69289999993634
bm25_e5_rrf,TP028,fact_specific,9,73735f01-c9d0-4dd5-8d46-c70045e4b334,0.027984344422700584,False,209.69289999993634
bm25_e5_rrf,TP028,fact_specific,10,d9a4a9c8-fbd4-41f2-bab6-6abd72575204,0.027222222222222224,False,209.69289999993634
bm25_e5_rrf,TP029,product_specific,1,54fdf811-dedd-4016-b144-3e4bfdcd67c8,0.032266458495966696,False,200.04900000003545
bm25_e5_rrf,TP029,product_specific,2,4c0dde2a-0432-4cb2-ad33-987f5979ff76,0.03225806451612903,False,200.04900000003545
bm25_e5_rrf,TP029,product_specific,3,e96acbc9-66b4-4df4-953b-3f7b0a846bbc,0.031009615384615385,False,200.04900000003545
bm25_e5_rrf,TP029,product_specific,4,59d57c8a-c9d7-4f8d-b9a1-a2816f1f01f7,0.030679156908665108,True,200.04900000003545
bm25_e5_rrf,TP029,product_specific,5,d4c1a9ca-23c5-4ae0-9a51-c56675b2e6d1,0.03057889822595705,False,200.04900000003545
bm25_e5_rrf,TP029,product_specific,6,7c33fbb7-e931-4f6b-9520-23875ec9ee5b,0.03055037313432836,False,200.04900000003545
bm25_e5_rrf,TP029,product_specific,7,3ecc27b9-634c-4026-b44e-e01123aa0467,0.030536130536130537,False,200.04900000003545
bm25_e5_rrf,TP029,product_specific,8,63b53156-440d-40c1-bc88-5c07c23ae77f,0.02904040404040404,False,200.04900000003545
bm25_e5_rrf,TP029,product_specific,9,1033ac46-dec8-493e-b577-7f5ad80f8e86,0.028790389395194696,False,200.04900000003545
bm25_e5_rrf,TP029,product_specific,10,5de4d74d-720e-4d86-a836-f946d70a2d32,0.02819138376017471,False,200.04900000003545
bm25_e5_rrf,TP030,paraphrase,1,b0b5bc4f-7d0b-4f56-8e37-84178d38637d,0.031544957774465976,True,187.79749999976048
bm25_e5_rrf,TP030,paraphrase,2,4c0dde2a-0432-4cb2-ad33-987f5979ff76,0.03149801587301587,False,187.79749999976048
bm25_e5_rrf,TP030,paraphrase,3,f7a9837d-f8db-4461-abd8-a3607db2276f,0.03149801587301587,False,187.79749999976048
bm25_e5_rrf,TP030,paraphrase,4,c404e320-0bf2-4325-be92-7a0614f201ca,0.029850746268656716,False,187.79749999976048
bm25_e5_rrf,TP030,paraphrase,5,f4580736-a09e-471f-93d2-8089c695eb67,0.028949545078577336,False,187.79749999976048
bm25_e5_rrf,TP030,paraphrase,6,23c6ca0d-04bf-4081-b90a-9819029dcd73,0.02871794871794872,False,187.79749999976048
bm25_e5_rrf,TP030,paraphrase,7,8939253d-3272-4915-8c2b-c60062aeb818,0.02758751902587519,False,187.79749999976048
bm25_e5_rrf,TP030,paraphrase,8,646d4165-73db-4f69-84da-5f393cd81988,0.027526395173453996,False,187.79749999976048
bm25_e5_rrf,TP030,paraphrase,9,4d18d11e-2a92-4690-8a64-46653931483e,0.026992753623188405,False,187.79749999976048
bm25_e5_rrf,TP030,paraphrase,10,1033ac46-dec8-493e-b577-7f5ad80f8e86,0.02649122807017544,False,187.79749999976048
bm25_e5_rrf,TP031,monitoring,1,a7cf71a5-8426-4d7c-8106-e0754e7cb4bf,0.03177805800756621,True,129.3132999990121
bm25_e5_rrf,TP031,monitoring,2,7e5199d4-e5c9-40ca-a69f-ea37f52c6ce3,0.031754032258064516,False,129.3132999990121
bm25_e5_rrf,TP031,monitoring,3,16efaa44-1554-4748-8407-48fac0bced94,0.03036576949620428,False,129.3132999990121
bm25_e5_rrf,TP031,monitoring,4,73735f01-c9d0-4dd5-8d46-c70045e4b334,0.030090497737556562,False,129.3132999990121
bm25_e5_rrf,TP031,monitoring,5,30ce28cb-f702-4cce-8105-137e2f73af0d,0.02817460317460317,False,129.3132999990121
bm25_e5_rrf,TP031,monitoring,6,22e6c188-2e4c-4029-b200-7770a3f00e6e,0.028169014084507043,False,129.3132999990121
bm25_e5_rrf,TP031,monitoring,7,d3b7d61b-50f0-4b96-a770-785a9f3c3886,0.02797067901234568,False,129.3132999990121
bm25_e5_rrf,TP031,monitoring,8,64fa07b8-63c3-43c8-899e-5bd6282225ed,0.02736726874657909,False,129.3132999990121
bm25_e5_rrf,TP031,monitoring,9,b225ae64-72d2-4e59-81c0-57f5d8438666,0.02724014336917563,False,129.3132999990121
bm25_e5_rrf,TP031,monitoring,10,c404e320-0bf2-4325-be92-7a0614f201ca,0.02712049508554787,False,129.3132999990121
bm25_e5_rrf,TP032,adverse_reaction,1,15e829a9-a475-429d-b0e3-5c34bfbd3ab7,0.03278688524590164,True,220.78069999952277
bm25_e5_rrf,TP032,adverse_reaction,2,391ad5dc-0d1c-4350-85ba-5aa601d9ac0d,0.031054405392392875,False,220.78069999952277
bm25_e5_rrf,TP032,adverse_reaction,3,7abe62fa-6fdb-4466-a16b-73e1770f0c57,0.030621785881252923,False,220.78069999952277
bm25_e5_rrf,TP032,adverse_reaction,4,8939253d-3272-4915-8c2b-c60062aeb818,0.029910714285714284,True,220.78069999952277
bm25_e5_rrf,TP032,adverse_reaction,5,2e55093d-0a0f-4fd9-954b-4fc72df9eac0,0.02976190476190476,False,220.78069999952277
bm25_e5_rrf,TP032,adverse_reaction,6,a7cf71a5-8426-4d7c-8106-e0754e7cb4bf,0.02804284323271665,False,220.78069999952277
bm25_e5_rrf,TP032,adverse_reaction,7,5de4d74d-720e-4d86-a836-f946d70a2d32,0.027598020555767037,False,220.78069999952277
bm25_e5_rrf,TP032,adverse_reaction,8,9b6cc313-9a59-4387-a5ce-2ed14389a0a7,0.027051561365286855,False,220.78069999952277
bm25_e5_rrf,TP032,adverse_reaction,9,da79aa00-567d-434c-8441-915ac080f918,0.02668564312399929,False,220.78069999952277
bm25_e5_rrf,TP032,adverse_reaction,10,9552a4ac-31b4-43a8-aa92-37bd3e89362a,0.026494565217391304,False,220.78069999952277
bm25_e5_rrf,TP033,adverse_reaction,1,8939253d-3272-4915-8c2b-c60062aeb818,0.03278688524590164,True,195.19169999966834
bm25_e5_rrf,TP033,adverse_reaction,2,15e829a9-a475-429d-b0e3-5c34bfbd3ab7,0.0315136476426799,False,195.19169999966834
bm25_e5_rrf,TP033,adverse_reaction,3,7abe62fa-6fdb-4466-a16b-73e1770f0c57,0.03149801587301587,True,195.19169999966834
bm25_e5_rrf,TP033,adverse_reaction,4,2e55093d-0a0f-4fd9-954b-4fc72df9eac0,0.03125763125763126,False,195.19169999966834
bm25_e5_rrf,TP033,adverse_reaction,5,f4580736-a09e-471f-93d2-8089c695eb67,0.030330882352941176,False,195.19169999966834
bm25_e5_rrf,TP033,adverse_reaction,6,324bc249-0e84-46e9-b77f-856c76cd5353,0.029827662395050816,False,195.19169999966834
bm25_e5_rrf,TP033,adverse_reaction,7,da79aa00-567d-434c-8441-915ac080f918,0.026992753623188405,False,195.19169999966834
bm25_e5_rrf,TP033,adverse_reaction,8,66dba192-bac5-4b3a-bd4d-77e9eacb4192,0.026916221033868093,False,195.19169999966834
bm25_e5_rrf,TP033,adverse_reaction,9,ee8c2027-ad6d-4bb7-8077-5e4c42be1cc3,0.025793650793650792,False,195.19169999966834
bm25_e5_rrf,TP033,adverse_reaction,10,5de4d74d-720e-4d86-a836-f946d70a2d32,0.02571241401899771,False,195.19169999966834
bm25_e5_rrf,TP034,adverse_reaction,1,7abe62fa-6fdb-4466-a16b-73e1770f0c57,0.03278688524590164,True,274.40780000051745
bm25_e5_rrf,TP034,adverse_reaction,2,2e55093d-0a0f-4fd9-954b-4fc72df9eac0,0.03200204813108039,True,274.40780000051745
bm25_e5_rrf,TP034,adverse_reaction,3,5e7838ae-0b80-4d05-b266-deb52de7b401,0.03200204813108039,False,274.40780000051745
bm25_e5_rrf,TP034,adverse_reaction,4,da79aa00-567d-434c-8441-915ac080f918,0.03055037313432836,False,274.40780000051745
bm25_e5_rrf,TP034,adverse_reaction,5,324bc249-0e84-46e9-b77f-856c76cd5353,0.030330882352941176,False,274.40780000051745
bm25_e5_rrf,TP034,adverse_reaction,6,15e829a9-a475-429d-b0e3-5c34bfbd3ab7,0.030090497737556562,False,274.40780000051745
bm25_e5_rrf,TP034,adverse_reaction,7,8939253d-3272-4915-8c2b-c60062aeb818,0.029418126757516764,False,274.40780000051745
bm25_e5_rrf,TP034,adverse_reaction,8,70b95f72-95ec-43b5-b76f-657518103256,0.026785714285714288,False,274.40780000051745
bm25_e5_rrf,TP034,adverse_reaction,9,9552a4ac-31b4-43a8-aa92-37bd3e89362a,0.0264957264957265,False,274.40780000051745
bm25_e5_rrf,TP034,adverse_reaction,10,8f3ed830-3a06-41c6-8b06-cfcf6d36a83c,0.02649122807017544,False,274.40780000051745
bm25_e5_rrf,TN006,negative_out_of_scope,1,71d2e37c-44e2-4972-8e6b-a6449c2f8404,0.03278688524590164,False,214.49699999993754
bm25_e5_rrf,TN006,negative_out_of_scope,2,ffcf7308-6e83-47bc-a519-0b4b7ba44562,0.03200204813108039,False,214.49699999993754
bm25_e5_rrf,TN006,negative_out_of_scope,3,f4580736-a09e-471f-93d2-8089c695eb67,0.030798389007344232,False,214.49699999993754
bm25_e5_rrf,TN006,negative_out_of_scope,4,5de4d74d-720e-4d86-a836-f946d70a2d32,0.030536130536130537,False,214.49699999993754
bm25_e5_rrf,TN006,negative_out_of_scope,5,15e829a9-a475-429d-b0e3-5c34bfbd3ab7,0.029236022193768675,False,214.49699999993754
bm25_e5_rrf,TN006,negative_out_of_scope,6,ee8c2027-ad6d-4bb7-8077-5e4c42be1cc3,0.028381642512077296,False,214.49699999993754
bm25_e5_rrf,TN006,negative_out_of_scope,7,66dba192-bac5-4b3a-bd4d-77e9eacb4192,0.027984344422700584,False,214.49699999993754
bm25_e5_rrf,TN006,negative_out_of_scope,8,0f6b0fc1-9d70-479f-a87d-a26e954e2adb,0.026973565905412694,False,214.49699999993754
bm25_e5_rrf,TN006,negative_out_of_scope,9,ba3d1d87-0c2d-4b67-a0c2-4615c8249c2a,0.02690100430416069,False,214.49699999993754
bm25_e5_rrf,TN006,negative_out_of_scope,10,da79aa00-567d-434c-8441-915ac080f918,0.02661401098901099,False,214.49699999993754
bm25_e5_rrf,TN007,negative_out_of_scope,1,54fdf811-dedd-4016-b144-3e4bfdcd67c8,0.028958333333333336,False,150.97959999911836
bm25_e5_rrf,TN007,negative_out_of_scope,2,23c6ca0d-04bf-4081-b90a-9819029dcd73,0.02886002886002886,False,150.97959999911836
bm25_e5_rrf,TN007,negative_out_of_scope,3,ba3d1d87-0c2d-4b67-a0c2-4615c8249c2a,0.028283227848101264,False,150.97959999911836
bm25_e5_rrf,TN007,negative_out_of_scope,4,63b53156-440d-40c1-bc88-5c07c23ae77f,0.02788769549651404,False,150.97959999911836
bm25_e5_rrf,TN007,negative_out_of_scope,5,09f3c6d5-9e0c-4545-960f-b16c69abbeb1,0.0277569392348087,False,150.97959999911836
bm25_e5_rrf,TN007,negative_out_of_scope,6,9131e9a9-eff3-4f4e-a20b-4bdd456c35bc,0.027637721755368813,False,150.97959999911836
bm25_e5_rrf,TN007,negative_out_of_scope,7,0f6b0fc1-9d70-479f-a87d-a26e954e2adb,0.027425373134328357,False,150.97959999911836
bm25_e5_rrf,TN007,negative_out_of_scope,8,10537058-d160-4786-a6cf-95de46d7189c,0.02667140825035562,False,150.97959999911836
bm25_e5_rrf,TN007,negative_out_of_scope,9,71d2e37c-44e2-4972-8e6b-a6449c2f8404,0.02661064425770308,False,150.97959999911836
bm25_e5_rrf,TN007,negative_out_of_scope,10,7c33fbb7-e931-4f6b-9520-23875ec9ee5b,0.02639344262295082,False,150.97959999911836
bm25_e5_rrf,TN008,negative_out_of_scope,1,d9a4a9c8-fbd4-41f2-bab6-6abd72575204,0.030621785881252923,False,137.96330000150192
bm25_e5_rrf,TN008,negative_out_of_scope,2,b66e5419-8a9c-47f4-866d-ebdb95b174b2,0.03057889822595705,False,137.96330000150192
bm25_e5_rrf,TN008,negative_out_of_scope,3,bc88f538-e881-4c81-85e9-fca20614315d,0.03055037313432836,False,137.96330000150192
bm25_e5_rrf,TN008,negative_out_of_scope,4,ee8c2027-ad6d-4bb7-8077-5e4c42be1cc3,0.02967032967032967,False,137.96330000150192
bm25_e5_rrf,TN008,negative_out_of_scope,5,fb4884e3-8fea-42fa-b996-7e9c333e7fef,0.02964426877470356,False,137.96330000150192
bm25_e5_rrf,TN008,negative_out_of_scope,6,edd76252-eb29-4acf-9a31-735463528b7d,0.029513888888888888,False,137.96330000150192
bm25_e5_rrf,TN008,negative_out_of_scope,7,2cea4ea7-7aaf-4c54-ac4e-b660de52065d,0.02844163539403516,False,137.96330000150192
bm25_e5_rrf,TN008,negative_out_of_scope,8,eeb8db46-f757-41f1-9ca5-c022f3d4ea3e,0.027443609022556388,False,137.96330000150192
bm25_e5_rrf,TN008,negative_out_of_scope,9,21efe016-3004-45f3-a070-29ce2ecb0019,0.02736498731424429,False,137.96330000150192
bm25_e5_rrf,TN008,negative_out_of_scope,10,761b9529-5b18-4262-8174-6062c35fb31c,0.027271052146674038,False,137.96330000150192
bm25_e5_rrf,TN009,negative_out_of_scope,1,ee8c2027-ad6d-4bb7-8077-5e4c42be1cc3,0.0315136476426799,False,102.01689999939845
bm25_e5_rrf,TN009,negative_out_of_scope,2,66dba192-bac5-4b3a-bd4d-77e9eacb4192,0.029437229437229435,False,102.01689999939845
bm25_e5_rrf,TN009,negative_out_of_scope,3,10537058-d160-4786-a6cf-95de46d7189c,0.02877846790890269,False,102.01689999939845
bm25_e5_rrf,TN009,negative_out_of_scope,4,761b9529-5b18-4262-8174-6062c35fb31c,0.02832415420928403,False,102.01689999939845
bm25_e5_rrf,TN009,negative_out_of_scope,5,fb4884e3-8fea-42fa-b996-7e9c333e7fef,0.02815814850530376,False,102.01689999939845
bm25_e5_rrf,TN009,negative_out_of_scope,6,54fdf811-dedd-4016-b144-3e4bfdcd67c8,0.02603648424543947,False,102.01689999939845
bm25_e5_rrf,TN009,negative_out_of_scope,7,63b53156-440d-40c1-bc88-5c07c23ae77f,0.02574682290807064,False,102.01689999939845
bm25_e5_rrf,TN009,negative_out_of_scope,8,eeb8db46-f757-41f1-9ca5-c022f3d4ea3e,0.02571241401899771,False,102.01689999939845
bm25_e5_rrf,TN009,negative_out_of_scope,9,e96acbc9-66b4-4df4-953b-3f7b0a846bbc,0.02557875991581674,False,102.01689999939845
bm25_e5_rrf,TN009,negative_out_of_scope,10,0f6b0fc1-9d70-479f-a87d-a26e954e2adb,0.023258904837852208,False,102.01689999939845
bm25_e5_rrf,TN010,negative_out_of_scope,1,54fdf811-dedd-4016-b144-3e4bfdcd67c8,0.029083245521601686,False,93.21599999930186
bm25_e5_rrf,TN010,negative_out_of_scope,2,761b9529-5b18-4262-8174-6062c35fb31c,0.028814262023217248,False,93.21599999930186
bm25_e5_rrf,TN010,negative_out_of_scope,3,ee8c2027-ad6d-4bb7-8077-5e4c42be1cc3,0.02782608695652174,False,93.21599999930186
bm25_e5_rrf,TN010,negative_out_of_scope,4,fb4884e3-8fea-42fa-b996-7e9c333e7fef,0.02719970792259949,False,93.21599999930186
bm25_e5_rrf,TN010,negative_out_of_scope,5,e96acbc9-66b4-4df4-953b-3f7b0a846bbc,0.025274725274725275,False,93.21599999930186
bm25_e5_rrf,TN010,negative_out_of_scope,6,eeb8db46-f757-41f1-9ca5-c022f3d4ea3e,0.02523809523809524,False,93.21599999930186
bm25_e5_rrf,TN010,negative_out_of_scope,7,d9a4a9c8-fbd4-41f2-bab6-6abd72575204,0.02490996398559424,False,93.21599999930186
bm25_e5_rrf,TN010,negative_out_of_scope,8,d4c1a9ca-23c5-4ae0-9a51-c56675b2e6d1,0.02483719521429653,False,93.21599999930186
bm25_e5_rrf,TN010,negative_out_of_scope,9,66dba192-bac5-4b3a-bd4d-77e9eacb4192,0.02470238095238095,False,93.21599999930186
bm25_e5_rrf,TN010,negative_out_of_scope,10,bc88f538-e881-4c81-85e9-fca20614315d,0.024039829302987197,False,93.21599999930186
bm25_e5_rrf,TN011,negative_out_of_scope,1,ee8c2027-ad6d-4bb7-8077-5e4c42be1cc3,0.029877369007803793,False,151.79899999839108
bm25_e5_rrf,TN011,negative_out_of_scope,2,66dba192-bac5-4b3a-bd4d-77e9eacb4192,0.028309409888357256,False,151.79899999839108
bm25_e5_rrf,TN011,negative_out_of_scope,3,edd76252-eb29-4acf-9a31-735463528b7d,0.025342039800995024,False,151.79899999839108
bm25_e5_rrf,TN011,negative_out_of_scope,4,63e9db23-9c0a-4e6a-a272-3d118d242ca2,0.024492753623188406,False,151.79899999839108
bm25_e5_rrf,TN011,negative_out_of_scope,5,21efe016-3004-45f3-a070-29ce2ecb0019,0.022431077694235586,False,151.79899999839108
bm25_e5_rrf,TN011,negative_out_of_scope,6,fb4884e3-8fea-42fa-b996-7e9c333e7fef,0.01639344262295082,False,151.79899999839108
bm25_e5_rrf,TN011,negative_out_of_scope,7,f4580736-a09e-471f-93d2-8089c695eb67,0.01639344262295082,False,151.79899999839108
bm25_e5_rrf,TN011,negative_out_of_scope,8,761b9529-5b18-4262-8174-6062c35fb31c,0.016129032258064516,False,151.79899999839108
bm25_e5_rrf,TN011,negative_out_of_scope,9,64fa07b8-63c3-43c8-899e-5bd6282225ed,0.016129032258064516,False,151.79899999839108
bm25_e5_rrf,TN011,negative_out_of_scope,10,c78ff32d-ea17-41fd-98ef-2e8872f01df3,0.015873015873015872,False,151.79899999839108
bm25_e5_rrf_rerank,TF001,fact_specific,1,c78ff32d-ea17-41fd-98ef-2e8872f01df3,0.0818710208390797,True,325.6283999990046
bm25_e5_rrf_rerank,TF001,fact_specific,2,fd678588-5ac2-400d-95c5-3309537781ec,0.06439070420387463,False,325.6283999990046
bm25_e5_rrf_rerank,TF001,fact_specific,3,8259ed27-8646-4502-a959-aab1e9f1770f,0.05765822784810126,False,325.6283999990046
bm25_e5_rrf_rerank,TF001,fact_specific,4,48b9789d-5088-4ba1-a82a-be3a6396ce85,0.036952441496007585,False,325.6283999990046
bm25_e5_rrf_rerank,TF001,fact_specific,5,73735f01-c9d0-4dd5-8d46-c70045e4b334,0.03614915710025363,False,325.6283999990046
bm25_e5_rrf_rerank,TF001,fact_specific,6,cfff9bf0-05e4-4179-a793-f3c705d04812,0.034886025803599195,False,325.6283999990046
bm25_e5_rrf_rerank,TF001,fact_specific,7,8f3ed830-3a06-41c6-8b06-cfcf6d36a83c,0.03472737950056595,False,325.6283999990046
bm25_e5_rrf_rerank,TF001,fact_specific,8,16efaa44-1554-4748-8407-48fac0bced94,0.03457875674951333,False,325.6283999990046
bm25_e5_rrf_rerank,TF001,fact_specific,9,5de4d74d-720e-4d86-a836-f946d70a2d32,0.03457237952935952,False,325.6283999990046
bm25_e5_rrf_rerank,TF001,fact_specific,10,30ce28cb-f702-4cce-8105-137e2f73af0d,0.03437949473911837,False,325.6283999990046
bm25_e5_rrf_rerank,TF002,paraphrase,1,c78ff32d-ea17-41fd-98ef-2e8872f01df3,0.10862576578484205,True,328.8338999991538
bm25_e5_rrf_rerank,TF002,paraphrase,2,8259ed27-8646-4502-a959-aab1e9f1770f,0.07499531172490029,False,328.8338999991538
bm25_e5_rrf_rerank,TF002,paraphrase,3,fd678588-5ac2-400d-95c5-3309537781ec,0.06377620381843753,False,328.8338999991538
bm25_e5_rrf_rerank,TF002,paraphrase,4,73735f01-c9d0-4dd5-8d46-c70045e4b334,0.05320434294991838,False,328.8338999991538
bm25_e5_rrf_rerank,TF002,paraphrase,5,5de4d74d-720e-4d86-a836-f946d70a2d32,0.04168426818957274,False,328.8338999991538
bm25_e5_rrf_rerank,TF002,paraphrase,6,9b6cc313-9a59-4387-a5ce-2ed14389a0a7,0.04024210462814722,False,328.8338999991538
bm25_e5_rrf_rerank,TF002,paraphrase,7,a7cf71a5-8426-4d7c-8106-e0754e7cb4bf,0.03658076529350426,False,328.8338999991538
bm25_e5_rrf_rerank,TF002,paraphrase,8,16efaa44-1554-4748-8407-48fac0bced94,0.035432355036980674,False,328.8338999991538
bm25_e5_rrf_rerank,TF002,paraphrase,9,cfff9bf0-05e4-4179-a793-f3c705d04812,0.03524015936820336,False,328.8338999991538
bm25_e5_rrf_rerank,TF002,paraphrase,10,30ce28cb-f702-4cce-8105-137e2f73af0d,0.03502231177200145,False,328.8338999991538
bm25_e5_rrf_rerank,TF003,product_specific,1,0f6b0fc1-9d70-479f-a87d-a26e954e2adb,0.05085628603325516,False,218.85910000037256
bm25_e5_rrf_rerank,TF003,product_specific,2,ba3d1d87-0c2d-4b67-a0c2-4615c8249c2a,0.050048504468055484,True,218.85910000037256
bm25_e5_rrf_rerank,TF003,product_specific,3,54fdf811-dedd-4016-b144-3e4bfdcd67c8,0.04298672693150498,False,218.85910000037256
bm25_e5_rrf_rerank,TF003,product_specific,4,b0d368a1-d0fc-4b8b-8567-e190cf462986,0.039161220418728465,False,218.85910000037256
bm25_e5_rrf_rerank,TF003,product_specific,5,324bc249-0e84-46e9-b77f-856c76cd5353,0.0357493808327284,False,218.85910000037256
bm25_e5_rrf_rerank,TF003,product_specific,6,646d4165-73db-4f69-84da-5f393cd81988,0.035113936031950184,False,218.85910000037256
bm25_e5_rrf_rerank,TF003,product_specific,7,df699ccc-6f51-4281-b4a4-f3d2a20631e0,0.034868078231811525,False,218.85910000037256
bm25_e5_rrf_rerank,TF003,product_specific,8,ffcf7308-6e83-47bc-a519-0b4b7ba44562,0.033894521130455865,False,218.85910000037256
bm25_e5_rrf_rerank,TF003,product_specific,9,1b376f6f-5ee5-4d05-a585-f3aa6b7ee824,0.03378442053531555,False,218.85910000037256
bm25_e5_rrf_rerank,TF003,product_specific,10,23c6ca0d-04bf-4081-b90a-9819029dcd73,0.03321750980027964,True,218.85910000037256
bm25_e5_rrf_rerank,TF004,product_specific,1,ffcf7308-6e83-47bc-a519-0b4b7ba44562,0.05027874278240517,True,186.25799999972514
bm25_e5_rrf_rerank,TF004,product_specific,2,71d2e37c-44e2-4972-8e6b-a6449c2f8404,0.05023443090543341,False,186.25799999972514
bm25_e5_rrf_rerank,TF004,product_specific,3,63b53156-440d-40c1-bc88-5c07c23ae77f,0.04989317174276518,False,186.25799999972514
bm25_e5_rrf_rerank,TF004,product_specific,4,21efe016-3004-45f3-a070-29ce2ecb0019,0.04541996512956605,False,186.25799999972514
bm25_e5_rrf_rerank,TF004,product_specific,5,a7cf71a5-8426-4d7c-8106-e0754e7cb4bf,0.04491816267626149,False,186.25799999972514
bm25_e5_rrf_rerank,TF004,product_specific,6,a3d42ca5-54b5-4b8d-be4e-79337aaab880,0.04379823177447527,False,186.25799999972514
bm25_e5_rrf_rerank,TF004,product_specific,7,646d4165-73db-4f69-84da-5f393cd81988,0.03619485978557639,False,186.25799999972514
bm25_e5_rrf_rerank,TF004,product_specific,8,ba3d1d87-0c2d-4b67-a0c2-4615c8249c2a,0.035434694623635486,False,186.25799999972514
bm25_e5_rrf_rerank,TF004,product_specific,9,0f6b0fc1-9d70-479f-a87d-a26e954e2adb,0.035337886319015965,False,186.25799999972514
bm25_e5_rrf_rerank,TF004,product_specific,10,1b376f6f-5ee5-4d05-a585-f3aa6b7ee824,0.03515618913530728,False,186.25799999972514
bm25_e5_rrf_rerank,TF005,temporal,1,63b53156-440d-40c1-bc88-5c07c23ae77f,0.057952695830923606,True,265.3756000008798
bm25_e5_rrf_rerank,TF005,temporal,2,4d18d11e-2a92-4690-8a64-46653931483e,0.046087002059831045,False,265.3756000008798
bm25_e5_rrf_rerank,TF005,temporal,3,ffcf7308-6e83-47bc-a519-0b4b7ba44562,0.0460657479146674,False,265.3756000008798
bm25_e5_rrf_rerank,TF005,temporal,4,1033ac46-dec8-493e-b577-7f5ad80f8e86,0.04604686288272633,False,265.3756000008798
bm25_e5_rrf_rerank,TF005,temporal,5,71d2e37c-44e2-4972-8e6b-a6449c2f8404,0.044907550760217615,False,265.3756000008798
bm25_e5_rrf_rerank,TF005,temporal,6,09f3c6d5-9e0c-4545-960f-b16c69abbeb1,0.04474847055059339,False,265.3756000008798
bm25_e5_rrf_rerank,TF005,temporal,7,646d4165-73db-4f69-84da-5f393cd81988,0.044672893282296,False,265.3756000008798
bm25_e5_rrf_rerank,TF005,temporal,8,3ecc27b9-634c-4026-b44e-e01123aa0467,0.04457697386363573,False,265.3756000008798
bm25_e5_rrf_rerank,TF005,temporal,9,da79aa00-567d-434c-8441-915ac080f918,0.04453704272771554,False,265.3756000008798
bm25_e5_rrf_rerank,TF005,temporal,10,1b376f6f-5ee5-4d05-a585-f3aa6b7ee824,0.043790132314095766,False,265.3756000008798
bm25_e5_rrf_rerank,TF006,temporal,1,63b53156-440d-40c1-bc88-5c07c23ae77f,0.057708015080295126,True,298.0539000018325
bm25_e5_rrf_rerank,TF006,temporal,2,ffcf7308-6e83-47bc-a519-0b4b7ba44562,0.057460704311243796,False,298.0539000018325
bm25_e5_rrf_rerank,TF006,temporal,3,71d2e37c-44e2-4972-8e6b-a6449c2f8404,0.05714249002561164,True,298.0539000018325
bm25_e5_rrf_rerank,TF006,temporal,4,09f3c6d5-9e0c-4545-960f-b16c69abbeb1,0.04568456120074539,False,298.0539000018325
bm25_e5_rrf_rerank,TF006,temporal,5,ba3d1d87-0c2d-4b67-a0c2-4615c8249c2a,0.04534134437358522,False,298.0539000018325
bm25_e5_rrf_rerank,TF006,temporal,6,1b376f6f-5ee5-4d05-a585-f3aa6b7ee824,0.04525391691483488,False,298.0539000018325
bm25_e5_rrf_rerank,TF006,temporal,7,da79aa00-567d-434c-8441-915ac080f918,0.04505047554583163,False,298.0539000018325
bm25_e5_rrf_rerank,TF006,temporal,8,646d4165-73db-4f69-84da-5f393cd81988,0.04489060612399169,False,298.0539000018325
bm25_e5_rrf_rerank,TF006,temporal,9,4d18d11e-2a92-4690-8a64-46653931483e,0.04437919125959591,False,298.0539000018325
bm25_e5_rrf_rerank,TF006,temporal,10,81a83ec4-b5d1-4305-9f44-93e5fa935ffe,0.044351503228829574,False,298.0539000018325
bm25_e5_rrf_rerank,TF007,temporal,1,8259ed27-8646-4502-a959-aab1e9f1770f,0.08015035542622433,False,246.65590000040538
bm25_e5_rrf_rerank,TF007,temporal,2,c78ff32d-ea17-41fd-98ef-2e8872f01df3,0.0569047619047619,False,246.65590000040538
bm25_e5_rrf_rerank,TF007,temporal,3,5de4d74d-720e-4d86-a836-f946d70a2d32,0.03983415602074295,False,246.65590000040538
bm25_e5_rrf_rerank,TF007,temporal,4,71d2e37c-44e2-4972-8e6b-a6449c2f8404,0.0386823555269549,False,246.65590000040538
bm25_e5_rrf_rerank,TF007,temporal,5,ffcf7308-6e83-47bc-a519-0b4b7ba44562,0.03845411681372022,False,246.65590000040538
bm25_e5_rrf_rerank,TF007,temporal,6,c404e320-0bf2-4325-be92-7a0614f201ca,0.03719950925374212,False,246.65590000040538
bm25_e5_rrf_rerank,TF007,temporal,7,f4580736-a09e-471f-93d2-8089c695eb67,0.03646990809804834,False,246.65590000040538
bm25_e5_rrf_rerank,TF007,temporal,8,9b6cc313-9a59-4387-a5ce-2ed14389a0a7,0.036385203378559584,False,246.65590000040538
bm25_e5_rrf_rerank,TF007,temporal,9,da79aa00-567d-434c-8441-915ac080f918,0.035481600136834754,True,246.65590000040538
bm25_e5_rrf_rerank,TF007,temporal,10,a7cf71a5-8426-4d7c-8106-e0754e7cb4bf,0.035286527162215656,False,246.65590000040538
bm25_e5_rrf_rerank,TF008,product_specific,1,9131e9a9-eff3-4f4e-a20b-4bdd456c35bc,0.06923930500399282,False,220.1149999991685
bm25_e5_rrf_rerank,TF008,product_specific,2,e96acbc9-66b4-4df4-953b-3f7b0a846bbc,0.06923720050627186,True,220.1149999991685
bm25_e5_rrf_rerank,TF008,product_specific,3,54fdf811-dedd-4016-b144-3e4bfdcd67c8,0.05404520892315224,False,220.1149999991685
bm25_e5_rrf_rerank,TF008,product_specific,4,d4c1a9ca-23c5-4ae0-9a51-c56675b2e6d1,0.0534527697487483,False,220.1149999991685
bm25_e5_rrf_rerank,TF008,product_specific,5,23c6ca0d-04bf-4081-b90a-9819029dcd73,0.050642408147855325,False,220.1149999991685
bm25_e5_rrf_rerank,TF008,product_specific,6,09f3c6d5-9e0c-4545-960f-b16c69abbeb1,0.050391497120712746,False,220.1149999991685
bm25_e5_rrf_rerank,TF008,product_specific,7,3ecc27b9-634c-4026-b44e-e01123aa0467,0.04955827628241645,False,220.1149999991685
bm25_e5_rrf_rerank,TF008,product_specific,8,0f6b0fc1-9d70-479f-a87d-a26e954e2adb,0.049039733589093186,False,220.1149999991685
bm25_e5_rrf_rerank,TF008,product_specific,9,63b53156-440d-40c1-bc88-5c07c23ae77f,0.049011357550452654,False,220.1149999991685
bm25_e5_rrf_rerank,TF008,product_specific,10,646d4165-73db-4f69-84da-5f393cd81988,0.04899017261549615,False,220.1149999991685
bm25_e5_rrf_rerank,TF009,product_specific,1,9131e9a9-eff3-4f4e-a20b-4bdd456c35bc,0.08459175788959078,False,182.4401999992915
bm25_e5_rrf_rerank,TF009,product_specific,2,e62b0c91-ff0c-43b2-9bd5-ff173d9f8bc0,0.06667198748172073,False,182.4401999992915
bm25_e5_rrf_rerank,TF009,product_specific,3,7abe62fa-6fdb-4466-a16b-73e1770f0c57,0.06405167312731688,False,182.4401999992915
bm25_e5_rrf_rerank,TF009,product_specific,4,f9cfc75b-a5e7-4633-a798-4b17ea462325,0.062477171555583855,False,182.4401999992915
bm25_e5_rrf_rerank,TF009,product_specific,5,d4c1a9ca-23c5-4ae0-9a51-c56675b2e6d1,0.05402440797910285,True,182.4401999992915
bm25_e5_rrf_rerank,TF009,product_specific,6,324bc249-0e84-46e9-b77f-856c76cd5353,0.05237881331191905,True,182.4401999992915
bm25_e5_rrf_rerank,TF009,product_specific,7,bc88f538-e881-4c81-85e9-fca20614315d,0.05094709754568005,False,182.4401999992915
bm25_e5_rrf_rerank,TF009,product_specific,8,e96acbc9-66b4-4df4-953b-3f7b0a846bbc,0.050039869236040715,False,182.4401999992915
bm25_e5_rrf_rerank,TF009,product_specific,9,fbf62ef9-25b7-437c-98d8-c4934fba0fe6,0.04967120721358873,False,182.4401999992915
bm25_e5_rrf_rerank,TF009,product_specific,10,b66e5419-8a9c-47f4-866d-ebdb95b174b2,0.04887117982370705,False,182.4401999992915
bm25_e5_rrf_rerank,TF010,product_specific,1,54fdf811-dedd-4016-b144-3e4bfdcd67c8,0.06926413881381563,True,153.11439999914
bm25_e5_rrf_rerank,TF010,product_specific,2,9131e9a9-eff3-4f4e-a20b-4bdd456c35bc,0.06913248680483511,True,153.11439999914
bm25_e5_rrf_rerank,TF010,product_specific,3,d4c1a9ca-23c5-4ae0-9a51-c56675b2e6d1,0.06872871172055793,False,153.11439999914
bm25_e5_rrf_rerank,TF010,product_specific,4,e96acbc9-66b4-4df4-953b-3f7b0a846bbc,0.0679025912284851,False,153.11439999914
bm25_e5_rrf_rerank,TF010,product_specific,5,df699ccc-6f51-4281-b4a4-f3d2a20631e0,0.035524225002345096,False,153.11439999914
bm25_e5_rrf_rerank,TF010,product_specific,6,23c6ca0d-04bf-4081-b90a-9819029dcd73,0.033027010971391706,False,153.11439999914
bm25_e5_rrf_rerank,TF010,product_specific,7,63b53156-440d-40c1-bc88-5c07c23ae77f,0.032974166303618345,False,153.11439999914
bm25_e5_rrf_rerank,TF010,product_specific,8,09f3c6d5-9e0c-4545-960f-b16c69abbeb1,0.0328583287816085,False,153.11439999914
bm25_e5_rrf_rerank,TF010,product_specific,9,3ecc27b9-634c-4026-b44e-e01123aa0467,0.031718878583593686,False,153.11439999914
bm25_e5_rrf_rerank,TF010,product_specific,10,4c0dde2a-0432-4cb2-ad33-987f5979ff76,0.03138322120638036,False,153.11439999914
bm25_e5_rrf_rerank,TF011,paraphrase,1,e62b0c91-ff0c-43b2-9bd5-ff173d9f8bc0,0.054666300721772004,False,315.1029999999082
bm25_e5_rrf_rerank,TF011,paraphrase,2,9131e9a9-eff3-4f4e-a20b-4bdd456c35bc,0.053958817523084006,False,315.1029999999082
bm25_e5_rrf_rerank,TF011,paraphrase,3,4c0dde2a-0432-4cb2-ad33-987f5979ff76,0.05315599792360684,False,315.1029999999082
bm25_e5_rrf_rerank,TF011,paraphrase,4,7abe62fa-6fdb-4466-a16b-73e1770f0c57,0.05122782732091038,False,315.1029999999082
bm25_e5_rrf_rerank,TF011,paraphrase,5,2cea4ea7-7aaf-4c54-ac4e-b660de52065d,0.047314833156646245,False,315.1029999999082
bm25_e5_rrf_rerank,TF011,paraphrase,6,e96acbc9-66b4-4df4-953b-3f7b0a846bbc,0.04716787476883121,False,315.1029999999082
bm25_e5_rrf_rerank,TF011,paraphrase,7,f9cfc75b-a5e7-4633-a798-4b17ea462325,0.047042472823835516,False,315.1029999999082
bm25_e5_rrf_rerank,TF011,paraphrase,8,bc88f538-e881-4c81-85e9-fca20614315d,0.044023598899901956,False,315.1029999999082
bm25_e5_rrf_rerank,TF011,paraphrase,9,3ecc27b9-634c-4026-b44e-e01123aa0467,0.04395177292640674,False,315.1029999999082
bm25_e5_rrf_rerank,TF011,paraphrase,10,324bc249-0e84-46e9-b77f-856c76cd5353,0.043563128805979325,False,315.1029999999082
bm25_e5_rrf_rerank,TF012,product_specific,1,bc88f538-e881-4c81-85e9-fca20614315d,0.10080062067111543,True,508.79359999908047
bm25_e5_rrf_rerank,TF012,product_specific,2,2cea4ea7-7aaf-4c54-ac4e-b660de52065d,0.06953422367175631,False,508.79359999908047
bm25_e5_rrf_rerank,TF012,product_specific,3,21efe016-3004-45f3-a070-29ce2ecb0019,0.06836840819555616,False,508.79359999908047
bm25_e5_rrf_rerank,TF012,product_specific,4,b66e5419-8a9c-47f4-866d-ebdb95b174b2,0.0679623199878489,False,508.79359999908047
bm25_e5_rrf_rerank,TF012,product_specific,5,e62b0c91-ff0c-43b2-9bd5-ff173d9f8bc0,0.0642139718492012,False,508.79359999908047
bm25_e5_rrf_rerank,TF012,product_specific,6,4c0dde2a-0432-4cb2-ad33-987f5979ff76,0.061208581820359396,False,508.79359999908047
bm25_e5_rrf_rerank,TF012,product_specific,7,9b6cc313-9a59-4387-a5ce-2ed14389a0a7,0.05922622447543674,False,508.79359999908047
bm25_e5_rrf_rerank,TF012,product_specific,8,324bc249-0e84-46e9-b77f-856c76cd5353,0.05893825173955823,False,508.79359999908047
bm25_e5_rrf_rerank,TF012,product_specific,9,5de4d74d-720e-4d86-a836-f946d70a2d32,0.056017386577941565,False,508.79359999908047
bm25_e5_rrf_rerank,TF012,product_specific,10,73735f01-c9d0-4dd5-8d46-c70045e4b334,0.05109496517104642,False,508.79359999908047
bm25_e5_rrf_rerank,TF013,product_specific,1,b66e5419-8a9c-47f4-866d-ebdb95b174b2,0.11267541134741998,True,290.05830000005517
bm25_e5_rrf_rerank,TF013,product_specific,2,bc88f538-e881-4c81-85e9-fca20614315d,0.08457075451265982,False,290.05830000005517
bm25_e5_rrf_rerank,TF013,product_specific,3,3abbb958-eafe-4ffe-bcfc-dafa7349c15c,0.08337137123254629,False,290.05830000005517
bm25_e5_rrf_rerank,TF013,product_specific,4,2cea4ea7-7aaf-4c54-ac4e-b660de52065d,0.07313937853228261,False,290.05830000005517
bm25_e5_rrf_rerank,TF013,product_specific,5,21efe016-3004-45f3-a070-29ce2ecb0019,0.07258392060187556,False,290.05830000005517
bm25_e5_rrf_rerank,TF013,product_specific,6,4c0dde2a-0432-4cb2-ad33-987f5979ff76,0.06551324064958407,False,290.05830000005517
bm25_e5_rrf_rerank,TF013,product_specific,7,dfb2693a-e821-4d6e-bbcc-0dbf3dc2a2ae,0.04711624234864692,False,290.05830000005517
bm25_e5_rrf_rerank,TF013,product_specific,8,eda54b74-cd2f-4808-8175-bcc5b916ce90,0.0464431402998868,False,290.05830000005517
bm25_e5_rrf_rerank,TF013,product_specific,9,fbf62ef9-25b7-437c-98d8-c4934fba0fe6,0.04609748947854136,False,290.05830000005517
bm25_e5_rrf_rerank,TF013,product_specific,10,7adacb8c-91c0-4ea7-8d82-7505eeac5042,0.04476085894049709,False,290.05830000005517
bm25_e5_rrf_rerank,TF014,temporal,1,2cea4ea7-7aaf-4c54-ac4e-b660de52065d,0.07610659229383063,False,352.4486000005709
bm25_e5_rrf_rerank,TF014,temporal,2,b66e5419-8a9c-47f4-866d-ebdb95b174b2,0.07606894300804763,True,352.4486000005709
bm25_e5_rrf_rerank,TF014,temporal,3,21efe016-3004-45f3-a070-29ce2ecb0019,0.06619578182324957,True,352.4486000005709
bm25_e5_rrf_rerank,TF014,temporal,4,bc88f538-e881-4c81-85e9-fca20614315d,0.06509533067849965,False,352.4486000005709
bm25_e5_rrf_rerank,TF014,temporal,5,9131e9a9-eff3-4f4e-a20b-4bdd456c35bc,0.06091830627364341,False,352.4486000005709
bm25_e5_rrf_rerank,TF014,temporal,6,fbf62ef9-25b7-437c-98d8-c4934fba0fe6,0.05479511541078071,False,352.4486000005709
bm25_e5_rrf_rerank,TF014,temporal,7,3abbb958-eafe-4ffe-bcfc-dafa7349c15c,0.05435215728714603,False,352.4486000005709
bm25_e5_rrf_rerank,TF014,temporal,8,eda54b74-cd2f-4808-8175-bcc5b916ce90,0.05345502162434326,False,352.4486000005709
bm25_e5_rrf_rerank,TF014,temporal,9,7adacb8c-91c0-4ea7-8d82-7505eeac5042,0.052067560160830945,False,352.4486000005709
bm25_e5_rrf_rerank,TF014,temporal,10,d2e0fc0a-bf0e-4226-abbf-e9f3dea2fce8,0.048046307149010994,False,352.4486000005709
bm25_e5_rrf_rerank,TF015,product_specific,1,2cea4ea7-7aaf-4c54-ac4e-b660de52065d,0.06931252478014638,False,214.81970000149886
bm25_e5_rrf_rerank,TF015,product_specific,2,bc88f538-e881-4c81-85e9-fca20614315d,0.06918515586071328,False,214.81970000149886
bm25_e5_rrf_rerank,TF015,product_specific,3,b66e5419-8a9c-47f4-866d-ebdb95b174b2,0.06906122886762213,False,214.81970000149886
bm25_e5_rrf_rerank,TF015,product_specific,4,21efe016-3004-45f3-a070-29ce2ecb0019,0.06877568829444147,True,214.81970000149886
bm25_e5_rrf_rerank,TF015,product_specific,5,f7a9837d-f8db-4461-abd8-a3607db2276f,0.036157769960758486,False,214.81970000149886
bm25_e5_rrf_rerank,TF015,product_specific,6,1b376f6f-5ee5-4d05-a585-f3aa6b7ee824,0.03491217653056045,False,214.81970000149886
bm25_e5_rrf_rerank,TF015,product_specific,7,23c6ca0d-04bf-4081-b90a-9819029dcd73,0.034766440513087256,False,214.81970000149886
bm25_e5_rrf_rerank,TF015,product_specific,8,4d18d11e-2a92-4690-8a64-46653931483e,0.03448636326871736,False,214.81970000149886
bm25_e5_rrf_rerank,TF015,product_specific,9,3ecc27b9-634c-4026-b44e-e01123aa0467,0.03315133644185154,False,214.81970000149886
bm25_e5_rrf_rerank,TF015,product_specific,10,09f3c6d5-9e0c-4545-960f-b16c69abbeb1,0.033008088109233856,False,214.81970000149886
bm25_e5_rrf_rerank,TF016,paraphrase,1,2cea4ea7-7aaf-4c54-ac4e-b660de52065d,0.07315255497347524,False,262.56259999991016
bm25_e5_rrf_rerank,TF016,paraphrase,2,bc88f538-e881-4c81-85e9-fca20614315d,0.07297668074779824,False,262.56259999991016
bm25_e5_rrf_rerank,TF016,paraphrase,3,b66e5419-8a9c-47f4-866d-ebdb95b174b2,0.07093515456668915,False,262.56259999991016
bm25_e5_rrf_rerank,TF016,paraphrase,4,21efe016-3004-45f3-a070-29ce2ecb0019,0.07057297651629715,False,262.56259999991016
bm25_e5_rrf_rerank,TF016,paraphrase,5,4c0dde2a-0432-4cb2-ad33-987f5979ff76,0.06689159598193327,True,262.56259999991016
bm25_e5_rrf_rerank,TF016,paraphrase,6,eda54b74-cd2f-4808-8175-bcc5b916ce90,0.05589356651908964,False,262.56259999991016
bm25_e5_rrf_rerank,TF016,paraphrase,7,09f3c6d5-9e0c-4545-960f-b16c69abbeb1,0.05575337673488416,False,262.56259999991016
bm25_e5_rrf_rerank,TF016,paraphrase,8,e62b0c91-ff0c-43b2-9bd5-ff173d9f8bc0,0.055206829384711886,False,262.56259999991016
bm25_e5_rrf_rerank,TF016,paraphrase,9,7adacb8c-91c0-4ea7-8d82-7505eeac5042,0.05283305451449226,False,262.56259999991016
bm25_e5_rrf_rerank,TF016,paraphrase,10,4d18d11e-2a92-4690-8a64-46653931483e,0.04770951765336027,False,262.56259999991016
bm25_e5_rrf_rerank,TF017,procedure,1,fd678588-5ac2-400d-95c5-3309537781ec,0.09342028998571728,False,242.0579000008729
bm25_e5_rrf_rerank,TF017,procedure,2,c78ff32d-ea17-41fd-98ef-2e8872f01df3,0.08529492825204199,False,242.0579000008729
bm25_e5_rrf_rerank,TF017,procedure,3,8259ed27-8646-4502-a959-aab1e9f1770f,0.07326033888922796,False,242.0579000008729
bm25_e5_rrf_rerank,TF017,procedure,4,b0b5bc4f-7d0b-4f56-8e37-84178d38637d,0.051277457867449486,False,242.0579000008729
bm25_e5_rrf_rerank,TF017,procedure,5,22e6c188-2e4c-4029-b200-7770a3f00e6e,0.049209817655624884,True,242.0579000008729
bm25_e5_rrf_rerank,TF017,procedure,6,b225ae64-72d2-4e59-81c0-57f5d8438666,0.04840255402761792,True,242.0579000008729
bm25_e5_rrf_rerank,TF017,procedure,7,eda54b74-cd2f-4808-8175-bcc5b916ce90,0.04654588804664193,False,242.0579000008729
bm25_e5_rrf_rerank,TF017,procedure,8,7adacb8c-91c0-4ea7-8d82-7505eeac5042,0.04496302631510284,True,242.0579000008729
bm25_e5_rrf_rerank,TF017,procedure,9,a7cf71a5-8426-4d7c-8106-e0754e7cb4bf,0.044630897214496465,False,242.0579000008729
bm25_e5_rrf_rerank,TF017,procedure,10,3abbb958-eafe-4ffe-bcfc-dafa7349c15c,0.04318753219685642,False,242.0579000008729
bm25_e5_rrf_rerank,TF018,temporal,1,30ce28cb-f702-4cce-8105-137e2f73af0d,0.03986176060066848,True,283.8624999994863
bm25_e5_rrf_rerank,TF018,temporal,2,70b95f72-95ec-43b5-b76f-657518103256,0.03853199862676954,False,283.8624999994863
bm25_e5_rrf_rerank,TF018,temporal,3,48b9789d-5088-4ba1-a82a-be3a6396ce85,0.03833585479788533,False,283.8624999994863
bm25_e5_rrf_rerank,TF018,temporal,4,22e6c188-2e4c-4029-b200-7770a3f00e6e,0.03829587025985904,False,283.8624999994863
bm25_e5_rrf_rerank,TF018,temporal,5,d3b7d61b-50f0-4b96-a770-785a9f3c3886,0.03825524738363972,False,283.8624999994863
bm25_e5_rrf_rerank,TF018,temporal,6,0a4f11c7-39e8-41fe-bd14-48456671f531,0.038002986394442044,False,283.8624999994863
bm25_e5_rrf_rerank,TF018,temporal,7,cfff9bf0-05e4-4179-a793-f3c705d04812,0.03650006184942163,False,283.8624999994863
bm25_e5_rrf_rerank,TF018,temporal,8,a952e706-800e-493c-886a-8f06602fb2be,0.03598103610735517,False,283.8624999994863
bm25_e5_rrf_rerank,TF018,temporal,9,b8c70ff9-e1b2-40ce-9a0a-f65a53899d13,0.034511777008822526,False,283.8624999994863
bm25_e5_rrf_rerank,TF018,temporal,10,a7cf71a5-8426-4d7c-8106-e0754e7cb4bf,0.033374160448710125,False,283.8624999994863
bm25_e5_rrf_rerank,TF019,preparation,1,22e6c188-2e4c-4029-b200-7770a3f00e6e,0.04848560046392774,False,398.50140000089596
bm25_e5_rrf_rerank,TF019,preparation,2,2cea4ea7-7aaf-4c54-ac4e-b660de52065d,0.043843591390808255,False,398.50140000089596
bm25_e5_rrf_rerank,TF019,preparation,3,eda54b74-cd2f-4808-8175-bcc5b916ce90,0.04317979328473841,False,398.50140000089596
bm25_e5_rrf_rerank,TF019,preparation,4,7adacb8c-91c0-4ea7-8d82-7505eeac5042,0.042809663870912944,False,398.50140000089596
bm25_e5_rrf_rerank,TF019,preparation,5,3abbb958-eafe-4ffe-bcfc-dafa7349c15c,0.04276816696734042,False,398.50140000089596
bm25_e5_rrf_rerank,TF019,preparation,6,fbf62ef9-25b7-437c-98d8-c4934fba0fe6,0.04258458391379865,False,398.50140000089596
bm25_e5_rrf_rerank,TF019,preparation,7,d2e0fc0a-bf0e-4226-abbf-e9f3dea2fce8,0.041530354760119306,False,398.50140000089596
bm25_e5_rrf_rerank,TF019,preparation,8,d3b7d61b-50f0-4b96-a770-785a9f3c3886,0.03995562980995804,True,398.50140000089596
bm25_e5_rrf_rerank,TF019,preparation,9,9b6cc313-9a59-4387-a5ce-2ed14389a0a7,0.0395077667577941,False,398.50140000089596
bm25_e5_rrf_rerank,TF019,preparation,10,30ce28cb-f702-4cce-8105-137e2f73af0d,0.03926908613020374,False,398.50140000089596
bm25_e5_rrf_rerank,TF020,temporal,1,fd678588-5ac2-400d-95c5-3309537781ec,0.06436699240117133,False,350.87570000087
bm25_e5_rrf_rerank,TF020,temporal,2,0a4f11c7-39e8-41fe-bd14-48456671f531,0.039820996745688016,True,350.87570000087
bm25_e5_rrf_rerank,TF020,temporal,3,48b9789d-5088-4ba1-a82a-be3a6396ce85,0.03922988057905628,False,350.87570000087
bm25_e5_rrf_rerank,TF020,temporal,4,70b95f72-95ec-43b5-b76f-657518103256,0.03822909303054996,True,350.87570000087
bm25_e5_rrf_rerank,TF020,temporal,5,d3b7d61b-50f0-4b96-a770-785a9f3c3886,0.03820976300583072,False,350.87570000087
bm25_e5_rrf_rerank,TF020,temporal,6,30ce28cb-f702-4cce-8105-137e2f73af0d,0.03773068823958888,False,350.87570000087
bm25_e5_rrf_rerank,TF020,temporal,7,cfff9bf0-05e4-4179-a793-f3c705d04812,0.03744643026323461,False,350.87570000087
bm25_e5_rrf_rerank,TF020,temporal,8,22e6c188-2e4c-4029-b200-7770a3f00e6e,0.03701980563279786,False,350.87570000087
bm25_e5_rrf_rerank,TF020,temporal,9,a952e706-800e-493c-886a-8f06602fb2be,0.03535811632111209,False,350.87570000087
bm25_e5_rrf_rerank,TF020,temporal,10,b66e5419-8a9c-47f4-866d-ebdb95b174b2,0.035210685900443996,False,350.87570000087
bm25_e5_rrf_rerank,TF021,preparation,1,c78ff32d-ea17-41fd-98ef-2e8872f01df3,0.10025155662281854,False,220.12960000211024
bm25_e5_rrf_rerank,TF021,preparation,2,8259ed27-8646-4502-a959-aab1e9f1770f,0.07558384229509987,False,220.12960000211024
bm25_e5_rrf_rerank,TF021,preparation,3,73735f01-c9d0-4dd5-8d46-c70045e4b334,0.05599854086266189,True,220.12960000211024
bm25_e5_rrf_rerank,TF021,preparation,4,e62b0c91-ff0c-43b2-9bd5-ff173d9f8bc0,0.052793381737138295,False,220.12960000211024
bm25_e5_rrf_rerank,TF021,preparation,5,bc88f538-e881-4c81-85e9-fca20614315d,0.049857707622388725,False,220.12960000211024
bm25_e5_rrf_rerank,TF021,preparation,6,b0b5bc4f-7d0b-4f56-8e37-84178d38637d,0.04394983750246884,False,220.12960000211024
bm25_e5_rrf_rerank,TF021,preparation,7,9b6cc313-9a59-4387-a5ce-2ed14389a0a7,0.041175882869296604,False,220.12960000211024
bm25_e5_rrf_rerank,TF021,preparation,8,5de4d74d-720e-4d86-a836-f946d70a2d32,0.03911315718842328,False,220.12960000211024
bm25_e5_rrf_rerank,TF021,preparation,9,16efaa44-1554-4748-8407-48fac0bced94,0.038004885810450216,False,220.12960000211024
bm25_e5_rrf_rerank,TF021,preparation,10,74c0eabe-77c7-4dbf-a321-27966a12fafb,0.0360358099148808,False,220.12960000211024
bm25_e5_rrf_rerank,TF022,preparation,1,8259ed27-8646-4502-a959-aab1e9f1770f,0.0756815480522309,False,417.20489999988786
bm25_e5_rrf_rerank,TF022,preparation,2,b0b5bc4f-7d0b-4f56-8e37-84178d38637d,0.05145344901555511,False,417.20489999988786
bm25_e5_rrf_rerank,TF022,preparation,3,74c0eabe-77c7-4dbf-a321-27966a12fafb,0.04871396063244532,False,417.20489999988786
bm25_e5_rrf_rerank,TF022,preparation,4,84c0a864-176f-4776-a15e-167fc2518e5d,0.04869463837531305,False,417.20489999988786
bm25_e5_rrf_rerank,TF022,preparation,5,6ffcd319-e868-444b-b6fe-8d192a4de3ff,0.0481205013140878,True,417.20489999988786
bm25_e5_rrf_rerank,TF022,preparation,6,8f3ed830-3a06-41c6-8b06-cfcf6d36a83c,0.046529944205001415,False,417.20489999988786
bm25_e5_rrf_rerank,TF022,preparation,7,a7cf71a5-8426-4d7c-8106-e0754e7cb4bf,0.04588963550279121,False,417.20489999988786
bm25_e5_rrf_rerank,TF022,preparation,8,73735f01-c9d0-4dd5-8d46-c70045e4b334,0.0456542385052412,True,417.20489999988786
bm25_e5_rrf_rerank,TF022,preparation,9,eda54b74-cd2f-4808-8175-bcc5b916ce90,0.04565400339703136,False,417.20489999988786
bm25_e5_rrf_rerank,TF022,preparation,10,b10b8f1c-ed17-44ca-8d7c-1a4f19a12c67,0.04411466044227312,False,417.20489999988786
bm25_e5_rrf_rerank,TF023,temporal,1,b66e5419-8a9c-47f4-866d-ebdb95b174b2,0.050233353860916624,False,365.6844999995883
bm25_e5_rrf_rerank,TF023,temporal,2,f7a9837d-f8db-4461-abd8-a3607db2276f,0.05017928741823842,False,365.6844999995883
bm25_e5_rrf_rerank,TF023,temporal,3,c404e320-0bf2-4325-be92-7a0614f201ca,0.03912905310045888,True,365.6844999995883
bm25_e5_rrf_rerank,TF023,temporal,4,919e93ca-fed9-4dde-b9b8-f870e207a3f3,0.0369031999616912,False,365.6844999995883
bm25_e5_rrf_rerank,TF023,temporal,5,b0d368a1-d0fc-4b8b-8567-e190cf462986,0.03666214538159953,False,365.6844999995883
bm25_e5_rrf_rerank,TF023,temporal,6,6ffcd319-e868-444b-b6fe-8d192a4de3ff,0.03578299732452262,False,365.6844999995883
bm25_e5_rrf_rerank,TF023,temporal,7,73735f01-c9d0-4dd5-8d46-c70045e4b334,0.03544191964467367,False,365.6844999995883
bm25_e5_rrf_rerank,TF023,temporal,8,74c0eabe-77c7-4dbf-a321-27966a12fafb,0.03472263089915176,False,365.6844999995883
bm25_e5_rrf_rerank,TF023,temporal,9,d2e0fc0a-bf0e-4226-abbf-e9f3dea2fce8,0.03333162143638543,False,365.6844999995883
bm25_e5_rrf_rerank,TF023,temporal,10,b7876bcb-b1d0-409a-831d-45e59e35a44e,0.03243972683348268,False,365.6844999995883
bm25_e5_rrf_rerank,TF024,temporal,1,b0d368a1-d0fc-4b8b-8567-e190cf462986,0.03744268110839932,False,246.77990000145655
bm25_e5_rrf_rerank,TF024,temporal,2,919e93ca-fed9-4dde-b9b8-f870e207a3f3,0.03726851030496451,False,246.77990000145655
bm25_e5_rrf_rerank,TF024,temporal,3,6ffcd319-e868-444b-b6fe-8d192a4de3ff,0.03675222422779979,False,246.77990000145655
bm25_e5_rrf_rerank,TF024,temporal,4,d3b7d61b-50f0-4b96-a770-785a9f3c3886,0.0361310167774215,False,246.77990000145655
bm25_e5_rrf_rerank,TF024,temporal,5,c404e320-0bf2-4325-be92-7a0614f201ca,0.03553694326915438,True,246.77990000145655
bm25_e5_rrf_rerank,TF024,temporal,6,15e829a9-a475-429d-b0e3-5c34bfbd3ab7,0.034213478747635306,False,246.77990000145655
bm25_e5_rrf_rerank,TF024,temporal,7,74c0eabe-77c7-4dbf-a321-27966a12fafb,0.03419626064567299,False,246.77990000145655
bm25_e5_rrf_rerank,TF024,temporal,8,b7876bcb-b1d0-409a-831d-45e59e35a44e,0.03392405194770999,False,246.77990000145655
bm25_e5_rrf_rerank,TF024,temporal,9,f7a9837d-f8db-4461-abd8-a3607db2276f,0.033561745645047665,False,246.77990000145655
bm25_e5_rrf_rerank,TF024,temporal,10,73735f01-c9d0-4dd5-8d46-c70045e4b334,0.03354884195470953,False,246.77990000145655
bm25_e5_rrf_rerank,TF025,fact_specific,1,f7a9837d-f8db-4461-abd8-a3607db2276f,0.05398704574953725,False,356.50449999957345
bm25_e5_rrf_rerank,TF025,fact_specific,2,b0d368a1-d0fc-4b8b-8567-e190cf462986,0.046570171602310674,True,356.50449999957345
bm25_e5_rrf_rerank,TF025,fact_specific,3,919e93ca-fed9-4dde-b9b8-f870e207a3f3,0.04640243434124306,True,356.50449999957345
bm25_e5_rrf_rerank,TF025,fact_specific,4,b7876bcb-b1d0-409a-831d-45e59e35a44e,0.045190772193506853,False,356.50449999957345
bm25_e5_rrf_rerank,TF025,fact_specific,5,74c0eabe-77c7-4dbf-a321-27966a12fafb,0.044756156501485345,False,356.50449999957345
bm25_e5_rrf_rerank,TF025,fact_specific,6,6ffcd319-e868-444b-b6fe-8d192a4de3ff,0.044703489888242354,False,356.50449999957345
bm25_e5_rrf_rerank,TF025,fact_specific,7,73735f01-c9d0-4dd5-8d46-c70045e4b334,0.04356842328822755,False,356.50449999957345
bm25_e5_rrf_rerank,TF025,fact_specific,8,c404e320-0bf2-4325-be92-7a0614f201ca,0.042696358375097686,False,356.50449999957345
bm25_e5_rrf_rerank,TF025,fact_specific,9,d2e0fc0a-bf0e-4226-abbf-e9f3dea2fce8,0.04186125908957587,False,356.50449999957345
bm25_e5_rrf_rerank,TF025,fact_specific,10,16efaa44-1554-4748-8407-48fac0bced94,0.040059284360651023,False,356.50449999957345
bm25_e5_rrf_rerank,TF026,fact_specific,1,919e93ca-fed9-4dde-b9b8-f870e207a3f3,0.07547889912512994,False,312.52730000232987
bm25_e5_rrf_rerank,TF026,fact_specific,2,b7876bcb-b1d0-409a-831d-45e59e35a44e,0.074543256392471,True,312.52730000232987
bm25_e5_rrf_rerank,TF026,fact_specific,3,74c0eabe-77c7-4dbf-a321-27966a12fafb,0.06682949017696695,False,312.52730000232987
bm25_e5_rrf_rerank,TF026,fact_specific,4,6ffcd319-e868-444b-b6fe-8d192a4de3ff,0.06604619100622884,False,312.52730000232987
bm25_e5_rrf_rerank,TF026,fact_specific,5,b0d368a1-d0fc-4b8b-8567-e190cf462986,0.0643233700794178,False,312.52730000232987
bm25_e5_rrf_rerank,TF026,fact_specific,6,f7a9837d-f8db-4461-abd8-a3607db2276f,0.062232035403029774,False,312.52730000232987
bm25_e5_rrf_rerank,TF026,fact_specific,7,16efaa44-1554-4748-8407-48fac0bced94,0.0565058412400503,False,312.52730000232987
bm25_e5_rrf_rerank,TF026,fact_specific,8,d2e0fc0a-bf0e-4226-abbf-e9f3dea2fce8,0.052863288296593564,False,312.52730000232987
bm25_e5_rrf_rerank,TF026,fact_specific,9,73735f01-c9d0-4dd5-8d46-c70045e4b334,0.051180933004849924,False,312.52730000232987
bm25_e5_rrf_rerank,TF026,fact_specific,10,22e6c188-2e4c-4029-b200-7770a3f00e6e,0.05101217844945399,False,312.52730000232987
bm25_e5_rrf_rerank,TF027,procedure,1,3abbb958-eafe-4ffe-bcfc-dafa7349c15c,0.06459305631717256,False,284.55290000056266
bm25_e5_rrf_rerank,TF027,procedure,2,eda54b74-cd2f-4808-8175-bcc5b916ce90,0.064054344292732,False,284.55290000056266
bm25_e5_rrf_rerank,TF027,procedure,3,7adacb8c-91c0-4ea7-8d82-7505eeac5042,0.06325807090149112,False,284.55290000056266
bm25_e5_rrf_rerank,TF027,procedure,4,fbf62ef9-25b7-437c-98d8-c4934fba0fe6,0.06257094055147314,False,284.55290000056266
bm25_e5_rrf_rerank,TF027,procedure,5,22e6c188-2e4c-4029-b200-7770a3f00e6e,0.061602555851359944,False,284.55290000056266
bm25_e5_rrf_rerank,TF027,procedure,6,2cea4ea7-7aaf-4c54-ac4e-b660de52065d,0.060093014638623196,False,284.55290000056266
bm25_e5_rrf_rerank,TF027,procedure,7,d2e0fc0a-bf0e-4226-abbf-e9f3dea2fce8,0.0556988752971996,False,284.55290000056266
bm25_e5_rrf_rerank,TF027,procedure,8,9b6cc313-9a59-4387-a5ce-2ed14389a0a7,0.054982094675972135,False,284.55290000056266
bm25_e5_rrf_rerank,TF027,procedure,9,dfb2693a-e821-4d6e-bbcc-0dbf3dc2a2ae,0.054120668880275044,False,284.55290000056266
bm25_e5_rrf_rerank,TF027,procedure,10,21efe016-3004-45f3-a070-29ce2ecb0019,0.04930840444708014,False,284.55290000056266
bm25_e5_rrf_rerank,TF028,preparation,1,dfb2693a-e821-4d6e-bbcc-0dbf3dc2a2ae,0.04828750561129262,False,366.79929999900196
bm25_e5_rrf_rerank,TF028,preparation,2,eda54b74-cd2f-4808-8175-bcc5b916ce90,0.047452439357285284,True,366.79929999900196
bm25_e5_rrf_rerank,TF028,preparation,3,2cea4ea7-7aaf-4c54-ac4e-b660de52065d,0.04702022570489288,False,366.79929999900196
bm25_e5_rrf_rerank,TF028,preparation,4,7adacb8c-91c0-4ea7-8d82-7505eeac5042,0.04695013277354231,False,366.79929999900196
bm25_e5_rrf_rerank,TF028,preparation,5,3abbb958-eafe-4ffe-bcfc-dafa7349c15c,0.04650252353005754,False,366.79929999900196
bm25_e5_rrf_rerank,TF028,preparation,6,d3b7d61b-50f0-4b96-a770-785a9f3c3886,0.04516147681031531,False,366.79929999900196
bm25_e5_rrf_rerank,TF028,preparation,7,bc88f538-e881-4c81-85e9-fca20614315d,0.04492127298963242,False,366.79929999900196
bm25_e5_rrf_rerank,TF028,preparation,8,fbf62ef9-25b7-437c-98d8-c4934fba0fe6,0.0447577220172249,False,366.79929999900196
bm25_e5_rrf_rerank,TF028,preparation,9,30ce28cb-f702-4cce-8105-137e2f73af0d,0.04451347598373166,False,366.79929999900196
bm25_e5_rrf_rerank,TF028,preparation,10,22e6c188-2e4c-4029-b200-7770a3f00e6e,0.04399408447976206,False,366.79929999900196
bm25_e5_rrf_rerank,TF029,preparation,1,8259ed27-8646-4502-a959-aab1e9f1770f,0.07665355636537538,False,395.68899999994755
bm25_e5_rrf_rerank,TF029,preparation,2,fd678588-5ac2-400d-95c5-3309537781ec,0.06649425287356321,False,395.68899999994755
bm25_e5_rrf_rerank,TF029,preparation,3,a7cf71a5-8426-4d7c-8106-e0754e7cb4bf,0.04681278046105086,False,395.68899999994755
bm25_e5_rrf_rerank,TF029,preparation,4,eda54b74-cd2f-4808-8175-bcc5b916ce90,0.04669927840005784,False,395.68899999994755
bm25_e5_rrf_rerank,TF029,preparation,5,74c0eabe-77c7-4dbf-a321-27966a12fafb,0.046318046744241614,False,395.68899999994755
bm25_e5_rrf_rerank,TF029,preparation,6,8f3ed830-3a06-41c6-8b06-cfcf6d36a83c,0.04610866995606726,False,395.68899999994755
bm25_e5_rrf_rerank,TF029,preparation,7,b225ae64-72d2-4e59-81c0-57f5d8438666,0.04513191643921355,False,395.68899999994755
bm25_e5_rrf_rerank,TF029,preparation,8,7adacb8c-91c0-4ea7-8d82-7505eeac5042,0.04457579865600123,False,395.68899999994755
bm25_e5_rrf_rerank,TF029,preparation,9,84c0a864-176f-4776-a15e-167fc2518e5d,0.044534499354478785,False,395.68899999994755
bm25_e5_rrf_rerank,TF029,preparation,10,6ffcd319-e868-444b-b6fe-8d192a4de3ff,0.044376602175029735,False,395.68899999994755
bm25_e5_rrf_rerank,TF030,temporal,1,8259ed27-8646-4502-a959-aab1e9f1770f,0.07389759254055209,False,307.43379999967146
bm25_e5_rrf_rerank,TF030,temporal,2,73735f01-c9d0-4dd5-8d46-c70045e4b334,0.038891691200068745,False,307.43379999967146
bm25_e5_rrf_rerank,TF030,temporal,3,a7cf71a5-8426-4d7c-8106-e0754e7cb4bf,0.036118971119509895,False,307.43379999967146
bm25_e5_rrf_rerank,TF030,temporal,4,b66e5419-8a9c-47f4-866d-ebdb95b174b2,0.03545594815718822,False,307.43379999967146
bm25_e5_rrf_rerank,TF030,temporal,5,16efaa44-1554-4748-8407-48fac0bced94,0.034441436912074234,False,307.43379999967146
bm25_e5_rrf_rerank,TF030,temporal,6,22e6c188-2e4c-4029-b200-7770a3f00e6e,0.03388958526117653,False,307.43379999967146
bm25_e5_rrf_rerank,TF030,temporal,7,d3b7d61b-50f0-4b96-a770-785a9f3c3886,0.03381414722870965,False,307.43379999967146
bm25_e5_rrf_rerank,TF030,temporal,8,7e5199d4-e5c9-40ca-a69f-ea37f52c6ce3,0.03358517387321404,True,307.43379999967146
bm25_e5_rrf_rerank,TF030,temporal,9,da79aa00-567d-434c-8441-915ac080f918,0.03331090758733312,False,307.43379999967146
bm25_e5_rrf_rerank,TF030,temporal,10,c404e320-0bf2-4325-be92-7a0614f201ca,0.03328881261788005,False,307.43379999967146
bm25_e5_rrf_rerank,TF031,procedure,1,fd678588-5ac2-400d-95c5-3309537781ec,0.08912937333367087,False,346.1205000003247
bm25_e5_rrf_rerank,TF031,procedure,2,8259ed27-8646-4502-a959-aab1e9f1770f,0.05970588235294118,False,346.1205000003247
bm25_e5_rrf_rerank,TF031,procedure,3,b0b5bc4f-7d0b-4f56-8e37-84178d38637d,0.05401661844363158,False,346.1205000003247
bm25_e5_rrf_rerank,TF031,procedure,4,9b6cc313-9a59-4387-a5ce-2ed14389a0a7,0.04973739145622879,False,346.1205000003247
bm25_e5_rrf_rerank,TF031,procedure,5,22e6c188-2e4c-4029-b200-7770a3f00e6e,0.04656727323951302,False,346.1205000003247
bm25_e5_rrf_rerank,TF031,procedure,6,b225ae64-72d2-4e59-81c0-57f5d8438666,0.0460746773884831,False,346.1205000003247
bm25_e5_rrf_rerank,TF031,procedure,7,f9cfc75b-a5e7-4633-a798-4b17ea462325,0.04527623686321415,False,346.1205000003247
bm25_e5_rrf_rerank,TF031,procedure,8,eda54b74-cd2f-4808-8175-bcc5b916ce90,0.04482604371251448,False,346.1205000003247
bm25_e5_rrf_rerank,TF031,procedure,9,7adacb8c-91c0-4ea7-8d82-7505eeac5042,0.04268787192310571,False,346.1205000003247
bm25_e5_rrf_rerank,TF031,procedure,10,a7cf71a5-8426-4d7c-8106-e0754e7cb4bf,0.04177342710829669,False,346.1205000003247
bm25_e5_rrf_rerank,TF032,fact_specific,1,c78ff32d-ea17-41fd-98ef-2e8872f01df3,0.06749999999999999,False,268.60349999878963
bm25_e5_rrf_rerank,TF032,fact_specific,2,8259ed27-8646-4502-a959-aab1e9f1770f,0.05765822784810126,False,268.60349999878963
bm25_e5_rrf_rerank,TF032,fact_specific,3,73735f01-c9d0-4dd5-8d46-c70045e4b334,0.042703981967887494,False,268.60349999878963
bm25_e5_rrf_rerank,TF032,fact_specific,4,22e6c188-2e4c-4029-b200-7770a3f00e6e,0.04267066029979758,False,268.60349999878963
bm25_e5_rrf_rerank,TF032,fact_specific,5,5de4d74d-720e-4d86-a836-f946d70a2d32,0.03971785972939163,True,268.60349999878963
bm25_e5_rrf_rerank,TF032,fact_specific,6,f7a9837d-f8db-4461-abd8-a3607db2276f,0.03944798198063171,False,268.60349999878963
bm25_e5_rrf_rerank,TF032,fact_specific,7,74c0eabe-77c7-4dbf-a321-27966a12fafb,0.03930191356784109,False,268.60349999878963
bm25_e5_rrf_rerank,TF032,fact_specific,8,df699ccc-6f51-4281-b4a4-f3d2a20631e0,0.03853681147483087,False,268.60349999878963
bm25_e5_rrf_rerank,TF032,fact_specific,9,b225ae64-72d2-4e59-81c0-57f5d8438666,0.03784686307918029,False,268.60349999878963
bm25_e5_rrf_rerank,TF032,fact_specific,10,eda54b74-cd2f-4808-8175-bcc5b916ce90,0.03782491977927724,False,268.60349999878963
bm25_e5_rrf_rerank,TF033,fact_specific,1,e62b0c91-ff0c-43b2-9bd5-ff173d9f8bc0,0.09514837072716385,True,365.2217999997447
bm25_e5_rrf_rerank,TF033,fact_specific,2,23c6ca0d-04bf-4081-b90a-9819029dcd73,0.07557813322251665,False,365.2217999997447
bm25_e5_rrf_rerank,TF033,fact_specific,3,73735f01-c9d0-4dd5-8d46-c70045e4b334,0.07502094530111655,False,365.2217999997447
bm25_e5_rrf_rerank,TF033,fact_specific,4,5de4d74d-720e-4d86-a836-f946d70a2d32,0.07482441872718854,False,365.2217999997447
bm25_e5_rrf_rerank,TF033,fact_specific,5,bc88f538-e881-4c81-85e9-fca20614315d,0.07457186313297438,False,365.2217999997447
bm25_e5_rrf_rerank,TF033,fact_specific,6,9b6cc313-9a59-4387-a5ce-2ed14389a0a7,0.07390787142376568,False,365.2217999997447
bm25_e5_rrf_rerank,TF033,fact_specific,7,3ecc27b9-634c-4026-b44e-e01123aa0467,0.05334025140152164,False,365.2217999997447
bm25_e5_rrf_rerank,TF033,fact_specific,8,df699ccc-6f51-4281-b4a4-f3d2a20631e0,0.05327220752768269,False,365.2217999997447
bm25_e5_rrf_rerank,TF033,fact_specific,9,4c0dde2a-0432-4cb2-ad33-987f5979ff76,0.052328199086542404,False,365.2217999997447
bm25_e5_rrf_rerank,TF033,fact_specific,10,7c33fbb7-e931-4f6b-9520-23875ec9ee5b,0.049789419591310204,False,365.2217999997447
bm25_e5_rrf_rerank,TF034,product_specific,1,e62b0c91-ff0c-43b2-9bd5-ff173d9f8bc0,0.09291130842550148,False,282.99429999970016
bm25_e5_rrf_rerank,TF034,product_specific,2,7c33fbb7-e931-4f6b-9520-23875ec9ee5b,0.08377453530219293,False,282.99429999970016
bm25_e5_rrf_rerank,TF034,product_specific,3,4c0dde2a-0432-4cb2-ad33-987f5979ff76,0.08269863667632595,False,282.99429999970016
bm25_e5_rrf_rerank,TF034,product_specific,4,3ecc27b9-634c-4026-b44e-e01123aa0467,0.08210996343730922,False,282.99429999970016
bm25_e5_rrf_rerank,TF034,product_specific,5,df699ccc-6f51-4281-b4a4-f3d2a20631e0,0.07810220723681979,False,282.99429999970016
bm25_e5_rrf_rerank,TF034,product_specific,6,59d57c8a-c9d7-4f8d-b9a1-a2816f1f01f7,0.05499367616997391,True,282.99429999970016
bm25_e5_rrf_rerank,TF034,product_specific,7,9b6cc313-9a59-4387-a5ce-2ed14389a0a7,0.04654038708071977,False,282.99429999970016
bm25_e5_rrf_rerank,TF034,product_specific,8,5de4d74d-720e-4d86-a836-f946d70a2d32,0.04432143876666115,False,282.99429999970016
bm25_e5_rrf_rerank,TF034,product_specific,9,d4c1a9ca-23c5-4ae0-9a51-c56675b2e6d1,0.042760521938099844,False,282.99429999970016
bm25_e5_rrf_rerank,TF034,product_specific,10,7abe62fa-6fdb-4466-a16b-73e1770f0c57,0.03992640895692128,False,282.99429999970016
bm25_e5_rrf_rerank,TF035,paraphrase,1,fd678588-5ac2-400d-95c5-3309537781ec,0.07777742099005078,False,279.8001999999542
bm25_e5_rrf_rerank,TF035,paraphrase,2,c78ff32d-ea17-41fd-98ef-2e8872f01df3,0.06734567901234567,False,279.8001999999542
bm25_e5_rrf_rerank,TF035,paraphrase,3,b0b5bc4f-7d0b-4f56-8e37-84178d38637d,0.05917898679548694,True,279.8001999999542
bm25_e5_rrf_rerank,TF035,paraphrase,4,54fdf811-dedd-4016-b144-3e4bfdcd67c8,0.043758008631200745,False,279.8001999999542
bm25_e5_rrf_rerank,TF035,paraphrase,5,a7cf71a5-8426-4d7c-8106-e0754e7cb4bf,0.04166068347398241,False,279.8001999999542
bm25_e5_rrf_rerank,TF035,paraphrase,6,f7a9837d-f8db-4461-abd8-a3607db2276f,0.040200608898867424,False,279.8001999999542
bm25_e5_rrf_rerank,TF035,paraphrase,7,74c0eabe-77c7-4dbf-a321-27966a12fafb,0.0382680690689815,False,279.8001999999542
bm25_e5_rrf_rerank,TF035,paraphrase,8,9b6cc313-9a59-4387-a5ce-2ed14389a0a7,0.038176831054796745,False,279.8001999999542
bm25_e5_rrf_rerank,TF035,paraphrase,9,da79aa00-567d-434c-8441-915ac080f918,0.03789466329721304,False,279.8001999999542
bm25_e5_rrf_rerank,TF035,paraphrase,10,1033ac46-dec8-493e-b577-7f5ad80f8e86,0.03718783189891811,False,279.8001999999542
bm25_e5_rrf_rerank,TF036,monitoring,1,8259ed27-8646-4502-a959-aab1e9f1770f,0.09611374207291908,False,296.48120000001654
bm25_e5_rrf_rerank,TF036,monitoring,2,fd678588-5ac2-400d-95c5-3309537781ec,0.06326082487215941,False,296.48120000001654
bm25_e5_rrf_rerank,TF036,monitoring,3,c78ff32d-ea17-41fd-98ef-2e8872f01df3,0.062195121951219505,False,296.48120000001654
bm25_e5_rrf_rerank,TF036,monitoring,4,a7cf71a5-8426-4d7c-8106-e0754e7cb4bf,0.04500100277290969,True,296.48120000001654
bm25_e5_rrf_rerank,TF036,monitoring,5,9b6cc313-9a59-4387-a5ce-2ed14389a0a7,0.04371071570024442,False,296.48120000001654
bm25_e5_rrf_rerank,TF036,monitoring,6,5de4d74d-720e-4d86-a836-f946d70a2d32,0.04105886825093937,False,296.48120000001654
bm25_e5_rrf_rerank,TF036,monitoring,7,8f3ed830-3a06-41c6-8b06-cfcf6d36a83c,0.03808573120950103,False,296.48120000001654
bm25_e5_rrf_rerank,TF036,monitoring,8,36bac780-b1a2-42dc-8cca-3605f80c5521,0.037949586831606354,False,296.48120000001654
bm25_e5_rrf_rerank,TF036,monitoring,9,f9cfc75b-a5e7-4633-a798-4b17ea462325,0.037726967261457356,False,296.48120000001654
bm25_e5_rrf_rerank,TF036,monitoring,10,98d006ac-5212-4c8c-8a63-4cbd4d6caffc,0.03754936722391237,False,296.48120000001654
bm25_e5_rrf_rerank,TF037,adverse_reaction,1,15e829a9-a475-429d-b0e3-5c34bfbd3ab7,0.05790535496102005,True,280.26910000153293
bm25_e5_rrf_rerank,TF037,adverse_reaction,2,324bc249-0e84-46e9-b77f-856c76cd5353,0.05340088999655939,False,280.26910000153293
bm25_e5_rrf_rerank,TF037,adverse_reaction,3,8939253d-3272-4915-8c2b-c60062aeb818,0.04795222437009406,True,280.26910000153293
bm25_e5_rrf_rerank,TF037,adverse_reaction,4,7abe62fa-6fdb-4466-a16b-73e1770f0c57,0.038441897861541265,False,280.26910000153293
bm25_e5_rrf_rerank,TF037,adverse_reaction,5,2e55093d-0a0f-4fd9-954b-4fc72df9eac0,0.03771069493438258,False,280.26910000153293
bm25_e5_rrf_rerank,TF037,adverse_reaction,6,da79aa00-567d-434c-8441-915ac080f918,0.036941930495468754,False,280.26910000153293
bm25_e5_rrf_rerank,TF037,adverse_reaction,7,a7cf71a5-8426-4d7c-8106-e0754e7cb4bf,0.03560998282476013,False,280.26910000153293
bm25_e5_rrf_rerank,TF037,adverse_reaction,8,5de4d74d-720e-4d86-a836-f946d70a2d32,0.035596996164756464,False,280.26910000153293
bm25_e5_rrf_rerank,TF037,adverse_reaction,9,8f3ed830-3a06-41c6-8b06-cfcf6d36a83c,0.03482545573152004,False,280.26910000153293
bm25_e5_rrf_rerank,TF037,adverse_reaction,10,391ad5dc-0d1c-4350-85ba-5aa601d9ac0d,0.03481595457610044,False,280.26910000153293
bm25_e5_rrf_rerank,TF038,adverse_reaction,1,8939253d-3272-4915-8c2b-c60062aeb818,0.050816967602572954,True,253.7514999976338
bm25_e5_rrf_rerank,TF038,adverse_reaction,2,324bc249-0e84-46e9-b77f-856c76cd5353,0.04976837678274321,False,253.7514999976338
bm25_e5_rrf_rerank,TF038,adverse_reaction,3,7abe62fa-6fdb-4466-a16b-73e1770f0c57,0.03866668379691339,True,253.7514999976338
bm25_e5_rrf_rerank,TF038,adverse_reaction,4,15e829a9-a475-429d-b0e3-5c34bfbd3ab7,0.03861681316769312,False,253.7514999976338
bm25_e5_rrf_rerank,TF038,adverse_reaction,5,2e55093d-0a0f-4fd9-954b-4fc72df9eac0,0.0375965191378738,False,253.7514999976338
bm25_e5_rrf_rerank,TF038,adverse_reaction,6,391ad5dc-0d1c-4350-85ba-5aa601d9ac0d,0.03727503501229631,False,253.7514999976338
bm25_e5_rrf_rerank,TF038,adverse_reaction,7,5de4d74d-720e-4d86-a836-f946d70a2d32,0.033069469297389124,False,253.7514999976338
bm25_e5_rrf_rerank,TF038,adverse_reaction,8,da79aa00-567d-434c-8441-915ac080f918,0.033046675233279955,False,253.7514999976338
bm25_e5_rrf_rerank,TF038,adverse_reaction,9,23c6ca0d-04bf-4081-b90a-9819029dcd73,0.03201090919157587,False,253.7514999976338
bm25_e5_rrf_rerank,TF038,adverse_reaction,10,bc88f538-e881-4c81-85e9-fca20614315d,0.030964345114571707,False,253.7514999976338
bm25_e5_rrf_rerank,TF039,adverse_reaction,1,324bc249-0e84-46e9-b77f-856c76cd5353,0.0481089289534796,False,299.8846999998932
bm25_e5_rrf_rerank,TF039,adverse_reaction,2,7abe62fa-6fdb-4466-a16b-73e1770f0c57,0.0396084800918918,True,299.8846999998932
bm25_e5_rrf_rerank,TF039,adverse_reaction,3,2e55093d-0a0f-4fd9-954b-4fc72df9eac0,0.039048106785865545,True,299.8846999998932
bm25_e5_rrf_rerank,TF039,adverse_reaction,4,15e829a9-a475-429d-b0e3-5c34bfbd3ab7,0.03799410166128029,False,299.8846999998932
bm25_e5_rrf_rerank,TF039,adverse_reaction,5,8939253d-3272-4915-8c2b-c60062aeb818,0.03728590707217946,False,299.8846999998932
bm25_e5_rrf_rerank,TF039,adverse_reaction,6,391ad5dc-0d1c-4350-85ba-5aa601d9ac0d,0.03691058361357537,False,299.8846999998932
bm25_e5_rrf_rerank,TF039,adverse_reaction,7,da79aa00-567d-434c-8441-915ac080f918,0.036462128261943436,False,299.8846999998932
bm25_e5_rrf_rerank,TF039,adverse_reaction,8,30ce28cb-f702-4cce-8105-137e2f73af0d,0.03496909454477814,False,299.8846999998932
bm25_e5_rrf_rerank,TF039,adverse_reaction,9,22e6c188-2e4c-4029-b200-7770a3f00e6e,0.03432208809413881,False,299.8846999998932
bm25_e5_rrf_rerank,TF039,adverse_reaction,10,8f3ed830-3a06-41c6-8b06-cfcf6d36a83c,0.03360472133567742,False,299.8846999998932
bm25_e5_rrf_rerank,TF040,adverse_reaction,1,8259ed27-8646-4502-a959-aab1e9f1770f,0.05765822784810126,False,275.4789000000528
bm25_e5_rrf_rerank,TF040,adverse_reaction,2,c78ff32d-ea17-41fd-98ef-2e8872f01df3,0.05734567901234568,False,275.4789000000528
bm25_e5_rrf_rerank,TF040,adverse_reaction,3,f4580736-a09e-471f-93d2-8089c695eb67,0.039746248229605256,True,275.4789000000528
bm25_e5_rrf_rerank,TF040,adverse_reaction,4,2e55093d-0a0f-4fd9-954b-4fc72df9eac0,0.039211227663101686,True,275.4789000000528
bm25_e5_rrf_rerank,TF040,adverse_reaction,5,391ad5dc-0d1c-4350-85ba-5aa601d9ac0d,0.037619138767018306,False,275.4789000000528
bm25_e5_rrf_rerank,TF040,adverse_reaction,6,a7cf71a5-8426-4d7c-8106-e0754e7cb4bf,0.03600661583695715,False,275.4789000000528
bm25_e5_rrf_rerank,TF040,adverse_reaction,7,5de4d74d-720e-4d86-a836-f946d70a2d32,0.035011646645579174,False,275.4789000000528
bm25_e5_rrf_rerank,TF040,adverse_reaction,8,22e6c188-2e4c-4029-b200-7770a3f00e6e,0.034346402502132514,False,275.4789000000528
bm25_e5_rrf_rerank,TF040,adverse_reaction,9,30ce28cb-f702-4cce-8105-137e2f73af0d,0.033817957102020416,False,275.4789000000528
bm25_e5_rrf_rerank,TF040,adverse_reaction,10,da79aa00-567d-434c-8441-915ac080f918,0.03380851286614847,False,275.4789000000528
bm25_e5_rrf_rerank,TF041,adverse_reaction,1,7abe62fa-6fdb-4466-a16b-73e1770f0c57,0.05072872650226167,False,286.9427000005089
bm25_e5_rrf_rerank,TF041,adverse_reaction,2,f4580736-a09e-471f-93d2-8089c695eb67,0.05019483434781622,True,286.9427000005089
bm25_e5_rrf_rerank,TF041,adverse_reaction,3,5e7838ae-0b80-4d05-b266-deb52de7b401,0.050164433948329236,True,286.9427000005089
bm25_e5_rrf_rerank,TF041,adverse_reaction,4,324bc249-0e84-46e9-b77f-856c76cd5353,0.04762511735566905,False,286.9427000005089
bm25_e5_rrf_rerank,TF041,adverse_reaction,5,15e829a9-a475-429d-b0e3-5c34bfbd3ab7,0.03750156763666261,False,286.9427000005089
bm25_e5_rrf_rerank,TF041,adverse_reaction,6,2e55093d-0a0f-4fd9-954b-4fc72df9eac0,0.03712341528227835,False,286.9427000005089
bm25_e5_rrf_rerank,TF041,adverse_reaction,7,391ad5dc-0d1c-4350-85ba-5aa601d9ac0d,0.03698952104686733,False,286.9427000005089
bm25_e5_rrf_rerank,TF041,adverse_reaction,8,8939253d-3272-4915-8c2b-c60062aeb818,0.03649606047095833,False,286.9427000005089
bm25_e5_rrf_rerank,TF041,adverse_reaction,9,a7cf71a5-8426-4d7c-8106-e0754e7cb4bf,0.035271429395364,False,286.9427000005089
bm25_e5_rrf_rerank,TF041,adverse_reaction,10,8f3ed830-3a06-41c6-8b06-cfcf6d36a83c,0.03411439492648705,False,286.9427000005089
bm25_e5_rrf_rerank,TF042,procedure,1,fbf62ef9-25b7-437c-98d8-c4934fba0fe6,0.07187205742251089,False,312.0848999997179
bm25_e5_rrf_rerank,TF042,procedure,2,9131e9a9-eff3-4f4e-a20b-4bdd456c35bc,0.06622091216889639,False,312.0848999997179
bm25_e5_rrf_rerank,TF042,procedure,3,2cea4ea7-7aaf-4c54-ac4e-b660de52065d,0.05980784320074414,False,312.0848999997179
bm25_e5_rrf_rerank,TF042,procedure,4,3abbb958-eafe-4ffe-bcfc-dafa7349c15c,0.059724352627322584,True,312.0848999997179
bm25_e5_rrf_rerank,TF042,procedure,5,eda54b74-cd2f-4808-8175-bcc5b916ce90,0.05413692499298962,False,312.0848999997179
bm25_e5_rrf_rerank,TF042,procedure,6,7adacb8c-91c0-4ea7-8d82-7505eeac5042,0.05284617733852172,False,312.0848999997179
bm25_e5_rrf_rerank,TF042,procedure,7,d2e0fc0a-bf0e-4226-abbf-e9f3dea2fce8,0.050792162918957884,False,312.0848999997179
bm25_e5_rrf_rerank,TF042,procedure,8,dfb2693a-e821-4d6e-bbcc-0dbf3dc2a2ae,0.05050042580776527,True,312.0848999997179
bm25_e5_rrf_rerank,TF042,procedure,9,9b6cc313-9a59-4387-a5ce-2ed14389a0a7,0.04998880836590617,False,312.0848999997179
bm25_e5_rrf_rerank,TF042,procedure,10,b0b5bc4f-7d0b-4f56-8e37-84178d38637d,0.049154179480970214,False,312.0848999997179
bm25_e5_rrf_rerank,TF043,procedure,1,fd678588-5ac2-400d-95c5-3309537781ec,0.07589560609468272,False,350.7012999989456
bm25_e5_rrf_rerank,TF043,procedure,2,b0b5bc4f-7d0b-4f56-8e37-84178d38637d,0.05538832977839878,False,350.7012999989456
bm25_e5_rrf_rerank,TF043,procedure,3,fbf62ef9-25b7-437c-98d8-c4934fba0fe6,0.04716667297966368,True,350.7012999989456
bm25_e5_rrf_rerank,TF043,procedure,4,a3d42ca5-54b5-4b8d-be4e-79337aaab880,0.04551892480608091,False,350.7012999989456
bm25_e5_rrf_rerank,TF043,procedure,5,2cea4ea7-7aaf-4c54-ac4e-b660de52065d,0.043893880853812246,False,350.7012999989456
bm25_e5_rrf_rerank,TF043,procedure,6,f9cfc75b-a5e7-4633-a798-4b17ea462325,0.043530589398373384,False,350.7012999989456
bm25_e5_rrf_rerank,TF043,procedure,7,9b6cc313-9a59-4387-a5ce-2ed14389a0a7,0.042083929696049356,False,350.7012999989456
bm25_e5_rrf_rerank,TF043,procedure,8,eda54b74-cd2f-4808-8175-bcc5b916ce90,0.04164138223588929,False,350.7012999989456
bm25_e5_rrf_rerank,TF043,procedure,9,3abbb958-eafe-4ffe-bcfc-dafa7349c15c,0.0407648173934179,False,350.7012999989456
bm25_e5_rrf_rerank,TF043,procedure,10,9131e9a9-eff3-4f4e-a20b-4bdd456c35bc,0.04069873576694064,False,350.7012999989456
bm25_e5_rrf_rerank,TF044,fact_specific,1,09f3c6d5-9e0c-4545-960f-b16c69abbeb1,0.054898801599811385,False,339.3711999997322
bm25_e5_rrf_rerank,TF044,fact_specific,2,7abe62fa-6fdb-4466-a16b-73e1770f0c57,0.04955866747816306,False,339.3711999997322
bm25_e5_rrf_rerank,TF044,fact_specific,3,dfb2693a-e821-4d6e-bbcc-0dbf3dc2a2ae,0.04873839056094698,False,339.3711999997322
bm25_e5_rrf_rerank,TF044,fact_specific,4,3abbb958-eafe-4ffe-bcfc-dafa7349c15c,0.047919705990822084,False,339.3711999997322
bm25_e5_rrf_rerank,TF044,fact_specific,5,fbf62ef9-25b7-437c-98d8-c4934fba0fe6,0.04663145903223146,False,339.3711999997322
bm25_e5_rrf_rerank,TF044,fact_specific,6,2cea4ea7-7aaf-4c54-ac4e-b660de52065d,0.04629552414058681,False,339.3711999997322
bm25_e5_rrf_rerank,TF044,fact_specific,7,21efe016-3004-45f3-a070-29ce2ecb0019,0.04521455736909216,False,339.3711999997322
bm25_e5_rrf_rerank,TF044,fact_specific,8,9131e9a9-eff3-4f4e-a20b-4bdd456c35bc,0.04445550164934263,False,339.3711999997322
bm25_e5_rrf_rerank,TF044,fact_specific,9,b66e5419-8a9c-47f4-866d-ebdb95b174b2,0.04348778531664894,False,339.3711999997322
bm25_e5_rrf_rerank,TF044,fact_specific,10,bc88f538-e881-4c81-85e9-fca20614315d,0.04210010167939299,False,339.3711999997322
bm25_e5_rrf_rerank,TF045,paraphrase,1,9131e9a9-eff3-4f4e-a20b-4bdd456c35bc,0.07675226807885983,False,265.9519000008004
bm25_e5_rrf_rerank,TF045,paraphrase,2,3abbb958-eafe-4ffe-bcfc-dafa7349c15c,0.0721593767364841,False,265.9519000008004
bm25_e5_rrf_rerank,TF045,paraphrase,3,fbf62ef9-25b7-437c-98d8-c4934fba0fe6,0.07034608321358203,False,265.9519000008004
bm25_e5_rrf_rerank,TF045,paraphrase,4,2cea4ea7-7aaf-4c54-ac4e-b660de52065d,0.06882963065564374,False,265.9519000008004
bm25_e5_rrf_rerank,TF045,paraphrase,5,eda54b74-cd2f-4808-8175-bcc5b916ce90,0.06856952549039003,False,265.9519000008004
bm25_e5_rrf_rerank,TF045,paraphrase,6,7adacb8c-91c0-4ea7-8d82-7505eeac5042,0.06644111333436951,False,265.9519000008004
bm25_e5_rrf_rerank,TF045,paraphrase,7,22e6c188-2e4c-4029-b200-7770a3f00e6e,0.06531714698240913,False,265.9519000008004
bm25_e5_rrf_rerank,TF045,paraphrase,8,d2e0fc0a-bf0e-4226-abbf-e9f3dea2fce8,0.06339022654156352,False,265.9519000008004
bm25_e5_rrf_rerank,TF045,paraphrase,9,dfb2693a-e821-4d6e-bbcc-0dbf3dc2a2ae,0.06170454787426308,False,265.9519000008004
bm25_e5_rrf_rerank,TF045,paraphrase,10,9b6cc313-9a59-4387-a5ce-2ed14389a0a7,0.06052142464030873,False,265.9519000008004
bm25_e5_rrf_rerank,TN001,negative_out_of_scope,1,bc88f538-e881-4c81-85e9-fca20614315d,0.030901480492616845,False,232.3260000002847
bm25_e5_rrf_rerank,TN001,negative_out_of_scope,2,2cea4ea7-7aaf-4c54-ac4e-b660de52065d,0.027554541693793403,False,232.3260000002847
bm25_e5_rrf_rerank,TN001,negative_out_of_scope,3,b66e5419-8a9c-47f4-866d-ebdb95b174b2,0.027407932836985976,False,232.3260000002847
bm25_e5_rrf_rerank,TN001,negative_out_of_scope,4,21efe016-3004-45f3-a070-29ce2ecb0019,0.026834871254857312,False,232.3260000002847
bm25_e5_rrf_rerank,TN001,negative_out_of_scope,5,4c0dde2a-0432-4cb2-ad33-987f5979ff76,0.026734315416657228,False,232.3260000002847
bm25_e5_rrf_rerank,TN001,negative_out_of_scope,6,391ad5dc-0d1c-4350-85ba-5aa601d9ac0d,0.021762198925018312,False,232.3260000002847
bm25_e5_rrf_rerank,TN001,negative_out_of_scope,7,64fa07b8-63c3-43c8-899e-5bd6282225ed,0.021271863128199724,False,232.3260000002847
bm25_e5_rrf_rerank,TN001,negative_out_of_scope,8,f4580736-a09e-471f-93d2-8089c695eb67,0.021034977969838612,False,232.3260000002847
bm25_e5_rrf_rerank,TN002,negative_out_of_scope,1,23c6ca0d-04bf-4081-b90a-9819029dcd73,0.031806159047903695,False,191.2540999992416
bm25_e5_rrf_rerank,TN002,negative_out_of_scope,2,e96acbc9-66b4-4df4-953b-3f7b0a846bbc,0.030195886532973105,False,191.2540999992416
bm25_e5_rrf_rerank,TN002,negative_out_of_scope,3,1b376f6f-5ee5-4d05-a585-f3aa6b7ee824,0.02960737989954017,False,191.2540999992416
bm25_e5_rrf_rerank,TN002,negative_out_of_scope,4,54fdf811-dedd-4016-b144-3e4bfdcd67c8,0.02868061518996545,False,191.2540999992416
bm25_e5_rrf_rerank,TN002,negative_out_of_scope,5,c78ff32d-ea17-41fd-98ef-2e8872f01df3,0.02764344262295082,False,191.2540999992416
bm25_e5_rrf_rerank,TN002,negative_out_of_scope,6,4c0dde2a-0432-4cb2-ad33-987f5979ff76,0.027037742636048096,False,191.2540999992416
bm25_e5_rrf_rerank,TN002,negative_out_of_scope,7,22e6c188-2e4c-4029-b200-7770a3f00e6e,0.026408464687039154,False,191.2540999992416
bm25_e5_rrf_rerank,TN002,negative_out_of_scope,8,5de4d74d-720e-4d86-a836-f946d70a2d32,0.022841949455073625,False,191.2540999992416
bm25_e5_rrf_rerank,TN002,negative_out_of_scope,9,15e829a9-a475-429d-b0e3-5c34bfbd3ab7,0.022571282509834534,False,191.2540999992416
bm25_e5_rrf_rerank,TN002,negative_out_of_scope,10,2e55093d-0a0f-4fd9-954b-4fc72df9eac0,0.019951403566308923,False,191.2540999992416
bm25_e5_rrf_rerank,TN003,negative_out_of_scope,1,f7a9837d-f8db-4461-abd8-a3607db2276f,0.04716251952646084,False,222.15520000099787
bm25_e5_rrf_rerank,TN003,negative_out_of_scope,2,6ffcd319-e868-444b-b6fe-8d192a4de3ff,0.04671816686924489,False,222.15520000099787
bm25_e5_rrf_rerank,TN003,negative_out_of_scope,3,ffcf7308-6e83-47bc-a519-0b4b7ba44562,0.033694454046856975,False,222.15520000099787
bm25_e5_rrf_rerank,TN003,negative_out_of_scope,4,fbf62ef9-25b7-437c-98d8-c4934fba0fe6,0.033592818444455066,False,222.15520000099787
bm25_e5_rrf_rerank,TN003,negative_out_of_scope,5,63b53156-440d-40c1-bc88-5c07c23ae77f,0.033364461085877394,False,222.15520000099787
bm25_e5_rrf_rerank,TN003,negative_out_of_scope,6,71d2e37c-44e2-4972-8e6b-a6449c2f8404,0.03307495506024378,False,222.15520000099787
bm25_e5_rrf_rerank,TN003,negative_out_of_scope,7,ba3d1d87-0c2d-4b67-a0c2-4615c8249c2a,0.03279147038059482,False,222.15520000099787
bm25_e5_rrf_rerank,TN003,negative_out_of_scope,8,0f6b0fc1-9d70-479f-a87d-a26e954e2adb,0.03190215020553662,False,222.15520000099787
bm25_e5_rrf_rerank,TN003,negative_out_of_scope,9,1b376f6f-5ee5-4d05-a585-f3aa6b7ee824,0.031094881740617163,False,222.15520000099787
bm25_e5_rrf_rerank,TN003,negative_out_of_scope,10,21efe016-3004-45f3-a070-29ce2ecb0019,0.03078960775842472,False,222.15520000099787
bm25_e5_rrf_rerank,TN004,negative_out_of_scope,1,4d18d11e-2a92-4690-8a64-46653931483e,0.03513858520055489,False,182.69219999911002
bm25_e5_rrf_rerank,TN004,negative_out_of_scope,2,23c6ca0d-04bf-4081-b90a-9819029dcd73,0.034503662507733304,False,182.69219999911002
bm25_e5_rrf_rerank,TN004,negative_out_of_scope,3,ffcf7308-6e83-47bc-a519-0b4b7ba44562,0.0332346435231283,False,182.69219999911002
bm25_e5_rrf_rerank,TN004,negative_out_of_scope,4,1b376f6f-5ee5-4d05-a585-f3aa6b7ee824,0.03258764263458582,False,182.69219999911002
bm25_e5_rrf_rerank,TN004,negative_out_of_scope,5,17abd2d4-27a2-40ba-a55b-0b3ceee19005,0.03250636365089887,False,182.69219999911002
bm25_e5_rrf_rerank,TN004,negative_out_of_scope,6,71d2e37c-44e2-4972-8e6b-a6449c2f8404,0.03228141016573519,False,182.69219999911002
bm25_e5_rrf_rerank,TN004,negative_out_of_scope,7,da79aa00-567d-434c-8441-915ac080f918,0.031984984629044096,False,182.69219999911002
bm25_e5_rrf_rerank,TN004,negative_out_of_scope,8,646d4165-73db-4f69-84da-5f393cd81988,0.03189213714844141,False,182.69219999911002
bm25_e5_rrf_rerank,TN004,negative_out_of_scope,9,1033ac46-dec8-493e-b577-7f5ad80f8e86,0.031002867093242882,False,182.69219999911002
bm25_e5_rrf_rerank,TN004,negative_out_of_scope,10,81a83ec4-b5d1-4305-9f44-93e5fa935ffe,0.02992376713560749,False,182.69219999911002
bm25_e5_rrf_rerank,TN005,negative_out_of_scope,1,fd678588-5ac2-400d-95c5-3309537781ec,0.048097057002371255,False,182.3168999999325
bm25_e5_rrf_rerank,TN005,negative_out_of_scope,2,3abbb958-eafe-4ffe-bcfc-dafa7349c15c,0.046921958554319014,False,182.3168999999325
bm25_e5_rrf_rerank,TN005,negative_out_of_scope,3,eda54b74-cd2f-4808-8175-bcc5b916ce90,0.045410998591329944,False,182.3168999999325
bm25_e5_rrf_rerank,TN005,negative_out_of_scope,4,84c0a864-176f-4776-a15e-167fc2518e5d,0.04403811846826891,False,182.3168999999325
bm25_e5_rrf_rerank,TN005,negative_out_of_scope,5,b225ae64-72d2-4e59-81c0-57f5d8438666,0.04387193231658176,False,182.3168999999325
bm25_e5_rrf_rerank,TN005,negative_out_of_scope,6,22e6c188-2e4c-4029-b200-7770a3f00e6e,0.043511433778807174,False,182.3168999999325
bm25_e5_rrf_rerank,TN005,negative_out_of_scope,7,7adacb8c-91c0-4ea7-8d82-7505eeac5042,0.04236102518819198,False,182.3168999999325
bm25_e5_rrf_rerank,TN005,negative_out_of_scope,8,dfb2693a-e821-4d6e-bbcc-0dbf3dc2a2ae,0.036170739696139376,False,182.3168999999325
bm25_e5_rrf_rerank,TN005,negative_out_of_scope,9,7e68f70a-ba74-4eb8-bbae-c7e9f7340567,0.033069292681557796,False,182.3168999999325
bm25_e5_rrf_rerank,TN005,negative_out_of_scope,10,a3d42ca5-54b5-4b8d-be4e-79337aaab880,0.031073085588567396,False,182.3168999999325
bm25_e5_rrf_rerank,TP001,product_specific,1,54fdf811-dedd-4016-b144-3e4bfdcd67c8,0.058048784717432765,False,228.56589999992138
bm25_e5_rrf_rerank,TP001,product_specific,2,0f6b0fc1-9d70-479f-a87d-a26e954e2adb,0.04681521992826917,False,228.56589999992138
bm25_e5_rrf_rerank,TP001,product_specific,3,ba3d1d87-0c2d-4b67-a0c2-4615c8249c2a,0.04582511929904713,True,228.56589999992138
bm25_e5_rrf_rerank,TP001,product_specific,4,b0b5bc4f-7d0b-4f56-8e37-84178d38637d,0.04095840370482293,False,228.56589999992138
bm25_e5_rrf_rerank,TP001,product_specific,5,2cea4ea7-7aaf-4c54-ac4e-b660de52065d,0.038573209176228855,False,228.56589999992138
bm25_e5_rrf_rerank,TP001,product_specific,6,23c6ca0d-04bf-4081-b90a-9819029dcd73,0.03447540731696816,True,228.56589999992138
bm25_e5_rrf_rerank,TP001,product_specific,7,e96acbc9-66b4-4df4-953b-3f7b0a846bbc,0.03330359978146023,False,228.56589999992138
bm25_e5_rrf_rerank,TP001,product_specific,8,4c0dde2a-0432-4cb2-ad33-987f5979ff76,0.032824240109166174,False,228.56589999992138
bm25_e5_rrf_rerank,TP001,product_specific,9,646d4165-73db-4f69-84da-5f393cd81988,0.03247991133744233,False,228.56589999992138
bm25_e5_rrf_rerank,TP001,product_specific,10,71d2e37c-44e2-4972-8e6b-a6449c2f8404,0.032376027907074056,False,228.56589999992138
bm25_e5_rrf_rerank,TP002,product_specific,1,4c0dde2a-0432-4cb2-ad33-987f5979ff76,0.05027881586154512,False,232.7326999993602
bm25_e5_rrf_rerank,TP002,product_specific,2,b0b5bc4f-7d0b-4f56-8e37-84178d38637d,0.05013625667940785,False,232.7326999993602
bm25_e5_rrf_rerank,TP002,product_specific,3,f7a9837d-f8db-4461-abd8-a3607db2276f,0.0494594379701922,False,232.7326999993602
bm25_e5_rrf_rerank,TP002,product_specific,4,c404e320-0bf2-4325-be92-7a0614f201ca,0.0492344736977229,False,232.7326999993602
bm25_e5_rrf_rerank,TP002,product_specific,5,b10b8f1c-ed17-44ca-8d7c-1a4f19a12c67,0.035176241174741316,False,232.7326999993602
bm25_e5_rrf_rerank,TP002,product_specific,6,7e68f70a-ba74-4eb8-bbae-c7e9f7340567,0.03479593277516121,False,232.7326999993602
bm25_e5_rrf_rerank,TP002,product_specific,7,b225ae64-72d2-4e59-81c0-57f5d8438666,0.03431999033887064,False,232.7326999993602
bm25_e5_rrf_rerank,TP002,product_specific,8,36bac780-b1a2-42dc-8cca-3605f80c5521,0.03401736417451898,False,232.7326999993602
bm25_e5_rrf_rerank,TP002,product_specific,9,21d38039-895b-46a4-8902-96e380ce41aa,0.033337735293568045,False,232.7326999993602
bm25_e5_rrf_rerank,TP002,product_specific,10,a3d42ca5-54b5-4b8d-be4e-79337aaab880,0.03281118479345599,False,232.7326999993602
bm25_e5_rrf_rerank,TP003,temporal,1,c404e320-0bf2-4325-be92-7a0614f201ca,0.05740964138110689,False,204.89700000052835
bm25_e5_rrf_rerank,TP003,temporal,2,21efe016-3004-45f3-a070-29ce2ecb0019,0.055873556317075496,False,204.89700000052835
bm25_e5_rrf_rerank,TP003,temporal,3,63b53156-440d-40c1-bc88-5c07c23ae77f,0.048017114147059226,True,204.89700000052835
bm25_e5_rrf_rerank,TP003,temporal,4,ffcf7308-6e83-47bc-a519-0b4b7ba44562,0.04659778734353873,False,204.89700000052835
bm25_e5_rrf_rerank,TP003,temporal,5,59d57c8a-c9d7-4f8d-b9a1-a2816f1f01f7,0.04656253715661856,False,204.89700000052835
bm25_e5_rrf_rerank,TP003,temporal,6,f7a9837d-f8db-4461-abd8-a3607db2276f,0.045406290002472684,False,204.89700000052835
bm25_e5_rrf_rerank,TP003,temporal,7,9131e9a9-eff3-4f4e-a20b-4bdd456c35bc,0.04440135586132282,False,204.89700000052835
bm25_e5_rrf_rerank,TP003,temporal,8,23c6ca0d-04bf-4081-b90a-9819029dcd73,0.04427963329891734,False,204.89700000052835
bm25_e5_rrf_rerank,TP003,temporal,9,5de4d74d-720e-4d86-a836-f946d70a2d32,0.04337074147405013,False,204.89700000052835
bm25_e5_rrf_rerank,TP003,temporal,10,71d2e37c-44e2-4972-8e6b-a6449c2f8404,0.04328209551697072,False,204.89700000052835
bm25_e5_rrf_rerank,TP004,temporal,1,63b53156-440d-40c1-bc88-5c07c23ae77f,0.047262117370230255,True,227.27480000139622
bm25_e5_rrf_rerank,TP004,temporal,2,c404e320-0bf2-4325-be92-7a0614f201ca,0.04614278901007868,False,227.27480000139622
bm25_e5_rrf_rerank,TP004,temporal,3,f7a9837d-f8db-4461-abd8-a3607db2276f,0.04577945097977707,False,227.27480000139622
bm25_e5_rrf_rerank,TP004,temporal,4,21efe016-3004-45f3-a070-29ce2ecb0019,0.04529617782739492,False,227.27480000139622
bm25_e5_rrf_rerank,TP004,temporal,5,23c6ca0d-04bf-4081-b90a-9819029dcd73,0.0440304227336898,False,227.27480000139622
bm25_e5_rrf_rerank,TP004,temporal,6,ffcf7308-6e83-47bc-a519-0b4b7ba44562,0.03736952046030153,False,227.27480000139622
bm25_e5_rrf_rerank,TP004,temporal,7,71d2e37c-44e2-4972-8e6b-a6449c2f8404,0.03706367235472708,True,227.27480000139622
bm25_e5_rrf_rerank,TP004,temporal,8,b66e5419-8a9c-47f4-866d-ebdb95b174b2,0.03584995384460319,False,227.27480000139622
bm25_e5_rrf_rerank,TP004,temporal,9,5de4d74d-720e-4d86-a836-f946d70a2d32,0.03522306475608177,False,227.27480000139622
bm25_e5_rrf_rerank,TP004,temporal,10,f4580736-a09e-471f-93d2-8089c695eb67,0.033416678531284404,False,227.27480000139622
bm25_e5_rrf_rerank,TP005,temporal,1,8259ed27-8646-4502-a959-aab1e9f1770f,0.05970588235294118,False,221.82619999784947
bm25_e5_rrf_rerank,TP005,temporal,2,c78ff32d-ea17-41fd-98ef-2e8872f01df3,0.05734567901234568,False,221.82619999784947
bm25_e5_rrf_rerank,TP005,temporal,3,da79aa00-567d-434c-8441-915ac080f918,0.03974135301933914,True,221.82619999784947
bm25_e5_rrf_rerank,TP005,temporal,4,ba3d1d87-0c2d-4b67-a0c2-4615c8249c2a,0.03875392257794928,False,221.82619999784947
bm25_e5_rrf_rerank,TP005,temporal,5,0f6b0fc1-9d70-479f-a87d-a26e954e2adb,0.037994293645479155,False,221.82619999784947
bm25_e5_rrf_rerank,TP005,temporal,6,5de4d74d-720e-4d86-a836-f946d70a2d32,0.0378295766723001,False,221.82619999784947
bm25_e5_rrf_rerank,TP005,temporal,7,54fdf811-dedd-4016-b144-3e4bfdcd67c8,0.03705427913104786,False,221.82619999784947
bm25_e5_rrf_rerank,TP005,temporal,8,c404e320-0bf2-4325-be92-7a0614f201ca,0.03613526181637983,False,221.82619999784947
bm25_e5_rrf_rerank,TP005,temporal,9,30ce28cb-f702-4cce-8105-137e2f73af0d,0.03521520470127915,False,221.82619999784947
bm25_e5_rrf_rerank,TP005,temporal,10,22e6c188-2e4c-4029-b200-7770a3f00e6e,0.03480767125251812,False,221.82619999784947
bm25_e5_rrf_rerank,TP006,product_specific,1,e96acbc9-66b4-4df4-953b-3f7b0a846bbc,0.06233599327431351,True,300.15019999973447
bm25_e5_rrf_rerank,TP006,product_specific,2,9131e9a9-eff3-4f4e-a20b-4bdd456c35bc,0.0616296651440282,False,300.15019999973447
bm25_e5_rrf_rerank,TP006,product_specific,3,54fdf811-dedd-4016-b144-3e4bfdcd67c8,0.061104260429503426,False,300.15019999973447
bm25_e5_rrf_rerank,TP006,product_specific,4,d4c1a9ca-23c5-4ae0-9a51-c56675b2e6d1,0.06053577280044556,False,300.15019999973447
bm25_e5_rrf_rerank,TP006,product_specific,5,3ecc27b9-634c-4026-b44e-e01123aa0467,0.056748573160244085,False,300.15019999973447
bm25_e5_rrf_rerank,TP006,product_specific,6,df699ccc-6f51-4281-b4a4-f3d2a20631e0,0.05437665384410864,False,300.15019999973447
bm25_e5_rrf_rerank,TP006,product_specific,7,324bc249-0e84-46e9-b77f-856c76cd5353,0.04787121624530105,False,300.15019999973447
bm25_e5_rrf_rerank,TP006,product_specific,8,4c0dde2a-0432-4cb2-ad33-987f5979ff76,0.047494186418415546,False,300.15019999973447
bm25_e5_rrf_rerank,TP006,product_specific,9,73735f01-c9d0-4dd5-8d46-c70045e4b334,0.04696521921832152,False,300.15019999973447
bm25_e5_rrf_rerank,TP006,product_specific,10,e62b0c91-ff0c-43b2-9bd5-ff173d9f8bc0,0.04679618397472802,False,300.15019999973447
bm25_e5_rrf_rerank,TP007,product_specific,1,e62b0c91-ff0c-43b2-9bd5-ff173d9f8bc0,0.06169612167727163,False,304.0431000008539
bm25_e5_rrf_rerank,TP007,product_specific,2,9131e9a9-eff3-4f4e-a20b-4bdd456c35bc,0.06078819995069959,False,304.0431000008539
bm25_e5_rrf_rerank,TP007,product_specific,3,7abe62fa-6fdb-4466-a16b-73e1770f0c57,0.060159310485377454,False,304.0431000008539
bm25_e5_rrf_rerank,TP007,product_specific,4,4c0dde2a-0432-4cb2-ad33-987f5979ff76,0.0601155839460039,False,304.0431000008539
bm25_e5_rrf_rerank,TP007,product_specific,5,3ecc27b9-634c-4026-b44e-e01123aa0467,0.059407374148994545,False,304.0431000008539
bm25_e5_rrf_rerank,TP007,product_specific,6,e96acbc9-66b4-4df4-953b-3f7b0a846bbc,0.05921063436780657,False,304.0431000008539
bm25_e5_rrf_rerank,TP007,product_specific,7,54fdf811-dedd-4016-b144-3e4bfdcd67c8,0.05905070410193978,False,304.0431000008539
bm25_e5_rrf_rerank,TP007,product_specific,8,d4c1a9ca-23c5-4ae0-9a51-c56675b2e6d1,0.0584191338606555,True,304.0431000008539
bm25_e5_rrf_rerank,TP007,product_specific,9,df699ccc-6f51-4281-b4a4-f3d2a20631e0,0.057857575587774684,False,304.0431000008539
bm25_e5_rrf_rerank,TP007,product_specific,10,f9cfc75b-a5e7-4633-a798-4b17ea462325,0.0565857960874255,False,304.0431000008539
bm25_e5_rrf_rerank,TP008,product_specific,1,9131e9a9-eff3-4f4e-a20b-4bdd456c35bc,0.05332436909038395,True,204.6610999996119
bm25_e5_rrf_rerank,TP008,product_specific,2,e62b0c91-ff0c-43b2-9bd5-ff173d9f8bc0,0.0527545108795166,False,204.6610999996119
bm25_e5_rrf_rerank,TP008,product_specific,3,df699ccc-6f51-4281-b4a4-f3d2a20631e0,0.05251754406540005,False,204.6610999996119
bm25_e5_rrf_rerank,TP008,product_specific,4,7c33fbb7-e931-4f6b-9520-23875ec9ee5b,0.051824086448563955,False,204.6610999996119
bm25_e5_rrf_rerank,TP008,product_specific,5,3ecc27b9-634c-4026-b44e-e01123aa0467,0.051568283801704515,False,204.6610999996119
bm25_e5_rrf_rerank,TP008,product_specific,6,4c0dde2a-0432-4cb2-ad33-987f5979ff76,0.05155274554368653,False,204.6610999996119
bm25_e5_rrf_rerank,TP008,product_specific,7,d4c1a9ca-23c5-4ae0-9a51-c56675b2e6d1,0.05090425325451966,False,204.6610999996119
bm25_e5_rrf_rerank,TP008,product_specific,8,a3d42ca5-54b5-4b8d-be4e-79337aaab880,0.04999760441145471,False,204.6610999996119
bm25_e5_rrf_rerank,TP008,product_specific,9,e96acbc9-66b4-4df4-953b-3f7b0a846bbc,0.04999077051117557,False,204.6610999996119
bm25_e5_rrf_rerank,TP008,product_specific,10,59d57c8a-c9d7-4f8d-b9a1-a2816f1f01f7,0.04989648724140877,False,204.6610999996119
bm25_e5_rrf_rerank,TP009,product_specific,1,bc88f538-e881-4c81-85e9-fca20614315d,0.08198757933788613,True,246.1820999997144
bm25_e5_rrf_rerank,TP009,product_specific,2,2cea4ea7-7aaf-4c54-ac4e-b660de52065d,0.07548691904147677,False,246.1820999997144
bm25_e5_rrf_rerank,TP009,product_specific,3,21efe016-3004-45f3-a070-29ce2ecb0019,0.06584060155973029,False,246.1820999997144
bm25_e5_rrf_rerank,TP009,product_specific,4,b66e5419-8a9c-47f4-866d-ebdb95b174b2,0.06505947108612246,False,246.1820999997144
bm25_e5_rrf_rerank,TP009,product_specific,5,4c0dde2a-0432-4cb2-ad33-987f5979ff76,0.06385196896669068,False,246.1820999997144
bm25_e5_rrf_rerank,TP009,product_specific,6,f9eb1471-4566-4c09-a18e-9f3d84a47e9c,0.053297183684851104,False,246.1820999997144
bm25_e5_rrf_rerank,TP009,product_specific,7,b0d368a1-d0fc-4b8b-8567-e190cf462986,0.05228700718886957,False,246.1820999997144
bm25_e5_rrf_rerank,TP009,product_specific,8,54fdf811-dedd-4016-b144-3e4bfdcd67c8,0.0489336042596307,False,246.1820999997144
bm25_e5_rrf_rerank,TP009,product_specific,9,a3d42ca5-54b5-4b8d-be4e-79337aaab880,0.04886828769956317,False,246.1820999997144
bm25_e5_rrf_rerank,TP009,product_specific,10,c78ff32d-ea17-41fd-98ef-2e8872f01df3,0.04582051282051282,False,246.1820999997144
bm25_e5_rrf_rerank,TP010,product_specific,1,2cea4ea7-7aaf-4c54-ac4e-b660de52065d,0.06663939392169527,False,303.5316999994393
bm25_e5_rrf_rerank,TP010,product_specific,2,b66e5419-8a9c-47f4-866d-ebdb95b174b2,0.06578942106640527,True,303.5316999994393
bm25_e5_rrf_rerank,TP010,product_specific,3,21efe016-3004-45f3-a070-29ce2ecb0019,0.06577680790808893,False,303.5316999994393
bm25_e5_rrf_rerank,TP010,product_specific,4,bc88f538-e881-4c81-85e9-fca20614315d,0.06574346985179752,False,303.5316999994393
bm25_e5_rrf_rerank,TP010,product_specific,5,4c0dde2a-0432-4cb2-ad33-987f5979ff76,0.05880100456403952,False,303.5316999994393
bm25_e5_rrf_rerank,TP010,product_specific,6,dfb2693a-e821-4d6e-bbcc-0dbf3dc2a2ae,0.04437690847351688,False,303.5316999994393
bm25_e5_rrf_rerank,TP010,product_specific,7,fbf62ef9-25b7-437c-98d8-c4934fba0fe6,0.043982918014587015,False,303.5316999994393
bm25_e5_rrf_rerank,TP010,product_specific,8,eda54b74-cd2f-4808-8175-bcc5b916ce90,0.042902415460719295,False,303.5316999994393
bm25_e5_rrf_rerank,TP010,product_specific,9,7adacb8c-91c0-4ea7-8d82-7505eeac5042,0.042318377475362955,False,303.5316999994393
bm25_e5_rrf_rerank,TP010,product_specific,10,5de4d74d-720e-4d86-a836-f946d70a2d32,0.04182460566923774,False,303.5316999994393
bm25_e5_rrf_rerank,TP011,temporal,1,b66e5419-8a9c-47f4-866d-ebdb95b174b2,0.05449387466510348,True,198.78659999994852
bm25_e5_rrf_rerank,TP011,temporal,2,23c6ca0d-04bf-4081-b90a-9819029dcd73,0.05059718196898871,False,198.78659999994852
bm25_e5_rrf_rerank,TP011,temporal,3,c404e320-0bf2-4325-be92-7a0614f201ca,0.039265424713007716,False,198.78659999994852
bm25_e5_rrf_rerank,TP011,temporal,4,ffcf7308-6e83-47bc-a519-0b4b7ba44562,0.03364748906063041,False,198.78659999994852
bm25_e5_rrf_rerank,TP011,temporal,5,63b53156-440d-40c1-bc88-5c07c23ae77f,0.03360655912166754,False,198.78659999994852
bm25_e5_rrf_rerank,TP011,temporal,6,d3b7d61b-50f0-4b96-a770-785a9f3c3886,0.03345363646410824,False,198.78659999994852
bm25_e5_rrf_rerank,TP011,temporal,7,21efe016-3004-45f3-a070-29ce2ecb0019,0.03309558090947494,True,198.78659999994852
bm25_e5_rrf_rerank,TP011,temporal,8,2cea4ea7-7aaf-4c54-ac4e-b660de52065d,0.03274225197033006,False,198.78659999994852
bm25_e5_rrf_rerank,TP011,temporal,9,4c0dde2a-0432-4cb2-ad33-987f5979ff76,0.03233809016152881,False,198.78659999994852
bm25_e5_rrf_rerank,TP011,temporal,10,71d2e37c-44e2-4972-8e6b-a6449c2f8404,0.031683762944224036,False,198.78659999994852
bm25_e5_rrf_rerank,TP012,product_specific,1,21efe016-3004-45f3-a070-29ce2ecb0019,0.05746072529183059,True,272.6119999997536
bm25_e5_rrf_rerank,TP012,product_specific,2,2cea4ea7-7aaf-4c54-ac4e-b660de52065d,0.047851503141464725,False,272.6119999997536
bm25_e5_rrf_rerank,TP012,product_specific,3,b66e5419-8a9c-47f4-866d-ebdb95b174b2,0.04677036428451538,False,272.6119999997536
bm25_e5_rrf_rerank,TP012,product_specific,4,bc88f538-e881-4c81-85e9-fca20614315d,0.04612329748743166,False,272.6119999997536
bm25_e5_rrf_rerank,TP012,product_specific,5,c404e320-0bf2-4325-be92-7a0614f201ca,0.04582691480754848,False,272.6119999997536
bm25_e5_rrf_rerank,TP012,product_specific,6,23c6ca0d-04bf-4081-b90a-9819029dcd73,0.04549229689714112,False,272.6119999997536
bm25_e5_rrf_rerank,TP012,product_specific,7,f7a9837d-f8db-4461-abd8-a3607db2276f,0.04545849013867961,False,272.6119999997536
bm25_e5_rrf_rerank,TP012,product_specific,8,4c0dde2a-0432-4cb2-ad33-987f5979ff76,0.045065400385573925,False,272.6119999997536
bm25_e5_rrf_rerank,TP012,product_specific,9,d3b7d61b-50f0-4b96-a770-785a9f3c3886,0.04116737104391123,False,272.6119999997536
bm25_e5_rrf_rerank,TP012,product_specific,10,3ecc27b9-634c-4026-b44e-e01123aa0467,0.03103380324644743,False,272.6119999997536
bm25_e5_rrf_rerank,TP013,procedure,1,c78ff32d-ea17-41fd-98ef-2e8872f01df3,0.0803735102129761,False,272.8898000013942
bm25_e5_rrf_rerank,TP013,procedure,2,8259ed27-8646-4502-a959-aab1e9f1770f,0.07712301259163098,False,272.8898000013942
bm25_e5_rrf_rerank,TP013,procedure,3,fd678588-5ac2-400d-95c5-3309537781ec,0.06634740364378777,False,272.8898000013942
bm25_e5_rrf_rerank,TP013,procedure,4,9b6cc313-9a59-4387-a5ce-2ed14389a0a7,0.038922473899653705,True,272.8898000013942
bm25_e5_rrf_rerank,TP013,procedure,5,5de4d74d-720e-4d86-a836-f946d70a2d32,0.03788670219762673,False,272.8898000013942
bm25_e5_rrf_rerank,TP013,procedure,6,a7cf71a5-8426-4d7c-8106-e0754e7cb4bf,0.03704745167290715,False,272.8898000013942
bm25_e5_rrf_rerank,TP013,procedure,7,30ce28cb-f702-4cce-8105-137e2f73af0d,0.03640286498599582,False,272.8898000013942
bm25_e5_rrf_rerank,TP013,procedure,8,22e6c188-2e4c-4029-b200-7770a3f00e6e,0.035946023708399784,True,272.8898000013942
bm25_e5_rrf_rerank,TP013,procedure,9,8f3ed830-3a06-41c6-8b06-cfcf6d36a83c,0.0348116877319298,False,272.8898000013942
bm25_e5_rrf_rerank,TP013,procedure,10,16efaa44-1554-4748-8407-48fac0bced94,0.03423164214102875,False,272.8898000013942
bm25_e5_rrf_rerank,TP014,temporal,1,8259ed27-8646-4502-a959-aab1e9f1770f,0.05734567901234568,False,187.470800000483
bm25_e5_rrf_rerank,TP014,temporal,2,c78ff32d-ea17-41fd-98ef-2e8872f01df3,0.05719512195121951,False,187.470800000483
bm25_e5_rrf_rerank,TP014,temporal,3,30ce28cb-f702-4cce-8105-137e2f73af0d,0.03929626129519155,True,187.470800000483
bm25_e5_rrf_rerank,TP014,temporal,4,22e6c188-2e4c-4029-b200-7770a3f00e6e,0.03875536978629328,False,187.470800000483
bm25_e5_rrf_rerank,TP014,temporal,5,70b95f72-95ec-43b5-b76f-657518103256,0.03772684874679103,False,187.470800000483
bm25_e5_rrf_rerank,TP014,temporal,6,0a4f11c7-39e8-41fe-bd14-48456671f531,0.037705716536595275,False,187.470800000483
bm25_e5_rrf_rerank,TP014,temporal,7,48b9789d-5088-4ba1-a82a-be3a6396ce85,0.03732854568028631,False,187.470800000483
bm25_e5_rrf_rerank,TP014,temporal,8,cfff9bf0-05e4-4179-a793-f3c705d04812,0.036677757377055156,False,187.470800000483
bm25_e5_rrf_rerank,TP014,temporal,9,d3b7d61b-50f0-4b96-a770-785a9f3c3886,0.03630880526959638,False,187.470800000483
bm25_e5_rrf_rerank,TP014,temporal,10,6ffcd319-e868-444b-b6fe-8d192a4de3ff,0.0352787048215153,False,187.470800000483
bm25_e5_rrf_rerank,TP015,preparation,1,30ce28cb-f702-4cce-8105-137e2f73af0d,0.05384271429430654,False,237.83750000075088
bm25_e5_rrf_rerank,TP015,preparation,2,22e6c188-2e4c-4029-b200-7770a3f00e6e,0.05306605862814283,False,237.83750000075088
bm25_e5_rrf_rerank,TP015,preparation,3,d3b7d61b-50f0-4b96-a770-785a9f3c3886,0.05290099314300625,True,237.83750000075088
bm25_e5_rrf_rerank,TP015,preparation,4,70b95f72-95ec-43b5-b76f-657518103256,0.0464849274235387,False,237.83750000075088
bm25_e5_rrf_rerank,TP015,preparation,5,48b9789d-5088-4ba1-a82a-be3a6396ce85,0.044796997950627256,False,237.83750000075088
bm25_e5_rrf_rerank,TP015,preparation,6,0a4f11c7-39e8-41fe-bd14-48456671f531,0.04386724962506975,False,237.83750000075088
bm25_e5_rrf_rerank,TP015,preparation,7,cfff9bf0-05e4-4179-a793-f3c705d04812,0.04340716379441252,False,237.83750000075088
bm25_e5_rrf_rerank,TP015,preparation,8,a952e706-800e-493c-886a-8f06602fb2be,0.0419256033300187,False,237.83750000075088
bm25_e5_rrf_rerank,TP015,preparation,9,4d18d11e-2a92-4690-8a64-46653931483e,0.041341353311225286,False,237.83750000075088
bm25_e5_rrf_rerank,TP015,preparation,10,17abd2d4-27a2-40ba-a55b-0b3ceee19005,0.0411980022760846,False,237.83750000075088
bm25_e5_rrf_rerank,TP016,temporal,1,0a4f11c7-39e8-41fe-bd14-48456671f531,0.05740461313327364,True,280.6752000005872
bm25_e5_rrf_rerank,TP016,temporal,2,d3b7d61b-50f0-4b96-a770-785a9f3c3886,0.05693502043896035,False,280.6752000005872
bm25_e5_rrf_rerank,TP016,temporal,3,48b9789d-5088-4ba1-a82a-be3a6396ce85,0.04759689772513605,False,280.6752000005872
bm25_e5_rrf_rerank,TP016,temporal,4,70b95f72-95ec-43b5-b76f-657518103256,0.04635961972527849,True,280.6752000005872
bm25_e5_rrf_rerank,TP016,temporal,5,b8c70ff9-e1b2-40ce-9a0a-f65a53899d13,0.04588819802753509,False,280.6752000005872
bm25_e5_rrf_rerank,TP016,temporal,6,30ce28cb-f702-4cce-8105-137e2f73af0d,0.04588324948426881,False,280.6752000005872
bm25_e5_rrf_rerank,TP016,temporal,7,22e6c188-2e4c-4029-b200-7770a3f00e6e,0.0451933484918931,False,280.6752000005872
bm25_e5_rrf_rerank,TP016,temporal,8,cfff9bf0-05e4-4179-a793-f3c705d04812,0.04477344632726575,False,280.6752000005872
bm25_e5_rrf_rerank,TP016,temporal,9,b66e5419-8a9c-47f4-866d-ebdb95b174b2,0.03626041311074203,False,280.6752000005872
bm25_e5_rrf_rerank,TP016,temporal,10,63b53156-440d-40c1-bc88-5c07c23ae77f,0.034282207968029,False,280.6752000005872
bm25_e5_rrf_rerank,TP017,preparation,1,c78ff32d-ea17-41fd-98ef-2e8872f01df3,0.08149999999999999,False,205.8854999995674
bm25_e5_rrf_rerank,TP017,preparation,2,8259ed27-8646-4502-a959-aab1e9f1770f,0.07400561805137405,False,205.8854999995674
bm25_e5_rrf_rerank,TP017,preparation,3,73735f01-c9d0-4dd5-8d46-c70045e4b334,0.05570772564014009,True,205.8854999995674
bm25_e5_rrf_rerank,TP017,preparation,4,b0b5bc4f-7d0b-4f56-8e37-84178d38637d,0.04413864693973527,False,205.8854999995674
bm25_e5_rrf_rerank,TP017,preparation,5,48b9789d-5088-4ba1-a82a-be3a6396ce85,0.04170039356881072,False,205.8854999995674
bm25_e5_rrf_rerank,TP017,preparation,6,9b6cc313-9a59-4387-a5ce-2ed14389a0a7,0.0388426425816412,False,205.8854999995674
bm25_e5_rrf_rerank,TP017,preparation,7,74c0eabe-77c7-4dbf-a321-27966a12fafb,0.038587739936889166,False,205.8854999995674
bm25_e5_rrf_rerank,TP017,preparation,8,16efaa44-1554-4748-8407-48fac0bced94,0.03796437828364363,False,205.8854999995674
bm25_e5_rrf_rerank,TP017,preparation,9,5de4d74d-720e-4d86-a836-f946d70a2d32,0.03780230042452404,False,205.8854999995674
bm25_e5_rrf_rerank,TP017,preparation,10,b0d368a1-d0fc-4b8b-8567-e190cf462986,0.03503171588213016,False,205.8854999995674
bm25_e5_rrf_rerank,TP018,preparation,1,6ffcd319-e868-444b-b6fe-8d192a4de3ff,0.06451802503665499,True,320.4523000003974
bm25_e5_rrf_rerank,TP018,preparation,2,73735f01-c9d0-4dd5-8d46-c70045e4b334,0.06367345059302545,True,320.4523000003974
bm25_e5_rrf_rerank,TP018,preparation,3,74c0eabe-77c7-4dbf-a321-27966a12fafb,0.06066725884938912,False,320.4523000003974
bm25_e5_rrf_rerank,TP018,preparation,4,d2e0fc0a-bf0e-4226-abbf-e9f3dea2fce8,0.05966294248158053,False,320.4523000003974
bm25_e5_rrf_rerank,TP018,preparation,5,919e93ca-fed9-4dde-b9b8-f870e207a3f3,0.057581524947267926,False,320.4523000003974
bm25_e5_rrf_rerank,TP018,preparation,6,8f3ed830-3a06-41c6-8b06-cfcf6d36a83c,0.04765264144088283,False,320.4523000003974
bm25_e5_rrf_rerank,TP018,preparation,7,84c0a864-176f-4776-a15e-167fc2518e5d,0.04676719908561852,False,320.4523000003974
bm25_e5_rrf_rerank,TP018,preparation,8,eda54b74-cd2f-4808-8175-bcc5b916ce90,0.04559615923504405,False,320.4523000003974
bm25_e5_rrf_rerank,TP018,preparation,9,b225ae64-72d2-4e59-81c0-57f5d8438666,0.04509635802089012,False,320.4523000003974
bm25_e5_rrf_rerank,TP018,preparation,10,a7cf71a5-8426-4d7c-8106-e0754e7cb4bf,0.04438031468398676,False,320.4523000003974
bm25_e5_rrf_rerank,TP019,temporal,1,b0d368a1-d0fc-4b8b-8567-e190cf462986,0.06641964733203462,False,250.8983999987322
bm25_e5_rrf_rerank,TP019,temporal,2,c404e320-0bf2-4325-be92-7a0614f201ca,0.05766037332614474,True,250.8983999987322
bm25_e5_rrf_rerank,TP019,temporal,3,919e93ca-fed9-4dde-b9b8-f870e207a3f3,0.05575497164113869,False,250.8983999987322
bm25_e5_rrf_rerank,TP019,temporal,4,74c0eabe-77c7-4dbf-a321-27966a12fafb,0.045792108737198495,False,250.8983999987322
bm25_e5_rrf_rerank,TP019,temporal,5,16efaa44-1554-4748-8407-48fac0bced94,0.045586757319314136,False,250.8983999987322
bm25_e5_rrf_rerank,TP019,temporal,6,b7876bcb-b1d0-409a-831d-45e59e35a44e,0.04415771445571652,False,250.8983999987322
bm25_e5_rrf_rerank,TP019,temporal,7,b66e5419-8a9c-47f4-866d-ebdb95b174b2,0.03763605075050829,False,250.8983999987322
bm25_e5_rrf_rerank,TP019,temporal,8,63b53156-440d-40c1-bc88-5c07c23ae77f,0.03664197834465682,False,250.8983999987322
bm25_e5_rrf_rerank,TP019,temporal,9,d3b7d61b-50f0-4b96-a770-785a9f3c3886,0.03388250663063743,False,250.8983999987322
bm25_e5_rrf_rerank,TP019,temporal,10,ffcf7308-6e83-47bc-a519-0b4b7ba44562,0.03199296890766792,False,250.8983999987322
bm25_e5_rrf_rerank,TP020,temporal,1,6ffcd319-e868-444b-b6fe-8d192a4de3ff,0.061824577923617875,False,218.08019999934913
bm25_e5_rrf_rerank,TP020,temporal,2,c404e320-0bf2-4325-be92-7a0614f201ca,0.06178829919894747,True,218.08019999934913
bm25_e5_rrf_rerank,TP020,temporal,3,919e93ca-fed9-4dde-b9b8-f870e207a3f3,0.06020961805490347,False,218.08019999934913
bm25_e5_rrf_rerank,TP020,temporal,4,b0d368a1-d0fc-4b8b-8567-e190cf462986,0.057439216129363535,False,218.08019999934913
bm25_e5_rrf_rerank,TP020,temporal,5,74c0eabe-77c7-4dbf-a321-27966a12fafb,0.05647525010652528,False,218.08019999934913
bm25_e5_rrf_rerank,TP020,temporal,6,16efaa44-1554-4748-8407-48fac0bced94,0.03625009065204196,False,218.08019999934913
bm25_e5_rrf_rerank,TP020,temporal,7,da79aa00-567d-434c-8441-915ac080f918,0.034589458054670674,False,218.08019999934913
bm25_e5_rrf_rerank,TP020,temporal,8,8f3ed830-3a06-41c6-8b06-cfcf6d36a83c,0.033843605301596906,False,218.08019999934913
bm25_e5_rrf_rerank,TP020,temporal,9,59d57c8a-c9d7-4f8d-b9a1-a2816f1f01f7,0.03353426217006645,False,218.08019999934913
bm25_e5_rrf_rerank,TP020,temporal,10,5de4d74d-720e-4d86-a836-f946d70a2d32,0.03338129299044525,False,218.08019999934913
bm25_e5_rrf_rerank,TP021,fact_specific,1,919e93ca-fed9-4dde-b9b8-f870e207a3f3,0.057480302925906696,True,261.57659999989846
bm25_e5_rrf_rerank,TP021,fact_specific,2,b0d368a1-d0fc-4b8b-8567-e190cf462986,0.05694867241010261,True,261.57659999989846
bm25_e5_rrf_rerank,TP021,fact_specific,3,f7a9837d-f8db-4461-abd8-a3607db2276f,0.056677448228208305,False,261.57659999989846
bm25_e5_rrf_rerank,TP021,fact_specific,4,74c0eabe-77c7-4dbf-a321-27966a12fafb,0.05616734313964844,False,261.57659999989846
bm25_e5_rrf_rerank,TP021,fact_specific,5,6ffcd319-e868-444b-b6fe-8d192a4de3ff,0.04641006337457048,False,261.57659999989846
bm25_e5_rrf_rerank,TP021,fact_specific,6,b7876bcb-b1d0-409a-831d-45e59e35a44e,0.04591106625672974,False,261.57659999989846
bm25_e5_rrf_rerank,TP021,fact_specific,7,c404e320-0bf2-4325-be92-7a0614f201ca,0.045886879490281605,False,261.57659999989846
bm25_e5_rrf_rerank,TP021,fact_specific,8,73735f01-c9d0-4dd5-8d46-c70045e4b334,0.044774370304145356,False,261.57659999989846
bm25_e5_rrf_rerank,TP021,fact_specific,9,16efaa44-1554-4748-8407-48fac0bced94,0.04435452923743553,False,261.57659999989846
bm25_e5_rrf_rerank,TP021,fact_specific,10,d2e0fc0a-bf0e-4226-abbf-e9f3dea2fce8,0.04394190711823721,False,261.57659999989846
bm25_e5_rrf_rerank,TP022,fact_specific,1,919e93ca-fed9-4dde-b9b8-f870e207a3f3,0.06637518655856661,False,223.91960000004474
bm25_e5_rrf_rerank,TP022,fact_specific,2,b7876bcb-b1d0-409a-831d-45e59e35a44e,0.06634385549624972,True,223.91960000004474
bm25_e5_rrf_rerank,TP022,fact_specific,3,16efaa44-1554-4748-8407-48fac0bced94,0.046959343389131505,False,223.91960000004474
bm25_e5_rrf_rerank,TP022,fact_specific,4,74c0eabe-77c7-4dbf-a321-27966a12fafb,0.04647604956771388,False,223.91960000004474
bm25_e5_rrf_rerank,TP022,fact_specific,5,b0d368a1-d0fc-4b8b-8567-e190cf462986,0.045547858319022055,False,223.91960000004474
bm25_e5_rrf_rerank,TP022,fact_specific,6,6ffcd319-e868-444b-b6fe-8d192a4de3ff,0.045099306864139835,False,223.91960000004474
bm25_e5_rrf_rerank,TP022,fact_specific,7,f7a9837d-f8db-4461-abd8-a3607db2276f,0.04467008983234359,False,223.91960000004474
bm25_e5_rrf_rerank,TP022,fact_specific,8,15e829a9-a475-429d-b0e3-5c34bfbd3ab7,0.043284357475269104,False,223.91960000004474
bm25_e5_rrf_rerank,TP022,fact_specific,9,7e68f70a-ba74-4eb8-bbae-c7e9f7340567,0.0349394909936074,False,223.91960000004474
bm25_e5_rrf_rerank,TP022,fact_specific,10,c404e320-0bf2-4325-be92-7a0614f201ca,0.034528479285356475,False,223.91960000004474
bm25_e5_rrf_rerank,TP023,preparation,1,b225ae64-72d2-4e59-81c0-57f5d8438666,0.06105184044200748,False,247.83000000024913
bm25_e5_rrf_rerank,TP023,preparation,2,eda54b74-cd2f-4808-8175-bcc5b916ce90,0.060993933337515294,True,247.83000000024913
bm25_e5_rrf_rerank,TP023,preparation,3,7adacb8c-91c0-4ea7-8d82-7505eeac5042,0.06001002317400121,False,247.83000000024913
bm25_e5_rrf_rerank,TP023,preparation,4,fd678588-5ac2-400d-95c5-3309537781ec,0.05864238763867493,False,247.83000000024913
bm25_e5_rrf_rerank,TP023,preparation,5,21d38039-895b-46a4-8902-96e380ce41aa,0.058566871476551846,False,247.83000000024913
bm25_e5_rrf_rerank,TP023,preparation,6,7e68f70a-ba74-4eb8-bbae-c7e9f7340567,0.057787093247068586,False,247.83000000024913
bm25_e5_rrf_rerank,TP023,preparation,7,b0d368a1-d0fc-4b8b-8567-e190cf462986,0.057628877567339545,False,247.83000000024913
bm25_e5_rrf_rerank,TP023,preparation,8,b8c70ff9-e1b2-40ce-9a0a-f65a53899d13,0.05755722428590824,False,247.83000000024913
bm25_e5_rrf_rerank,TP023,preparation,9,36bac780-b1a2-42dc-8cca-3605f80c5521,0.057337518178499663,False,247.83000000024913
bm25_e5_rrf_rerank,TP023,preparation,10,73735f01-c9d0-4dd5-8d46-c70045e4b334,0.05701101206183636,False,247.83000000024913
bm25_e5_rrf_rerank,TP024,preparation,1,b10b8f1c-ed17-44ca-8d7c-1a4f19a12c67,0.06769036467870077,False,284.940499998811
bm25_e5_rrf_rerank,TP024,preparation,2,d4c1a9ca-23c5-4ae0-9a51-c56675b2e6d1,0.06301550667127405,False,284.940499998811
bm25_e5_rrf_rerank,TP024,preparation,3,eda54b74-cd2f-4808-8175-bcc5b916ce90,0.0601830022907115,False,284.940499998811
bm25_e5_rrf_rerank,TP024,preparation,4,98d006ac-5212-4c8c-8a63-4cbd4d6caffc,0.059803099110210034,False,284.940499998811
bm25_e5_rrf_rerank,TP024,preparation,5,b225ae64-72d2-4e59-81c0-57f5d8438666,0.059695972738499935,False,284.940499998811
bm25_e5_rrf_rerank,TP024,preparation,6,36bac780-b1a2-42dc-8cca-3605f80c5521,0.05942510327314719,True,284.940499998811
bm25_e5_rrf_rerank,TP024,preparation,7,9552a4ac-31b4-43a8-aa92-37bd3e89362a,0.05851891728884524,False,284.940499998811
bm25_e5_rrf_rerank,TP024,preparation,8,7adacb8c-91c0-4ea7-8d82-7505eeac5042,0.05714706750143142,False,284.940499998811
bm25_e5_rrf_rerank,TP024,preparation,9,74c0eabe-77c7-4dbf-a321-27966a12fafb,0.05653536866741278,False,284.940499998811
bm25_e5_rrf_rerank,TP024,preparation,10,21d38039-895b-46a4-8902-96e380ce41aa,0.05420574947120317,False,284.940499998811
bm25_e5_rrf_rerank,TP025,temporal,1,54fdf811-dedd-4016-b144-3e4bfdcd67c8,0.049756641987831356,False,237.68069999914587
bm25_e5_rrf_rerank,TP025,temporal,2,a7cf71a5-8426-4d7c-8106-e0754e7cb4bf,0.04911960533706754,False,237.68069999914587
bm25_e5_rrf_rerank,TP025,temporal,3,f4580736-a09e-471f-93d2-8089c695eb67,0.048321504702808285,False,237.68069999914587
bm25_e5_rrf_rerank,TP025,temporal,4,8939253d-3272-4915-8c2b-c60062aeb818,0.0480558979141394,False,237.68069999914587
bm25_e5_rrf_rerank,TP025,temporal,5,f9cfc75b-a5e7-4633-a798-4b17ea462325,0.04797149590141661,False,237.68069999914587
bm25_e5_rrf_rerank,TP025,temporal,6,2e55093d-0a0f-4fd9-954b-4fc72df9eac0,0.04620632132664546,False,237.68069999914587
bm25_e5_rrf_rerank,TP025,temporal,7,23c6ca0d-04bf-4081-b90a-9819029dcd73,0.03376444912926391,False,237.68069999914587
bm25_e5_rrf_rerank,TP025,temporal,8,71d2e37c-44e2-4972-8e6b-a6449c2f8404,0.0318842968170089,False,237.68069999914587
bm25_e5_rrf_rerank,TP025,temporal,9,ffcf7308-6e83-47bc-a519-0b4b7ba44562,0.031621316096396804,False,237.68069999914587
bm25_e5_rrf_rerank,TP025,temporal,10,e96acbc9-66b4-4df4-953b-3f7b0a846bbc,0.03147187352001219,False,237.68069999914587
bm25_e5_rrf_rerank,TP026,procedure,1,9b6cc313-9a59-4387-a5ce-2ed14389a0a7,0.07224977491722732,False,247.3563000003196
bm25_e5_rrf_rerank,TP026,procedure,2,b0b5bc4f-7d0b-4f56-8e37-84178d38637d,0.0662313816529082,False,247.3563000003196
bm25_e5_rrf_rerank,TP026,procedure,3,5de4d74d-720e-4d86-a836-f946d70a2d32,0.060933617107451904,True,247.3563000003196
bm25_e5_rrf_rerank,TP026,procedure,4,f9cfc75b-a5e7-4633-a798-4b17ea462325,0.05695824735671454,False,247.3563000003196
bm25_e5_rrf_rerank,TP026,procedure,5,2cea4ea7-7aaf-4c54-ac4e-b660de52065d,0.05401614690531155,False,247.3563000003196
bm25_e5_rrf_rerank,TP026,procedure,6,73735f01-c9d0-4dd5-8d46-c70045e4b334,0.05389835913553586,False,247.3563000003196
bm25_e5_rrf_rerank,TP026,procedure,7,4c0dde2a-0432-4cb2-ad33-987f5979ff76,0.04610806055335732,False,247.3563000003196
bm25_e5_rrf_rerank,TP026,procedure,8,59d57c8a-c9d7-4f8d-b9a1-a2816f1f01f7,0.0436375964282891,False,247.3563000003196
bm25_e5_rrf_rerank,TP026,procedure,9,df699ccc-6f51-4281-b4a4-f3d2a20631e0,0.04303896164240953,False,247.3563000003196
bm25_e5_rrf_rerank,TP026,procedure,10,74c0eabe-77c7-4dbf-a321-27966a12fafb,0.04283500170772315,False,247.3563000003196
bm25_e5_rrf_rerank,TP027,fact_specific,1,8259ed27-8646-4502-a959-aab1e9f1770f,0.058333333333333334,False,265.0424000003113
bm25_e5_rrf_rerank,TP027,fact_specific,2,c78ff32d-ea17-41fd-98ef-2e8872f01df3,0.0581578947368421,False,265.0424000003113
bm25_e5_rrf_rerank,TP027,fact_specific,3,5de4d74d-720e-4d86-a836-f946d70a2d32,0.0394792395790439,True,265.0424000003113
bm25_e5_rrf_rerank,TP027,fact_specific,4,da79aa00-567d-434c-8441-915ac080f918,0.03626903682284885,False,265.0424000003113
bm25_e5_rrf_rerank,TP027,fact_specific,5,cfff9bf0-05e4-4179-a793-f3c705d04812,0.035461787081199334,False,265.0424000003113
bm25_e5_rrf_rerank,TP027,fact_specific,6,df699ccc-6f51-4281-b4a4-f3d2a20631e0,0.0351243699304144,False,265.0424000003113
bm25_e5_rrf_rerank,TP027,fact_specific,7,59d57c8a-c9d7-4f8d-b9a1-a2816f1f01f7,0.034709843421169305,False,265.0424000003113
bm25_e5_rrf_rerank,TP027,fact_specific,8,c404e320-0bf2-4325-be92-7a0614f201ca,0.0336107875324106,False,265.0424000003113
bm25_e5_rrf_rerank,TP027,fact_specific,9,21efe016-3004-45f3-a070-29ce2ecb0019,0.03335418536236499,False,265.0424000003113
bm25_e5_rrf_rerank,TP027,fact_specific,10,16efaa44-1554-4748-8407-48fac0bced94,0.03329828147410928,False,265.0424000003113
bm25_e5_rrf_rerank,TP028,fact_specific,1,23c6ca0d-04bf-4081-b90a-9819029dcd73,0.0891721994292581,False,309.6170999997412
bm25_e5_rrf_rerank,TP028,fact_specific,2,e62b0c91-ff0c-43b2-9bd5-ff173d9f8bc0,0.0779518499007592,True,309.6170999997412
bm25_e5_rrf_rerank,TP028,fact_specific,3,bc88f538-e881-4c81-85e9-fca20614315d,0.075800739398994,False,309.6170999997412
bm25_e5_rrf_rerank,TP028,fact_specific,4,73735f01-c9d0-4dd5-8d46-c70045e4b334,0.0747434448598649,False,309.6170999997412
bm25_e5_rrf_rerank,TP028,fact_specific,5,5de4d74d-720e-4d86-a836-f946d70a2d32,0.07279210930751316,False,309.6170999997412
bm25_e5_rrf_rerank,TP028,fact_specific,6,54fdf811-dedd-4016-b144-3e4bfdcd67c8,0.06201485693057589,False,309.6170999997412
bm25_e5_rrf_rerank,TP028,fact_specific,7,4c0dde2a-0432-4cb2-ad33-987f5979ff76,0.06177552173983266,False,309.6170999997412
bm25_e5_rrf_rerank,TP028,fact_specific,8,d4c1a9ca-23c5-4ae0-9a51-c56675b2e6d1,0.04949707742080874,False,309.6170999997412
bm25_e5_rrf_rerank,TP028,fact_specific,9,e96acbc9-66b4-4df4-953b-3f7b0a846bbc,0.04844042854598074,False,309.6170999997412
bm25_e5_rrf_rerank,TP028,fact_specific,10,df699ccc-6f51-4281-b4a4-f3d2a20631e0,0.035162973117060826,False,309.6170999997412
bm25_e5_rrf_rerank,TP029,product_specific,1,4c0dde2a-0432-4cb2-ad33-987f5979ff76,0.061642625101151004,False,261.4935000001424
bm25_e5_rrf_rerank,TP029,product_specific,2,54fdf811-dedd-4016-b144-3e4bfdcd67c8,0.06163415573488881,False,261.4935000001424
bm25_e5_rrf_rerank,TP029,product_specific,3,d4c1a9ca-23c5-4ae0-9a51-c56675b2e6d1,0.05352278069131959,False,261.4935000001424
bm25_e5_rrf_rerank,TP029,product_specific,4,59d57c8a-c9d7-4f8d-b9a1-a2816f1f01f7,0.05257703174081843,True,261.4935000001424
bm25_e5_rrf_rerank,TP029,product_specific,5,e96acbc9-66b4-4df4-953b-3f7b0a846bbc,0.04899611040262075,False,261.4935000001424
bm25_e5_rrf_rerank,TP029,product_specific,6,5de4d74d-720e-4d86-a836-f946d70a2d32,0.04486864749689956,False,261.4935000001424
bm25_e5_rrf_rerank,TP029,product_specific,7,7c33fbb7-e931-4f6b-9520-23875ec9ee5b,0.037294025954915516,False,261.4935000001424
bm25_e5_rrf_rerank,TP029,product_specific,8,3ecc27b9-634c-4026-b44e-e01123aa0467,0.037249850380948656,False,261.4935000001424
bm25_e5_rrf_rerank,TP029,product_specific,9,63b53156-440d-40c1-bc88-5c07c23ae77f,0.03569256993014403,False,261.4935000001424
bm25_e5_rrf_rerank,TP029,product_specific,10,1033ac46-dec8-493e-b577-7f5ad80f8e86,0.035450811243491816,False,261.4935000001424
bm25_e5_rrf_rerank,TP030,paraphrase,1,b0b5bc4f-7d0b-4f56-8e37-84178d38637d,0.0697659903939423,True,262.58319999942614
bm25_e5_rrf_rerank,TP030,paraphrase,2,f7a9837d-f8db-4461-abd8-a3607db2276f,0.05960031508642529,False,262.58319999942614
bm25_e5_rrf_rerank,TP030,paraphrase,3,7c33fbb7-e931-4f6b-9520-23875ec9ee5b,0.049664849310210264,False,262.58319999942614
bm25_e5_rrf_rerank,TP030,paraphrase,4,4c0dde2a-0432-4cb2-ad33-987f5979ff76,0.04961101578909253,False,262.58319999942614
bm25_e5_rrf_rerank,TP030,paraphrase,5,c404e320-0bf2-4325-be92-7a0614f201ca,0.047880233878519994,False,262.58319999942614
bm25_e5_rrf_rerank,TP030,paraphrase,6,f4580736-a09e-471f-93d2-8089c695eb67,0.04690545814544135,False,262.58319999942614
bm25_e5_rrf_rerank,TP030,paraphrase,7,23c6ca0d-04bf-4081-b90a-9819029dcd73,0.04681744985091381,False,262.58319999942614
bm25_e5_rrf_rerank,TP030,paraphrase,8,8939253d-3272-4915-8c2b-c60062aeb818,0.045564977979732614,False,262.58319999942614
bm25_e5_rrf_rerank,TP030,paraphrase,9,646d4165-73db-4f69-84da-5f393cd81988,0.045551170201682756,False,262.58319999942614
bm25_e5_rrf_rerank,TP030,paraphrase,10,4d18d11e-2a92-4690-8a64-46653931483e,0.04494537460631219,False,262.58319999942614
bm25_e5_rrf_rerank,TP031,monitoring,1,c78ff32d-ea17-41fd-98ef-2e8872f01df3,0.07711025242927748,False,190.03429999884247
bm25_e5_rrf_rerank,TP031,monitoring,2,8259ed27-8646-4502-a959-aab1e9f1770f,0.07611323880530024,False,190.03429999884247
bm25_e5_rrf_rerank,TP031,monitoring,3,a7cf71a5-8426-4d7c-8106-e0754e7cb4bf,0.038834972813932174,True,190.03429999884247
bm25_e5_rrf_rerank,TP031,monitoring,4,7e5199d4-e5c9-40ca-a69f-ea37f52c6ce3,0.03872927058127618,False,190.03429999884247
bm25_e5_rrf_rerank,TP031,monitoring,5,16efaa44-1554-4748-8407-48fac0bced94,0.03735619651341619,False,190.03429999884247
bm25_e5_rrf_rerank,TP031,monitoring,6,73735f01-c9d0-4dd5-8d46-c70045e4b334,0.03704950833860026,False,190.03429999884247
bm25_e5_rrf_rerank,TP031,monitoring,7,22e6c188-2e4c-4029-b200-7770a3f00e6e,0.035076029408145956,False,190.03429999884247
bm25_e5_rrf_rerank,TP031,monitoring,8,30ce28cb-f702-4cce-8105-137e2f73af0d,0.03506662673798818,False,190.03429999884247
bm25_e5_rrf_rerank,TP031,monitoring,9,d3b7d61b-50f0-4b96-a770-785a9f3c3886,0.03475545569996775,False,190.03429999884247
bm25_e5_rrf_rerank,TP031,monitoring,10,b225ae64-72d2-4e59-81c0-57f5d8438666,0.03424462516162558,False,190.03429999884247
bm25_e5_rrf_rerank,TP032,adverse_reaction,1,15e829a9-a475-429d-b0e3-5c34bfbd3ab7,0.05105121610985428,True,300.6939999995666
bm25_e5_rrf_rerank,TP032,adverse_reaction,2,a7cf71a5-8426-4d7c-8106-e0754e7cb4bf,0.04485719717558775,False,300.6939999995666
bm25_e5_rrf_rerank,TP032,adverse_reaction,3,9b6cc313-9a59-4387-a5ce-2ed14389a0a7,0.043844829569022206,False,300.6939999995666
bm25_e5_rrf_rerank,TP032,adverse_reaction,4,c78ff32d-ea17-41fd-98ef-2e8872f01df3,0.0426308529469874,False,300.6939999995666
bm25_e5_rrf_rerank,TP032,adverse_reaction,5,fd678588-5ac2-400d-95c5-3309537781ec,0.04051964237063088,False,300.6939999995666
bm25_e5_rrf_rerank,TP032,adverse_reaction,6,391ad5dc-0d1c-4350-85ba-5aa601d9ac0d,0.037860130490049125,False,300.6939999995666
bm25_e5_rrf_rerank,TP032,adverse_reaction,7,7abe62fa-6fdb-4466-a16b-73e1770f0c57,0.03754206299993579,False,300.6939999995666
bm25_e5_rrf_rerank,TP032,adverse_reaction,8,8939253d-3272-4915-8c2b-c60062aeb818,0.0367802049091884,True,300.6939999995666
bm25_e5_rrf_rerank,TP032,adverse_reaction,9,2e55093d-0a0f-4fd9-954b-4fc72df9eac0,0.03663354782831101,False,300.6939999995666
bm25_e5_rrf_rerank,TP032,adverse_reaction,10,5de4d74d-720e-4d86-a836-f946d70a2d32,0.03437205839374922,False,300.6939999995666
bm25_e5_rrf_rerank,TP033,adverse_reaction,1,8939253d-3272-4915-8c2b-c60062aeb818,0.057745294555288845,True,248.10230000002775
bm25_e5_rrf_rerank,TP033,adverse_reaction,2,324bc249-0e84-46e9-b77f-856c76cd5353,0.054454613135865026,False,248.10230000002775
bm25_e5_rrf_rerank,TP033,adverse_reaction,3,15e829a9-a475-429d-b0e3-5c34bfbd3ab7,0.047373266306467744,False,248.10230000002775
bm25_e5_rrf_rerank,TP033,adverse_reaction,4,7abe62fa-6fdb-4466-a16b-73e1770f0c57,0.04726067971426343,True,248.10230000002775
bm25_e5_rrf_rerank,TP033,adverse_reaction,5,2e55093d-0a0f-4fd9-954b-4fc72df9eac0,0.0469754681144733,False,248.10230000002775
bm25_e5_rrf_rerank,TP033,adverse_reaction,6,da79aa00-567d-434c-8441-915ac080f918,0.04257786142653313,False,248.10230000002775
bm25_e5_rrf_rerank,TP033,adverse_reaction,7,f4580736-a09e-471f-93d2-8089c695eb67,0.03707877997791066,False,248.10230000002775
bm25_e5_rrf_rerank,TP033,adverse_reaction,8,5de4d74d-720e-4d86-a836-f946d70a2d32,0.03228061460722403,False,248.10230000002775
bm25_e5_rrf_rerank,TP033,adverse_reaction,9,d3b7d61b-50f0-4b96-a770-785a9f3c3886,0.032001078612504244,False,248.10230000002775
bm25_e5_rrf_rerank,TP033,adverse_reaction,10,22e6c188-2e4c-4029-b200-7770a3f00e6e,0.03146321272746825,False,248.10230000002775
bm25_e5_rrf_rerank,TP034,adverse_reaction,1,7abe62fa-6fdb-4466-a16b-73e1770f0c57,0.05769410560951858,True,352.61480000008305
bm25_e5_rrf_rerank,TP034,adverse_reaction,2,2e55093d-0a0f-4fd9-954b-4fc72df9eac0,0.04781228839978766,True,352.61480000008305
bm25_e5_rrf_rerank,TP034,adverse_reaction,3,5e7838ae-0b80-4d05-b266-deb52de7b401,0.04777172958478522,False,352.61480000008305
bm25_e5_rrf_rerank,TP034,adverse_reaction,4,324bc249-0e84-46e9-b77f-856c76cd5353,0.046038597864263196,False,352.61480000008305
bm25_e5_rrf_rerank,TP034,adverse_reaction,5,8f3ed830-3a06-41c6-8b06-cfcf6d36a83c,0.04315226885310391,False,352.61480000008305
bm25_e5_rrf_rerank,TP034,adverse_reaction,6,22e6c188-2e4c-4029-b200-7770a3f00e6e,0.04303501769883268,False,352.61480000008305
bm25_e5_rrf_rerank,TP034,adverse_reaction,7,f7a9837d-f8db-4461-abd8-a3607db2276f,0.03884540891246982,False,352.61480000008305
bm25_e5_rrf_rerank,TP034,adverse_reaction,8,f9cfc75b-a5e7-4633-a798-4b17ea462325,0.03818929430549353,False,352.61480000008305
bm25_e5_rrf_rerank,TP034,adverse_reaction,9,74c0eabe-77c7-4dbf-a321-27966a12fafb,0.03766902886234119,False,352.61480000008305
bm25_e5_rrf_rerank,TP034,adverse_reaction,10,da79aa00-567d-434c-8441-915ac080f918,0.03730069738359594,False,352.61480000008305
bm25_e5_rrf_rerank,TN006,negative_out_of_scope,1,71d2e37c-44e2-4972-8e6b-a6449c2f8404,0.0620683946453157,False,281.04480000001786
bm25_e5_rrf_rerank,TN006,negative_out_of_scope,2,5de4d74d-720e-4d86-a836-f946d70a2d32,0.05960715829186784,False,281.04480000001786
bm25_e5_rrf_rerank,TN006,negative_out_of_scope,3,ffcf7308-6e83-47bc-a519-0b4b7ba44562,0.04997850763425421,False,281.04480000001786
bm25_e5_rrf_rerank,TN006,negative_out_of_scope,4,f4580736-a09e-471f-93d2-8089c695eb67,0.048672171642079334,False,281.04480000001786
bm25_e5_rrf_rerank,TN006,negative_out_of_scope,5,15e829a9-a475-429d-b0e3-5c34bfbd3ab7,0.0470103995398075,False,281.04480000001786
bm25_e5_rrf_rerank,TN006,negative_out_of_scope,6,54fdf811-dedd-4016-b144-3e4bfdcd67c8,0.038759854641492154,False,281.04480000001786
bm25_e5_rrf_rerank,TN006,negative_out_of_scope,7,0f6b0fc1-9d70-479f-a87d-a26e954e2adb,0.033538945525011084,False,281.04480000001786
bm25_e5_rrf_rerank,TN006,negative_out_of_scope,8,ba3d1d87-0c2d-4b67-a0c2-4615c8249c2a,0.03345781086849174,False,281.04480000001786
bm25_e5_rrf_rerank,TN006,negative_out_of_scope,9,da79aa00-567d-434c-8441-915ac080f918,0.03320414227181739,False,281.04480000001786
bm25_e5_rrf_rerank,TN006,negative_out_of_scope,10,646d4165-73db-4f69-84da-5f393cd81988,0.032167047301149054,False,281.04480000001786
bm25_e5_rrf_rerank,TN007,negative_out_of_scope,1,9131e9a9-eff3-4f4e-a20b-4bdd456c35bc,0.0540738665841652,False,197.39949999893724
bm25_e5_rrf_rerank,TN007,negative_out_of_scope,2,54fdf811-dedd-4016-b144-3e4bfdcd67c8,0.045435405095418296,False,197.39949999893724
bm25_e5_rrf_rerank,TN007,negative_out_of_scope,3,7c33fbb7-e931-4f6b-9520-23875ec9ee5b,0.04275181006603554,False,197.39949999893724
bm25_e5_rrf_rerank,TN007,negative_out_of_scope,4,2cea4ea7-7aaf-4c54-ac4e-b660de52065d,0.0377326078858235,False,197.39949999893724
bm25_e5_rrf_rerank,TN007,negative_out_of_scope,5,23c6ca0d-04bf-4081-b90a-9819029dcd73,0.035437686082776663,False,197.39949999893724
bm25_e5_rrf_rerank,TN007,negative_out_of_scope,6,ba3d1d87-0c2d-4b67-a0c2-4615c8249c2a,0.034816937851000436,False,197.39949999893724
bm25_e5_rrf_rerank,TN007,negative_out_of_scope,7,63b53156-440d-40c1-bc88-5c07c23ae77f,0.034614101593926146,False,197.39949999893724
bm25_e5_rrf_rerank,TN007,negative_out_of_scope,8,09f3c6d5-9e0c-4545-960f-b16c69abbeb1,0.034400519671515244,False,197.39949999893724
bm25_e5_rrf_rerank,TN007,negative_out_of_scope,9,0f6b0fc1-9d70-479f-a87d-a26e954e2adb,0.033945637283040515,False,197.39949999893724
bm25_e5_rrf_rerank,TN007,negative_out_of_scope,10,71d2e37c-44e2-4972-8e6b-a6449c2f8404,0.03312126485172774,False,197.39949999893724
bm25_e5_rrf_rerank,TN008,negative_out_of_scope,1,bc88f538-e881-4c81-85e9-fca20614315d,0.03666609817476415,False,159.10190000158764
bm25_e5_rrf_rerank,TN008,negative_out_of_scope,2,b66e5419-8a9c-47f4-866d-ebdb95b174b2,0.03664846209161867,False,159.10190000158764
bm25_e5_rrf_rerank,TN008,negative_out_of_scope,3,2cea4ea7-7aaf-4c54-ac4e-b660de52065d,0.034498298430381595,False,159.10190000158764
bm25_e5_rrf_rerank,TN008,negative_out_of_scope,4,21efe016-3004-45f3-a070-29ce2ecb0019,0.0333969616298876,False,159.10190000158764
bm25_e5_rrf_rerank,TN008,negative_out_of_scope,5,4c0dde2a-0432-4cb2-ad33-987f5979ff76,0.032780540776419474,False,159.10190000158764
bm25_e5_rrf_rerank,TN008,negative_out_of_scope,6,63e9db23-9c0a-4e6a-a272-3d118d242ca2,0.029706889675127756,False,159.10190000158764
bm25_e5_rrf_rerank,TN008,negative_out_of_scope,7,64fa07b8-63c3-43c8-899e-5bd6282225ed,0.02200866030889844,False,159.10190000158764
bm25_e5_rrf_rerank,TN008,negative_out_of_scope,8,391ad5dc-0d1c-4350-85ba-5aa601d9ac0d,0.0212721873774673,False,159.10190000158764
bm25_e5_rrf_rerank,TN008,negative_out_of_scope,9,59d57c8a-c9d7-4f8d-b9a1-a2816f1f01f7,0.017949769133613222,False,159.10190000158764
bm25_e5_rrf_rerank,TN008,negative_out_of_scope,10,16efaa44-1554-4748-8407-48fac0bced94,0.017806704268736,False,159.10190000158764
bm25_e5_rrf_rerank,TN009,negative_out_of_scope,1,54fdf811-dedd-4016-b144-3e4bfdcd67c8,0.032140961650987565,False,132.94330000007903
bm25_e5_rrf_rerank,TN009,negative_out_of_scope,2,63b53156-440d-40c1-bc88-5c07c23ae77f,0.031819527223256185,False,132.94330000007903
bm25_e5_rrf_rerank,TN009,negative_out_of_scope,3,e96acbc9-66b4-4df4-953b-3f7b0a846bbc,0.03165667176960703,False,132.94330000007903
bm25_e5_rrf_rerank,TN009,negative_out_of_scope,4,0f6b0fc1-9d70-479f-a87d-a26e954e2adb,0.029294138812308995,False,132.94330000007903
bm25_e5_rrf_rerank,TN009,negative_out_of_scope,5,646d4165-73db-4f69-84da-5f393cd81988,0.029168401629402308,False,132.94330000007903
bm25_e5_rrf_rerank,TN009,negative_out_of_scope,6,21efe016-3004-45f3-a070-29ce2ecb0019,0.02908895550276104,False,132.94330000007903
bm25_e5_rrf_rerank,TN009,negative_out_of_scope,7,21d38039-895b-46a4-8902-96e380ce41aa,0.022008268825591558,False,132.94330000007903
bm25_e5_rrf_rerank,TN009,negative_out_of_scope,8,c404e320-0bf2-4325-be92-7a0614f201ca,0.021498379670656646,False,132.94330000007903
bm25_e5_rrf_rerank,TN009,negative_out_of_scope,9,36bac780-b1a2-42dc-8cca-3605f80c5521,0.021260180140986587,False,132.94330000007903
bm25_e5_rrf_rerank,TN009,negative_out_of_scope,10,919e93ca-fed9-4dde-b9b8-f870e207a3f3,0.02080986718570485,False,132.94330000007903
bm25_e5_rrf_rerank,TN010,negative_out_of_scope,1,54fdf811-dedd-4016-b144-3e4bfdcd67c8,0.045395292526301395,False,132.39359999897715
bm25_e5_rrf_rerank,TN010,negative_out_of_scope,2,c78ff32d-ea17-41fd-98ef-2e8872f01df3,0.037379032258064514,False,132.39359999897715
bm25_e5_rrf_rerank,TN010,negative_out_of_scope,3,2cea4ea7-7aaf-4c54-ac4e-b660de52065d,0.03712913125212484,False,132.39359999897715
bm25_e5_rrf_rerank,TN010,negative_out_of_scope,4,fbf62ef9-25b7-437c-98d8-c4934fba0fe6,0.031988838195800784,False,132.39359999897715
bm25_e5_rrf_rerank,TN010,negative_out_of_scope,5,e96acbc9-66b4-4df4-953b-3f7b0a846bbc,0.0316098707482055,False,132.39359999897715
bm25_e5_rrf_rerank,TN010,negative_out_of_scope,6,d4c1a9ca-23c5-4ae0-9a51-c56675b2e6d1,0.03116178637411709,False,132.39359999897715
bm25_e5_rrf_rerank,TN010,negative_out_of_scope,7,8f3ed830-3a06-41c6-8b06-cfcf6d36a83c,0.030834931014240653,False,132.39359999897715
bm25_e5_rrf_rerank,TN010,negative_out_of_scope,8,bc88f538-e881-4c81-85e9-fca20614315d,0.030348824549874403,False,132.39359999897715
bm25_e5_rrf_rerank,TN010,negative_out_of_scope,9,22e6c188-2e4c-4029-b200-7770a3f00e6e,0.029463466292933414,False,132.39359999897715
bm25_e5_rrf_rerank,TN010,negative_out_of_scope,10,fd678588-5ac2-400d-95c5-3309537781ec,0.02929203904139531,False,132.39359999897715
bm25_e5_rrf_rerank,TN011,negative_out_of_scope,1,6ffcd319-e868-444b-b6fe-8d192a4de3ff,0.032248928070068364,False,198.0621999982759
bm25_e5_rrf_rerank,TN011,negative_out_of_scope,2,63e9db23-9c0a-4e6a-a272-3d118d242ca2,0.03097788345640984,False,198.0621999982759
bm25_e5_rrf_rerank,TN011,negative_out_of_scope,3,d2e0fc0a-bf0e-4226-abbf-e9f3dea2fce8,0.03085573400769915,False,198.0621999982759
bm25_e5_rrf_rerank,TN011,negative_out_of_scope,4,a3d42ca5-54b5-4b8d-be4e-79337aaab880,0.030651310497606304,False,198.0621999982759
bm25_e5_rrf_rerank,TN011,negative_out_of_scope,5,fd678588-5ac2-400d-95c5-3309537781ec,0.03045444303088718,False,198.0621999982759
bm25_e5_rrf_rerank,TN011,negative_out_of_scope,6,84c0a864-176f-4776-a15e-167fc2518e5d,0.03007012362093539,False,198.0621999982759
bm25_e5_rrf_rerank,TN011,negative_out_of_scope,7,b10b8f1c-ed17-44ca-8d7c-1a4f19a12c67,0.029889926751454673,False,198.0621999982759
bm25_e5_rrf_rerank,TN011,negative_out_of_scope,8,8f3ed830-3a06-41c6-8b06-cfcf6d36a83c,0.029210201190996772,False,198.0621999982759
bm25_e5_rrf_rerank,TN011,negative_out_of_scope,9,a7cf71a5-8426-4d7c-8106-e0754e7cb4bf,0.029042263507843016,False,198.0621999982759
bm25_e5_rrf_rerank,TN011,negative_out_of_scope,10,21efe016-3004-45f3-a070-29ce2ecb0019,0.0289709694140537,False,198.0621999982759
bm25_selective_e5,TF001,fact_specific,1,48b9789d-5088-4ba1-a82a-be3a6396ce85,0.030330882352941176,False,144.34219999839115
bm25_selective_e5,TF001,fact_specific,2,c78ff32d-ea17-41fd-98ef-2e8872f01df3,0.03028233151183971,True,144.34219999839115
bm25_selective_e5,TF001,fact_specific,3,73735f01-c9d0-4dd5-8d46-c70045e4b334,0.029513888888888888,False,144.34219999839115
bm25_selective_e5,TF001,fact_specific,4,cfff9bf0-05e4-4179-a793-f3c705d04812,0.028258706467661692,False,144.34219999839115
bm25_selective_e5,TF001,fact_specific,5,8f3ed830-3a06-41c6-8b06-cfcf6d36a83c,0.028068137824235385,False,144.34219999839115
bm25_selective_e5,TF001,fact_specific,6,16efaa44-1554-4748-8407-48fac0bced94,0.027984344422700584,False,144.34219999839115
bm25_selective_e5,TF001,fact_specific,7,5de4d74d-720e-4d86-a836-f946d70a2d32,0.027984344422700584,False,144.34219999839115
bm25_selective_e5,TF001,fact_specific,8,30ce28cb-f702-4cce-8105-137e2f73af0d,0.027809742999616416,False,144.34219999839115
bm25_selective_e5,TF001,fact_specific,9,0a4f11c7-39e8-41fe-bd14-48456671f531,0.027479766610201392,False,144.34219999839115
bm25_selective_e5,TF001,fact_specific,10,22e6c188-2e4c-4029-b200-7770a3f00e6e,0.026973565905412694,False,144.34219999839115
bm25_selective_e5,TF002,paraphrase,1,c78ff32d-ea17-41fd-98ef-2e8872f01df3,5.9642510414123535,True,1.135200000135228
bm25_selective_e5,TF002,paraphrase,2,7e5199d4-e5c9-40ca-a69f-ea37f52c6ce3,0.9198150634765625,False,1.135200000135228
bm25_selective_e5,TF002,paraphrase,3,a7cf71a5-8426-4d7c-8106-e0754e7cb4bf,0.9092135429382324,False,1.135200000135228
bm25_selective_e5,TF002,paraphrase,4,5de4d74d-720e-4d86-a836-f946d70a2d32,0.901841402053833,False,1.135200000135228
bm25_selective_e5,TF002,paraphrase,5,c404e320-0bf2-4325-be92-7a0614f201ca,0.8950620293617249,False,1.135200000135228
bm25_selective_e5,TF002,paraphrase,6,73735f01-c9d0-4dd5-8d46-c70045e4b334,0.8702232837677002,False,1.135200000135228
bm25_selective_e5,TF002,paraphrase,7,16efaa44-1554-4748-8407-48fac0bced94,0.8496715426445007,False,1.135200000135228
bm25_selective_e5,TF002,paraphrase,8,30ce28cb-f702-4cce-8105-137e2f73af0d,0.8492841124534607,False,1.135200000135228
bm25_selective_e5,TF002,paraphrase,9,22e6c188-2e4c-4029-b200-7770a3f00e6e,0.8428277373313904,False,1.135200000135228
bm25_selective_e5,TF002,paraphrase,10,70b95f72-95ec-43b5-b76f-657518103256,0.842285692691803,False,1.135200000135228
bm25_selective_e5,TF003,product_specific,1,0f6b0fc1-9d70-479f-a87d-a26e954e2adb,0.03278688524590164,False,160.3690000001734
bm25_selective_e5,TF003,product_specific,2,ba3d1d87-0c2d-4b67-a0c2-4615c8249c2a,0.03200204813108039,True,160.3690000001734
bm25_selective_e5,TF003,product_specific,3,324bc249-0e84-46e9-b77f-856c76cd5353,0.029083245521601686,False,160.3690000001734
bm25_selective_e5,TF003,product_specific,4,646d4165-73db-4f69-84da-5f393cd81988,0.028404512489927477,False,160.3690000001734
bm25_selective_e5,TF003,product_specific,5,df699ccc-6f51-4281-b4a4-f3d2a20631e0,0.028125,False,160.3690000001734
bm25_selective_e5,TF003,product_specific,6,ffcf7308-6e83-47bc-a519-0b4b7ba44562,0.027222222222222224,False,160.3690000001734
bm25_selective_e5,TF003,product_specific,7,1b376f6f-5ee5-4d05-a585-f3aa6b7ee824,0.02715098147128967,False,160.3690000001734
bm25_selective_e5,TF003,product_specific,8,23c6ca0d-04bf-4081-b90a-9819029dcd73,0.02658450704225352,True,160.3690000001734
bm25_selective_e5,TF003,product_specific,9,71d2e37c-44e2-4972-8e6b-a6449c2f8404,0.026500526500526502,False,160.3690000001734
bm25_selective_e5,TF003,product_specific,10,54fdf811-dedd-4016-b144-3e4bfdcd67c8,0.02625418060200669,False,160.3690000001734
bm25_selective_e5,TF004,product_specific,1,63b53156-440d-40c1-bc88-5c07c23ae77f,5.776729106903076,False,0.449799999842071
bm25_selective_e5,TF004,product_specific,2,a7cf71a5-8426-4d7c-8106-e0754e7cb4bf,4.858514785766602,False,0.449799999842071
bm25_selective_e5,TF004,product_specific,3,71d2e37c-44e2-4972-8e6b-a6449c2f8404,2.6328694820404053,False,0.449799999842071
bm25_selective_e5,TF004,product_specific,4,ffcf7308-6e83-47bc-a519-0b4b7ba44562,2.3771347999572754,True,0.449799999842071
bm25_selective_e5,TF004,product_specific,5,d3b7d61b-50f0-4b96-a770-785a9f3c3886,1.2342151403427124,False,0.449799999842071
bm25_selective_e5,TF004,product_specific,6,4d18d11e-2a92-4690-8a64-46653931483e,1.1490838527679443,False,0.449799999842071
bm25_selective_e5,TF004,product_specific,7,81a83ec4-b5d1-4305-9f44-93e5fa935ffe,1.0469669103622437,False,0.449799999842071
bm25_selective_e5,TF004,product_specific,8,7c33fbb7-e931-4f6b-9520-23875ec9ee5b,0.9736436009407043,False,0.449799999842071
bm25_selective_e5,TF004,product_specific,9,1b376f6f-5ee5-4d05-a585-f3aa6b7ee824,0.9487273693084717,False,0.449799999842071
bm25_selective_e5,TF004,product_specific,10,23c6ca0d-04bf-4081-b90a-9819029dcd73,0.9099183082580566,True,0.449799999842071
bm25_selective_e5,TF005,temporal,1,63b53156-440d-40c1-bc88-5c07c23ae77f,0.03278688524590164,True,208.9549000011175
bm25_selective_e5,TF005,temporal,2,4d18d11e-2a92-4690-8a64-46653931483e,0.0304147465437788,False,208.9549000011175
bm25_selective_e5,TF005,temporal,3,1033ac46-dec8-493e-b577-7f5ad80f8e86,0.030330882352941176,False,208.9549000011175
bm25_selective_e5,TF005,temporal,4,ffcf7308-6e83-47bc-a519-0b4b7ba44562,0.03021353930031804,False,208.9549000011175
bm25_selective_e5,TF005,temporal,5,71d2e37c-44e2-4972-8e6b-a6449c2f8404,0.029138513513513514,False,208.9549000011175
bm25_selective_e5,TF005,temporal,6,09f3c6d5-9e0c-4545-960f-b16c69abbeb1,0.029083245521601686,False,208.9549000011175
bm25_selective_e5,TF005,temporal,7,646d4165-73db-4f69-84da-5f393cd81988,0.028985507246376812,False,208.9549000011175
bm25_selective_e5,TF005,temporal,8,3ecc27b9-634c-4026-b44e-e01123aa0467,0.028850145288501453,False,208.9549000011175
bm25_selective_e5,TF005,temporal,9,da79aa00-567d-434c-8441-915ac080f918,0.028814262023217248,False,208.9549000011175
bm25_selective_e5,TF005,temporal,10,b66e5419-8a9c-47f4-866d-ebdb95b174b2,0.02821869488536155,False,208.9549000011175
bm25_selective_e5,TF006,temporal,1,63b53156-440d-40c1-bc88-5c07c23ae77f,14.478357315063477,True,0.9949000004780828
bm25_selective_e5,TF006,temporal,2,71d2e37c-44e2-4972-8e6b-a6449c2f8404,10.167869567871094,True,0.9949000004780828
bm25_selective_e5,TF006,temporal,3,ffcf7308-6e83-47bc-a519-0b4b7ba44562,9.29672908782959,False,0.9949000004780828
bm25_selective_e5,TF006,temporal,4,3ecc27b9-634c-4026-b44e-e01123aa0467,7.5415730476379395,False,0.9949000004780828
bm25_selective_e5,TF006,temporal,5,1033ac46-dec8-493e-b577-7f5ad80f8e86,7.459507942199707,False,0.9949000004780828
bm25_selective_e5,TF006,temporal,6,09f3c6d5-9e0c-4545-960f-b16c69abbeb1,7.369272232055664,False,0.9949000004780828
bm25_selective_e5,TF006,temporal,7,4d18d11e-2a92-4690-8a64-46653931483e,6.227200031280518,False,0.9949000004780828
bm25_selective_e5,TF006,temporal,8,81a83ec4-b5d1-4305-9f44-93e5fa935ffe,5.167898654937744,False,0.9949000004780828
bm25_selective_e5,TF006,temporal,9,1b376f6f-5ee5-4d05-a585-f3aa6b7ee824,4.722105503082275,False,0.9949000004780828
bm25_selective_e5,TF006,temporal,10,23c6ca0d-04bf-4081-b90a-9819029dcd73,4.54464054107666,False,0.9949000004780828
bm25_selective_e5,TF007,temporal,1,5de4d74d-720e-4d86-a836-f946d70a2d32,7.858088493347168,False,0.9223000006386428
bm25_selective_e5,TF007,temporal,2,71d2e37c-44e2-4972-8e6b-a6449c2f8404,6.282154083251953,False,0.9223000006386428
bm25_selective_e5,TF007,temporal,3,c404e320-0bf2-4325-be92-7a0614f201ca,5.21891450881958,False,0.9223000006386428
bm25_selective_e5,TF007,temporal,4,ffcf7308-6e83-47bc-a519-0b4b7ba44562,5.140227317810059,False,0.9223000006386428
bm25_selective_e5,TF007,temporal,5,8259ed27-8646-4502-a959-aab1e9f1770f,4.400979995727539,False,0.9223000006386428
bm25_selective_e5,TF007,temporal,6,15e829a9-a475-429d-b0e3-5c34bfbd3ab7,3.977898597717285,False,0.9223000006386428
bm25_selective_e5,TF007,temporal,7,f4580736-a09e-471f-93d2-8089c695eb67,3.7442660331726074,False,0.9223000006386428
bm25_selective_e5,TF007,temporal,8,b10b8f1c-ed17-44ca-8d7c-1a4f19a12c67,3.6728756427764893,False,0.9223000006386428
bm25_selective_e5,TF007,temporal,9,b66e5419-8a9c-47f4-866d-ebdb95b174b2,2.1072566509246826,False,0.9223000006386428
bm25_selective_e5,TF007,temporal,10,0a4f11c7-39e8-41fe-bd14-48456671f531,1.4438905715942383,False,0.9223000006386428
bm25_selective_e5,TF008,product_specific,1,9131e9a9-eff3-4f4e-a20b-4bdd456c35bc,0.032266458495966696,False,167.88159999850905
bm25_selective_e5,TF008,product_specific,2,e96acbc9-66b4-4df4-953b-3f7b0a846bbc,0.03225806451612903,True,167.88159999850905
bm25_selective_e5,TF008,product_specific,3,54fdf811-dedd-4016-b144-3e4bfdcd67c8,0.032018442622950824,False,167.88159999850905
bm25_selective_e5,TF008,product_specific,4,d4c1a9ca-23c5-4ae0-9a51-c56675b2e6d1,0.03149801587301587,False,167.88159999850905
bm25_selective_e5,TF008,product_specific,5,23c6ca0d-04bf-4081-b90a-9819029dcd73,0.02877846790890269,False,167.88159999850905
bm25_selective_e5,TF008,product_specific,6,09f3c6d5-9e0c-4545-960f-b16c69abbeb1,0.028484848484848488,False,167.88159999850905
bm25_selective_e5,TF008,product_specific,7,3ecc27b9-634c-4026-b44e-e01123aa0467,0.027777777777777776,False,167.88159999850905
bm25_selective_e5,TF008,product_specific,8,0f6b0fc1-9d70-479f-a87d-a26e954e2adb,0.027242401779095628,False,167.88159999850905
bm25_selective_e5,TF008,product_specific,9,646d4165-73db-4f69-84da-5f393cd81988,0.027212143650499815,False,167.88159999850905
bm25_selective_e5,TF008,product_specific,10,4d18d11e-2a92-4690-8a64-46653931483e,0.027149321266968326,False,167.88159999850905
bm25_selective_e5,TF009,product_specific,1,9131e9a9-eff3-4f4e-a20b-4bdd456c35bc,8.340328216552734,False,1.0981999994328362
bm25_selective_e5,TF009,product_specific,2,d4c1a9ca-23c5-4ae0-9a51-c56675b2e6d1,5.195579528808594,True,1.0981999994328362
bm25_selective_e5,TF009,product_specific,3,fbf62ef9-25b7-437c-98d8-c4934fba0fe6,4.584576606750488,False,1.0981999994328362
bm25_selective_e5,TF009,product_specific,4,e96acbc9-66b4-4df4-953b-3f7b0a846bbc,4.372694492340088,False,1.0981999994328362
bm25_selective_e5,TF009,product_specific,5,2cea4ea7-7aaf-4c54-ac4e-b660de52065d,4.310486316680908,False,1.0981999994328362
bm25_selective_e5,TF009,product_specific,6,3abbb958-eafe-4ffe-bcfc-dafa7349c15c,4.2608842849731445,False,1.0981999994328362
bm25_selective_e5,TF009,product_specific,7,b66e5419-8a9c-47f4-866d-ebdb95b174b2,4.247298717498779,False,1.0981999994328362
bm25_selective_e5,TF009,product_specific,8,e62b0c91-ff0c-43b2-9bd5-ff173d9f8bc0,4.0696516036987305,False,1.0981999994328362
bm25_selective_e5,TF009,product_specific,9,4c0dde2a-0432-4cb2-ad33-987f5979ff76,3.84786319732666,False,1.0981999994328362
bm25_selective_e5,TF009,product_specific,10,dfb2693a-e821-4d6e-bbcc-0dbf3dc2a2ae,3.7838845252990723,False,1.0981999994328362
bm25_selective_e5,TF010,product_specific,1,54fdf811-dedd-4016-b144-3e4bfdcd67c8,0.03252247488101534,True,95.15819999978703
bm25_selective_e5,TF010,product_specific,2,9131e9a9-eff3-4f4e-a20b-4bdd456c35bc,0.032266458495966696,True,95.15819999978703
bm25_selective_e5,TF010,product_specific,3,d4c1a9ca-23c5-4ae0-9a51-c56675b2e6d1,0.03200204813108039,False,95.15819999978703
bm25_selective_e5,TF010,product_specific,4,e96acbc9-66b4-4df4-953b-3f7b0a846bbc,0.03125,False,95.15819999978703
bm25_selective_e5,TF010,product_specific,5,df699ccc-6f51-4281-b4a4-f3d2a20631e0,0.029083245521601686,False,95.15819999978703
bm25_selective_e5,TF010,product_specific,6,23c6ca0d-04bf-4081-b90a-9819029dcd73,0.02658450704225352,False,95.15819999978703
bm25_selective_e5,TF010,product_specific,7,63b53156-440d-40c1-bc88-5c07c23ae77f,0.0264957264957265,False,95.15819999978703
bm25_selective_e5,TF010,product_specific,8,09f3c6d5-9e0c-4545-960f-b16c69abbeb1,0.026387470207694927,False,95.15819999978703
bm25_selective_e5,TF010,product_specific,9,ee8c2027-ad6d-4bb7-8077-5e4c42be1cc3,0.026234567901234566,False,95.15819999978703
bm25_selective_e5,TF010,product_specific,10,3ecc27b9-634c-4026-b44e-e01123aa0467,0.025274725274725275,False,95.15819999978703
bm25_selective_e5,TF011,paraphrase,1,9131e9a9-eff3-4f4e-a20b-4bdd456c35bc,7.8806376457214355,False,0.7986999999047839
bm25_selective_e5,TF011,paraphrase,2,d4c1a9ca-23c5-4ae0-9a51-c56675b2e6d1,5.195580005645752,False,0.7986999999047839
bm25_selective_e5,TF011,paraphrase,3,2cea4ea7-7aaf-4c54-ac4e-b660de52065d,5.016517639160156,False,0.7986999999047839
bm25_selective_e5,TF011,paraphrase,4,fbf62ef9-25b7-437c-98d8-c4934fba0fe6,4.652316093444824,False,0.7986999999047839
bm25_selective_e5,TF011,paraphrase,5,e96acbc9-66b4-4df4-953b-3f7b0a846bbc,4.372694492340088,False,0.7986999999047839
bm25_selective_e5,TF011,paraphrase,6,d3b7d61b-50f0-4b96-a770-785a9f3c3886,4.369418144226074,False,0.7986999999047839
bm25_selective_e5,TF011,paraphrase,7,dfb2693a-e821-4d6e-bbcc-0dbf3dc2a2ae,4.246716022491455,False,0.7986999999047839
bm25_selective_e5,TF011,paraphrase,8,e62b0c91-ff0c-43b2-9bd5-ff173d9f8bc0,4.0696516036987305,False,0.7986999999047839
bm25_selective_e5,TF011,paraphrase,9,4c0dde2a-0432-4cb2-ad33-987f5979ff76,3.84786319732666,False,0.7986999999047839
bm25_selective_e5,TF011,paraphrase,10,b66e5419-8a9c-47f4-866d-ebdb95b174b2,3.783297300338745,False,0.7986999999047839
bm25_selective_e5,TF012,product_specific,1,2cea4ea7-7aaf-4c54-ac4e-b660de52065d,10.292105674743652,False,1.216799999383511
bm25_selective_e5,TF012,product_specific,2,bc88f538-e881-4c81-85e9-fca20614315d,8.61343002319336,True,1.216799999383511
bm25_selective_e5,TF012,product_specific,3,21efe016-3004-45f3-a070-29ce2ecb0019,8.397099494934082,False,1.216799999383511
bm25_selective_e5,TF012,product_specific,4,9b6cc313-9a59-4387-a5ce-2ed14389a0a7,7.5611443519592285,False,1.216799999383511
bm25_selective_e5,TF012,product_specific,5,5de4d74d-720e-4d86-a836-f946d70a2d32,7.242742538452148,False,1.216799999383511
bm25_selective_e5,TF012,product_specific,6,b66e5419-8a9c-47f4-866d-ebdb95b174b2,6.799587249755859,False,1.216799999383511
bm25_selective_e5,TF012,product_specific,7,e62b0c91-ff0c-43b2-9bd5-ff173d9f8bc0,5.039976596832275,False,1.216799999383511
bm25_selective_e5,TF012,product_specific,8,23c6ca0d-04bf-4081-b90a-9819029dcd73,4.163450241088867,False,1.216799999383511
bm25_selective_e5,TF012,product_specific,9,4c0dde2a-0432-4cb2-ad33-987f5979ff76,3.1096293926239014,False,1.216799999383511
bm25_selective_e5,TF012,product_specific,10,73735f01-c9d0-4dd5-8d46-c70045e4b334,2.873859405517578,False,1.216799999383511
bm25_selective_e5,TF013,product_specific,1,2cea4ea7-7aaf-4c54-ac4e-b660de52065d,16.646203994750977,False,0.9540999999444466
bm25_selective_e5,TF013,product_specific,2,21efe016-3004-45f3-a070-29ce2ecb0019,14.344087600708008,False,0.9540999999444466
bm25_selective_e5,TF013,product_specific,3,bc88f538-e881-4c81-85e9-fca20614315d,10.15517520904541,False,0.9540999999444466
bm25_selective_e5,TF013,product_specific,4,b66e5419-8a9c-47f4-866d-ebdb95b174b2,9.404409408569336,True,0.9540999999444466
bm25_selective_e5,TF013,product_specific,5,3abbb958-eafe-4ffe-bcfc-dafa7349c15c,7.678774356842041,False,0.9540999999444466
bm25_selective_e5,TF013,product_specific,6,22e6c188-2e4c-4029-b200-7770a3f00e6e,6.105709552764893,False,0.9540999999444466
bm25_selective_e5,TF013,product_specific,7,4c0dde2a-0432-4cb2-ad33-987f5979ff76,4.8308916091918945,False,0.9540999999444466
bm25_selective_e5,TF013,product_specific,8,fbf62ef9-25b7-437c-98d8-c4934fba0fe6,3.7905309200286865,False,0.9540999999444466
bm25_selective_e5,TF013,product_specific,9,48b9789d-5088-4ba1-a82a-be3a6396ce85,3.5334229469299316,False,0.9540999999444466
bm25_selective_e5,TF013,product_specific,10,dfb2693a-e821-4d6e-bbcc-0dbf3dc2a2ae,3.319883108139038,False,0.9540999999444466
bm25_selective_e5,TF014,temporal,1,b66e5419-8a9c-47f4-866d-ebdb95b174b2,20.310565948486328,True,0.6567999998878804
bm25_selective_e5,TF014,temporal,2,2cea4ea7-7aaf-4c54-ac4e-b660de52065d,16.02041244506836,False,0.6567999998878804
bm25_selective_e5,TF014,temporal,3,21efe016-3004-45f3-a070-29ce2ecb0019,14.604875564575195,True,0.6567999998878804
bm25_selective_e5,TF014,temporal,4,9552a4ac-31b4-43a8-aa92-37bd3e89362a,5.974932670593262,False,0.6567999998878804
bm25_selective_e5,TF014,temporal,5,bc88f538-e881-4c81-85e9-fca20614315d,5.920632839202881,False,0.6567999998878804
bm25_selective_e5,TF014,temporal,6,4c0dde2a-0432-4cb2-ad33-987f5979ff76,4.8308916091918945,False,0.6567999998878804
bm25_selective_e5,TF014,temporal,7,84c0a864-176f-4776-a15e-167fc2518e5d,4.772139072418213,False,0.6567999998878804
bm25_selective_e5,TF014,temporal,8,fbf62ef9-25b7-437c-98d8-c4934fba0fe6,4.584576606750488,False,0.6567999998878804
bm25_selective_e5,TF014,temporal,9,3abbb958-eafe-4ffe-bcfc-dafa7349c15c,4.2608842849731445,False,0.6567999998878804
bm25_selective_e5,TF014,temporal,10,dfb2693a-e821-4d6e-bbcc-0dbf3dc2a2ae,3.7838845252990723,False,0.6567999998878804
bm25_selective_e5,TF015,product_specific,1,2cea4ea7-7aaf-4c54-ac4e-b660de52065d,13.16294002532959,False,1.177300000563264
bm25_selective_e5,TF015,product_specific,2,21efe016-3004-45f3-a070-29ce2ecb0019,12.84581184387207,True,1.177300000563264
bm25_selective_e5,TF015,product_specific,3,b66e5419-8a9c-47f4-866d-ebdb95b174b2,6.1967058181762695,False,1.177300000563264
bm25_selective_e5,TF015,product_specific,4,bc88f538-e881-4c81-85e9-fca20614315d,4.458576202392578,False,1.177300000563264
bm25_selective_e5,TF015,product_specific,5,4c0dde2a-0432-4cb2-ad33-987f5979ff76,2.52020001411438,False,1.177300000563264
bm25_selective_e5,TF015,product_specific,6,f7a9837d-f8db-4461-abd8-a3607db2276f,2.028798818588257,False,1.177300000563264
bm25_selective_e5,TF015,product_specific,7,22e6c188-2e4c-4029-b200-7770a3f00e6e,1.379338264465332,False,1.177300000563264
bm25_selective_e5,TF015,product_specific,8,48b9789d-5088-4ba1-a82a-be3a6396ce85,1.0481468439102173,False,1.177300000563264
bm25_selective_e5,TF015,product_specific,9,9b6cc313-9a59-4387-a5ce-2ed14389a0a7,0.9718410968780518,False,1.177300000563264
bm25_selective_e5,TF015,product_specific,10,5de4d74d-720e-4d86-a836-f946d70a2d32,0.9309166073799133,False,1.177300000563264
bm25_selective_e5,TF016,paraphrase,1,2cea4ea7-7aaf-4c54-ac4e-b660de52065d,0.032266458495966696,False,195.41299999946204
bm25_selective_e5,TF016,paraphrase,2,bc88f538-e881-4c81-85e9-fca20614315d,0.032018442622950824,False,195.41299999946204
bm25_selective_e5,TF016,paraphrase,3,b66e5419-8a9c-47f4-866d-ebdb95b174b2,0.030158730158730156,False,195.41299999946204
bm25_selective_e5,TF016,paraphrase,4,21efe016-3004-45f3-a070-29ce2ecb0019,0.029827662395050816,False,195.41299999946204
bm25_selective_e5,TF016,paraphrase,5,4d18d11e-2a92-4690-8a64-46653931483e,0.029418126757516764,False,195.41299999946204
bm25_selective_e5,TF016,paraphrase,6,1b376f6f-5ee5-4d05-a585-f3aa6b7ee824,0.028612012987012988,False,195.41299999946204
bm25_selective_e5,TF016,paraphrase,7,1033ac46-dec8-493e-b577-7f5ad80f8e86,0.02821939586645469,False,195.41299999946204
bm25_selective_e5,TF016,paraphrase,8,23c6ca0d-04bf-4081-b90a-9819029dcd73,0.027972027972027972,False,195.41299999946204
bm25_selective_e5,TF016,paraphrase,9,81a83ec4-b5d1-4305-9f44-93e5fa935ffe,0.02758751902587519,False,195.41299999946204
bm25_selective_e5,TF016,paraphrase,10,da79aa00-567d-434c-8441-915ac080f918,0.026553280111072546,False,195.41299999946204
bm25_selective_e5,TF017,procedure,1,22e6c188-2e4c-4029-b200-7770a3f00e6e,0.03225806451612903,True,160.45730000041658
bm25_selective_e5,TF017,procedure,2,b225ae64-72d2-4e59-81c0-57f5d8438666,0.03149801587301587,True,160.45730000041658
bm25_selective_e5,TF017,procedure,3,fd678588-5ac2-400d-95c5-3309537781ec,0.03149801587301587,False,160.45730000041658
bm25_selective_e5,TF017,procedure,4,eda54b74-cd2f-4808-8175-bcc5b916ce90,0.02967032967032967,False,160.45730000041658
bm25_selective_e5,TF017,procedure,5,7e68f70a-ba74-4eb8-bbae-c7e9f7340567,0.029418126757516764,True,160.45730000041658
bm25_selective_e5,TF017,procedure,6,b8c70ff9-e1b2-40ce-9a0a-f65a53899d13,0.028309409888357256,False,160.45730000041658
bm25_selective_e5,TF017,procedure,7,7adacb8c-91c0-4ea7-8d82-7505eeac5042,0.02813852813852814,True,160.45730000041658
bm25_selective_e5,TF017,procedure,8,30ce28cb-f702-4cce-8105-137e2f73af0d,0.028021349599695006,False,160.45730000041658
bm25_selective_e5,TF017,procedure,9,a7cf71a5-8426-4d7c-8106-e0754e7cb4bf,0.027730294396961064,False,160.45730000041658
bm25_selective_e5,TF017,procedure,10,98d006ac-5212-4c8c-8a63-4cbd4d6caffc,0.027402402402402402,True,160.45730000041658
bm25_selective_e5,TF018,temporal,1,30ce28cb-f702-4cce-8105-137e2f73af0d,0.03278688524590164,True,209.91880000019592
bm25_selective_e5,TF018,temporal,2,70b95f72-95ec-43b5-b76f-657518103256,0.03149801587301587,False,209.91880000019592
bm25_selective_e5,TF018,temporal,3,d3b7d61b-50f0-4b96-a770-785a9f3c3886,0.03128054740957967,False,209.91880000019592
bm25_selective_e5,TF018,temporal,4,48b9789d-5088-4ba1-a82a-be3a6396ce85,0.03128054740957967,False,209.91880000019592
bm25_selective_e5,TF018,temporal,5,22e6c188-2e4c-4029-b200-7770a3f00e6e,0.03125763125763126,False,209.91880000019592
bm25_selective_e5,TF018,temporal,6,0a4f11c7-39e8-41fe-bd14-48456671f531,0.031009615384615385,False,209.91880000019592
bm25_selective_e5,TF018,temporal,7,cfff9bf0-05e4-4179-a793-f3c705d04812,0.029631255487269532,False,209.91880000019592
bm25_selective_e5,TF018,temporal,8,a952e706-800e-493c-886a-8f06602fb2be,0.02919863597612958,False,209.91880000019592
bm25_selective_e5,TF018,temporal,9,b8c70ff9-e1b2-40ce-9a0a-f65a53899d13,0.027799227799227798,False,209.91880000019592
bm25_selective_e5,TF018,temporal,10,a7cf71a5-8426-4d7c-8106-e0754e7cb4bf,0.02666666666666667,False,209.91880000019592
bm25_selective_e5,TF019,preparation,1,d3b7d61b-50f0-4b96-a770-785a9f3c3886,0.03278688524590164,True,302.269000000706
bm25_selective_e5,TF019,preparation,2,30ce28cb-f702-4cce-8105-137e2f73af0d,0.03225806451612903,False,302.269000000706
bm25_selective_e5,TF019,preparation,3,22e6c188-2e4c-4029-b200-7770a3f00e6e,0.03149801587301587,False,302.269000000706
bm25_selective_e5,TF019,preparation,4,70b95f72-95ec-43b5-b76f-657518103256,0.030798389007344232,False,302.269000000706
bm25_selective_e5,TF019,preparation,5,0a4f11c7-39e8-41fe-bd14-48456671f531,0.030536130536130537,False,302.269000000706
bm25_selective_e5,TF019,preparation,6,48b9789d-5088-4ba1-a82a-be3a6396ce85,0.029857397504456328,False,302.269000000706
bm25_selective_e5,TF019,preparation,7,cfff9bf0-05e4-4179-a793-f3c705d04812,0.027984344422700584,False,302.269000000706
bm25_selective_e5,TF019,preparation,8,dfb2693a-e821-4d6e-bbcc-0dbf3dc2a2ae,0.027783137179239824,False,302.269000000706
bm25_selective_e5,TF019,preparation,9,2cea4ea7-7aaf-4c54-ac4e-b660de52065d,0.027071520029266508,False,302.269000000706
bm25_selective_e5,TF019,preparation,10,21efe016-3004-45f3-a070-29ce2ecb0019,0.026687875574407917,False,302.269000000706
bm25_selective_e5,TF020,temporal,1,0a4f11c7-39e8-41fe-bd14-48456671f531,13.441629409790039,True,1.3016000002608052
bm25_selective_e5,TF020,temporal,2,48b9789d-5088-4ba1-a82a-be3a6396ce85,11.625682830810547,False,1.3016000002608052
bm25_selective_e5,TF020,temporal,3,d3b7d61b-50f0-4b96-a770-785a9f3c3886,8.911781311035156,False,1.3016000002608052
bm25_selective_e5,TF020,temporal,4,cfff9bf0-05e4-4179-a793-f3c705d04812,6.723996639251709,False,1.3016000002608052
bm25_selective_e5,TF020,temporal,5,70b95f72-95ec-43b5-b76f-657518103256,6.627816200256348,True,1.3016000002608052
bm25_selective_e5,TF020,temporal,6,30ce28cb-f702-4cce-8105-137e2f73af0d,6.516515731811523,False,1.3016000002608052
bm25_selective_e5,TF020,temporal,7,22e6c188-2e4c-4029-b200-7770a3f00e6e,5.939718723297119,False,1.3016000002608052
bm25_selective_e5,TF020,temporal,8,f1611d72-8c47-41f8-bfee-99d5ffdfe12a,5.778292179107666,False,1.3016000002608052
bm25_selective_e5,TF020,temporal,9,a952e706-800e-493c-886a-8f06602fb2be,4.3017683029174805,False,1.3016000002608052
bm25_selective_e5,TF020,temporal,10,b8c70ff9-e1b2-40ce-9a0a-f65a53899d13,2.589033365249634,False,1.3016000002608052
bm25_selective_e5,TF021,preparation,1,73735f01-c9d0-4dd5-8d46-c70045e4b334,8.644279479980469,True,1.1311000007481198
bm25_selective_e5,TF021,preparation,2,919e93ca-fed9-4dde-b9b8-f870e207a3f3,5.588634490966797,False,1.1311000007481198
bm25_selective_e5,TF021,preparation,3,e62b0c91-ff0c-43b2-9bd5-ff173d9f8bc0,5.015397548675537,False,1.1311000007481198
bm25_selective_e5,TF021,preparation,4,b7876bcb-b1d0-409a-831d-45e59e35a44e,4.509583473205566,False,1.1311000007481198
bm25_selective_e5,TF021,preparation,5,6ffcd319-e868-444b-b6fe-8d192a4de3ff,4.417672634124756,False,1.1311000007481198
bm25_selective_e5,TF021,preparation,6,16efaa44-1554-4748-8407-48fac0bced94,4.405827045440674,False,1.1311000007481198
bm25_selective_e5,TF021,preparation,7,cfff9bf0-05e4-4179-a793-f3c705d04812,4.048162460327148,False,1.1311000007481198
bm25_selective_e5,TF021,preparation,8,b0d368a1-d0fc-4b8b-8567-e190cf462986,4.019526481628418,False,1.1311000007481198
bm25_selective_e5,TF021,preparation,9,74c0eabe-77c7-4dbf-a321-27966a12fafb,3.957832098007202,False,1.1311000007481198
bm25_selective_e5,TF021,preparation,10,23c6ca0d-04bf-4081-b90a-9819029dcd73,3.8351571559906006,False,1.1311000007481198
bm25_selective_e5,TF022,preparation,1,84c0a864-176f-4776-a15e-167fc2518e5d,0.031754032258064516,False,305.66670000007434
bm25_selective_e5,TF022,preparation,2,74c0eabe-77c7-4dbf-a321-27966a12fafb,0.031746031746031744,False,305.66670000007434
bm25_selective_e5,TF022,preparation,3,6ffcd319-e868-444b-b6fe-8d192a4de3ff,0.031099324975891997,True,305.66670000007434
bm25_selective_e5,TF022,preparation,4,36bac780-b1a2-42dc-8cca-3605f80c5521,0.03055037313432836,False,305.66670000007434
bm25_selective_e5,TF022,preparation,5,98d006ac-5212-4c8c-8a63-4cbd4d6caffc,0.030017921146953404,False,305.66670000007434
bm25_selective_e5,TF022,preparation,6,8f3ed830-3a06-41c6-8b06-cfcf6d36a83c,0.02964426877470356,False,305.66670000007434
bm25_selective_e5,TF022,preparation,7,9552a4ac-31b4-43a8-aa92-37bd3e89362a,0.029051670471052088,False,305.66670000007434
bm25_selective_e5,TF022,preparation,8,a7cf71a5-8426-4d7c-8106-e0754e7cb4bf,0.028991596638655463,False,305.66670000007434
bm25_selective_e5,TF022,preparation,9,eda54b74-cd2f-4808-8175-bcc5b916ce90,0.02877846790890269,False,305.66670000007434
bm25_selective_e5,TF022,preparation,10,73735f01-c9d0-4dd5-8d46-c70045e4b334,0.02871794871794872,True,305.66670000007434
bm25_selective_e5,TF023,temporal,1,f7a9837d-f8db-4461-abd8-a3607db2276f,8.460973739624023,False,1.052200000231096
bm25_selective_e5,TF023,temporal,2,b66e5419-8a9c-47f4-866d-ebdb95b174b2,7.081504821777344,False,1.052200000231096
bm25_selective_e5,TF023,temporal,3,c404e320-0bf2-4325-be92-7a0614f201ca,1.8160502910614014,True,1.052200000231096
bm25_selective_e5,TF023,temporal,4,73735f01-c9d0-4dd5-8d46-c70045e4b334,1.6709109544754028,False,1.052200000231096
bm25_selective_e5,TF023,temporal,5,b0d368a1-d0fc-4b8b-8567-e190cf462986,1.4178316593170166,False,1.052200000231096
bm25_selective_e5,TF023,temporal,6,919e93ca-fed9-4dde-b9b8-f870e207a3f3,1.4114233255386353,False,1.052200000231096
bm25_selective_e5,TF023,temporal,7,b7876bcb-b1d0-409a-831d-45e59e35a44e,0.8736749887466431,False,1.052200000231096
bm25_selective_e5,TF023,temporal,8,16efaa44-1554-4748-8407-48fac0bced94,0.8237892985343933,False,1.052200000231096
bm25_selective_e5,TF023,temporal,9,5e7838ae-0b80-4d05-b266-deb52de7b401,0.7666929960250854,False,1.052200000231096
bm25_selective_e5,TF023,temporal,10,6ffcd319-e868-444b-b6fe-8d192a4de3ff,0.7619568109512329,False,1.052200000231096
bm25_selective_e5,TF024,temporal,1,b0d368a1-d0fc-4b8b-8567-e190cf462986,0.031099324975891997,False,181.32640000112588
bm25_selective_e5,TF024,temporal,2,919e93ca-fed9-4dde-b9b8-f870e207a3f3,0.031009615384615385,False,181.32640000112588
bm25_selective_e5,TF024,temporal,3,6ffcd319-e868-444b-b6fe-8d192a4de3ff,0.0304147465437788,False,181.32640000112588
bm25_selective_e5,TF024,temporal,4,d3b7d61b-50f0-4b96-a770-785a9f3c3886,0.029957522915269395,False,181.32640000112588
bm25_selective_e5,TF024,temporal,5,c404e320-0bf2-4325-be92-7a0614f201ca,0.029206349206349208,True,181.32640000112588
bm25_selective_e5,TF024,temporal,6,15e829a9-a475-429d-b0e3-5c34bfbd3ab7,0.028083267871170464,False,181.32640000112588
bm25_selective_e5,TF024,temporal,7,74c0eabe-77c7-4dbf-a321-27966a12fafb,0.027972027972027972,False,181.32640000112588
bm25_selective_e5,TF024,temporal,8,b7876bcb-b1d0-409a-831d-45e59e35a44e,0.027820121951219513,False,181.32640000112588
bm25_selective_e5,TF024,temporal,9,73735f01-c9d0-4dd5-8d46-c70045e4b334,0.027402402402402402,False,181.32640000112588
bm25_selective_e5,TF024,temporal,10,f7a9837d-f8db-4461-abd8-a3607db2276f,0.027402402402402402,False,181.32640000112588
bm25_selective_e5,TF025,fact_specific,1,f7a9837d-f8db-4461-abd8-a3607db2276f,10.361422538757324,False,0.8517999995092396
bm25_selective_e5,TF025,fact_specific,2,b0d368a1-d0fc-4b8b-8567-e190cf462986,4.658625602722168,True,0.8517999995092396
bm25_selective_e5,TF025,fact_specific,3,b7876bcb-b1d0-409a-831d-45e59e35a44e,4.509583473205566,False,0.8517999995092396
bm25_selective_e5,TF025,fact_specific,4,919e93ca-fed9-4dde-b9b8-f870e207a3f3,4.350883483886719,True,0.8517999995092396
bm25_selective_e5,TF025,fact_specific,5,73735f01-c9d0-4dd5-8d46-c70045e4b334,4.134036540985107,False,0.8517999995092396
bm25_selective_e5,TF025,fact_specific,6,6ffcd319-e868-444b-b6fe-8d192a4de3ff,3.932936191558838,False,0.8517999995092396
bm25_selective_e5,TF025,fact_specific,7,74c0eabe-77c7-4dbf-a321-27966a12fafb,3.925515651702881,False,0.8517999995092396
bm25_selective_e5,TF025,fact_specific,8,16efaa44-1554-4748-8407-48fac0bced94,3.5561554431915283,False,0.8517999995092396
bm25_selective_e5,TF025,fact_specific,9,cfff9bf0-05e4-4179-a793-f3c705d04812,3.2247838973999023,False,0.8517999995092396
bm25_selective_e5,TF025,fact_specific,10,22e6c188-2e4c-4029-b200-7770a3f00e6e,2.7293875217437744,False,0.8517999995092396
bm25_selective_e5,TF026,fact_specific,1,b7876bcb-b1d0-409a-831d-45e59e35a44e,12.085392951965332,True,1.1152000006404705
bm25_selective_e5,TF026,fact_specific,2,919e93ca-fed9-4dde-b9b8-f870e207a3f3,10.648041725158691,False,1.1152000006404705
bm25_selective_e5,TF026,fact_specific,3,16efaa44-1554-4748-8407-48fac0bced94,9.473323822021484,False,1.1152000006404705
bm25_selective_e5,TF026,fact_specific,4,74c0eabe-77c7-4dbf-a321-27966a12fafb,7.7976861000061035,False,1.1152000006404705
bm25_selective_e5,TF026,fact_specific,5,b0d368a1-d0fc-4b8b-8567-e190cf462986,7.680944442749023,False,1.1152000006404705
bm25_selective_e5,TF026,fact_specific,6,6ffcd319-e868-444b-b6fe-8d192a4de3ff,7.129397869110107,False,1.1152000006404705
bm25_selective_e5,TF026,fact_specific,7,9552a4ac-31b4-43a8-aa92-37bd3e89362a,6.16940975189209,False,1.1152000006404705
bm25_selective_e5,TF026,fact_specific,8,84c0a864-176f-4776-a15e-167fc2518e5d,5.551422119140625,False,1.1152000006404705
bm25_selective_e5,TF026,fact_specific,9,f7a9837d-f8db-4461-abd8-a3607db2276f,5.268797874450684,False,1.1152000006404705
bm25_selective_e5,TF026,fact_specific,10,73735f01-c9d0-4dd5-8d46-c70045e4b334,4.554635524749756,False,1.1152000006404705
bm25_selective_e5,TF027,procedure,1,3abbb958-eafe-4ffe-bcfc-dafa7349c15c,0.03252247488101534,False,208.55930000016087
bm25_selective_e5,TF027,procedure,2,dfb2693a-e821-4d6e-bbcc-0dbf3dc2a2ae,0.032018442622950824,False,208.55930000016087
bm25_selective_e5,TF027,procedure,3,eda54b74-cd2f-4808-8175-bcc5b916ce90,0.03200204813108039,False,208.55930000016087
bm25_selective_e5,TF027,procedure,4,7adacb8c-91c0-4ea7-8d82-7505eeac5042,0.03125763125763126,False,208.55930000016087
bm25_selective_e5,TF027,procedure,5,fbf62ef9-25b7-437c-98d8-c4934fba0fe6,0.03055037313432836,False,208.55930000016087
bm25_selective_e5,TF027,procedure,6,22e6c188-2e4c-4029-b200-7770a3f00e6e,0.02967032967032967,False,208.55930000016087
bm25_selective_e5,TF027,procedure,7,fd678588-5ac2-400d-95c5-3309537781ec,0.02964426877470356,False,208.55930000016087
bm25_selective_e5,TF027,procedure,8,7e68f70a-ba74-4eb8-bbae-c7e9f7340567,0.028790389395194696,False,208.55930000016087
bm25_selective_e5,TF027,procedure,9,2cea4ea7-7aaf-4c54-ac4e-b660de52065d,0.02819138376017471,False,208.55930000016087
bm25_selective_e5,TF027,procedure,10,b225ae64-72d2-4e59-81c0-57f5d8438666,0.02803921568627451,False,208.55930000016087
bm25_selective_e5,TF028,preparation,1,dfb2693a-e821-4d6e-bbcc-0dbf3dc2a2ae,0.032266458495966696,False,278.91149999868503
bm25_selective_e5,TF028,preparation,2,eda54b74-cd2f-4808-8175-bcc5b916ce90,0.03131881575727918,True,278.91149999868503
bm25_selective_e5,TF028,preparation,3,2cea4ea7-7aaf-4c54-ac4e-b660de52065d,0.031054405392392875,False,278.91149999868503
bm25_selective_e5,TF028,preparation,4,7adacb8c-91c0-4ea7-8d82-7505eeac5042,0.030834914611005692,False,278.91149999868503
bm25_selective_e5,TF028,preparation,5,3abbb958-eafe-4ffe-bcfc-dafa7349c15c,0.030536130536130537,False,278.91149999868503
bm25_selective_e5,TF028,preparation,6,d3b7d61b-50f0-4b96-a770-785a9f3c3886,0.029236022193768675,False,278.91149999868503
bm25_selective_e5,TF028,preparation,7,bc88f538-e881-4c81-85e9-fca20614315d,0.028985507246376812,False,278.91149999868503
bm25_selective_e5,TF028,preparation,8,fbf62ef9-25b7-437c-98d8-c4934fba0fe6,0.02886002886002886,False,278.91149999868503
bm25_selective_e5,TF028,preparation,9,30ce28cb-f702-4cce-8105-137e2f73af0d,0.02854251012145749,False,278.91149999868503
bm25_selective_e5,TF028,preparation,10,22e6c188-2e4c-4029-b200-7770a3f00e6e,0.02803921568627451,False,278.91149999868503
bm25_selective_e5,TF029,preparation,1,7e5199d4-e5c9-40ca-a69f-ea37f52c6ce3,10.472630500793457,False,1.338699999905657
bm25_selective_e5,TF029,preparation,2,9552a4ac-31b4-43a8-aa92-37bd3e89362a,9.223620414733887,False,1.338699999905657
bm25_selective_e5,TF029,preparation,3,36bac780-b1a2-42dc-8cca-3605f80c5521,9.049736976623535,True,1.338699999905657
bm25_selective_e5,TF029,preparation,4,84c0a864-176f-4776-a15e-167fc2518e5d,8.359822273254395,False,1.338699999905657
bm25_selective_e5,TF029,preparation,5,98d006ac-5212-4c8c-8a63-4cbd4d6caffc,7.574398040771484,False,1.338699999905657
bm25_selective_e5,TF029,preparation,6,8f3ed830-3a06-41c6-8b06-cfcf6d36a83c,3.7762582302093506,False,1.338699999905657
bm25_selective_e5,TF029,preparation,7,74c0eabe-77c7-4dbf-a321-27966a12fafb,3.43363356590271,False,1.338699999905657
bm25_selective_e5,TF029,preparation,8,48b9789d-5088-4ba1-a82a-be3a6396ce85,3.2934343814849854,False,1.338699999905657
bm25_selective_e5,TF029,preparation,9,a7cf71a5-8426-4d7c-8106-e0754e7cb4bf,2.8844263553619385,False,1.338699999905657
bm25_selective_e5,TF029,preparation,10,b0b5bc4f-7d0b-4f56-8e37-84178d38637d,2.8099758625030518,False,1.338699999905657
bm25_selective_e5,TF030,temporal,1,73735f01-c9d0-4dd5-8d46-c70045e4b334,0.032018442622950824,False,229.89740000048187
bm25_selective_e5,TF030,temporal,2,a7cf71a5-8426-4d7c-8106-e0754e7cb4bf,0.02928692699490662,False,229.89740000048187
bm25_selective_e5,TF030,temporal,3,b66e5419-8a9c-47f4-866d-ebdb95b174b2,0.02871794871794872,False,229.89740000048187
bm25_selective_e5,TF030,temporal,4,16efaa44-1554-4748-8407-48fac0bced94,0.027651515151515153,False,229.89740000048187
bm25_selective_e5,TF030,temporal,5,d3b7d61b-50f0-4b96-a770-785a9f3c3886,0.027146130794993832,False,229.89740000048187
bm25_selective_e5,TF030,temporal,6,22e6c188-2e4c-4029-b200-7770a3f00e6e,0.02712049508554787,False,229.89740000048187
bm25_selective_e5,TF030,temporal,7,7e5199d4-e5c9-40ca-a69f-ea37f52c6ce3,0.02684684684684685,True,229.89740000048187
bm25_selective_e5,TF030,temporal,8,da79aa00-567d-434c-8441-915ac080f918,0.026655348047538198,False,229.89740000048187
bm25_selective_e5,TF030,temporal,9,c404e320-0bf2-4325-be92-7a0614f201ca,0.026547116736990152,False,229.89740000048187
bm25_selective_e5,TF030,temporal,10,f9eb1471-4566-4c09-a18e-9f3d84a47e9c,0.02564935064935065,False,229.89740000048187
bm25_selective_e5,TF031,procedure,1,9b6cc313-9a59-4387-a5ce-2ed14389a0a7,0.03278688524590164,False,192.75300000026618
bm25_selective_e5,TF031,procedure,2,5de4d74d-720e-4d86-a836-f946d70a2d32,0.03200204813108039,True,192.75300000026618
bm25_selective_e5,TF031,procedure,3,22e6c188-2e4c-4029-b200-7770a3f00e6e,0.02967032967032967,False,192.75300000026618
bm25_selective_e5,TF031,procedure,4,b225ae64-72d2-4e59-81c0-57f5d8438666,0.02919863597612958,False,192.75300000026618
bm25_selective_e5,TF031,procedure,5,f9cfc75b-a5e7-4633-a798-4b17ea462325,0.028474711270410194,False,192.75300000026618
bm25_selective_e5,TF031,procedure,6,98d006ac-5212-4c8c-8a63-4cbd4d6caffc,0.028309409888357256,False,192.75300000026618
bm25_selective_e5,TF031,procedure,7,eda54b74-cd2f-4808-8175-bcc5b916ce90,0.02797339593114241,False,192.75300000026618
bm25_selective_e5,TF031,procedure,8,fd678588-5ac2-400d-95c5-3309537781ec,0.027272727272727275,False,192.75300000026618
bm25_selective_e5,TF031,procedure,9,df699ccc-6f51-4281-b4a4-f3d2a20631e0,0.027242401779095628,False,192.75300000026618
bm25_selective_e5,TF031,procedure,10,59d57c8a-c9d7-4f8d-b9a1-a2816f1f01f7,0.027149321266968326,False,192.75300000026618
bm25_selective_e5,TF032,fact_specific,1,5de4d74d-720e-4d86-a836-f946d70a2d32,11.056583404541016,True,0.5560999998124316
bm25_selective_e5,TF032,fact_specific,2,9552a4ac-31b4-43a8-aa92-37bd3e89362a,6.485934734344482,False,0.5560999998124316
bm25_selective_e5,TF032,fact_specific,3,84c0a864-176f-4776-a15e-167fc2518e5d,4.9707417488098145,False,0.5560999998124316
bm25_selective_e5,TF032,fact_specific,4,df699ccc-6f51-4281-b4a4-f3d2a20631e0,4.395046710968018,False,0.5560999998124316
bm25_selective_e5,TF032,fact_specific,5,d3b7d61b-50f0-4b96-a770-785a9f3c3886,1.8082045316696167,False,0.5560999998124316
bm25_selective_e5,TF032,fact_specific,6,73735f01-c9d0-4dd5-8d46-c70045e4b334,1.6301363706588745,False,0.5560999998124316
bm25_selective_e5,TF032,fact_specific,7,27025cb7-0eea-4e71-b338-65cf293e45ee,1.533604383468628,False,0.5560999998124316
bm25_selective_e5,TF032,fact_specific,8,7e5199d4-e5c9-40ca-a69f-ea37f52c6ce3,0.9198150634765625,False,0.5560999998124316
bm25_selective_e5,TF032,fact_specific,9,a7cf71a5-8426-4d7c-8106-e0754e7cb4bf,0.9092135429382324,False,0.5560999998124316
bm25_selective_e5,TF032,fact_specific,10,c404e320-0bf2-4325-be92-7a0614f201ca,0.8950620293617249,False,0.5560999998124316
bm25_selective_e5,TF033,fact_specific,1,e62b0c91-ff0c-43b2-9bd5-ff173d9f8bc0,0.03278688524590164,True,270.304099999521
bm25_selective_e5,TF033,fact_specific,2,df699ccc-6f51-4281-b4a4-f3d2a20631e0,0.03128054740957967,False,270.304099999521
bm25_selective_e5,TF033,fact_specific,3,3ecc27b9-634c-4026-b44e-e01123aa0467,0.03125763125763126,False,270.304099999521
bm25_selective_e5,TF033,fact_specific,4,9131e9a9-eff3-4f4e-a20b-4bdd456c35bc,0.030776515151515152,False,270.304099999521
bm25_selective_e5,TF033,fact_specific,5,4c0dde2a-0432-4cb2-ad33-987f5979ff76,0.03021353930031804,False,270.304099999521
bm25_selective_e5,TF033,fact_specific,6,d4c1a9ca-23c5-4ae0-9a51-c56675b2e6d1,0.0288981288981289,False,270.304099999521
bm25_selective_e5,TF033,fact_specific,7,23c6ca0d-04bf-4081-b90a-9819029dcd73,0.02886002886002886,False,270.304099999521
bm25_selective_e5,TF033,fact_specific,8,59d57c8a-c9d7-4f8d-b9a1-a2816f1f01f7,0.02862400327131466,False,270.304099999521
bm25_selective_e5,TF033,fact_specific,9,73735f01-c9d0-4dd5-8d46-c70045e4b334,0.02821939586645469,False,270.304099999521
bm25_selective_e5,TF033,fact_specific,10,5de4d74d-720e-4d86-a836-f946d70a2d32,0.028083267871170464,False,270.304099999521
bm25_selective_e5,TF034,product_specific,1,59d57c8a-c9d7-4f8d-b9a1-a2816f1f01f7,8.857223510742188,True,1.12749999971129
bm25_selective_e5,TF034,product_specific,2,9b6cc313-9a59-4387-a5ce-2ed14389a0a7,7.293911933898926,False,1.12749999971129
bm25_selective_e5,TF034,product_specific,3,e62b0c91-ff0c-43b2-9bd5-ff173d9f8bc0,7.2341227531433105,False,1.12749999971129
bm25_selective_e5,TF034,product_specific,4,7c33fbb7-e931-4f6b-9520-23875ec9ee5b,6.044243812561035,False,1.12749999971129
bm25_selective_e5,TF034,product_specific,5,3ecc27b9-634c-4026-b44e-e01123aa0467,6.001184463500977,False,1.12749999971129
bm25_selective_e5,TF034,product_specific,6,4c0dde2a-0432-4cb2-ad33-987f5979ff76,4.898802280426025,False,1.12749999971129
bm25_selective_e5,TF034,product_specific,7,d4c1a9ca-23c5-4ae0-9a51-c56675b2e6d1,4.809026718139648,False,1.12749999971129
bm25_selective_e5,TF034,product_specific,8,9131e9a9-eff3-4f4e-a20b-4bdd456c35bc,4.687402725219727,False,1.12749999971129
bm25_selective_e5,TF034,product_specific,9,a7cf71a5-8426-4d7c-8106-e0754e7cb4bf,4.556581020355225,False,1.12749999971129
bm25_selective_e5,TF034,product_specific,10,5de4d74d-720e-4d86-a836-f946d70a2d32,4.42374849319458,False,1.12749999971129
bm25_selective_e5,TF035,paraphrase,1,b0b5bc4f-7d0b-4f56-8e37-84178d38637d,0.03225806451612903,True,190.8315999999104
bm25_selective_e5,TF035,paraphrase,2,da79aa00-567d-434c-8441-915ac080f918,0.031009615384615385,False,190.8315999999104
bm25_selective_e5,TF035,paraphrase,3,1033ac46-dec8-493e-b577-7f5ad80f8e86,0.030309988518943745,False,190.8315999999104
bm25_selective_e5,TF035,paraphrase,4,3ecc27b9-634c-4026-b44e-e01123aa0467,0.02919863597612958,False,190.8315999999104
bm25_selective_e5,TF035,paraphrase,5,23c6ca0d-04bf-4081-b90a-9819029dcd73,0.028381642512077296,False,190.8315999999104
bm25_selective_e5,TF035,paraphrase,6,54fdf811-dedd-4016-b144-3e4bfdcd67c8,0.02681010928961749,False,190.8315999999104
bm25_selective_e5,TF035,paraphrase,7,646d4165-73db-4f69-84da-5f393cd81988,0.02658450704225352,False,190.8315999999104
bm25_selective_e5,TF035,paraphrase,8,17abd2d4-27a2-40ba-a55b-0b3ceee19005,0.02632034632034632,False,190.8315999999104
bm25_selective_e5,TF035,paraphrase,9,ba3d1d87-0c2d-4b67-a0c2-4615c8249c2a,0.025155279503105588,False,190.8315999999104
bm25_selective_e5,TF035,paraphrase,10,a7cf71a5-8426-4d7c-8106-e0754e7cb4bf,0.024868705591597158,False,190.8315999999104
bm25_selective_e5,TF036,monitoring,1,a7cf71a5-8426-4d7c-8106-e0754e7cb4bf,0.03278688524590164,True,202.52329999948415
bm25_selective_e5,TF036,monitoring,2,8f3ed830-3a06-41c6-8b06-cfcf6d36a83c,0.031054405392392875,False,202.52329999948415
bm25_selective_e5,TF036,monitoring,3,36bac780-b1a2-42dc-8cca-3605f80c5521,0.031009615384615385,False,202.52329999948415
bm25_selective_e5,TF036,monitoring,4,f9cfc75b-a5e7-4633-a798-4b17ea462325,0.030834914611005692,False,202.52329999948415
bm25_selective_e5,TF036,monitoring,5,98d006ac-5212-4c8c-8a63-4cbd4d6caffc,0.03057889822595705,False,202.52329999948415
bm25_selective_e5,TF036,monitoring,6,22e6c188-2e4c-4029-b200-7770a3f00e6e,0.029910714285714284,False,202.52329999948415
bm25_selective_e5,TF036,monitoring,7,30ce28cb-f702-4cce-8105-137e2f73af0d,0.029386529386529386,False,202.52329999948415
bm25_selective_e5,TF036,monitoring,8,8259ed27-8646-4502-a959-aab1e9f1770f,0.029236022193768675,False,202.52329999948415
bm25_selective_e5,TF036,monitoring,9,7e5199d4-e5c9-40ca-a69f-ea37f52c6ce3,0.02782608695652174,False,202.52329999948415
bm25_selective_e5,TF036,monitoring,10,eda54b74-cd2f-4808-8175-bcc5b916ce90,0.027745885954841176,False,202.52329999948415
bm25_selective_e5,TF037,adverse_reaction,1,15e829a9-a475-429d-b0e3-5c34bfbd3ab7,11.560527801513672,True,0.7356000005529495
bm25_selective_e5,TF037,adverse_reaction,2,324bc249-0e84-46e9-b77f-856c76cd5353,7.553943634033203,False,0.7356000005529495
bm25_selective_e5,TF037,adverse_reaction,3,8939253d-3272-4915-8c2b-c60062aeb818,1.9931259155273438,True,0.7356000005529495
bm25_selective_e5,TF037,adverse_reaction,4,7abe62fa-6fdb-4466-a16b-73e1770f0c57,1.600231409072876,False,0.7356000005529495
bm25_selective_e5,TF037,adverse_reaction,5,391ad5dc-0d1c-4350-85ba-5aa601d9ac0d,1.3353826999664307,False,0.7356000005529495
bm25_selective_e5,TF037,adverse_reaction,6,2e55093d-0a0f-4fd9-954b-4fc72df9eac0,0.949152946472168,False,0.7356000005529495
bm25_selective_e5,TF037,adverse_reaction,7,da79aa00-567d-434c-8441-915ac080f918,0.8504177927970886,False,0.7356000005529495
bm25_selective_e5,TF037,adverse_reaction,8,5de4d74d-720e-4d86-a836-f946d70a2d32,0.773520827293396,False,0.7356000005529495
bm25_selective_e5,TF037,adverse_reaction,9,d4c1a9ca-23c5-4ae0-9a51-c56675b2e6d1,0.6956260800361633,False,0.7356000005529495
bm25_selective_e5,TF037,adverse_reaction,10,7e5199d4-e5c9-40ca-a69f-ea37f52c6ce3,0.1314123421907425,False,0.7356000005529495
bm25_selective_e5,TF038,adverse_reaction,1,324bc249-0e84-46e9-b77f-856c76cd5353,7.709754943847656,False,0.7566999993287027
bm25_selective_e5,TF038,adverse_reaction,2,8939253d-3272-4915-8c2b-c60062aeb818,5.776628017425537,True,0.7566999993287027
bm25_selective_e5,TF038,adverse_reaction,3,15e829a9-a475-429d-b0e3-5c34bfbd3ab7,2.2149574756622314,False,0.7566999993287027
bm25_selective_e5,TF038,adverse_reaction,4,7abe62fa-6fdb-4466-a16b-73e1770f0c57,1.5427136421203613,True,0.7566999993287027
bm25_selective_e5,TF038,adverse_reaction,5,391ad5dc-0d1c-4350-85ba-5aa601d9ac0d,1.2345267534255981,False,0.7566999993287027
bm25_selective_e5,TF038,adverse_reaction,6,2e55093d-0a0f-4fd9-954b-4fc72df9eac0,0.8617947697639465,False,0.7566999993287027
bm25_selective_e5,TF038,adverse_reaction,7,e62b0c91-ff0c-43b2-9bd5-ff173d9f8bc0,0.823145866394043,False,0.7566999993287027
bm25_selective_e5,TF038,adverse_reaction,8,da79aa00-567d-434c-8441-915ac080f918,0.7254837155342102,False,0.7566999993287027
bm25_selective_e5,TF038,adverse_reaction,9,d4c1a9ca-23c5-4ae0-9a51-c56675b2e6d1,0.6956260800361633,False,0.7566999993287027
bm25_selective_e5,TF038,adverse_reaction,10,5de4d74d-720e-4d86-a836-f946d70a2d32,0.6446763873100281,False,0.7566999993287027
bm25_selective_e5,TF039,adverse_reaction,1,324bc249-0e84-46e9-b77f-856c76cd5353,5.971460819244385,False,1.0167999998884625
bm25_selective_e5,TF039,adverse_reaction,2,7abe62fa-6fdb-4466-a16b-73e1770f0c57,5.051360607147217,True,1.0167999998884625
bm25_selective_e5,TF039,adverse_reaction,3,2e55093d-0a0f-4fd9-954b-4fc72df9eac0,3.3720648288726807,True,1.0167999998884625
bm25_selective_e5,TF039,adverse_reaction,4,391ad5dc-0d1c-4350-85ba-5aa601d9ac0d,1.3353826999664307,False,1.0167999998884625
bm25_selective_e5,TF039,adverse_reaction,5,da79aa00-567d-434c-8441-915ac080f918,0.8504177927970886,False,1.0167999998884625
bm25_selective_e5,TF039,adverse_reaction,6,15e829a9-a475-429d-b0e3-5c34bfbd3ab7,0.7488635182380676,False,1.0167999998884625
bm25_selective_e5,TF039,adverse_reaction,7,d4c1a9ca-23c5-4ae0-9a51-c56675b2e6d1,0.6956260800361633,False,1.0167999998884625
bm25_selective_e5,TF039,adverse_reaction,8,8939253d-3272-4915-8c2b-c60062aeb818,0.6486386656761169,False,1.0167999998884625
bm25_selective_e5,TF039,adverse_reaction,9,7e5199d4-e5c9-40ca-a69f-ea37f52c6ce3,0.1314123421907425,False,1.0167999998884625
bm25_selective_e5,TF039,adverse_reaction,10,a7cf71a5-8426-4d7c-8106-e0754e7cb4bf,0.12989771366119385,False,1.0167999998884625
bm25_selective_e5,TF040,adverse_reaction,1,f4580736-a09e-471f-93d2-8089c695eb67,0.03278688524590164,True,204.7509000003629
bm25_selective_e5,TF040,adverse_reaction,2,2e55093d-0a0f-4fd9-954b-4fc72df9eac0,0.03225806451612903,True,204.7509000003629
bm25_selective_e5,TF040,adverse_reaction,3,391ad5dc-0d1c-4350-85ba-5aa601d9ac0d,0.030798389007344232,False,204.7509000003629
bm25_selective_e5,TF040,adverse_reaction,4,a7cf71a5-8426-4d7c-8106-e0754e7cb4bf,0.029236022193768675,False,204.7509000003629
bm25_selective_e5,TF040,adverse_reaction,5,5de4d74d-720e-4d86-a836-f946d70a2d32,0.028258706467661692,False,204.7509000003629
bm25_selective_e5,TF040,adverse_reaction,6,22e6c188-2e4c-4029-b200-7770a3f00e6e,0.02758751902587519,False,204.7509000003629
bm25_selective_e5,TF040,adverse_reaction,7,30ce28cb-f702-4cce-8105-137e2f73af0d,0.027071520029266508,False,204.7509000003629
bm25_selective_e5,TF040,adverse_reaction,8,da79aa00-567d-434c-8441-915ac080f918,0.027046783625730993,False,204.7509000003629
bm25_selective_e5,TF040,adverse_reaction,9,7abe62fa-6fdb-4466-a16b-73e1770f0c57,0.026992753623188405,False,204.7509000003629
bm25_selective_e5,TF040,adverse_reaction,10,70b95f72-95ec-43b5-b76f-657518103256,0.026856524873828405,False,204.7509000003629
bm25_selective_e5,TF041,adverse_reaction,1,7abe62fa-6fdb-4466-a16b-73e1770f0c57,0.03252247488101534,False,221.14680000049702
bm25_selective_e5,TF041,adverse_reaction,2,5e7838ae-0b80-4d05-b266-deb52de7b401,0.032018442622950824,True,221.14680000049702
bm25_selective_e5,TF041,adverse_reaction,3,f4580736-a09e-471f-93d2-8089c695eb67,0.03200204813108039,True,221.14680000049702
bm25_selective_e5,TF041,adverse_reaction,4,15e829a9-a475-429d-b0e3-5c34bfbd3ab7,0.03057889822595705,False,221.14680000049702
bm25_selective_e5,TF041,adverse_reaction,5,391ad5dc-0d1c-4350-85ba-5aa601d9ac0d,0.030309988518943745,False,221.14680000049702
bm25_selective_e5,TF041,adverse_reaction,6,2e55093d-0a0f-4fd9-954b-4fc72df9eac0,0.030303030303030304,False,221.14680000049702
bm25_selective_e5,TF041,adverse_reaction,7,324bc249-0e84-46e9-b77f-856c76cd5353,0.029709507042253523,False,221.14680000049702
bm25_selective_e5,TF041,adverse_reaction,8,8939253d-3272-4915-8c2b-c60062aeb818,0.02967032967032967,False,221.14680000049702
bm25_selective_e5,TF041,adverse_reaction,9,a7cf71a5-8426-4d7c-8106-e0754e7cb4bf,0.028594771241830064,False,221.14680000049702
bm25_selective_e5,TF041,adverse_reaction,10,8f3ed830-3a06-41c6-8b06-cfcf6d36a83c,0.027443609022556388,False,221.14680000049702
bm25_selective_e5,TF042,procedure,1,fbf62ef9-25b7-437c-98d8-c4934fba0fe6,0.032266458495966696,False,228.08809999969526
bm25_selective_e5,TF042,procedure,2,dfb2693a-e821-4d6e-bbcc-0dbf3dc2a2ae,0.032018442622950824,True,228.08809999969526
bm25_selective_e5,TF042,procedure,3,2cea4ea7-7aaf-4c54-ac4e-b660de52065d,0.03149801587301587,False,228.08809999969526
bm25_selective_e5,TF042,procedure,4,3abbb958-eafe-4ffe-bcfc-dafa7349c15c,0.03128054740957967,True,228.08809999969526
bm25_selective_e5,TF042,procedure,5,21efe016-3004-45f3-a070-29ce2ecb0019,0.030309988518943745,False,228.08809999969526
bm25_selective_e5,TF042,procedure,6,b66e5419-8a9c-47f4-866d-ebdb95b174b2,0.028814262023217248,False,228.08809999969526
bm25_selective_e5,TF042,procedure,7,9131e9a9-eff3-4f4e-a20b-4bdd456c35bc,0.02817460317460317,False,228.08809999969526
bm25_selective_e5,TF042,procedure,8,bc88f538-e881-4c81-85e9-fca20614315d,0.027783137179239824,False,228.08809999969526
bm25_selective_e5,TF042,procedure,9,d3b7d61b-50f0-4b96-a770-785a9f3c3886,0.027364110201042444,False,228.08809999969526
bm25_selective_e5,TF042,procedure,10,e96acbc9-66b4-4df4-953b-3f7b0a846bbc,0.02702702702702703,False,228.08809999969526
bm25_selective_e5,TF043,procedure,1,e62b0c91-ff0c-43b2-9bd5-ff173d9f8bc0,0.0315136476426799,False,267.47939999859227
bm25_selective_e5,TF043,procedure,2,fbf62ef9-25b7-437c-98d8-c4934fba0fe6,0.03009207275993712,True,267.47939999859227
bm25_selective_e5,TF043,procedure,3,4c0dde2a-0432-4cb2-ad33-987f5979ff76,0.02976190476190476,False,267.47939999859227
bm25_selective_e5,TF043,procedure,4,3ecc27b9-634c-4026-b44e-e01123aa0467,0.02964426877470356,False,267.47939999859227
bm25_selective_e5,TF043,procedure,5,59d57c8a-c9d7-4f8d-b9a1-a2816f1f01f7,0.029571646010002173,False,267.47939999859227
bm25_selective_e5,TF043,procedure,6,f9eb1471-4566-4c09-a18e-9f3d84a47e9c,0.02946912242686891,True,267.47939999859227
bm25_selective_e5,TF043,procedure,7,a3d42ca5-54b5-4b8d-be4e-79337aaab880,0.028665028665028666,False,267.47939999859227
bm25_selective_e5,TF043,procedure,8,b0b5bc4f-7d0b-4f56-8e37-84178d38637d,0.02857142857142857,False,267.47939999859227
bm25_selective_e5,TF043,procedure,9,df699ccc-6f51-4281-b4a4-f3d2a20631e0,0.02821939586645469,False,267.47939999859227
bm25_selective_e5,TF043,procedure,10,2cea4ea7-7aaf-4c54-ac4e-b660de52065d,0.027051561365286855,False,267.47939999859227
bm25_selective_e5,TF044,fact_specific,1,09f3c6d5-9e0c-4545-960f-b16c69abbeb1,6.416562557220459,False,1.2899000003017136
bm25_selective_e5,TF044,fact_specific,2,dfb2693a-e821-4d6e-bbcc-0dbf3dc2a2ae,5.222231864929199,False,1.2899000003017136
bm25_selective_e5,TF044,fact_specific,3,919e93ca-fed9-4dde-b9b8-f870e207a3f3,4.688266754150391,False,1.2899000003017136
bm25_selective_e5,TF044,fact_specific,4,3abbb958-eafe-4ffe-bcfc-dafa7349c15c,4.684035301208496,False,1.2899000003017136
bm25_selective_e5,TF044,fact_specific,5,3ecc27b9-634c-4026-b44e-e01123aa0467,4.577188491821289,False,1.2899000003017136
bm25_selective_e5,TF044,fact_specific,6,9131e9a9-eff3-4f4e-a20b-4bdd456c35bc,4.4993977546691895,False,1.2899000003017136
bm25_selective_e5,TF044,fact_specific,7,2cea4ea7-7aaf-4c54-ac4e-b660de52065d,4.399069309234619,False,1.2899000003017136
bm25_selective_e5,TF044,fact_specific,8,fbf62ef9-25b7-437c-98d8-c4934fba0fe6,4.2966814041137695,False,1.2899000003017136
bm25_selective_e5,TF044,fact_specific,9,1033ac46-dec8-493e-b577-7f5ad80f8e86,4.093734264373779,False,1.2899000003017136
bm25_selective_e5,TF044,fact_specific,10,9552a4ac-31b4-43a8-aa92-37bd3e89362a,3.5061025619506836,False,1.2899000003017136
bm25_selective_e5,TF045,paraphrase,1,3abbb958-eafe-4ffe-bcfc-dafa7349c15c,6.537220478057861,False,1.0866000002351939
bm25_selective_e5,TF045,paraphrase,2,eda54b74-cd2f-4808-8175-bcc5b916ce90,5.430171489715576,False,1.0866000002351939
bm25_selective_e5,TF045,paraphrase,3,7adacb8c-91c0-4ea7-8d82-7505eeac5042,5.366875648498535,False,1.0866000002351939
bm25_selective_e5,TF045,paraphrase,4,dfb2693a-e821-4d6e-bbcc-0dbf3dc2a2ae,5.349342346191406,False,1.0866000002351939
bm25_selective_e5,TF045,paraphrase,5,22e6c188-2e4c-4029-b200-7770a3f00e6e,5.186156272888184,False,1.0866000002351939
bm25_selective_e5,TF045,paraphrase,6,2cea4ea7-7aaf-4c54-ac4e-b660de52065d,3.7989649772644043,False,1.0866000002351939
bm25_selective_e5,TF045,paraphrase,7,fbf62ef9-25b7-437c-98d8-c4934fba0fe6,3.7905309200286865,False,1.0866000002351939
bm25_selective_e5,TF045,paraphrase,8,b225ae64-72d2-4e59-81c0-57f5d8438666,3.657823085784912,False,1.0866000002351939
bm25_selective_e5,TF045,paraphrase,9,9131e9a9-eff3-4f4e-a20b-4bdd456c35bc,3.4647154808044434,False,1.0866000002351939
bm25_selective_e5,TF045,paraphrase,10,fd678588-5ac2-400d-95c5-3309537781ec,3.287501573562622,True,1.0866000002351939
bm25_selective_e5,TN001,negative_out_of_scope,1,ee8c2027-ad6d-4bb7-8077-5e4c42be1cc3,0.0315136476426799,False,195.206500000495
bm25_selective_e5,TN001,negative_out_of_scope,2,d9a4a9c8-fbd4-41f2-bab6-6abd72575204,0.03149801587301587,False,195.206500000495
bm25_selective_e5,TN001,negative_out_of_scope,3,761b9529-5b18-4262-8174-6062c35fb31c,0.0304147465437788,False,195.206500000495
bm25_selective_e5,TN001,negative_out_of_scope,4,edd76252-eb29-4acf-9a31-735463528b7d,0.030309988518943745,False,195.206500000495
bm25_selective_e5,TN001,negative_out_of_scope,5,fb4884e3-8fea-42fa-b996-7e9c333e7fef,0.03028233151183971,False,195.206500000495
bm25_selective_e5,TN001,negative_out_of_scope,6,66dba192-bac5-4b3a-bd4d-77e9eacb4192,0.029857397504456328,False,195.206500000495
bm25_selective_e5,TN001,negative_out_of_scope,7,eeb8db46-f757-41f1-9ca5-c022f3d4ea3e,0.027783137179239824,False,195.206500000495
bm25_selective_e5,TN001,negative_out_of_scope,8,843aa4c8-3ffd-4747-97eb-8699b0a0eeaf,0.025694893341952164,False,195.206500000495
bm25_selective_e5,TN001,negative_out_of_scope,9,10537058-d160-4786-a6cf-95de46d7189c,0.02492401215805471,False,195.206500000495
bm25_selective_e5,TN001,negative_out_of_scope,10,bc88f538-e881-4c81-85e9-fca20614315d,0.02483719521429653,False,195.206500000495
bm25_selective_e5,TN002,negative_out_of_scope,1,fb4884e3-8fea-42fa-b996-7e9c333e7fef,0.03200204813108039,False,153.08719999939058
bm25_selective_e5,TN002,negative_out_of_scope,2,eeb8db46-f757-41f1-9ca5-c022f3d4ea3e,0.029709507042253523,False,153.08719999939058
bm25_selective_e5,TN002,negative_out_of_scope,3,761b9529-5b18-4262-8174-6062c35fb31c,0.028373015873015873,False,153.08719999939058
bm25_selective_e5,TN002,negative_out_of_scope,4,843aa4c8-3ffd-4747-97eb-8699b0a0eeaf,0.027364110201042444,False,153.08719999939058
bm25_selective_e5,TN002,negative_out_of_scope,5,ee8c2027-ad6d-4bb7-8077-5e4c42be1cc3,0.02728937728937729,False,153.08719999939058
bm25_selective_e5,TN002,negative_out_of_scope,6,66dba192-bac5-4b3a-bd4d-77e9eacb4192,0.026779422128259338,False,153.08719999939058
bm25_selective_e5,TN002,negative_out_of_scope,7,17e22a4e-78d9-4607-b75b-151e52cc4d20,0.02625418060200669,False,153.08719999939058
bm25_selective_e5,TN002,negative_out_of_scope,8,23c6ca0d-04bf-4081-b90a-9819029dcd73,0.02546333601933924,False,153.08719999939058
bm25_selective_e5,TN002,negative_out_of_scope,9,fbb0340e-b19d-43c3-a23a-5ee07899e8cd,0.02535559678416821,False,153.08719999939058
bm25_selective_e5,TN002,negative_out_of_scope,10,e96acbc9-66b4-4df4-953b-3f7b0a846bbc,0.023839931885908897,False,153.08719999939058
bm25_selective_e5,TN003,negative_out_of_scope,1,6ffcd319-e868-444b-b6fe-8d192a4de3ff,5.228564262390137,False,0.6961000008232077
bm25_selective_e5,TN003,negative_out_of_scope,2,f7a9837d-f8db-4461-abd8-a3607db2276f,0.9105718731880188,False,0.6961000008232077
bm25_selective_e5,TN003,negative_out_of_scope,3,fbf62ef9-25b7-437c-98d8-c4934fba0fe6,0.7948442697525024,False,0.6961000008232077
bm25_selective_e5,TN003,negative_out_of_scope,4,fb4884e3-8fea-42fa-b996-7e9c333e7fef,0.0,False,0.6961000008232077
bm25_selective_e5,TN003,negative_out_of_scope,5,761b9529-5b18-4262-8174-6062c35fb31c,0.0,False,0.6961000008232077
bm25_selective_e5,TN003,negative_out_of_scope,6,c78ff32d-ea17-41fd-98ef-2e8872f01df3,0.0,False,0.6961000008232077
bm25_selective_e5,TN003,negative_out_of_scope,7,d9a4a9c8-fbd4-41f2-bab6-6abd72575204,0.0,False,0.6961000008232077
bm25_selective_e5,TN003,negative_out_of_scope,8,ee8c2027-ad6d-4bb7-8077-5e4c42be1cc3,0.0,False,0.6961000008232077
bm25_selective_e5,TN003,negative_out_of_scope,9,66dba192-bac5-4b3a-bd4d-77e9eacb4192,0.0,False,0.6961000008232077
bm25_selective_e5,TN003,negative_out_of_scope,10,edd76252-eb29-4acf-9a31-735463528b7d,0.0,False,0.6961000008232077
bm25_selective_e5,TN004,negative_out_of_scope,1,ee8c2027-ad6d-4bb7-8077-5e4c42be1cc3,0.03125763125763126,False,146.84809999926074
bm25_selective_e5,TN004,negative_out_of_scope,2,761b9529-5b18-4262-8174-6062c35fb31c,0.030834914611005692,False,146.84809999926074
bm25_selective_e5,TN004,negative_out_of_scope,3,66dba192-bac5-4b3a-bd4d-77e9eacb4192,0.030776515151515152,False,146.84809999926074
bm25_selective_e5,TN004,negative_out_of_scope,4,10537058-d160-4786-a6cf-95de46d7189c,0.030679156908665108,False,146.84809999926074
bm25_selective_e5,TN004,negative_out_of_scope,5,843aa4c8-3ffd-4747-97eb-8699b0a0eeaf,0.029857397504456328,False,146.84809999926074
bm25_selective_e5,TN004,negative_out_of_scope,6,fb4884e3-8fea-42fa-b996-7e9c333e7fef,0.029051670471052088,False,146.84809999926074
bm25_selective_e5,TN004,negative_out_of_scope,7,4d18d11e-2a92-4690-8a64-46653931483e,0.028814262023217248,False,146.84809999926074
bm25_selective_e5,TN004,negative_out_of_scope,8,d9a4a9c8-fbd4-41f2-bab6-6abd72575204,0.028782894736842105,False,146.84809999926074
bm25_selective_e5,TN004,negative_out_of_scope,9,23c6ca0d-04bf-4081-b90a-9819029dcd73,0.02819138376017471,False,146.84809999926074
bm25_selective_e5,TN004,negative_out_of_scope,10,ffcf7308-6e83-47bc-a519-0b4b7ba44562,0.02694394213381555,False,146.84809999926074
bm25_selective_e5,TN005,negative_out_of_scope,1,fd678588-5ac2-400d-95c5-3309537781ec,0.031544957774465976,False,138.1216999998287
bm25_selective_e5,TN005,negative_out_of_scope,2,3abbb958-eafe-4ffe-bcfc-dafa7349c15c,0.030536130536130537,False,138.1216999998287
bm25_selective_e5,TN005,negative_out_of_scope,3,dfb2693a-e821-4d6e-bbcc-0dbf3dc2a2ae,0.02976190476190476,False,138.1216999998287
bm25_selective_e5,TN005,negative_out_of_scope,4,eda54b74-cd2f-4808-8175-bcc5b916ce90,0.029116045245077504,False,138.1216999998287
bm25_selective_e5,TN005,negative_out_of_scope,5,84c0a864-176f-4776-a15e-167fc2518e5d,0.027745885954841176,False,138.1216999998287
bm25_selective_e5,TN005,negative_out_of_scope,6,b225ae64-72d2-4e59-81c0-57f5d8438666,0.027629397679130595,False,138.1216999998287
bm25_selective_e5,TN005,negative_out_of_scope,7,22e6c188-2e4c-4029-b200-7770a3f00e6e,0.027252906976744186,False,138.1216999998287
bm25_selective_e5,TN005,negative_out_of_scope,8,7e68f70a-ba74-4eb8-bbae-c7e9f7340567,0.026785714285714288,False,138.1216999998287
bm25_selective_e5,TN005,negative_out_of_scope,9,7adacb8c-91c0-4ea7-8d82-7505eeac5042,0.026182294223531334,False,138.1216999998287
bm25_selective_e5,TN005,negative_out_of_scope,10,66dba192-bac5-4b3a-bd4d-77e9eacb4192,0.025478740668614087,False,138.1216999998287
bm25_selective_e5,TP001,product_specific,1,0f6b0fc1-9d70-479f-a87d-a26e954e2adb,6.211029052734375,False,0.551899999663874
bm25_selective_e5,TP001,product_specific,2,9552a4ac-31b4-43a8-aa92-37bd3e89362a,5.7914910316467285,False,0.551899999663874
bm25_selective_e5,TP001,product_specific,3,54fdf811-dedd-4016-b144-3e4bfdcd67c8,5.593297481536865,False,0.551899999663874
bm25_selective_e5,TP001,product_specific,4,ba3d1d87-0c2d-4b67-a0c2-4615c8249c2a,5.1758856773376465,True,0.551899999663874
bm25_selective_e5,TP001,product_specific,5,84c0a864-176f-4776-a15e-167fc2518e5d,3.892451286315918,False,0.551899999663874
bm25_selective_e5,TP001,product_specific,6,fb4884e3-8fea-42fa-b996-7e9c333e7fef,0.0,False,0.551899999663874
bm25_selective_e5,TP001,product_specific,7,761b9529-5b18-4262-8174-6062c35fb31c,0.0,False,0.551899999663874
bm25_selective_e5,TP001,product_specific,8,c78ff32d-ea17-41fd-98ef-2e8872f01df3,0.0,False,0.551899999663874
bm25_selective_e5,TP001,product_specific,9,d9a4a9c8-fbd4-41f2-bab6-6abd72575204,0.0,False,0.551899999663874
bm25_selective_e5,TP001,product_specific,10,ee8c2027-ad6d-4bb7-8077-5e4c42be1cc3,0.0,False,0.551899999663874
bm25_selective_e5,TP002,product_specific,1,4c0dde2a-0432-4cb2-ad33-987f5979ff76,4.5704240798950195,False,0.6304999997155392
bm25_selective_e5,TP002,product_specific,2,f7a9837d-f8db-4461-abd8-a3607db2276f,4.295620918273926,False,0.6304999997155392
bm25_selective_e5,TP002,product_specific,3,b0b5bc4f-7d0b-4f56-8e37-84178d38637d,3.8005127906799316,False,0.6304999997155392
bm25_selective_e5,TP002,product_specific,4,c404e320-0bf2-4325-be92-7a0614f201ca,3.50697922706604,False,0.6304999997155392
bm25_selective_e5,TP002,product_specific,5,a3d42ca5-54b5-4b8d-be4e-79337aaab880,2.6698713302612305,False,0.6304999997155392
bm25_selective_e5,TP002,product_specific,6,7adacb8c-91c0-4ea7-8d82-7505eeac5042,0.9279085397720337,False,0.6304999997155392
bm25_selective_e5,TP002,product_specific,7,7e68f70a-ba74-4eb8-bbae-c7e9f7340567,0.9048877954483032,False,0.6304999997155392
bm25_selective_e5,TP002,product_specific,8,17abd2d4-27a2-40ba-a55b-0b3ceee19005,0.8584475517272949,False,0.6304999997155392
bm25_selective_e5,TP002,product_specific,9,21d38039-895b-46a4-8902-96e380ce41aa,0.7931140065193176,False,0.6304999997155392
bm25_selective_e5,TP002,product_specific,10,b10b8f1c-ed17-44ca-8d7c-1a4f19a12c67,0.7817808985710144,False,0.6304999997155392
bm25_selective_e5,TP003,temporal,1,63b53156-440d-40c1-bc88-5c07c23ae77f,7.014913558959961,True,0.8197000006475719
bm25_selective_e5,TP003,temporal,2,c404e320-0bf2-4325-be92-7a0614f201ca,6.746158599853516,False,0.8197000006475719
bm25_selective_e5,TP003,temporal,3,9131e9a9-eff3-4f4e-a20b-4bdd456c35bc,5.673131942749023,False,0.8197000006475719
bm25_selective_e5,TP003,temporal,4,59d57c8a-c9d7-4f8d-b9a1-a2816f1f01f7,5.52161169052124,False,0.8197000006475719
bm25_selective_e5,TP003,temporal,5,ffcf7308-6e83-47bc-a519-0b4b7ba44562,5.474223613739014,False,0.8197000006475719
bm25_selective_e5,TP003,temporal,6,d2e0fc0a-bf0e-4226-abbf-e9f3dea2fce8,5.082720756530762,False,0.8197000006475719
bm25_selective_e5,TP003,temporal,7,21efe016-3004-45f3-a070-29ce2ecb0019,5.051664352416992,False,0.8197000006475719
bm25_selective_e5,TP003,temporal,8,f7a9837d-f8db-4461-abd8-a3607db2276f,4.295620918273926,False,0.8197000006475719
bm25_selective_e5,TP003,temporal,9,3ecc27b9-634c-4026-b44e-e01123aa0467,3.9162402153015137,False,0.8197000006475719
bm25_selective_e5,TP003,temporal,10,23c6ca0d-04bf-4081-b90a-9819029dcd73,3.50697922706604,False,0.8197000006475719
bm25_selective_e5,TP004,temporal,1,63b53156-440d-40c1-bc88-5c07c23ae77f,8.07597541809082,True,0.6026000000929344
bm25_selective_e5,TP004,temporal,2,f7a9837d-f8db-4461-abd8-a3607db2276f,4.295620918273926,False,0.6026000000929344
bm25_selective_e5,TP004,temporal,3,23c6ca0d-04bf-4081-b90a-9819029dcd73,3.50697922706604,False,0.6026000000929344
bm25_selective_e5,TP004,temporal,4,c404e320-0bf2-4325-be92-7a0614f201ca,3.50697922706604,False,0.6026000000929344
bm25_selective_e5,TP004,temporal,5,21efe016-3004-45f3-a070-29ce2ecb0019,2.6260993480682373,False,0.6026000000929344
bm25_selective_e5,TP004,temporal,6,71d2e37c-44e2-4972-8e6b-a6449c2f8404,1.058933973312378,True,0.6026000000929344
bm25_selective_e5,TP004,temporal,7,a7cf71a5-8426-4d7c-8106-e0754e7cb4bf,0.7901211380958557,False,0.6026000000929344
bm25_selective_e5,TP004,temporal,8,ffcf7308-6e83-47bc-a519-0b4b7ba44562,0.7786510586738586,False,0.6026000000929344
bm25_selective_e5,TP004,temporal,9,15e829a9-a475-429d-b0e3-5c34bfbd3ab7,0.6971055865287781,False,0.6026000000929344
bm25_selective_e5,TP004,temporal,10,b66e5419-8a9c-47f4-866d-ebdb95b174b2,0.6754313707351685,False,0.6026000000929344
bm25_selective_e5,TP005,temporal,1,da79aa00-567d-434c-8441-915ac080f918,8.468079566955566,True,0.43849999929079786
bm25_selective_e5,TP005,temporal,2,ba3d1d87-0c2d-4b67-a0c2-4615c8249c2a,5.760707378387451,False,0.43849999929079786
bm25_selective_e5,TP005,temporal,3,0f6b0fc1-9d70-479f-a87d-a26e954e2adb,5.537386417388916,False,0.43849999929079786
bm25_selective_e5,TP005,temporal,4,54fdf811-dedd-4016-b144-3e4bfdcd67c8,4.545566082000732,False,0.43849999929079786
bm25_selective_e5,TP005,temporal,5,e96acbc9-66b4-4df4-953b-3f7b0a846bbc,3.0434024333953857,False,0.43849999929079786
bm25_selective_e5,TP005,temporal,6,c404e320-0bf2-4325-be92-7a0614f201ca,1.71193528175354,False,0.43849999929079786
bm25_selective_e5,TP005,temporal,7,5de4d74d-720e-4d86-a836-f946d70a2d32,1.5024938583374023,False,0.43849999929079786
bm25_selective_e5,TP005,temporal,8,8259ed27-8646-4502-a959-aab1e9f1770f,1.4493985176086426,False,0.43849999929079786
bm25_selective_e5,TP005,temporal,9,9b6cc313-9a59-4387-a5ce-2ed14389a0a7,1.36068856716156,False,0.43849999929079786
bm25_selective_e5,TP005,temporal,10,b10b8f1c-ed17-44ca-8d7c-1a4f19a12c67,1.046776294708252,False,0.43849999929079786
bm25_selective_e5,TP006,product_specific,1,e96acbc9-66b4-4df4-953b-3f7b0a846bbc,13.520916938781738,True,0.4378000003271154
bm25_selective_e5,TP006,product_specific,2,9131e9a9-eff3-4f4e-a20b-4bdd456c35bc,7.239567756652832,False,0.4378000003271154
bm25_selective_e5,TP006,product_specific,3,54fdf811-dedd-4016-b144-3e4bfdcd67c8,6.474274635314941,False,0.4378000003271154
bm25_selective_e5,TP006,product_specific,4,d4c1a9ca-23c5-4ae0-9a51-c56675b2e6d1,5.54007625579834,False,0.4378000003271154
bm25_selective_e5,TP006,product_specific,5,e62b0c91-ff0c-43b2-9bd5-ff173d9f8bc0,4.853871822357178,False,0.4378000003271154
bm25_selective_e5,TP006,product_specific,6,73735f01-c9d0-4dd5-8d46-c70045e4b334,4.753548622131348,False,0.4378000003271154
bm25_selective_e5,TP006,product_specific,7,7c33fbb7-e931-4f6b-9520-23875ec9ee5b,4.394297122955322,False,0.4378000003271154
bm25_selective_e5,TP006,product_specific,8,324bc249-0e84-46e9-b77f-856c76cd5353,3.799816370010376,False,0.4378000003271154
bm25_selective_e5,TP006,product_specific,9,48b9789d-5088-4ba1-a82a-be3a6396ce85,3.434281349182129,False,0.4378000003271154
bm25_selective_e5,TP006,product_specific,10,3abbb958-eafe-4ffe-bcfc-dafa7349c15c,3.0214383602142334,False,0.4378000003271154
bm25_selective_e5,TP007,product_specific,1,e62b0c91-ff0c-43b2-9bd5-ff173d9f8bc0,10.254488945007324,False,1.1607000005824375
bm25_selective_e5,TP007,product_specific,2,7c33fbb7-e931-4f6b-9520-23875ec9ee5b,9.132205963134766,False,1.1607000005824375
bm25_selective_e5,TP007,product_specific,3,4c0dde2a-0432-4cb2-ad33-987f5979ff76,7.46903657913208,False,1.1607000005824375
bm25_selective_e5,TP007,product_specific,4,e96acbc9-66b4-4df4-953b-3f7b0a846bbc,7.3763322830200195,False,1.1607000005824375
bm25_selective_e5,TP007,product_specific,5,3ecc27b9-634c-4026-b44e-e01123aa0467,6.7035908699035645,False,1.1607000005824375
bm25_selective_e5,TP007,product_specific,6,7abe62fa-6fdb-4466-a16b-73e1770f0c57,5.780395984649658,False,1.1607000005824375
bm25_selective_e5,TP007,product_specific,7,9131e9a9-eff3-4f4e-a20b-4bdd456c35bc,5.747225761413574,False,1.1607000005824375
bm25_selective_e5,TP007,product_specific,8,f9cfc75b-a5e7-4633-a798-4b17ea462325,5.744748115539551,False,1.1607000005824375
bm25_selective_e5,TP007,product_specific,9,df699ccc-6f51-4281-b4a4-f3d2a20631e0,4.723957061767578,False,1.1607000005824375
bm25_selective_e5,TP007,product_specific,10,54fdf811-dedd-4016-b144-3e4bfdcd67c8,4.067595481872559,False,1.1607000005824375
bm25_selective_e5,TP008,product_specific,1,9131e9a9-eff3-4f4e-a20b-4bdd456c35bc,0.031544957774465976,True,142.58389999940846
bm25_selective_e5,TP008,product_specific,2,e62b0c91-ff0c-43b2-9bd5-ff173d9f8bc0,0.03125,False,142.58389999940846
bm25_selective_e5,TP008,product_specific,3,df699ccc-6f51-4281-b4a4-f3d2a20631e0,0.031099324975891997,False,142.58389999940846
bm25_selective_e5,TP008,product_specific,4,7c33fbb7-e931-4f6b-9520-23875ec9ee5b,0.0304147465437788,False,142.58389999940846
bm25_selective_e5,TP008,product_specific,5,54fdf811-dedd-4016-b144-3e4bfdcd67c8,0.030158730158730156,True,142.58389999940846
bm25_selective_e5,TP008,product_specific,6,3ecc27b9-634c-4026-b44e-e01123aa0467,0.030090497737556562,False,142.58389999940846
bm25_selective_e5,TP008,product_specific,7,4c0dde2a-0432-4cb2-ad33-987f5979ff76,0.03007688828584351,False,142.58389999940846
bm25_selective_e5,TP008,product_specific,8,d4c1a9ca-23c5-4ae0-9a51-c56675b2e6d1,0.02928692699490662,False,142.58389999940846
bm25_selective_e5,TP008,product_specific,9,a3d42ca5-54b5-4b8d-be4e-79337aaab880,0.028693528693528692,False,142.58389999940846
bm25_selective_e5,TP008,product_specific,10,e96acbc9-66b4-4df4-953b-3f7b0a846bbc,0.028577260665441927,False,142.58389999940846
bm25_selective_e5,TP009,product_specific,1,2cea4ea7-7aaf-4c54-ac4e-b660de52065d,0.03252247488101534,False,170.54489999918587
bm25_selective_e5,TP009,product_specific,2,bc88f538-e881-4c81-85e9-fca20614315d,0.032018442622950824,True,170.54489999918587
bm25_selective_e5,TP009,product_specific,3,21efe016-3004-45f3-a070-29ce2ecb0019,0.03200204813108039,False,170.54489999918587
bm25_selective_e5,TP009,product_specific,4,b66e5419-8a9c-47f4-866d-ebdb95b174b2,0.03125763125763126,False,170.54489999918587
bm25_selective_e5,TP009,product_specific,5,4c0dde2a-0432-4cb2-ad33-987f5979ff76,0.03007688828584351,False,170.54489999918587
bm25_selective_e5,TP009,product_specific,6,f9eb1471-4566-4c09-a18e-9f3d84a47e9c,0.028577260665441927,False,170.54489999918587
bm25_selective_e5,TP009,product_specific,7,b0d368a1-d0fc-4b8b-8567-e190cf462986,0.02758751902587519,False,170.54489999918587
bm25_selective_e5,TP009,product_specific,8,16efaa44-1554-4748-8407-48fac0bced94,0.026041666666666664,False,170.54489999918587
bm25_selective_e5,TP009,product_specific,9,6ffcd319-e868-444b-b6fe-8d192a4de3ff,0.025987006496751626,False,170.54489999918587
bm25_selective_e5,TP009,product_specific,10,36bac780-b1a2-42dc-8cca-3605f80c5521,0.025694893341952164,False,170.54489999918587
bm25_selective_e5,TP010,product_specific,1,2cea4ea7-7aaf-4c54-ac4e-b660de52065d,13.960373878479004,False,1.140599999416736
bm25_selective_e5,TP010,product_specific,2,21efe016-3004-45f3-a070-29ce2ecb0019,12.336328506469727,False,1.140599999416736
bm25_selective_e5,TP010,product_specific,3,b66e5419-8a9c-47f4-866d-ebdb95b174b2,6.799587249755859,True,1.140599999416736
bm25_selective_e5,TP010,product_specific,4,9b6cc313-9a59-4387-a5ce-2ed14389a0a7,4.617155075073242,False,1.140599999416736
bm25_selective_e5,TP010,product_specific,5,5de4d74d-720e-4d86-a836-f946d70a2d32,4.422725200653076,False,1.140599999416736
bm25_selective_e5,TP010,product_specific,6,bc88f538-e881-4c81-85e9-fca20614315d,4.358898162841797,False,1.140599999416736
bm25_selective_e5,TP010,product_specific,7,4c0dde2a-0432-4cb2-ad33-987f5979ff76,3.1096293926239014,False,1.140599999416736
bm25_selective_e5,TP010,product_specific,8,fbf62ef9-25b7-437c-98d8-c4934fba0fe6,1.1337631940841675,False,1.140599999416736
bm25_selective_e5,TP010,product_specific,9,22e6c188-2e4c-4029-b200-7770a3f00e6e,1.1185086965560913,False,1.140599999416736
bm25_selective_e5,TP010,product_specific,10,3abbb958-eafe-4ffe-bcfc-dafa7349c15c,1.0435376167297363,False,1.140599999416736
bm25_selective_e5,TP011,temporal,1,b66e5419-8a9c-47f4-866d-ebdb95b174b2,6.2266645431518555,True,0.8692000001246925
bm25_selective_e5,TP011,temporal,2,23c6ca0d-04bf-4081-b90a-9819029dcd73,4.8180952072143555,False,0.8692000001246925
bm25_selective_e5,TP011,temporal,3,c404e320-0bf2-4325-be92-7a0614f201ca,1.2884047031402588,False,0.8692000001246925
bm25_selective_e5,TP011,temporal,4,d3b7d61b-50f0-4b96-a770-785a9f3c3886,0.6454505324363708,False,0.8692000001246925
bm25_selective_e5,TP011,temporal,5,fb4884e3-8fea-42fa-b996-7e9c333e7fef,0.0,False,0.8692000001246925
bm25_selective_e5,TP011,temporal,6,761b9529-5b18-4262-8174-6062c35fb31c,0.0,False,0.8692000001246925
bm25_selective_e5,TP011,temporal,7,c78ff32d-ea17-41fd-98ef-2e8872f01df3,0.0,False,0.8692000001246925
bm25_selective_e5,TP011,temporal,8,d9a4a9c8-fbd4-41f2-bab6-6abd72575204,0.0,False,0.8692000001246925
bm25_selective_e5,TP011,temporal,9,ee8c2027-ad6d-4bb7-8077-5e4c42be1cc3,0.0,False,0.8692000001246925
bm25_selective_e5,TP011,temporal,10,66dba192-bac5-4b3a-bd4d-77e9eacb4192,0.0,False,0.8692000001246925
bm25_selective_e5,TP012,product_specific,1,21efe016-3004-45f3-a070-29ce2ecb0019,10.14687728881836,True,0.9577000000717817
bm25_selective_e5,TP012,product_specific,2,2cea4ea7-7aaf-4c54-ac4e-b660de52065d,8.7315092086792,False,0.9577000000717817
bm25_selective_e5,TP012,product_specific,3,d3b7d61b-50f0-4b96-a770-785a9f3c3886,6.171075820922852,False,0.9577000000717817
bm25_selective_e5,TP012,product_specific,4,b66e5419-8a9c-47f4-866d-ebdb95b174b2,5.925224781036377,False,0.9577000000717817
bm25_selective_e5,TP012,product_specific,5,f7a9837d-f8db-4461-abd8-a3607db2276f,4.295620918273926,False,0.9577000000717817
bm25_selective_e5,TP012,product_specific,6,23c6ca0d-04bf-4081-b90a-9819029dcd73,3.50697922706604,False,0.9577000000717817
bm25_selective_e5,TP012,product_specific,7,c404e320-0bf2-4325-be92-7a0614f201ca,3.50697922706604,False,0.9577000000717817
bm25_selective_e5,TP012,product_specific,8,bc88f538-e881-4c81-85e9-fca20614315d,2.9587535858154297,False,0.9577000000717817
bm25_selective_e5,TP012,product_specific,9,4c0dde2a-0432-4cb2-ad33-987f5979ff76,2.3178772926330566,False,0.9577000000717817
bm25_selective_e5,TP012,product_specific,10,fb4884e3-8fea-42fa-b996-7e9c333e7fef,0.0,False,0.9577000000717817
bm25_selective_e5,TP013,procedure,1,d4c1a9ca-23c5-4ae0-9a51-c56675b2e6d1,6.5267109870910645,False,0.9475000006204937
bm25_selective_e5,TP013,procedure,2,a7cf71a5-8426-4d7c-8106-e0754e7cb4bf,1.6993346214294434,False,0.9475000006204937
bm25_selective_e5,TP013,procedure,3,5de4d74d-720e-4d86-a836-f946d70a2d32,1.675468921661377,False,0.9475000006204937
bm25_selective_e5,TP013,procedure,4,9b6cc313-9a59-4387-a5ce-2ed14389a0a7,1.5412678718566895,True,0.9475000006204937
bm25_selective_e5,TP013,procedure,5,d3b7d61b-50f0-4b96-a770-785a9f3c3886,1.3908843994140625,False,0.9475000006204937
bm25_selective_e5,TP013,procedure,6,b66e5419-8a9c-47f4-866d-ebdb95b174b2,1.2524172067642212,False,0.9475000006204937
bm25_selective_e5,TP013,procedure,7,84c0a864-176f-4776-a15e-167fc2518e5d,1.0782902240753174,False,0.9475000006204937
bm25_selective_e5,TP013,procedure,8,7e5199d4-e5c9-40ca-a69f-ea37f52c6ce3,0.9198150634765625,False,0.9475000006204937
bm25_selective_e5,TP013,procedure,9,c404e320-0bf2-4325-be92-7a0614f201ca,0.8950620293617249,False,0.9475000006204937
bm25_selective_e5,TP013,procedure,10,73735f01-c9d0-4dd5-8d46-c70045e4b334,0.8702232837677002,False,0.9475000006204937
bm25_selective_e5,TP014,temporal,1,6ffcd319-e868-444b-b6fe-8d192a4de3ff,6.696747779846191,False,0.8249000002251705
bm25_selective_e5,TP014,temporal,2,b0d368a1-d0fc-4b8b-8567-e190cf462986,4.711930274963379,False,0.8249000002251705
bm25_selective_e5,TP014,temporal,3,30ce28cb-f702-4cce-8105-137e2f73af0d,2.4998116493225098,True,0.8249000002251705
bm25_selective_e5,TP014,temporal,4,22e6c188-2e4c-4029-b200-7770a3f00e6e,2.3875579833984375,False,0.8249000002251705
bm25_selective_e5,TP014,temporal,5,0a4f11c7-39e8-41fe-bd14-48456671f531,1.7343227863311768,False,0.8249000002251705
bm25_selective_e5,TP014,temporal,6,70b95f72-95ec-43b5-b76f-657518103256,1.6964178085327148,False,0.8249000002251705
bm25_selective_e5,TP014,temporal,7,cfff9bf0-05e4-4179-a793-f3c705d04812,1.562166690826416,False,0.8249000002251705
bm25_selective_e5,TP014,temporal,8,f1611d72-8c47-41f8-bfee-99d5ffdfe12a,1.531539797782898,False,0.8249000002251705
bm25_selective_e5,TP014,temporal,9,48b9789d-5088-4ba1-a82a-be3a6396ce85,1.4986698627471924,False,0.8249000002251705
bm25_selective_e5,TP014,temporal,10,d3b7d61b-50f0-4b96-a770-785a9f3c3886,1.4326435327529907,False,0.8249000002251705
bm25_selective_e5,TP015,preparation,1,30ce28cb-f702-4cce-8105-137e2f73af0d,0.032266458495966696,False,171.4802000005875
bm25_selective_e5,TP015,preparation,2,70b95f72-95ec-43b5-b76f-657518103256,0.03225806451612903,False,171.4802000005875
bm25_selective_e5,TP015,preparation,3,22e6c188-2e4c-4029-b200-7770a3f00e6e,0.03149801587301587,False,171.4802000005875
bm25_selective_e5,TP015,preparation,4,d3b7d61b-50f0-4b96-a770-785a9f3c3886,0.031099324975891997,True,171.4802000005875
bm25_selective_e5,TP015,preparation,5,48b9789d-5088-4ba1-a82a-be3a6396ce85,0.03076923076923077,False,171.4802000005875
bm25_selective_e5,TP015,preparation,6,0a4f11c7-39e8-41fe-bd14-48456671f531,0.029910714285714284,False,171.4802000005875
bm25_selective_e5,TP015,preparation,7,cfff9bf0-05e4-4179-a793-f3c705d04812,0.029418126757516764,False,171.4802000005875
bm25_selective_e5,TP015,preparation,8,f1611d72-8c47-41f8-bfee-99d5ffdfe12a,0.029236022193768675,False,171.4802000005875
bm25_selective_e5,TP015,preparation,9,a952e706-800e-493c-886a-8f06602fb2be,0.027984344422700584,False,171.4802000005875
bm25_selective_e5,TP015,preparation,10,4d18d11e-2a92-4690-8a64-46653931483e,0.027417840375586856,False,171.4802000005875
bm25_selective_e5,TP016,temporal,1,0a4f11c7-39e8-41fe-bd14-48456671f531,9.35996150970459,True,1.1419000002206303
bm25_selective_e5,TP016,temporal,2,48b9789d-5088-4ba1-a82a-be3a6396ce85,7.533435821533203,False,1.1419000002206303
bm25_selective_e5,TP016,temporal,3,b8c70ff9-e1b2-40ce-9a0a-f65a53899d13,7.136985778808594,False,1.1419000002206303
bm25_selective_e5,TP016,temporal,4,d3b7d61b-50f0-4b96-a770-785a9f3c3886,5.8221964836120605,False,1.1419000002206303
bm25_selective_e5,TP016,temporal,5,cfff9bf0-05e4-4179-a793-f3c705d04812,2.921675205230713,False,1.1419000002206303
bm25_selective_e5,TP016,temporal,6,70b95f72-95ec-43b5-b76f-657518103256,2.3258304595947266,True,1.1419000002206303
bm25_selective_e5,TP016,temporal,7,30ce28cb-f702-4cce-8105-137e2f73af0d,1.9520052671432495,False,1.1419000002206303
bm25_selective_e5,TP016,temporal,8,22e6c188-2e4c-4029-b200-7770a3f00e6e,1.7668474912643433,False,1.1419000002206303
bm25_selective_e5,TP016,temporal,9,f1611d72-8c47-41f8-bfee-99d5ffdfe12a,1.7380001544952393,False,1.1419000002206303
bm25_selective_e5,TP016,temporal,10,d4c1a9ca-23c5-4ae0-9a51-c56675b2e6d1,1.4104297161102295,False,1.1419000002206303
bm25_selective_e5,TP017,preparation,1,73735f01-c9d0-4dd5-8d46-c70045e4b334,0.03252247488101534,True,135.64689999930124
bm25_selective_e5,TP017,preparation,2,74c0eabe-77c7-4dbf-a321-27966a12fafb,0.03149801587301587,False,135.64689999930124
bm25_selective_e5,TP017,preparation,3,16efaa44-1554-4748-8407-48fac0bced94,0.030834914611005692,False,135.64689999930124
bm25_selective_e5,TP017,preparation,4,b0d368a1-d0fc-4b8b-8567-e190cf462986,0.028205128205128206,False,135.64689999930124
bm25_selective_e5,TP017,preparation,5,c404e320-0bf2-4325-be92-7a0614f201ca,0.02797339593114241,False,135.64689999930124
bm25_selective_e5,TP017,preparation,6,d2e0fc0a-bf0e-4226-abbf-e9f3dea2fce8,0.027598020555767037,False,135.64689999930124
bm25_selective_e5,TP017,preparation,7,6ffcd319-e868-444b-b6fe-8d192a4de3ff,0.027425373134328357,False,135.64689999930124
bm25_selective_e5,TP017,preparation,8,7e5199d4-e5c9-40ca-a69f-ea37f52c6ce3,0.027271052146674038,False,135.64689999930124
bm25_selective_e5,TP017,preparation,9,22e6c188-2e4c-4029-b200-7770a3f00e6e,0.027222222222222224,False,135.64689999930124
bm25_selective_e5,TP017,preparation,10,48b9789d-5088-4ba1-a82a-be3a6396ce85,0.026916221033868093,False,135.64689999930124
bm25_selective_e5,TP018,preparation,1,9552a4ac-31b4-43a8-aa92-37bd3e89362a,9.442489624023438,False,0.8355999998457264
bm25_selective_e5,TP018,preparation,2,6ffcd319-e868-444b-b6fe-8d192a4de3ff,8.2786226272583,True,0.8355999998457264
bm25_selective_e5,TP018,preparation,3,84c0a864-176f-4776-a15e-167fc2518e5d,8.223052024841309,False,0.8355999998457264
bm25_selective_e5,TP018,preparation,4,73735f01-c9d0-4dd5-8d46-c70045e4b334,5.698094844818115,True,0.8355999998457264
bm25_selective_e5,TP018,preparation,5,36bac780-b1a2-42dc-8cca-3605f80c5521,5.455326080322266,False,0.8355999998457264
bm25_selective_e5,TP018,preparation,6,8f3ed830-3a06-41c6-8b06-cfcf6d36a83c,4.959288120269775,False,0.8355999998457264
bm25_selective_e5,TP018,preparation,7,7e5199d4-e5c9-40ca-a69f-ea37f52c6ce3,4.9151177406311035,False,0.8355999998457264
bm25_selective_e5,TP018,preparation,8,919e93ca-fed9-4dde-b9b8-f870e207a3f3,4.756850719451904,False,0.8355999998457264
bm25_selective_e5,TP018,preparation,9,b0d368a1-d0fc-4b8b-8567-e190cf462986,4.51632022857666,False,0.8355999998457264
bm25_selective_e5,TP018,preparation,10,eda54b74-cd2f-4808-8175-bcc5b916ce90,4.276338577270508,False,0.8355999998457264
bm25_selective_e5,TP019,temporal,1,b0d368a1-d0fc-4b8b-8567-e190cf462986,9.466052055358887,False,0.7843999992473982
bm25_selective_e5,TP019,temporal,2,c404e320-0bf2-4325-be92-7a0614f201ca,9.00384521484375,True,0.7843999992473982
bm25_selective_e5,TP019,temporal,3,919e93ca-fed9-4dde-b9b8-f870e207a3f3,6.4468278884887695,False,0.7843999992473982
bm25_selective_e5,TP019,temporal,4,16efaa44-1554-4748-8407-48fac0bced94,5.454773902893066,False,0.7843999992473982
bm25_selective_e5,TP019,temporal,5,b7876bcb-b1d0-409a-831d-45e59e35a44e,4.456645965576172,False,0.7843999992473982
bm25_selective_e5,TP019,temporal,6,74c0eabe-77c7-4dbf-a321-27966a12fafb,2.872466564178467,False,0.7843999992473982
bm25_selective_e5,TP019,temporal,7,b66e5419-8a9c-47f4-866d-ebdb95b174b2,1.350862741470337,False,0.7843999992473982
bm25_selective_e5,TP019,temporal,8,a7cf71a5-8426-4d7c-8106-e0754e7cb4bf,0.7901211380958557,False,0.7843999992473982
bm25_selective_e5,TP019,temporal,9,63b53156-440d-40c1-bc88-5c07c23ae77f,0.7743428945541382,False,0.7843999992473982
bm25_selective_e5,TP019,temporal,10,d3b7d61b-50f0-4b96-a770-785a9f3c3886,0.6454505324363708,False,0.7843999992473982
bm25_selective_e5,TP020,temporal,1,c404e320-0bf2-4325-be92-7a0614f201ca,8.193949699401855,True,1.0368000002927147
bm25_selective_e5,TP020,temporal,2,6ffcd319-e868-444b-b6fe-8d192a4de3ff,6.3165483474731445,False,1.0368000002927147
bm25_selective_e5,TP020,temporal,3,b0d368a1-d0fc-4b8b-8567-e190cf462986,5.487527370452881,False,1.0368000002927147
bm25_selective_e5,TP020,temporal,4,919e93ca-fed9-4dde-b9b8-f870e207a3f3,5.4526262283325195,False,1.0368000002927147
bm25_selective_e5,TP020,temporal,5,a7cf71a5-8426-4d7c-8106-e0754e7cb4bf,1.003361463546753,False,1.0368000002927147
bm25_selective_e5,TP020,temporal,6,7e5199d4-e5c9-40ca-a69f-ea37f52c6ce3,0.1314123421907425,False,1.0368000002927147
bm25_selective_e5,TP020,temporal,7,5de4d74d-720e-4d86-a836-f946d70a2d32,0.1288444697856903,False,1.0368000002927147
bm25_selective_e5,TP020,temporal,8,73735f01-c9d0-4dd5-8d46-c70045e4b334,0.1281001716852188,False,1.0368000002927147
bm25_selective_e5,TP020,temporal,9,da79aa00-567d-434c-8441-915ac080f918,0.12493409961462021,False,1.0368000002927147
bm25_selective_e5,TP020,temporal,10,8f3ed830-3a06-41c6-8b06-cfcf6d36a83c,0.12376230210065842,False,1.0368000002927147
bm25_selective_e5,TP021,fact_specific,1,f7a9837d-f8db-4461-abd8-a3607db2276f,10.361422538757324,False,1.069199999619741
bm25_selective_e5,TP021,fact_specific,2,919e93ca-fed9-4dde-b9b8-f870e207a3f3,9.123147964477539,True,1.069199999619741
bm25_selective_e5,TP021,fact_specific,3,b0d368a1-d0fc-4b8b-8567-e190cf462986,7.95120906829834,True,1.069199999619741
bm25_selective_e5,TP021,fact_specific,4,74c0eabe-77c7-4dbf-a321-27966a12fafb,7.1537628173828125,False,1.069199999619741
bm25_selective_e5,TP021,fact_specific,5,6ffcd319-e868-444b-b6fe-8d192a4de3ff,4.870049476623535,False,1.069199999619741
bm25_selective_e5,TP021,fact_specific,6,b7876bcb-b1d0-409a-831d-45e59e35a44e,4.509583473205566,False,1.069199999619741
bm25_selective_e5,TP021,fact_specific,7,73735f01-c9d0-4dd5-8d46-c70045e4b334,4.134036540985107,False,1.069199999619741
bm25_selective_e5,TP021,fact_specific,8,16efaa44-1554-4748-8407-48fac0bced94,3.5561554431915283,False,1.069199999619741
bm25_selective_e5,TP021,fact_specific,9,cfff9bf0-05e4-4179-a793-f3c705d04812,3.2247838973999023,False,1.069199999619741
bm25_selective_e5,TP021,fact_specific,10,22e6c188-2e4c-4029-b200-7770a3f00e6e,2.862337589263916,False,1.069199999619741
bm25_selective_e5,TP022,fact_specific,1,b7876bcb-b1d0-409a-831d-45e59e35a44e,11.854277610778809,True,0.6527000005007721
bm25_selective_e5,TP022,fact_specific,2,919e93ca-fed9-4dde-b9b8-f870e207a3f3,11.10816764831543,False,0.6527000005007721
bm25_selective_e5,TP022,fact_specific,3,16efaa44-1554-4748-8407-48fac0bced94,5.917168617248535,False,0.6527000005007721
bm25_selective_e5,TP022,fact_specific,4,74c0eabe-77c7-4dbf-a321-27966a12fafb,3.962033748626709,False,0.6527000005007721
bm25_selective_e5,TP022,fact_specific,5,b0d368a1-d0fc-4b8b-8567-e190cf462986,3.6614184379577637,False,0.6527000005007721
bm25_selective_e5,TP022,fact_specific,6,6ffcd319-e868-444b-b6fe-8d192a4de3ff,3.1964619159698486,False,0.6527000005007721
bm25_selective_e5,TP022,fact_specific,7,f7a9837d-f8db-4461-abd8-a3607db2276f,2.9116885662078857,False,0.6527000005007721
bm25_selective_e5,TP022,fact_specific,8,15e829a9-a475-429d-b0e3-5c34bfbd3ab7,2.618285894393921,False,0.6527000005007721
bm25_selective_e5,TP022,fact_specific,9,7abe62fa-6fdb-4466-a16b-73e1770f0c57,0.8910548090934753,False,0.6527000005007721
bm25_selective_e5,TP022,fact_specific,10,7e5199d4-e5c9-40ca-a69f-ea37f52c6ce3,0.4702845513820648,False,0.6527000005007721
bm25_selective_e5,TP023,preparation,1,b225ae64-72d2-4e59-81c0-57f5d8438666,0.031544957774465976,False,179.32590000054915
bm25_selective_e5,TP023,preparation,2,eda54b74-cd2f-4808-8175-bcc5b916ce90,0.031544957774465976,True,179.32590000054915
bm25_selective_e5,TP023,preparation,3,7adacb8c-91c0-4ea7-8d82-7505eeac5042,0.03055037313432836,False,179.32590000054915
bm25_selective_e5,TP023,preparation,4,fd678588-5ac2-400d-95c5-3309537781ec,0.02928692699490662,False,179.32590000054915
bm25_selective_e5,TP023,preparation,5,21d38039-895b-46a4-8902-96e380ce41aa,0.029206349206349208,False,179.32590000054915
bm25_selective_e5,TP023,preparation,6,7e68f70a-ba74-4eb8-bbae-c7e9f7340567,0.028404512489927477,False,179.32590000054915
bm25_selective_e5,TP023,preparation,7,b0d368a1-d0fc-4b8b-8567-e190cf462986,0.028283227848101264,False,179.32590000054915
bm25_selective_e5,TP023,preparation,8,b8c70ff9-e1b2-40ce-9a0a-f65a53899d13,0.028205128205128206,False,179.32590000054915
bm25_selective_e5,TP023,preparation,9,36bac780-b1a2-42dc-8cca-3605f80c5521,0.027884615384615386,False,179.32590000054915
bm25_selective_e5,TP023,preparation,10,73735f01-c9d0-4dd5-8d46-c70045e4b334,0.027583600982429624,False,179.32590000054915
bm25_selective_e5,TP024,preparation,1,eda54b74-cd2f-4808-8175-bcc5b916ce90,7.792858600616455,False,1.1419000002206303
bm25_selective_e5,TP024,preparation,2,84c0a864-176f-4776-a15e-167fc2518e5d,7.192139148712158,False,1.1419000002206303
bm25_selective_e5,TP024,preparation,3,9552a4ac-31b4-43a8-aa92-37bd3e89362a,6.906689167022705,False,1.1419000002206303
bm25_selective_e5,TP024,preparation,4,63b53156-440d-40c1-bc88-5c07c23ae77f,6.220160484313965,False,1.1419000002206303
bm25_selective_e5,TP024,preparation,5,36bac780-b1a2-42dc-8cca-3605f80c5521,5.983499526977539,True,1.1419000002206303
bm25_selective_e5,TP024,preparation,6,b225ae64-72d2-4e59-81c0-57f5d8438666,5.9340081214904785,False,1.1419000002206303
bm25_selective_e5,TP024,preparation,7,d4c1a9ca-23c5-4ae0-9a51-c56675b2e6d1,5.856475830078125,False,1.1419000002206303
bm25_selective_e5,TP024,preparation,8,98d006ac-5212-4c8c-8a63-4cbd4d6caffc,5.782295227050781,False,1.1419000002206303
bm25_selective_e5,TP024,preparation,9,74c0eabe-77c7-4dbf-a321-27966a12fafb,5.61318826675415,False,1.1419000002206303
bm25_selective_e5,TP024,preparation,10,7adacb8c-91c0-4ea7-8d82-7505eeac5042,5.281604290008545,False,1.1419000002206303
bm25_selective_e5,TP025,temporal,1,f9cfc75b-a5e7-4633-a798-4b17ea462325,6.950838088989258,False,0.6404999994629179
bm25_selective_e5,TP025,temporal,2,54fdf811-dedd-4016-b144-3e4bfdcd67c8,5.593297481536865,False,0.6404999994629179
bm25_selective_e5,TP025,temporal,3,f4580736-a09e-471f-93d2-8089c695eb67,4.74151611328125,False,0.6404999994629179
bm25_selective_e5,TP025,temporal,4,5e7838ae-0b80-4d05-b266-deb52de7b401,3.833465099334717,False,0.6404999994629179
bm25_selective_e5,TP025,temporal,5,2e55093d-0a0f-4fd9-954b-4fc72df9eac0,3.1352901458740234,False,0.6404999994629179
bm25_selective_e5,TP025,temporal,6,8939253d-3272-4915-8c2b-c60062aeb818,3.0032620429992676,False,0.6404999994629179
bm25_selective_e5,TP025,temporal,7,d3b7d61b-50f0-4b96-a770-785a9f3c3886,2.7699732780456543,False,0.6404999994629179
bm25_selective_e5,TP025,temporal,8,a7cf71a5-8426-4d7c-8106-e0754e7cb4bf,2.620391368865967,False,0.6404999994629179
bm25_selective_e5,TP025,temporal,9,fb4884e3-8fea-42fa-b996-7e9c333e7fef,0.0,False,0.6404999994629179
bm25_selective_e5,TP025,temporal,10,761b9529-5b18-4262-8174-6062c35fb31c,0.0,False,0.6404999994629179
bm25_selective_e5,TP026,procedure,1,9b6cc313-9a59-4387-a5ce-2ed14389a0a7,0.03278688524590164,False,161.54960000039864
bm25_selective_e5,TP026,procedure,2,5de4d74d-720e-4d86-a836-f946d70a2d32,0.03149801587301587,True,161.54960000039864
bm25_selective_e5,TP026,procedure,3,f9cfc75b-a5e7-4633-a798-4b17ea462325,0.028949545078577336,False,161.54960000039864
bm25_selective_e5,TP026,procedure,4,b0b5bc4f-7d0b-4f56-8e37-84178d38637d,0.02803379416282642,False,161.54960000039864
bm25_selective_e5,TP026,procedure,5,4c0dde2a-0432-4cb2-ad33-987f5979ff76,0.027972027972027972,False,161.54960000039864
bm25_selective_e5,TP026,procedure,6,36bac780-b1a2-42dc-8cca-3605f80c5521,0.027884615384615386,False,161.54960000039864
bm25_selective_e5,TP026,procedure,7,98d006ac-5212-4c8c-8a63-4cbd4d6caffc,0.02661401098901099,False,161.54960000039864
bm25_selective_e5,TP026,procedure,8,74c0eabe-77c7-4dbf-a321-27966a12fafb,0.0260840108401084,False,161.54960000039864
bm25_selective_e5,TP026,procedure,9,2cea4ea7-7aaf-4c54-ac4e-b660de52065d,0.0259915611814346,False,161.54960000039864
bm25_selective_e5,TP026,procedure,10,73735f01-c9d0-4dd5-8d46-c70045e4b334,0.02591362126245847,False,161.54960000039864
bm25_selective_e5,TP027,fact_specific,1,63e9db23-9c0a-4e6a-a272-3d118d242ca2,5.894291400909424,False,1.1475999999674968
bm25_selective_e5,TP027,fact_specific,2,5de4d74d-720e-4d86-a836-f946d70a2d32,5.330313205718994,True,1.1475999999674968
bm25_selective_e5,TP027,fact_specific,3,7e5199d4-e5c9-40ca-a69f-ea37f52c6ce3,0.9198150634765625,False,1.1475999999674968
bm25_selective_e5,TP027,fact_specific,4,a7cf71a5-8426-4d7c-8106-e0754e7cb4bf,0.9092135429382324,False,1.1475999999674968
bm25_selective_e5,TP027,fact_specific,5,c404e320-0bf2-4325-be92-7a0614f201ca,0.8950620293617249,False,1.1475999999674968
bm25_selective_e5,TP027,fact_specific,6,73735f01-c9d0-4dd5-8d46-c70045e4b334,0.8702232837677002,False,1.1475999999674968
bm25_selective_e5,TP027,fact_specific,7,16efaa44-1554-4748-8407-48fac0bced94,0.8496715426445007,False,1.1475999999674968
bm25_selective_e5,TP027,fact_specific,8,30ce28cb-f702-4cce-8105-137e2f73af0d,0.8492841124534607,False,1.1475999999674968
bm25_selective_e5,TP027,fact_specific,9,22e6c188-2e4c-4029-b200-7770a3f00e6e,0.8428277373313904,False,1.1475999999674968
bm25_selective_e5,TP027,fact_specific,10,70b95f72-95ec-43b5-b76f-657518103256,0.842285692691803,False,1.1475999999674968
bm25_selective_e5,TP028,fact_specific,1,54fdf811-dedd-4016-b144-3e4bfdcd67c8,9.588592529296875,False,1.4257000002544373
bm25_selective_e5,TP028,fact_specific,2,23c6ca0d-04bf-4081-b90a-9819029dcd73,8.653252601623535,False,1.4257000002544373
bm25_selective_e5,TP028,fact_specific,3,4c0dde2a-0432-4cb2-ad33-987f5979ff76,7.2013936042785645,False,1.4257000002544373
bm25_selective_e5,TP028,fact_specific,4,e62b0c91-ff0c-43b2-9bd5-ff173d9f8bc0,4.3692169189453125,True,1.4257000002544373
bm25_selective_e5,TP028,fact_specific,5,d4c1a9ca-23c5-4ae0-9a51-c56675b2e6d1,4.125542640686035,False,1.4257000002544373
bm25_selective_e5,TP028,fact_specific,6,e96acbc9-66b4-4df4-953b-3f7b0a846bbc,3.545820713043213,False,1.4257000002544373
bm25_selective_e5,TP028,fact_specific,7,bc88f538-e881-4c81-85e9-fca20614315d,3.000521183013916,False,1.4257000002544373
bm25_selective_e5,TP028,fact_specific,8,9b6cc313-9a59-4387-a5ce-2ed14389a0a7,2.9439892768859863,False,1.4257000002544373
bm25_selective_e5,TP028,fact_specific,9,5de4d74d-720e-4d86-a836-f946d70a2d32,2.820017099380493,False,1.4257000002544373
bm25_selective_e5,TP028,fact_specific,10,73735f01-c9d0-4dd5-8d46-c70045e4b334,2.7700257301330566,False,1.4257000002544373
bm25_selective_e5,TP029,product_specific,1,54fdf811-dedd-4016-b144-3e4bfdcd67c8,9.356359481811523,False,1.0394999999334686
bm25_selective_e5,TP029,product_specific,2,4c0dde2a-0432-4cb2-ad33-987f5979ff76,7.889040946960449,False,1.0394999999334686
bm25_selective_e5,TP029,product_specific,3,d4c1a9ca-23c5-4ae0-9a51-c56675b2e6d1,4.697351932525635,False,1.0394999999334686
bm25_selective_e5,TP029,product_specific,4,e96acbc9-66b4-4df4-953b-3f7b0a846bbc,3.545820713043213,False,1.0394999999334686
bm25_selective_e5,TP029,product_specific,5,3ecc27b9-634c-4026-b44e-e01123aa0467,0.7089129686355591,False,1.0394999999334686
bm25_selective_e5,TP029,product_specific,6,63b53156-440d-40c1-bc88-5c07c23ae77f,0.618414044380188,False,1.0394999999334686
bm25_selective_e5,TP029,product_specific,7,7c33fbb7-e931-4f6b-9520-23875ec9ee5b,0.5645987391471863,False,1.0394999999334686
bm25_selective_e5,TP029,product_specific,8,1033ac46-dec8-493e-b577-7f5ad80f8e86,0.5276455879211426,False,1.0394999999334686
bm25_selective_e5,TP029,product_specific,9,09f3c6d5-9e0c-4545-960f-b16c69abbeb1,0.5191509127616882,False,1.0394999999334686
bm25_selective_e5,TP029,product_specific,10,59d57c8a-c9d7-4f8d-b9a1-a2816f1f01f7,0.4734208881855011,True,1.0394999999334686
bm25_selective_e5,TP030,paraphrase,1,9552a4ac-31b4-43a8-aa92-37bd3e89362a,6.240203857421875,False,1.1193999998795334
bm25_selective_e5,TP030,paraphrase,2,f4580736-a09e-471f-93d2-8089c695eb67,4.74151611328125,False,1.1193999998795334
bm25_selective_e5,TP030,paraphrase,3,f7a9837d-f8db-4461-abd8-a3607db2276f,4.718916416168213,False,1.1193999998795334
bm25_selective_e5,TP030,paraphrase,4,4c0dde2a-0432-4cb2-ad33-987f5979ff76,4.5704240798950195,False,1.1193999998795334
bm25_selective_e5,TP030,paraphrase,5,84c0a864-176f-4776-a15e-167fc2518e5d,4.19403076171875,False,1.1193999998795334
bm25_selective_e5,TP030,paraphrase,6,b0b5bc4f-7d0b-4f56-8e37-84178d38637d,4.157996654510498,True,1.1193999998795334
bm25_selective_e5,TP030,paraphrase,7,c404e320-0bf2-4325-be92-7a0614f201ca,3.9960734844207764,False,1.1193999998795334
bm25_selective_e5,TP030,paraphrase,8,5e7838ae-0b80-4d05-b266-deb52de7b401,3.833465099334717,False,1.1193999998795334
bm25_selective_e5,TP030,paraphrase,9,4d18d11e-2a92-4690-8a64-46653931483e,3.619680881500244,False,1.1193999998795334
bm25_selective_e5,TP030,paraphrase,10,81a83ec4-b5d1-4305-9f44-93e5fa935ffe,3.298006772994995,False,1.1193999998795334
bm25_selective_e5,TP031,monitoring,1,b0d368a1-d0fc-4b8b-8567-e190cf462986,3.7695443630218506,False,0.8063999994192272
bm25_selective_e5,TP031,monitoring,2,7e5199d4-e5c9-40ca-a69f-ea37f52c6ce3,1.9381946325302124,False,0.8063999994192272
bm25_selective_e5,TP031,monitoring,3,64fa07b8-63c3-43c8-899e-5bd6282225ed,1.6739897727966309,False,0.8063999994192272
bm25_selective_e5,TP031,monitoring,4,d3b7d61b-50f0-4b96-a770-785a9f3c3886,1.21943998336792,False,0.8063999994192272
bm25_selective_e5,TP031,monitoring,5,a7cf71a5-8426-4d7c-8106-e0754e7cb4bf,0.9092135429382324,True,0.8063999994192272
bm25_selective_e5,TP031,monitoring,6,5de4d74d-720e-4d86-a836-f946d70a2d32,0.901841402053833,False,0.8063999994192272
bm25_selective_e5,TP031,monitoring,7,c404e320-0bf2-4325-be92-7a0614f201ca,0.8950620293617249,False,0.8063999994192272
bm25_selective_e5,TP031,monitoring,8,73735f01-c9d0-4dd5-8d46-c70045e4b334,0.8702232837677002,False,0.8063999994192272
bm25_selective_e5,TP031,monitoring,9,16efaa44-1554-4748-8407-48fac0bced94,0.8496715426445007,False,0.8063999994192272
bm25_selective_e5,TP031,monitoring,10,30ce28cb-f702-4cce-8105-137e2f73af0d,0.8492841124534607,False,0.8063999994192272
bm25_selective_e5,TP032,adverse_reaction,1,15e829a9-a475-429d-b0e3-5c34bfbd3ab7,0.03278688524590164,True,220.78069999952277
bm25_selective_e5,TP032,adverse_reaction,2,391ad5dc-0d1c-4350-85ba-5aa601d9ac0d,0.031054405392392875,False,220.78069999952277
bm25_selective_e5,TP032,adverse_reaction,3,7abe62fa-6fdb-4466-a16b-73e1770f0c57,0.030621785881252923,False,220.78069999952277
bm25_selective_e5,TP032,adverse_reaction,4,8939253d-3272-4915-8c2b-c60062aeb818,0.029910714285714284,True,220.78069999952277
bm25_selective_e5,TP032,adverse_reaction,5,2e55093d-0a0f-4fd9-954b-4fc72df9eac0,0.02976190476190476,False,220.78069999952277
bm25_selective_e5,TP032,adverse_reaction,6,a7cf71a5-8426-4d7c-8106-e0754e7cb4bf,0.02804284323271665,False,220.78069999952277
bm25_selective_e5,TP032,adverse_reaction,7,5de4d74d-720e-4d86-a836-f946d70a2d32,0.027598020555767037,False,220.78069999952277
bm25_selective_e5,TP032,adverse_reaction,8,9b6cc313-9a59-4387-a5ce-2ed14389a0a7,0.027051561365286855,False,220.78069999952277
bm25_selective_e5,TP032,adverse_reaction,9,da79aa00-567d-434c-8441-915ac080f918,0.02668564312399929,False,220.78069999952277
bm25_selective_e5,TP032,adverse_reaction,10,9552a4ac-31b4-43a8-aa92-37bd3e89362a,0.026494565217391304,False,220.78069999952277
bm25_selective_e5,TP033,adverse_reaction,1,8939253d-3272-4915-8c2b-c60062aeb818,9.275681495666504,True,0.8542999994460843
bm25_selective_e5,TP033,adverse_reaction,2,324bc249-0e84-46e9-b77f-856c76cd5353,6.799183368682861,False,0.8542999994460843
bm25_selective_e5,TP033,adverse_reaction,3,2e55093d-0a0f-4fd9-954b-4fc72df9eac0,5.139026165008545,False,0.8542999994460843
bm25_selective_e5,TP033,adverse_reaction,4,7abe62fa-6fdb-4466-a16b-73e1770f0c57,3.6548519134521484,True,0.8542999994460843
bm25_selective_e5,TP033,adverse_reaction,5,15e829a9-a475-429d-b0e3-5c34bfbd3ab7,3.027144432067871,False,0.8542999994460843
bm25_selective_e5,TP033,adverse_reaction,6,d3b7d61b-50f0-4b96-a770-785a9f3c3886,0.816895067691803,False,0.8542999994460843
bm25_selective_e5,TP033,adverse_reaction,7,b10b8f1c-ed17-44ca-8d7c-1a4f19a12c67,0.7817808985710144,False,0.8542999994460843
bm25_selective_e5,TP033,adverse_reaction,8,f4580736-a09e-471f-93d2-8089c695eb67,0.7641695737838745,False,0.8542999994460843
bm25_selective_e5,TP033,adverse_reaction,9,da79aa00-567d-434c-8441-915ac080f918,0.7254837155342102,False,0.8542999994460843
bm25_selective_e5,TP033,adverse_reaction,10,a3d42ca5-54b5-4b8d-be4e-79337aaab880,0.6644303798675537,False,0.8542999994460843
bm25_selective_e5,TP034,adverse_reaction,1,7abe62fa-6fdb-4466-a16b-73e1770f0c57,0.03278688524590164,True,274.40780000051745
bm25_selective_e5,TP034,adverse_reaction,2,2e55093d-0a0f-4fd9-954b-4fc72df9eac0,0.03200204813108039,True,274.40780000051745
bm25_selective_e5,TP034,adverse_reaction,3,5e7838ae-0b80-4d05-b266-deb52de7b401,0.03200204813108039,False,274.40780000051745
bm25_selective_e5,TP034,adverse_reaction,4,da79aa00-567d-434c-8441-915ac080f918,0.03055037313432836,False,274.40780000051745
bm25_selective_e5,TP034,adverse_reaction,5,324bc249-0e84-46e9-b77f-856c76cd5353,0.030330882352941176,False,274.40780000051745
bm25_selective_e5,TP034,adverse_reaction,6,15e829a9-a475-429d-b0e3-5c34bfbd3ab7,0.030090497737556562,False,274.40780000051745
bm25_selective_e5,TP034,adverse_reaction,7,8939253d-3272-4915-8c2b-c60062aeb818,0.029418126757516764,False,274.40780000051745
bm25_selective_e5,TP034,adverse_reaction,8,70b95f72-95ec-43b5-b76f-657518103256,0.026785714285714288,False,274.40780000051745
bm25_selective_e5,TP034,adverse_reaction,9,9552a4ac-31b4-43a8-aa92-37bd3e89362a,0.0264957264957265,False,274.40780000051745
bm25_selective_e5,TP034,adverse_reaction,10,8f3ed830-3a06-41c6-8b06-cfcf6d36a83c,0.02649122807017544,False,274.40780000051745
bm25_selective_e5,TN006,negative_out_of_scope,1,71d2e37c-44e2-4972-8e6b-a6449c2f8404,0.03278688524590164,False,214.49699999993754
bm25_selective_e5,TN006,negative_out_of_scope,2,ffcf7308-6e83-47bc-a519-0b4b7ba44562,0.03200204813108039,False,214.49699999993754
bm25_selective_e5,TN006,negative_out_of_scope,3,f4580736-a09e-471f-93d2-8089c695eb67,0.030798389007344232,False,214.49699999993754
bm25_selective_e5,TN006,negative_out_of_scope,4,5de4d74d-720e-4d86-a836-f946d70a2d32,0.030536130536130537,False,214.49699999993754
bm25_selective_e5,TN006,negative_out_of_scope,5,15e829a9-a475-429d-b0e3-5c34bfbd3ab7,0.029236022193768675,False,214.49699999993754
bm25_selective_e5,TN006,negative_out_of_scope,6,ee8c2027-ad6d-4bb7-8077-5e4c42be1cc3,0.028381642512077296,False,214.49699999993754
bm25_selective_e5,TN006,negative_out_of_scope,7,66dba192-bac5-4b3a-bd4d-77e9eacb4192,0.027984344422700584,False,214.49699999993754
bm25_selective_e5,TN006,negative_out_of_scope,8,0f6b0fc1-9d70-479f-a87d-a26e954e2adb,0.026973565905412694,False,214.49699999993754
bm25_selective_e5,TN006,negative_out_of_scope,9,ba3d1d87-0c2d-4b67-a0c2-4615c8249c2a,0.02690100430416069,False,214.49699999993754
bm25_selective_e5,TN006,negative_out_of_scope,10,da79aa00-567d-434c-8441-915ac080f918,0.02661401098901099,False,214.49699999993754
bm25_selective_e5,TN007,negative_out_of_scope,1,54fdf811-dedd-4016-b144-3e4bfdcd67c8,0.028958333333333336,False,150.97959999911836
bm25_selective_e5,TN007,negative_out_of_scope,2,23c6ca0d-04bf-4081-b90a-9819029dcd73,0.02886002886002886,False,150.97959999911836
bm25_selective_e5,TN007,negative_out_of_scope,3,ba3d1d87-0c2d-4b67-a0c2-4615c8249c2a,0.028283227848101264,False,150.97959999911836
bm25_selective_e5,TN007,negative_out_of_scope,4,63b53156-440d-40c1-bc88-5c07c23ae77f,0.02788769549651404,False,150.97959999911836
bm25_selective_e5,TN007,negative_out_of_scope,5,09f3c6d5-9e0c-4545-960f-b16c69abbeb1,0.0277569392348087,False,150.97959999911836
bm25_selective_e5,TN007,negative_out_of_scope,6,9131e9a9-eff3-4f4e-a20b-4bdd456c35bc,0.027637721755368813,False,150.97959999911836
bm25_selective_e5,TN007,negative_out_of_scope,7,0f6b0fc1-9d70-479f-a87d-a26e954e2adb,0.027425373134328357,False,150.97959999911836
bm25_selective_e5,TN007,negative_out_of_scope,8,10537058-d160-4786-a6cf-95de46d7189c,0.02667140825035562,False,150.97959999911836
bm25_selective_e5,TN007,negative_out_of_scope,9,71d2e37c-44e2-4972-8e6b-a6449c2f8404,0.02661064425770308,False,150.97959999911836
bm25_selective_e5,TN007,negative_out_of_scope,10,7c33fbb7-e931-4f6b-9520-23875ec9ee5b,0.02639344262295082,False,150.97959999911836
bm25_selective_e5,TN008,negative_out_of_scope,1,d9a4a9c8-fbd4-41f2-bab6-6abd72575204,0.030621785881252923,False,137.96330000150192
bm25_selective_e5,TN008,negative_out_of_scope,2,b66e5419-8a9c-47f4-866d-ebdb95b174b2,0.03057889822595705,False,137.96330000150192
bm25_selective_e5,TN008,negative_out_of_scope,3,bc88f538-e881-4c81-85e9-fca20614315d,0.03055037313432836,False,137.96330000150192
bm25_selective_e5,TN008,negative_out_of_scope,4,ee8c2027-ad6d-4bb7-8077-5e4c42be1cc3,0.02967032967032967,False,137.96330000150192
bm25_selective_e5,TN008,negative_out_of_scope,5,fb4884e3-8fea-42fa-b996-7e9c333e7fef,0.02964426877470356,False,137.96330000150192
bm25_selective_e5,TN008,negative_out_of_scope,6,edd76252-eb29-4acf-9a31-735463528b7d,0.029513888888888888,False,137.96330000150192
bm25_selective_e5,TN008,negative_out_of_scope,7,2cea4ea7-7aaf-4c54-ac4e-b660de52065d,0.02844163539403516,False,137.96330000150192
bm25_selective_e5,TN008,negative_out_of_scope,8,eeb8db46-f757-41f1-9ca5-c022f3d4ea3e,0.027443609022556388,False,137.96330000150192
bm25_selective_e5,TN008,negative_out_of_scope,9,21efe016-3004-45f3-a070-29ce2ecb0019,0.02736498731424429,False,137.96330000150192
bm25_selective_e5,TN008,negative_out_of_scope,10,761b9529-5b18-4262-8174-6062c35fb31c,0.027271052146674038,False,137.96330000150192
bm25_selective_e5,TN009,negative_out_of_scope,1,ee8c2027-ad6d-4bb7-8077-5e4c42be1cc3,0.0315136476426799,False,102.01689999939845
bm25_selective_e5,TN009,negative_out_of_scope,2,66dba192-bac5-4b3a-bd4d-77e9eacb4192,0.029437229437229435,False,102.01689999939845
bm25_selective_e5,TN009,negative_out_of_scope,3,10537058-d160-4786-a6cf-95de46d7189c,0.02877846790890269,False,102.01689999939845
bm25_selective_e5,TN009,negative_out_of_scope,4,761b9529-5b18-4262-8174-6062c35fb31c,0.02832415420928403,False,102.01689999939845
bm25_selective_e5,TN009,negative_out_of_scope,5,fb4884e3-8fea-42fa-b996-7e9c333e7fef,0.02815814850530376,False,102.01689999939845
bm25_selective_e5,TN009,negative_out_of_scope,6,54fdf811-dedd-4016-b144-3e4bfdcd67c8,0.02603648424543947,False,102.01689999939845
bm25_selective_e5,TN009,negative_out_of_scope,7,63b53156-440d-40c1-bc88-5c07c23ae77f,0.02574682290807064,False,102.01689999939845
bm25_selective_e5,TN009,negative_out_of_scope,8,eeb8db46-f757-41f1-9ca5-c022f3d4ea3e,0.02571241401899771,False,102.01689999939845
bm25_selective_e5,TN009,negative_out_of_scope,9,e96acbc9-66b4-4df4-953b-3f7b0a846bbc,0.02557875991581674,False,102.01689999939845
bm25_selective_e5,TN009,negative_out_of_scope,10,0f6b0fc1-9d70-479f-a87d-a26e954e2adb,0.023258904837852208,False,102.01689999939845
bm25_selective_e5,TN010,negative_out_of_scope,1,54fdf811-dedd-4016-b144-3e4bfdcd67c8,0.029083245521601686,False,93.21599999930186
bm25_selective_e5,TN010,negative_out_of_scope,2,761b9529-5b18-4262-8174-6062c35fb31c,0.028814262023217248,False,93.21599999930186
bm25_selective_e5,TN010,negative_out_of_scope,3,ee8c2027-ad6d-4bb7-8077-5e4c42be1cc3,0.02782608695652174,False,93.21599999930186
bm25_selective_e5,TN010,negative_out_of_scope,4,fb4884e3-8fea-42fa-b996-7e9c333e7fef,0.02719970792259949,False,93.21599999930186
bm25_selective_e5,TN010,negative_out_of_scope,5,e96acbc9-66b4-4df4-953b-3f7b0a846bbc,0.025274725274725275,False,93.21599999930186
bm25_selective_e5,TN010,negative_out_of_scope,6,eeb8db46-f757-41f1-9ca5-c022f3d4ea3e,0.02523809523809524,False,93.21599999930186
bm25_selective_e5,TN010,negative_out_of_scope,7,d9a4a9c8-fbd4-41f2-bab6-6abd72575204,0.02490996398559424,False,93.21599999930186
bm25_selective_e5,TN010,negative_out_of_scope,8,d4c1a9ca-23c5-4ae0-9a51-c56675b2e6d1,0.02483719521429653,False,93.21599999930186
bm25_selective_e5,TN010,negative_out_of_scope,9,66dba192-bac5-4b3a-bd4d-77e9eacb4192,0.02470238095238095,False,93.21599999930186
bm25_selective_e5,TN010,negative_out_of_scope,10,bc88f538-e881-4c81-85e9-fca20614315d,0.024039829302987197,False,93.21599999930186
bm25_selective_e5,TN011,negative_out_of_scope,1,ee8c2027-ad6d-4bb7-8077-5e4c42be1cc3,0.029877369007803793,False,151.79899999839108
bm25_selective_e5,TN011,negative_out_of_scope,2,66dba192-bac5-4b3a-bd4d-77e9eacb4192,0.028309409888357256,False,151.79899999839108
bm25_selective_e5,TN011,negative_out_of_scope,3,edd76252-eb29-4acf-9a31-735463528b7d,0.025342039800995024,False,151.79899999839108
bm25_selective_e5,TN011,negative_out_of_scope,4,63e9db23-9c0a-4e6a-a272-3d118d242ca2,0.024492753623188406,False,151.79899999839108
bm25_selective_e5,TN011,negative_out_of_scope,5,21efe016-3004-45f3-a070-29ce2ecb0019,0.022431077694235586,False,151.79899999839108
bm25_selective_e5,TN011,negative_out_of_scope,6,fb4884e3-8fea-42fa-b996-7e9c333e7fef,0.01639344262295082,False,151.79899999839108
bm25_selective_e5,TN011,negative_out_of_scope,7,f4580736-a09e-471f-93d2-8089c695eb67,0.01639344262295082,False,151.79899999839108
bm25_selective_e5,TN011,negative_out_of_scope,8,761b9529-5b18-4262-8174-6062c35fb31c,0.016129032258064516,False,151.79899999839108
bm25_selective_e5,TN011,negative_out_of_scope,9,64fa07b8-63c3-43c8-899e-5bd6282225ed,0.016129032258064516,False,151.79899999839108
bm25_selective_e5,TN011,negative_out_of_scope,10,c78ff32d-ea17-41fd-98ef-2e8872f01df3,0.015873015873015872,False,151.79899999839108
