dataset_version,document_version,chunk_version,retriever,question_id,question_type,expected_answerable,needs_human_review,k,rank,retrieved_chunk_id,score,is_gold,latency_ms
transfusion-retrieval-v3,sha256:5fc6a9a0d5ff5721954fad8f2855c204301e59ef0b28a91d8d9bdbaf48cb659b,4,bm25,TF001,fact_specific,True,False,1,1,c78ff32d-ea17-41fd-98ef-2e8872f01df3,4.710935592651367,True,0.48289999904227443
transfusion-retrieval-v3,sha256:5fc6a9a0d5ff5721954fad8f2855c204301e59ef0b28a91d8d9bdbaf48cb659b,4,bm25,TF001,fact_specific,True,False,3,1,c78ff32d-ea17-41fd-98ef-2e8872f01df3,4.710935592651367,True,0.48289999904227443
transfusion-retrieval-v3,sha256:5fc6a9a0d5ff5721954fad8f2855c204301e59ef0b28a91d8d9bdbaf48cb659b,4,bm25,TF001,fact_specific,True,False,3,2,9131e9a9-eff3-4f4e-a20b-4bdd456c35bc,4.693674564361572,False,0.48289999904227443
transfusion-retrieval-v3,sha256:5fc6a9a0d5ff5721954fad8f2855c204301e59ef0b28a91d8d9bdbaf48cb659b,4,bm25,TF001,fact_specific,True,False,3,3,b0b5bc4f-7d0b-4f56-8e37-84178d38637d,4.191636085510254,False,0.48289999904227443
transfusion-retrieval-v3,sha256:5fc6a9a0d5ff5721954fad8f2855c204301e59ef0b28a91d8d9bdbaf48cb659b,4,bm25,TF001,fact_specific,True,False,5,1,c78ff32d-ea17-41fd-98ef-2e8872f01df3,4.710935592651367,True,0.48289999904227443
transfusion-retrieval-v3,sha256:5fc6a9a0d5ff5721954fad8f2855c204301e59ef0b28a91d8d9bdbaf48cb659b,4,bm25,TF001,fact_specific,True,False,5,2,9131e9a9-eff3-4f4e-a20b-4bdd456c35bc,4.693674564361572,False,0.48289999904227443
transfusion-retrieval-v3,sha256:5fc6a9a0d5ff5721954fad8f2855c204301e59ef0b28a91d8d9bdbaf48cb659b,4,bm25,TF001,fact_specific,True,False,5,3,b0b5bc4f-7d0b-4f56-8e37-84178d38637d,4.191636085510254,False,0.48289999904227443
transfusion-retrieval-v3,sha256:5fc6a9a0d5ff5721954fad8f2855c204301e59ef0b28a91d8d9bdbaf48cb659b,4,bm25,TF001,fact_specific,True,False,5,4,48b9789d-5088-4ba1-a82a-be3a6396ce85,3.7632017135620117,False,0.48289999904227443
transfusion-retrieval-v3,sha256:5fc6a9a0d5ff5721954fad8f2855c204301e59ef0b28a91d8d9bdbaf48cb659b,4,bm25,TF001,fact_specific,True,False,5,5,919e93ca-fed9-4dde-b9b8-f870e207a3f3,1.8727848529815674,False,0.48289999904227443
transfusion-retrieval-v3,sha256:5fc6a9a0d5ff5721954fad8f2855c204301e59ef0b28a91d8d9bdbaf48cb659b,4,bm25,TF001,fact_specific,True,False,10,1,c78ff32d-ea17-41fd-98ef-2e8872f01df3,4.710935592651367,True,0.48289999904227443
transfusion-retrieval-v3,sha256:5fc6a9a0d5ff5721954fad8f2855c204301e59ef0b28a91d8d9bdbaf48cb659b,4,bm25,TF001,fact_specific,True,False,10,2,9131e9a9-eff3-4f4e-a20b-4bdd456c35bc,4.693674564361572,False,0.48289999904227443
transfusion-retrieval-v3,sha256:5fc6a9a0d5ff5721954fad8f2855c204301e59ef0b28a91d8d9bdbaf48cb659b,4,bm25,TF001,fact_specific,True,False,10,3,b0b5bc4f-7d0b-4f56-8e37-84178d38637d,4.191636085510254,False,0.48289999904227443
transfusion-retrieval-v3,sha256:5fc6a9a0d5ff5721954fad8f2855c204301e59ef0b28a91d8d9bdbaf48cb659b,4,bm25,TF001,fact_specific,True,False,10,4,48b9789d-5088-4ba1-a82a-be3a6396ce85,3.7632017135620117,False,0.48289999904227443
transfusion-retrieval-v3,sha256:5fc6a9a0d5ff5721954fad8f2855c204301e59ef0b28a91d8d9bdbaf48cb659b,4,bm25,TF001,fact_specific,True,False,10,5,919e93ca-fed9-4dde-b9b8-f870e207a3f3,1.8727848529815674,False,0.48289999904227443
transfusion-retrieval-v3,sha256:5fc6a9a0d5ff5721954fad8f2855c204301e59ef0b28a91d8d9bdbaf48cb659b,4,bm25,TF001,fact_specific,True,False,10,6,30ce28cb-f702-4cce-8105-137e2f73af0d,1.6620255708694458,False,0.48289999904227443
transfusion-retrieval-v3,sha256:5fc6a9a0d5ff5721954fad8f2855c204301e59ef0b28a91d8d9bdbaf48cb659b,4,bm25,TF001,fact_specific,True,False,10,7,22e6c188-2e4c-4029-b200-7770a3f00e6e,1.6404465436935425,False,0.48289999904227443
transfusion-retrieval-v3,sha256:5fc6a9a0d5ff5721954fad8f2855c204301e59ef0b28a91d8d9bdbaf48cb659b,4,bm25,TF001,fact_specific,True,False,10,8,7e5199d4-e5c9-40ca-a69f-ea37f52c6ce3,0.9198150634765625,False,0.48289999904227443
transfusion-retrieval-v3,sha256:5fc6a9a0d5ff5721954fad8f2855c204301e59ef0b28a91d8d9bdbaf48cb659b,4,bm25,TF001,fact_specific,True,False,10,9,a7cf71a5-8426-4d7c-8106-e0754e7cb4bf,0.9092135429382324,False,0.48289999904227443
transfusion-retrieval-v3,sha256:5fc6a9a0d5ff5721954fad8f2855c204301e59ef0b28a91d8d9bdbaf48cb659b,4,bm25,TF001,fact_specific,True,False,10,10,5de4d74d-720e-4d86-a836-f946d70a2d32,0.901841402053833,False,0.48289999904227443
transfusion-retrieval-v3,sha256:5fc6a9a0d5ff5721954fad8f2855c204301e59ef0b28a91d8d9bdbaf48cb659b,4,bm25,TF002,paraphrase,True,False,1,1,c78ff32d-ea17-41fd-98ef-2e8872f01df3,5.9642510414123535,True,0.356399999873247
transfusion-retrieval-v3,sha256:5fc6a9a0d5ff5721954fad8f2855c204301e59ef0b28a91d8d9bdbaf48cb659b,4,bm25,TF002,paraphrase,True,False,3,1,c78ff32d-ea17-41fd-98ef-2e8872f01df3,5.9642510414123535,True,0.356399999873247
transfusion-retrieval-v3,sha256:5fc6a9a0d5ff5721954fad8f2855c204301e59ef0b28a91d8d9bdbaf48cb659b,4,bm25,TF002,paraphrase,True,False,3,2,7e5199d4-e5c9-40ca-a69f-ea37f52c6ce3,0.9198150634765625,False,0.356399999873247
transfusion-retrieval-v3,sha256:5fc6a9a0d5ff5721954fad8f2855c204301e59ef0b28a91d8d9bdbaf48cb659b,4,bm25,TF002,paraphrase,True,False,3,3,a7cf71a5-8426-4d7c-8106-e0754e7cb4bf,0.9092135429382324,False,0.356399999873247
transfusion-retrieval-v3,sha256:5fc6a9a0d5ff5721954fad8f2855c204301e59ef0b28a91d8d9bdbaf48cb659b,4,bm25,TF002,paraphrase,True,False,5,1,c78ff32d-ea17-41fd-98ef-2e8872f01df3,5.9642510414123535,True,0.356399999873247
transfusion-retrieval-v3,sha256:5fc6a9a0d5ff5721954fad8f2855c204301e59ef0b28a91d8d9bdbaf48cb659b,4,bm25,TF002,paraphrase,True,False,5,2,7e5199d4-e5c9-40ca-a69f-ea37f52c6ce3,0.9198150634765625,False,0.356399999873247
transfusion-retrieval-v3,sha256:5fc6a9a0d5ff5721954fad8f2855c204301e59ef0b28a91d8d9bdbaf48cb659b,4,bm25,TF002,paraphrase,True,False,5,3,a7cf71a5-8426-4d7c-8106-e0754e7cb4bf,0.9092135429382324,False,0.356399999873247
transfusion-retrieval-v3,sha256:5fc6a9a0d5ff5721954fad8f2855c204301e59ef0b28a91d8d9bdbaf48cb659b,4,bm25,TF002,paraphrase,True,False,5,4,5de4d74d-720e-4d86-a836-f946d70a2d32,0.901841402053833,False,0.356399999873247
transfusion-retrieval-v3,sha256:5fc6a9a0d5ff5721954fad8f2855c204301e59ef0b28a91d8d9bdbaf48cb659b,4,bm25,TF002,paraphrase,True,False,5,5,c404e320-0bf2-4325-be92-7a0614f201ca,0.8950620293617249,False,0.356399999873247
transfusion-retrieval-v3,sha256:5fc6a9a0d5ff5721954fad8f2855c204301e59ef0b28a91d8d9bdbaf48cb659b,4,bm25,TF002,paraphrase,True,False,10,1,c78ff32d-ea17-41fd-98ef-2e8872f01df3,5.9642510414123535,True,0.356399999873247
transfusion-retrieval-v3,sha256:5fc6a9a0d5ff5721954fad8f2855c204301e59ef0b28a91d8d9bdbaf48cb659b,4,bm25,TF002,paraphrase,True,False,10,2,7e5199d4-e5c9-40ca-a69f-ea37f52c6ce3,0.9198150634765625,False,0.356399999873247
transfusion-retrieval-v3,sha256:5fc6a9a0d5ff5721954fad8f2855c204301e59ef0b28a91d8d9bdbaf48cb659b,4,bm25,TF002,paraphrase,True,False,10,3,a7cf71a5-8426-4d7c-8106-e0754e7cb4bf,0.9092135429382324,False,0.356399999873247
transfusion-retrieval-v3,sha256:5fc6a9a0d5ff5721954fad8f2855c204301e59ef0b28a91d8d9bdbaf48cb659b,4,bm25,TF002,paraphrase,True,False,10,4,5de4d74d-720e-4d86-a836-f946d70a2d32,0.901841402053833,False,0.356399999873247
transfusion-retrieval-v3,sha256:5fc6a9a0d5ff5721954fad8f2855c204301e59ef0b28a91d8d9bdbaf48cb659b,4,bm25,TF002,paraphrase,True,False,10,5,c404e320-0bf2-4325-be92-7a0614f201ca,0.8950620293617249,False,0.356399999873247
transfusion-retrieval-v3,sha256:5fc6a9a0d5ff5721954fad8f2855c204301e59ef0b28a91d8d9bdbaf48cb659b,4,bm25,TF002,paraphrase,True,False,10,6,73735f01-c9d0-4dd5-8d46-c70045e4b334,0.8702232837677002,False,0.356399999873247
transfusion-retrieval-v3,sha256:5fc6a9a0d5ff5721954fad8f2855c204301e59ef0b28a91d8d9bdbaf48cb659b,4,bm25,TF002,paraphrase,True,False,10,7,16efaa44-1554-4748-8407-48fac0bced94,0.8496715426445007,False,0.356399999873247
transfusion-retrieval-v3,sha256:5fc6a9a0d5ff5721954fad8f2855c204301e59ef0b28a91d8d9bdbaf48cb659b,4,bm25,TF002,paraphrase,True,False,10,8,30ce28cb-f702-4cce-8105-137e2f73af0d,0.8492841124534607,False,0.356399999873247
transfusion-retrieval-v3,sha256:5fc6a9a0d5ff5721954fad8f2855c204301e59ef0b28a91d8d9bdbaf48cb659b,4,bm25,TF002,paraphrase,True,False,10,9,22e6c188-2e4c-4029-b200-7770a3f00e6e,0.8428277373313904,False,0.356399999873247
transfusion-retrieval-v3,sha256:5fc6a9a0d5ff5721954fad8f2855c204301e59ef0b28a91d8d9bdbaf48cb659b,4,bm25,TF002,paraphrase,True,False,10,10,70b95f72-95ec-43b5-b76f-657518103256,0.842285692691803,False,0.356399999873247
transfusion-retrieval-v3,sha256:5fc6a9a0d5ff5721954fad8f2855c204301e59ef0b28a91d8d9bdbaf48cb659b,4,bm25,TF003,product_specific,True,False,1,1,0f6b0fc1-9d70-479f-a87d-a26e954e2adb,6.894256114959717,False,0.35349999961908907
transfusion-retrieval-v3,sha256:5fc6a9a0d5ff5721954fad8f2855c204301e59ef0b28a91d8d9bdbaf48cb659b,4,bm25,TF003,product_specific,True,False,3,1,0f6b0fc1-9d70-479f-a87d-a26e954e2adb,6.894256114959717,False,0.35349999961908907
transfusion-retrieval-v3,sha256:5fc6a9a0d5ff5721954fad8f2855c204301e59ef0b28a91d8d9bdbaf48cb659b,4,bm25,TF003,product_specific,True,False,3,2,ba3d1d87-0c2d-4b67-a0c2-4615c8249c2a,5.875611782073975,True,0.35349999961908907
transfusion-retrieval-v3,sha256:5fc6a9a0d5ff5721954fad8f2855c204301e59ef0b28a91d8d9bdbaf48cb659b,4,bm25,TF003,product_specific,True,False,3,3,9552a4ac-31b4-43a8-aa92-37bd3e89362a,5.7914910316467285,False,0.35349999961908907
transfusion-retrieval-v3,sha256:5fc6a9a0d5ff5721954fad8f2855c204301e59ef0b28a91d8d9bdbaf48cb659b,4,bm25,TF003,product_specific,True,False,5,1,0f6b0fc1-9d70-479f-a87d-a26e954e2adb,6.894256114959717,False,0.35349999961908907
transfusion-retrieval-v3,sha256:5fc6a9a0d5ff5721954fad8f2855c204301e59ef0b28a91d8d9bdbaf48cb659b,4,bm25,TF003,product_specific,True,False,5,2,ba3d1d87-0c2d-4b67-a0c2-4615c8249c2a,5.875611782073975,True,0.35349999961908907
transfusion-retrieval-v3,sha256:5fc6a9a0d5ff5721954fad8f2855c204301e59ef0b28a91d8d9bdbaf48cb659b,4,bm25,TF003,product_specific,True,False,5,3,9552a4ac-31b4-43a8-aa92-37bd3e89362a,5.7914910316467285,False,0.35349999961908907
transfusion-retrieval-v3,sha256:5fc6a9a0d5ff5721954fad8f2855c204301e59ef0b28a91d8d9bdbaf48cb659b,4,bm25,TF003,product_specific,True,False,5,4,84c0a864-176f-4776-a15e-167fc2518e5d,4.635169506072998,False,0.35349999961908907
transfusion-retrieval-v3,sha256:5fc6a9a0d5ff5721954fad8f2855c204301e59ef0b28a91d8d9bdbaf48cb659b,4,bm25,TF003,product_specific,True,False,5,5,324bc249-0e84-46e9-b77f-856c76cd5353,1.3938252925872803,False,0.35349999961908907
transfusion-retrieval-v3,sha256:5fc6a9a0d5ff5721954fad8f2855c204301e59ef0b28a91d8d9bdbaf48cb659b,4,bm25,TF003,product_specific,True,False,10,1,0f6b0fc1-9d70-479f-a87d-a26e954e2adb,6.894256114959717,False,0.35349999961908907
transfusion-retrieval-v3,sha256:5fc6a9a0d5ff5721954fad8f2855c204301e59ef0b28a91d8d9bdbaf48cb659b,4,bm25,TF003,product_specific,True,False,10,2,ba3d1d87-0c2d-4b67-a0c2-4615c8249c2a,5.875611782073975,True,0.35349999961908907
transfusion-retrieval-v3,sha256:5fc6a9a0d5ff5721954fad8f2855c204301e59ef0b28a91d8d9bdbaf48cb659b,4,bm25,TF003,product_specific,True,False,10,3,9552a4ac-31b4-43a8-aa92-37bd3e89362a,5.7914910316467285,False,0.35349999961908907
transfusion-retrieval-v3,sha256:5fc6a9a0d5ff5721954fad8f2855c204301e59ef0b28a91d8d9bdbaf48cb659b,4,bm25,TF003,product_specific,True,False,10,4,84c0a864-176f-4776-a15e-167fc2518e5d,4.635169506072998,False,0.35349999961908907
transfusion-retrieval-v3,sha256:5fc6a9a0d5ff5721954fad8f2855c204301e59ef0b28a91d8d9bdbaf48cb659b,4,bm25,TF003,product_specific,True,False,10,5,324bc249-0e84-46e9-b77f-856c76cd5353,1.3938252925872803,False,0.35349999961908907
transfusion-retrieval-v3,sha256:5fc6a9a0d5ff5721954fad8f2855c204301e59ef0b28a91d8d9bdbaf48cb659b,4,bm25,TF003,product_specific,True,False,10,6,4d18d11e-2a92-4690-8a64-46653931483e,0.8981029391288757,False,0.35349999961908907
transfusion-retrieval-v3,sha256:5fc6a9a0d5ff5721954fad8f2855c204301e59ef0b28a91d8d9bdbaf48cb659b,4,bm25,TF003,product_specific,True,False,10,7,81a83ec4-b5d1-4305-9f44-93e5fa935ffe,0.8182902336120605,False,0.35349999961908907
transfusion-retrieval-v3,sha256:5fc6a9a0d5ff5721954fad8f2855c204301e59ef0b28a91d8d9bdbaf48cb659b,4,bm25,TF003,product_specific,True,False,10,8,b66e5419-8a9c-47f4-866d-ebdb95b174b2,0.7539885640144348,False,0.35349999961908907
transfusion-retrieval-v3,sha256:5fc6a9a0d5ff5721954fad8f2855c204301e59ef0b28a91d8d9bdbaf48cb659b,4,bm25,TF003,product_specific,True,False,10,9,1b376f6f-5ee5-4d05-a585-f3aa6b7ee824,0.7415080070495605,False,0.35349999961908907
transfusion-retrieval-v3,sha256:5fc6a9a0d5ff5721954fad8f2855c204301e59ef0b28a91d8d9bdbaf48cb659b,4,bm25,TF003,product_specific,True,False,10,10,b7876bcb-b1d0-409a-831d-45e59e35a44e,0.7230057716369629,False,0.35349999961908907
transfusion-retrieval-v3,sha256:5fc6a9a0d5ff5721954fad8f2855c204301e59ef0b28a91d8d9bdbaf48cb659b,4,bm25,TF004,product_specific,True,False,1,1,63b53156-440d-40c1-bc88-5c07c23ae77f,5.776729106903076,False,0.325400000292575
transfusion-retrieval-v3,sha256:5fc6a9a0d5ff5721954fad8f2855c204301e59ef0b28a91d8d9bdbaf48cb659b,4,bm25,TF004,product_specific,True,False,3,1,63b53156-440d-40c1-bc88-5c07c23ae77f,5.776729106903076,False,0.325400000292575
transfusion-retrieval-v3,sha256:5fc6a9a0d5ff5721954fad8f2855c204301e59ef0b28a91d8d9bdbaf48cb659b,4,bm25,TF004,product_specific,True,False,3,2,a7cf71a5-8426-4d7c-8106-e0754e7cb4bf,4.858514785766602,False,0.325400000292575
transfusion-retrieval-v3,sha256:5fc6a9a0d5ff5721954fad8f2855c204301e59ef0b28a91d8d9bdbaf48cb659b,4,bm25,TF004,product_specific,True,False,3,3,71d2e37c-44e2-4972-8e6b-a6449c2f8404,2.632869243621826,False,0.325400000292575
transfusion-retrieval-v3,sha256:5fc6a9a0d5ff5721954fad8f2855c204301e59ef0b28a91d8d9bdbaf48cb659b,4,bm25,TF004,product_specific,True,False,5,1,63b53156-440d-40c1-bc88-5c07c23ae77f,5.776729106903076,False,0.325400000292575
transfusion-retrieval-v3,sha256:5fc6a9a0d5ff5721954fad8f2855c204301e59ef0b28a91d8d9bdbaf48cb659b,4,bm25,TF004,product_specific,True,False,5,2,a7cf71a5-8426-4d7c-8106-e0754e7cb4bf,4.858514785766602,False,0.325400000292575
transfusion-retrieval-v3,sha256:5fc6a9a0d5ff5721954fad8f2855c204301e59ef0b28a91d8d9bdbaf48cb659b,4,bm25,TF004,product_specific,True,False,5,3,71d2e37c-44e2-4972-8e6b-a6449c2f8404,2.632869243621826,False,0.325400000292575
transfusion-retrieval-v3,sha256:5fc6a9a0d5ff5721954fad8f2855c204301e59ef0b28a91d8d9bdbaf48cb659b,4,bm25,TF004,product_specific,True,False,5,4,ffcf7308-6e83-47bc-a519-0b4b7ba44562,2.3771347999572754,True,0.325400000292575
transfusion-retrieval-v3,sha256:5fc6a9a0d5ff5721954fad8f2855c204301e59ef0b28a91d8d9bdbaf48cb659b,4,bm25,TF004,product_specific,True,False,5,5,d3b7d61b-50f0-4b96-a770-785a9f3c3886,1.2342151403427124,False,0.325400000292575
transfusion-retrieval-v3,sha256:5fc6a9a0d5ff5721954fad8f2855c204301e59ef0b28a91d8d9bdbaf48cb659b,4,bm25,TF004,product_specific,True,False,10,1,63b53156-440d-40c1-bc88-5c07c23ae77f,5.776729106903076,False,0.325400000292575
transfusion-retrieval-v3,sha256:5fc6a9a0d5ff5721954fad8f2855c204301e59ef0b28a91d8d9bdbaf48cb659b,4,bm25,TF004,product_specific,True,False,10,2,a7cf71a5-8426-4d7c-8106-e0754e7cb4bf,4.858514785766602,False,0.325400000292575
transfusion-retrieval-v3,sha256:5fc6a9a0d5ff5721954fad8f2855c204301e59ef0b28a91d8d9bdbaf48cb659b,4,bm25,TF004,product_specific,True,False,10,3,71d2e37c-44e2-4972-8e6b-a6449c2f8404,2.632869243621826,False,0.325400000292575
transfusion-retrieval-v3,sha256:5fc6a9a0d5ff5721954fad8f2855c204301e59ef0b28a91d8d9bdbaf48cb659b,4,bm25,TF004,product_specific,True,False,10,4,ffcf7308-6e83-47bc-a519-0b4b7ba44562,2.3771347999572754,True,0.325400000292575
transfusion-retrieval-v3,sha256:5fc6a9a0d5ff5721954fad8f2855c204301e59ef0b28a91d8d9bdbaf48cb659b,4,bm25,TF004,product_specific,True,False,10,5,d3b7d61b-50f0-4b96-a770-785a9f3c3886,1.2342151403427124,False,0.325400000292575
transfusion-retrieval-v3,sha256:5fc6a9a0d5ff5721954fad8f2855c204301e59ef0b28a91d8d9bdbaf48cb659b,4,bm25,TF004,product_specific,True,False,10,6,4d18d11e-2a92-4690-8a64-46653931483e,1.1490838527679443,False,0.325400000292575
transfusion-retrieval-v3,sha256:5fc6a9a0d5ff5721954fad8f2855c204301e59ef0b28a91d8d9bdbaf48cb659b,4,bm25,TF004,product_specific,True,False,10,7,81a83ec4-b5d1-4305-9f44-93e5fa935ffe,1.0469669103622437,False,0.325400000292575
transfusion-retrieval-v3,sha256:5fc6a9a0d5ff5721954fad8f2855c204301e59ef0b28a91d8d9bdbaf48cb659b,4,bm25,TF004,product_specific,True,False,10,8,7c33fbb7-e931-4f6b-9520-23875ec9ee5b,0.9736436009407043,False,0.325400000292575
transfusion-retrieval-v3,sha256:5fc6a9a0d5ff5721954fad8f2855c204301e59ef0b28a91d8d9bdbaf48cb659b,4,bm25,TF004,product_specific,True,False,10,9,1b376f6f-5ee5-4d05-a585-f3aa6b7ee824,0.9487273693084717,False,0.325400000292575
transfusion-retrieval-v3,sha256:5fc6a9a0d5ff5721954fad8f2855c204301e59ef0b28a91d8d9bdbaf48cb659b,4,bm25,TF004,product_specific,True,False,10,10,23c6ca0d-04bf-4081-b90a-9819029dcd73,0.9099183082580566,True,0.325400000292575
transfusion-retrieval-v3,sha256:5fc6a9a0d5ff5721954fad8f2855c204301e59ef0b28a91d8d9bdbaf48cb659b,4,bm25,TF005,temporal,True,False,1,1,63b53156-440d-40c1-bc88-5c07c23ae77f,12.47430419921875,True,0.3644999997050036
transfusion-retrieval-v3,sha256:5fc6a9a0d5ff5721954fad8f2855c204301e59ef0b28a91d8d9bdbaf48cb659b,4,bm25,TF005,temporal,True,False,3,1,63b53156-440d-40c1-bc88-5c07c23ae77f,12.47430419921875,True,0.3644999997050036
transfusion-retrieval-v3,sha256:5fc6a9a0d5ff5721954fad8f2855c204301e59ef0b28a91d8d9bdbaf48cb659b,4,bm25,TF005,temporal,True,False,3,2,4d18d11e-2a92-4690-8a64-46653931483e,5.747880935668945,False,0.3644999997050036
transfusion-retrieval-v3,sha256:5fc6a9a0d5ff5721954fad8f2855c204301e59ef0b28a91d8d9bdbaf48cb659b,4,bm25,TF005,temporal,True,False,3,3,81a83ec4-b5d1-4305-9f44-93e5fa935ffe,5.261360168457031,False,0.3644999997050036
transfusion-retrieval-v3,sha256:5fc6a9a0d5ff5721954fad8f2855c204301e59ef0b28a91d8d9bdbaf48cb659b,4,bm25,TF005,temporal,True,False,5,1,63b53156-440d-40c1-bc88-5c07c23ae77f,12.47430419921875,True,0.3644999997050036
transfusion-retrieval-v3,sha256:5fc6a9a0d5ff5721954fad8f2855c204301e59ef0b28a91d8d9bdbaf48cb659b,4,bm25,TF005,temporal,True,False,5,2,4d18d11e-2a92-4690-8a64-46653931483e,5.747880935668945,False,0.3644999997050036
transfusion-retrieval-v3,sha256:5fc6a9a0d5ff5721954fad8f2855c204301e59ef0b28a91d8d9bdbaf48cb659b,4,bm25,TF005,temporal,True,False,5,3,81a83ec4-b5d1-4305-9f44-93e5fa935ffe,5.261360168457031,False,0.3644999997050036
transfusion-retrieval-v3,sha256:5fc6a9a0d5ff5721954fad8f2855c204301e59ef0b28a91d8d9bdbaf48cb659b,4,bm25,TF005,temporal,True,False,5,4,1033ac46-dec8-493e-b577-7f5ad80f8e86,5.13101863861084,False,0.3644999997050036
transfusion-retrieval-v3,sha256:5fc6a9a0d5ff5721954fad8f2855c204301e59ef0b28a91d8d9bdbaf48cb659b,4,bm25,TF005,temporal,True,False,5,5,09f3c6d5-9e0c-4545-960f-b16c69abbeb1,5.051819801330566,False,0.3644999997050036
transfusion-retrieval-v3,sha256:5fc6a9a0d5ff5721954fad8f2855c204301e59ef0b28a91d8d9bdbaf48cb659b,4,bm25,TF005,temporal,True,False,10,1,63b53156-440d-40c1-bc88-5c07c23ae77f,12.47430419921875,True,0.3644999997050036
transfusion-retrieval-v3,sha256:5fc6a9a0d5ff5721954fad8f2855c204301e59ef0b28a91d8d9bdbaf48cb659b,4,bm25,TF005,temporal,True,False,10,2,4d18d11e-2a92-4690-8a64-46653931483e,5.747880935668945,False,0.3644999997050036
transfusion-retrieval-v3,sha256:5fc6a9a0d5ff5721954fad8f2855c204301e59ef0b28a91d8d9bdbaf48cb659b,4,bm25,TF005,temporal,True,False,10,3,81a83ec4-b5d1-4305-9f44-93e5fa935ffe,5.261360168457031,False,0.3644999997050036
transfusion-retrieval-v3,sha256:5fc6a9a0d5ff5721954fad8f2855c204301e59ef0b28a91d8d9bdbaf48cb659b,4,bm25,TF005,temporal,True,False,10,4,1033ac46-dec8-493e-b577-7f5ad80f8e86,5.13101863861084,False,0.3644999997050036
transfusion-retrieval-v3,sha256:5fc6a9a0d5ff5721954fad8f2855c204301e59ef0b28a91d8d9bdbaf48cb659b,4,bm25,TF005,temporal,True,False,10,5,09f3c6d5-9e0c-4545-960f-b16c69abbeb1,5.051819801330566,False,0.3644999997050036
transfusion-retrieval-v3,sha256:5fc6a9a0d5ff5721954fad8f2855c204301e59ef0b28a91d8d9bdbaf48cb659b,4,bm25,TF005,temporal,True,False,10,6,1b376f6f-5ee5-4d05-a585-f3aa6b7ee824,4.790327548980713,False,0.3644999997050036
transfusion-retrieval-v3,sha256:5fc6a9a0d5ff5721954fad8f2855c204301e59ef0b28a91d8d9bdbaf48cb659b,4,bm25,TF005,temporal,True,False,10,7,23c6ca0d-04bf-4081-b90a-9819029dcd73,4.603373050689697,False,0.3644999997050036
transfusion-retrieval-v3,sha256:5fc6a9a0d5ff5721954fad8f2855c204301e59ef0b28a91d8d9bdbaf48cb659b,4,bm25,TF005,temporal,True,False,10,8,ba3d1d87-0c2d-4b67-a0c2-4615c8249c2a,4.5326690673828125,False,0.3644999997050036
transfusion-retrieval-v3,sha256:5fc6a9a0d5ff5721954fad8f2855c204301e59ef0b28a91d8d9bdbaf48cb659b,4,bm25,TF005,temporal,True,False,10,9,646d4165-73db-4f69-84da-5f393cd81988,4.5326690673828125,False,0.3644999997050036
transfusion-retrieval-v3,sha256:5fc6a9a0d5ff5721954fad8f2855c204301e59ef0b28a91d8d9bdbaf48cb659b,4,bm25,TF005,temporal,True,False,10,10,0f6b0fc1-9d70-479f-a87d-a26e954e2adb,4.430646896362305,False,0.3644999997050036
transfusion-retrieval-v3,sha256:5fc6a9a0d5ff5721954fad8f2855c204301e59ef0b28a91d8d9bdbaf48cb659b,4,bm25,TF006,temporal,True,False,1,1,63b53156-440d-40c1-bc88-5c07c23ae77f,14.478357315063477,True,0.39939999987836927
transfusion-retrieval-v3,sha256:5fc6a9a0d5ff5721954fad8f2855c204301e59ef0b28a91d8d9bdbaf48cb659b,4,bm25,TF006,temporal,True,False,3,1,63b53156-440d-40c1-bc88-5c07c23ae77f,14.478357315063477,True,0.39939999987836927
transfusion-retrieval-v3,sha256:5fc6a9a0d5ff5721954fad8f2855c204301e59ef0b28a91d8d9bdbaf48cb659b,4,bm25,TF006,temporal,True,False,3,2,71d2e37c-44e2-4972-8e6b-a6449c2f8404,10.167869567871094,True,0.39939999987836927
transfusion-retrieval-v3,sha256:5fc6a9a0d5ff5721954fad8f2855c204301e59ef0b28a91d8d9bdbaf48cb659b,4,bm25,TF006,temporal,True,False,3,3,ffcf7308-6e83-47bc-a519-0b4b7ba44562,9.29672908782959,False,0.39939999987836927
transfusion-retrieval-v3,sha256:5fc6a9a0d5ff5721954fad8f2855c204301e59ef0b28a91d8d9bdbaf48cb659b,4,bm25,TF006,temporal,True,False,5,1,63b53156-440d-40c1-bc88-5c07c23ae77f,14.478357315063477,True,0.39939999987836927
transfusion-retrieval-v3,sha256:5fc6a9a0d5ff5721954fad8f2855c204301e59ef0b28a91d8d9bdbaf48cb659b,4,bm25,TF006,temporal,True,False,5,2,71d2e37c-44e2-4972-8e6b-a6449c2f8404,10.167869567871094,True,0.39939999987836927
transfusion-retrieval-v3,sha256:5fc6a9a0d5ff5721954fad8f2855c204301e59ef0b28a91d8d9bdbaf48cb659b,4,bm25,TF006,temporal,True,False,5,3,ffcf7308-6e83-47bc-a519-0b4b7ba44562,9.29672908782959,False,0.39939999987836927
transfusion-retrieval-v3,sha256:5fc6a9a0d5ff5721954fad8f2855c204301e59ef0b28a91d8d9bdbaf48cb659b,4,bm25,TF006,temporal,True,False,5,4,3ecc27b9-634c-4026-b44e-e01123aa0467,7.5415730476379395,False,0.39939999987836927
transfusion-retrieval-v3,sha256:5fc6a9a0d5ff5721954fad8f2855c204301e59ef0b28a91d8d9bdbaf48cb659b,4,bm25,TF006,temporal,True,False,5,5,1033ac46-dec8-493e-b577-7f5ad80f8e86,7.459507942199707,False,0.39939999987836927
transfusion-retrieval-v3,sha256:5fc6a9a0d5ff5721954fad8f2855c204301e59ef0b28a91d8d9bdbaf48cb659b,4,bm25,TF006,temporal,True,False,10,1,63b53156-440d-40c1-bc88-5c07c23ae77f,14.478357315063477,True,0.39939999987836927
transfusion-retrieval-v3,sha256:5fc6a9a0d5ff5721954fad8f2855c204301e59ef0b28a91d8d9bdbaf48cb659b,4,bm25,TF006,temporal,True,False,10,2,71d2e37c-44e2-4972-8e6b-a6449c2f8404,10.167869567871094,True,0.39939999987836927
transfusion-retrieval-v3,sha256:5fc6a9a0d5ff5721954fad8f2855c204301e59ef0b28a91d8d9bdbaf48cb659b,4,bm25,TF006,temporal,True,False,10,3,ffcf7308-6e83-47bc-a519-0b4b7ba44562,9.29672908782959,False,0.39939999987836927
transfusion-retrieval-v3,sha256:5fc6a9a0d5ff5721954fad8f2855c204301e59ef0b28a91d8d9bdbaf48cb659b,4,bm25,TF006,temporal,True,False,10,4,3ecc27b9-634c-4026-b44e-e01123aa0467,7.5415730476379395,False,0.39939999987836927
transfusion-retrieval-v3,sha256:5fc6a9a0d5ff5721954fad8f2855c204301e59ef0b28a91d8d9bdbaf48cb659b,4,bm25,TF006,temporal,True,False,10,5,1033ac46-dec8-493e-b577-7f5ad80f8e86,7.459507942199707,False,0.39939999987836927
transfusion-retrieval-v3,sha256:5fc6a9a0d5ff5721954fad8f2855c204301e59ef0b28a91d8d9bdbaf48cb659b,4,bm25,TF006,temporal,True,False,10,6,09f3c6d5-9e0c-4545-960f-b16c69abbeb1,7.369272232055664,False,0.39939999987836927
transfusion-retrieval-v3,sha256:5fc6a9a0d5ff5721954fad8f2855c204301e59ef0b28a91d8d9bdbaf48cb659b,4,bm25,TF006,temporal,True,False,10,7,4d18d11e-2a92-4690-8a64-46653931483e,6.227200508117676,False,0.39939999987836927
transfusion-retrieval-v3,sha256:5fc6a9a0d5ff5721954fad8f2855c204301e59ef0b28a91d8d9bdbaf48cb659b,4,bm25,TF006,temporal,True,False,10,8,81a83ec4-b5d1-4305-9f44-93e5fa935ffe,5.167898178100586,False,0.39939999987836927
transfusion-retrieval-v3,sha256:5fc6a9a0d5ff5721954fad8f2855c204301e59ef0b28a91d8d9bdbaf48cb659b,4,bm25,TF006,temporal,True,False,10,9,1b376f6f-5ee5-4d05-a585-f3aa6b7ee824,4.722105503082275,False,0.39939999987836927
transfusion-retrieval-v3,sha256:5fc6a9a0d5ff5721954fad8f2855c204301e59ef0b28a91d8d9bdbaf48cb659b,4,bm25,TF006,temporal,True,False,10,10,23c6ca0d-04bf-4081-b90a-9819029dcd73,4.544641017913818,False,0.39939999987836927
transfusion-retrieval-v3,sha256:5fc6a9a0d5ff5721954fad8f2855c204301e59ef0b28a91d8d9bdbaf48cb659b,4,bm25,TF007,temporal,True,False,1,1,5de4d74d-720e-4d86-a836-f946d70a2d32,7.85808801651001,False,0.40830000216374174
transfusion-retrieval-v3,sha256:5fc6a9a0d5ff5721954fad8f2855c204301e59ef0b28a91d8d9bdbaf48cb659b,4,bm25,TF007,temporal,True,False,3,1,5de4d74d-720e-4d86-a836-f946d70a2d32,7.85808801651001,False,0.40830000216374174
transfusion-retrieval-v3,sha256:5fc6a9a0d5ff5721954fad8f2855c204301e59ef0b28a91d8d9bdbaf48cb659b,4,bm25,TF007,temporal,True,False,3,2,71d2e37c-44e2-4972-8e6b-a6449c2f8404,6.282154083251953,False,0.40830000216374174
transfusion-retrieval-v3,sha256:5fc6a9a0d5ff5721954fad8f2855c204301e59ef0b28a91d8d9bdbaf48cb659b,4,bm25,TF007,temporal,True,False,3,3,c404e320-0bf2-4325-be92-7a0614f201ca,5.21891450881958,False,0.40830000216374174
transfusion-retrieval-v3,sha256:5fc6a9a0d5ff5721954fad8f2855c204301e59ef0b28a91d8d9bdbaf48cb659b,4,bm25,TF007,temporal,True,False,5,1,5de4d74d-720e-4d86-a836-f946d70a2d32,7.85808801651001,False,0.40830000216374174
transfusion-retrieval-v3,sha256:5fc6a9a0d5ff5721954fad8f2855c204301e59ef0b28a91d8d9bdbaf48cb659b,4,bm25,TF007,temporal,True,False,5,2,71d2e37c-44e2-4972-8e6b-a6449c2f8404,6.282154083251953,False,0.40830000216374174
transfusion-retrieval-v3,sha256:5fc6a9a0d5ff5721954fad8f2855c204301e59ef0b28a91d8d9bdbaf48cb659b,4,bm25,TF007,temporal,True,False,5,3,c404e320-0bf2-4325-be92-7a0614f201ca,5.21891450881958,False,0.40830000216374174
transfusion-retrieval-v3,sha256:5fc6a9a0d5ff5721954fad8f2855c204301e59ef0b28a91d8d9bdbaf48cb659b,4,bm25,TF007,temporal,True,False,5,4,ffcf7308-6e83-47bc-a519-0b4b7ba44562,5.140227794647217,False,0.40830000216374174
transfusion-retrieval-v3,sha256:5fc6a9a0d5ff5721954fad8f2855c204301e59ef0b28a91d8d9bdbaf48cb659b,4,bm25,TF007,temporal,True,False,5,5,8259ed27-8646-4502-a959-aab1e9f1770f,4.400979995727539,False,0.40830000216374174
transfusion-retrieval-v3,sha256:5fc6a9a0d5ff5721954fad8f2855c204301e59ef0b28a91d8d9bdbaf48cb659b,4,bm25,TF007,temporal,True,False,10,1,5de4d74d-720e-4d86-a836-f946d70a2d32,7.85808801651001,False,0.40830000216374174
transfusion-retrieval-v3,sha256:5fc6a9a0d5ff5721954fad8f2855c204301e59ef0b28a91d8d9bdbaf48cb659b,4,bm25,TF007,temporal,True,False,10,2,71d2e37c-44e2-4972-8e6b-a6449c2f8404,6.282154083251953,False,0.40830000216374174
transfusion-retrieval-v3,sha256:5fc6a9a0d5ff5721954fad8f2855c204301e59ef0b28a91d8d9bdbaf48cb659b,4,bm25,TF007,temporal,True,False,10,3,c404e320-0bf2-4325-be92-7a0614f201ca,5.21891450881958,False,0.40830000216374174
transfusion-retrieval-v3,sha256:5fc6a9a0d5ff5721954fad8f2855c204301e59ef0b28a91d8d9bdbaf48cb659b,4,bm25,TF007,temporal,True,False,10,4,ffcf7308-6e83-47bc-a519-0b4b7ba44562,5.140227794647217,False,0.40830000216374174
transfusion-retrieval-v3,sha256:5fc6a9a0d5ff5721954fad8f2855c204301e59ef0b28a91d8d9bdbaf48cb659b,4,bm25,TF007,temporal,True,False,10,5,8259ed27-8646-4502-a959-aab1e9f1770f,4.400979995727539,False,0.40830000216374174
transfusion-retrieval-v3,sha256:5fc6a9a0d5ff5721954fad8f2855c204301e59ef0b28a91d8d9bdbaf48cb659b,4,bm25,TF007,temporal,True,False,10,6,15e829a9-a475-429d-b0e3-5c34bfbd3ab7,3.977898597717285,False,0.40830000216374174
transfusion-retrieval-v3,sha256:5fc6a9a0d5ff5721954fad8f2855c204301e59ef0b28a91d8d9bdbaf48cb659b,4,bm25,TF007,temporal,True,False,10,7,f4580736-a09e-471f-93d2-8089c695eb67,3.7442660331726074,False,0.40830000216374174
transfusion-retrieval-v3,sha256:5fc6a9a0d5ff5721954fad8f2855c204301e59ef0b28a91d8d9bdbaf48cb659b,4,bm25,TF007,temporal,True,False,10,8,b10b8f1c-ed17-44ca-8d7c-1a4f19a12c67,3.6728756427764893,False,0.40830000216374174
transfusion-retrieval-v3,sha256:5fc6a9a0d5ff5721954fad8f2855c204301e59ef0b28a91d8d9bdbaf48cb659b,4,bm25,TF007,temporal,True,False,10,9,b66e5419-8a9c-47f4-866d-ebdb95b174b2,2.1072566509246826,False,0.40830000216374174
transfusion-retrieval-v3,sha256:5fc6a9a0d5ff5721954fad8f2855c204301e59ef0b28a91d8d9bdbaf48cb659b,4,bm25,TF007,temporal,True,False,10,10,0a4f11c7-39e8-41fe-bd14-48456671f531,1.4438905715942383,False,0.40830000216374174
transfusion-retrieval-v3,sha256:5fc6a9a0d5ff5721954fad8f2855c204301e59ef0b28a91d8d9bdbaf48cb659b,4,bm25,TF008,product_specific,True,False,1,1,9131e9a9-eff3-4f4e-a20b-4bdd456c35bc,6.0372209548950195,False,0.33260000054724514
transfusion-retrieval-v3,sha256:5fc6a9a0d5ff5721954fad8f2855c204301e59ef0b28a91d8d9bdbaf48cb659b,4,bm25,TF008,product_specific,True,False,3,1,9131e9a9-eff3-4f4e-a20b-4bdd456c35bc,6.0372209548950195,False,0.33260000054724514
transfusion-retrieval-v3,sha256:5fc6a9a0d5ff5721954fad8f2855c204301e59ef0b28a91d8d9bdbaf48cb659b,4,bm25,TF008,product_specific,True,False,3,2,e96acbc9-66b4-4df4-953b-3f7b0a846bbc,5.671143531799316,True,0.33260000054724514
transfusion-retrieval-v3,sha256:5fc6a9a0d5ff5721954fad8f2855c204301e59ef0b28a91d8d9bdbaf48cb659b,4,bm25,TF008,product_specific,True,False,3,3,d4c1a9ca-23c5-4ae0-9a51-c56675b2e6d1,5.000271797180176,False,0.33260000054724514
transfusion-retrieval-v3,sha256:5fc6a9a0d5ff5721954fad8f2855c204301e59ef0b28a91d8d9bdbaf48cb659b,4,bm25,TF008,product_specific,True,False,5,1,9131e9a9-eff3-4f4e-a20b-4bdd456c35bc,6.0372209548950195,False,0.33260000054724514
transfusion-retrieval-v3,sha256:5fc6a9a0d5ff5721954fad8f2855c204301e59ef0b28a91d8d9bdbaf48cb659b,4,bm25,TF008,product_specific,True,False,5,2,e96acbc9-66b4-4df4-953b-3f7b0a846bbc,5.671143531799316,True,0.33260000054724514
transfusion-retrieval-v3,sha256:5fc6a9a0d5ff5721954fad8f2855c204301e59ef0b28a91d8d9bdbaf48cb659b,4,bm25,TF008,product_specific,True,False,5,3,d4c1a9ca-23c5-4ae0-9a51-c56675b2e6d1,5.000271797180176,False,0.33260000054724514
transfusion-retrieval-v3,sha256:5fc6a9a0d5ff5721954fad8f2855c204301e59ef0b28a91d8d9bdbaf48cb659b,4,bm25,TF008,product_specific,True,False,5,4,54fdf811-dedd-4016-b144-3e4bfdcd67c8,4.9512457847595215,False,0.33260000054724514
transfusion-retrieval-v3,sha256:5fc6a9a0d5ff5721954fad8f2855c204301e59ef0b28a91d8d9bdbaf48cb659b,4,bm25,TF008,product_specific,True,False,5,5,4d18d11e-2a92-4690-8a64-46653931483e,3.196270704269409,False,0.33260000054724514
transfusion-retrieval-v3,sha256:5fc6a9a0d5ff5721954fad8f2855c204301e59ef0b28a91d8d9bdbaf48cb659b,4,bm25,TF008,product_specific,True,False,10,1,9131e9a9-eff3-4f4e-a20b-4bdd456c35bc,6.0372209548950195,False,0.33260000054724514
transfusion-retrieval-v3,sha256:5fc6a9a0d5ff5721954fad8f2855c204301e59ef0b28a91d8d9bdbaf48cb659b,4,bm25,TF008,product_specific,True,False,10,2,e96acbc9-66b4-4df4-953b-3f7b0a846bbc,5.671143531799316,True,0.33260000054724514
transfusion-retrieval-v3,sha256:5fc6a9a0d5ff5721954fad8f2855c204301e59ef0b28a91d8d9bdbaf48cb659b,4,bm25,TF008,product_specific,True,False,10,3,d4c1a9ca-23c5-4ae0-9a51-c56675b2e6d1,5.000271797180176,False,0.33260000054724514
transfusion-retrieval-v3,sha256:5fc6a9a0d5ff5721954fad8f2855c204301e59ef0b28a91d8d9bdbaf48cb659b,4,bm25,TF008,product_specific,True,False,10,4,54fdf811-dedd-4016-b144-3e4bfdcd67c8,4.9512457847595215,False,0.33260000054724514
transfusion-retrieval-v3,sha256:5fc6a9a0d5ff5721954fad8f2855c204301e59ef0b28a91d8d9bdbaf48cb659b,4,bm25,TF008,product_specific,True,False,10,5,4d18d11e-2a92-4690-8a64-46653931483e,3.196270704269409,False,0.33260000054724514
transfusion-retrieval-v3,sha256:5fc6a9a0d5ff5721954fad8f2855c204301e59ef0b28a91d8d9bdbaf48cb659b,4,bm25,TF008,product_specific,True,False,10,6,3abbb958-eafe-4ffe-bcfc-dafa7349c15c,3.0214383602142334,False,0.33260000054724514
transfusion-retrieval-v3,sha256:5fc6a9a0d5ff5721954fad8f2855c204301e59ef0b28a91d8d9bdbaf48cb659b,4,bm25,TF008,product_specific,True,False,10,7,81a83ec4-b5d1-4305-9f44-93e5fa935ffe,2.912224054336548,False,0.33260000054724514
transfusion-retrieval-v3,sha256:5fc6a9a0d5ff5721954fad8f2855c204301e59ef0b28a91d8d9bdbaf48cb659b,4,bm25,TF008,product_specific,True,False,10,8,1b376f6f-5ee5-4d05-a585-f3aa6b7ee824,2.638962745666504,False,0.33260000054724514
transfusion-retrieval-v3,sha256:5fc6a9a0d5ff5721954fad8f2855c204301e59ef0b28a91d8d9bdbaf48cb659b,4,bm25,TF008,product_specific,True,False,10,9,b7876bcb-b1d0-409a-831d-45e59e35a44e,2.5731148719787598,False,0.33260000054724514
transfusion-retrieval-v3,sha256:5fc6a9a0d5ff5721954fad8f2855c204301e59ef0b28a91d8d9bdbaf48cb659b,4,bm25,TF008,product_specific,True,False,10,10,23c6ca0d-04bf-4081-b90a-9819029dcd73,2.5310122966766357,False,0.33260000054724514
transfusion-retrieval-v3,sha256:5fc6a9a0d5ff5721954fad8f2855c204301e59ef0b28a91d8d9bdbaf48cb659b,4,bm25,TF009,product_specific,True,False,1,1,9131e9a9-eff3-4f4e-a20b-4bdd456c35bc,8.340328216552734,False,0.3744999994523823
transfusion-retrieval-v3,sha256:5fc6a9a0d5ff5721954fad8f2855c204301e59ef0b28a91d8d9bdbaf48cb659b,4,bm25,TF009,product_specific,True,False,3,1,9131e9a9-eff3-4f4e-a20b-4bdd456c35bc,8.340328216552734,False,0.3744999994523823
transfusion-retrieval-v3,sha256:5fc6a9a0d5ff5721954fad8f2855c204301e59ef0b28a91d8d9bdbaf48cb659b,4,bm25,TF009,product_specific,True,False,3,2,d4c1a9ca-23c5-4ae0-9a51-c56675b2e6d1,5.195580005645752,True,0.3744999994523823
transfusion-retrieval-v3,sha256:5fc6a9a0d5ff5721954fad8f2855c204301e59ef0b28a91d8d9bdbaf48cb659b,4,bm25,TF009,product_specific,True,False,3,3,fbf62ef9-25b7-437c-98d8-c4934fba0fe6,4.584576606750488,False,0.3744999994523823
transfusion-retrieval-v3,sha256:5fc6a9a0d5ff5721954fad8f2855c204301e59ef0b28a91d8d9bdbaf48cb659b,4,bm25,TF009,product_specific,True,False,5,1,9131e9a9-eff3-4f4e-a20b-4bdd456c35bc,8.340328216552734,False,0.3744999994523823
transfusion-retrieval-v3,sha256:5fc6a9a0d5ff5721954fad8f2855c204301e59ef0b28a91d8d9bdbaf48cb659b,4,bm25,TF009,product_specific,True,False,5,2,d4c1a9ca-23c5-4ae0-9a51-c56675b2e6d1,5.195580005645752,True,0.3744999994523823
transfusion-retrieval-v3,sha256:5fc6a9a0d5ff5721954fad8f2855c204301e59ef0b28a91d8d9bdbaf48cb659b,4,bm25,TF009,product_specific,True,False,5,3,fbf62ef9-25b7-437c-98d8-c4934fba0fe6,4.584576606750488,False,0.3744999994523823
transfusion-retrieval-v3,sha256:5fc6a9a0d5ff5721954fad8f2855c204301e59ef0b28a91d8d9bdbaf48cb659b,4,bm25,TF009,product_specific,True,False,5,4,e96acbc9-66b4-4df4-953b-3f7b0a846bbc,4.372694492340088,False,0.3744999994523823
transfusion-retrieval-v3,sha256:5fc6a9a0d5ff5721954fad8f2855c204301e59ef0b28a91d8d9bdbaf48cb659b,4,bm25,TF009,product_specific,True,False,5,5,2cea4ea7-7aaf-4c54-ac4e-b660de52065d,4.310486316680908,False,0.3744999994523823
transfusion-retrieval-v3,sha256:5fc6a9a0d5ff5721954fad8f2855c204301e59ef0b28a91d8d9bdbaf48cb659b,4,bm25,TF009,product_specific,True,False,10,1,9131e9a9-eff3-4f4e-a20b-4bdd456c35bc,8.340328216552734,False,0.3744999994523823
transfusion-retrieval-v3,sha256:5fc6a9a0d5ff5721954fad8f2855c204301e59ef0b28a91d8d9bdbaf48cb659b,4,bm25,TF009,product_specific,True,False,10,2,d4c1a9ca-23c5-4ae0-9a51-c56675b2e6d1,5.195580005645752,True,0.3744999994523823
transfusion-retrieval-v3,sha256:5fc6a9a0d5ff5721954fad8f2855c204301e59ef0b28a91d8d9bdbaf48cb659b,4,bm25,TF009,product_specific,True,False,10,3,fbf62ef9-25b7-437c-98d8-c4934fba0fe6,4.584576606750488,False,0.3744999994523823
transfusion-retrieval-v3,sha256:5fc6a9a0d5ff5721954fad8f2855c204301e59ef0b28a91d8d9bdbaf48cb659b,4,bm25,TF009,product_specific,True,False,10,4,e96acbc9-66b4-4df4-953b-3f7b0a846bbc,4.372694492340088,False,0.3744999994523823
transfusion-retrieval-v3,sha256:5fc6a9a0d5ff5721954fad8f2855c204301e59ef0b28a91d8d9bdbaf48cb659b,4,bm25,TF009,product_specific,True,False,10,5,2cea4ea7-7aaf-4c54-ac4e-b660de52065d,4.310486316680908,False,0.3744999994523823
transfusion-retrieval-v3,sha256:5fc6a9a0d5ff5721954fad8f2855c204301e59ef0b28a91d8d9bdbaf48cb659b,4,bm25,TF009,product_specific,True,False,10,6,3abbb958-eafe-4ffe-bcfc-dafa7349c15c,4.2608842849731445,False,0.3744999994523823
transfusion-retrieval-v3,sha256:5fc6a9a0d5ff5721954fad8f2855c204301e59ef0b28a91d8d9bdbaf48cb659b,4,bm25,TF009,product_specific,True,False,10,7,b66e5419-8a9c-47f4-866d-ebdb95b174b2,4.247298717498779,False,0.3744999994523823
transfusion-retrieval-v3,sha256:5fc6a9a0d5ff5721954fad8f2855c204301e59ef0b28a91d8d9bdbaf48cb659b,4,bm25,TF009,product_specific,True,False,10,8,e62b0c91-ff0c-43b2-9bd5-ff173d9f8bc0,4.0696516036987305,False,0.3744999994523823
transfusion-retrieval-v3,sha256:5fc6a9a0d5ff5721954fad8f2855c204301e59ef0b28a91d8d9bdbaf48cb659b,4,bm25,TF009,product_specific,True,False,10,9,4c0dde2a-0432-4cb2-ad33-987f5979ff76,3.84786319732666,False,0.3744999994523823
transfusion-retrieval-v3,sha256:5fc6a9a0d5ff5721954fad8f2855c204301e59ef0b28a91d8d9bdbaf48cb659b,4,bm25,TF009,product_specific,True,False,10,10,dfb2693a-e821-4d6e-bbcc-0dbf3dc2a2ae,3.7838845252990723,False,0.3744999994523823
transfusion-retrieval-v3,sha256:5fc6a9a0d5ff5721954fad8f2855c204301e59ef0b28a91d8d9bdbaf48cb659b,4,bm25,TF010,product_specific,True,False,1,1,54fdf811-dedd-4016-b144-3e4bfdcd67c8,9.561455726623535,True,0.32929999724728987
transfusion-retrieval-v3,sha256:5fc6a9a0d5ff5721954fad8f2855c204301e59ef0b28a91d8d9bdbaf48cb659b,4,bm25,TF010,product_specific,True,False,3,1,54fdf811-dedd-4016-b144-3e4bfdcd67c8,9.561455726623535,True,0.32929999724728987
transfusion-retrieval-v3,sha256:5fc6a9a0d5ff5721954fad8f2855c204301e59ef0b28a91d8d9bdbaf48cb659b,4,bm25,TF010,product_specific,True,False,3,2,d4c1a9ca-23c5-4ae0-9a51-c56675b2e6d1,9.034183502197266,False,0.32929999724728987
transfusion-retrieval-v3,sha256:5fc6a9a0d5ff5721954fad8f2855c204301e59ef0b28a91d8d9bdbaf48cb659b,4,bm25,TF010,product_specific,True,False,3,3,9131e9a9-eff3-4f4e-a20b-4bdd456c35bc,7.51022481918335,True,0.32929999724728987
transfusion-retrieval-v3,sha256:5fc6a9a0d5ff5721954fad8f2855c204301e59ef0b28a91d8d9bdbaf48cb659b,4,bm25,TF010,product_specific,True,False,5,1,54fdf811-dedd-4016-b144-3e4bfdcd67c8,9.561455726623535,True,0.32929999724728987
transfusion-retrieval-v3,sha256:5fc6a9a0d5ff5721954fad8f2855c204301e59ef0b28a91d8d9bdbaf48cb659b,4,bm25,TF010,product_specific,True,False,5,2,d4c1a9ca-23c5-4ae0-9a51-c56675b2e6d1,9.034183502197266,False,0.32929999724728987
transfusion-retrieval-v3,sha256:5fc6a9a0d5ff5721954fad8f2855c204301e59ef0b28a91d8d9bdbaf48cb659b,4,bm25,TF010,product_specific,True,False,5,3,9131e9a9-eff3-4f4e-a20b-4bdd456c35bc,7.51022481918335,True,0.32929999724728987
transfusion-retrieval-v3,sha256:5fc6a9a0d5ff5721954fad8f2855c204301e59ef0b28a91d8d9bdbaf48cb659b,4,bm25,TF010,product_specific,True,False,5,4,e96acbc9-66b4-4df4-953b-3f7b0a846bbc,4.620869159698486,False,0.32929999724728987
transfusion-retrieval-v3,sha256:5fc6a9a0d5ff5721954fad8f2855c204301e59ef0b28a91d8d9bdbaf48cb659b,4,bm25,TF010,product_specific,True,False,5,5,df699ccc-6f51-4281-b4a4-f3d2a20631e0,4.1182122230529785,False,0.32929999724728987
transfusion-retrieval-v3,sha256:5fc6a9a0d5ff5721954fad8f2855c204301e59ef0b28a91d8d9bdbaf48cb659b,4,bm25,TF010,product_specific,True,False,10,1,54fdf811-dedd-4016-b144-3e4bfdcd67c8,9.561455726623535,True,0.32929999724728987
transfusion-retrieval-v3,sha256:5fc6a9a0d5ff5721954fad8f2855c204301e59ef0b28a91d8d9bdbaf48cb659b,4,bm25,TF010,product_specific,True,False,10,2,d4c1a9ca-23c5-4ae0-9a51-c56675b2e6d1,9.034183502197266,False,0.32929999724728987
transfusion-retrieval-v3,sha256:5fc6a9a0d5ff5721954fad8f2855c204301e59ef0b28a91d8d9bdbaf48cb659b,4,bm25,TF010,product_specific,True,False,10,3,9131e9a9-eff3-4f4e-a20b-4bdd456c35bc,7.51022481918335,True,0.32929999724728987
transfusion-retrieval-v3,sha256:5fc6a9a0d5ff5721954fad8f2855c204301e59ef0b28a91d8d9bdbaf48cb659b,4,bm25,TF010,product_specific,True,False,10,4,e96acbc9-66b4-4df4-953b-3f7b0a846bbc,4.620869159698486,False,0.32929999724728987
transfusion-retrieval-v3,sha256:5fc6a9a0d5ff5721954fad8f2855c204301e59ef0b28a91d8d9bdbaf48cb659b,4,bm25,TF010,product_specific,True,False,10,5,df699ccc-6f51-4281-b4a4-f3d2a20631e0,4.1182122230529785,False,0.32929999724728987
transfusion-retrieval-v3,sha256:5fc6a9a0d5ff5721954fad8f2855c204301e59ef0b28a91d8d9bdbaf48cb659b,4,bm25,TF010,product_specific,True,False,10,6,3abbb958-eafe-4ffe-bcfc-dafa7349c15c,3.0214383602142334,False,0.32929999724728987
transfusion-retrieval-v3,sha256:5fc6a9a0d5ff5721954fad8f2855c204301e59ef0b28a91d8d9bdbaf48cb659b,4,bm25,TF010,product_specific,True,False,10,7,919e93ca-fed9-4dde-b9b8-f870e207a3f3,1.8727848529815674,False,0.32929999724728987
transfusion-retrieval-v3,sha256:5fc6a9a0d5ff5721954fad8f2855c204301e59ef0b28a91d8d9bdbaf48cb659b,4,bm25,TF010,product_specific,True,False,10,8,fb4884e3-8fea-42fa-b996-7e9c333e7fef,0.0,False,0.32929999724728987
transfusion-retrieval-v3,sha256:5fc6a9a0d5ff5721954fad8f2855c204301e59ef0b28a91d8d9bdbaf48cb659b,4,bm25,TF010,product_specific,True,False,10,9,761b9529-5b18-4262-8174-6062c35fb31c,0.0,False,0.32929999724728987
transfusion-retrieval-v3,sha256:5fc6a9a0d5ff5721954fad8f2855c204301e59ef0b28a91d8d9bdbaf48cb659b,4,bm25,TF010,product_specific,True,False,10,10,c78ff32d-ea17-41fd-98ef-2e8872f01df3,0.0,False,0.32929999724728987
transfusion-retrieval-v3,sha256:5fc6a9a0d5ff5721954fad8f2855c204301e59ef0b28a91d8d9bdbaf48cb659b,4,bm25,TF011,paraphrase,True,False,1,1,9131e9a9-eff3-4f4e-a20b-4bdd456c35bc,7.880637168884277,False,0.44049999996786937
transfusion-retrieval-v3,sha256:5fc6a9a0d5ff5721954fad8f2855c204301e59ef0b28a91d8d9bdbaf48cb659b,4,bm25,TF011,paraphrase,True,False,3,1,9131e9a9-eff3-4f4e-a20b-4bdd456c35bc,7.880637168884277,False,0.44049999996786937
transfusion-retrieval-v3,sha256:5fc6a9a0d5ff5721954fad8f2855c204301e59ef0b28a91d8d9bdbaf48cb659b,4,bm25,TF011,paraphrase,True,False,3,2,d4c1a9ca-23c5-4ae0-9a51-c56675b2e6d1,5.195579528808594,False,0.44049999996786937
transfusion-retrieval-v3,sha256:5fc6a9a0d5ff5721954fad8f2855c204301e59ef0b28a91d8d9bdbaf48cb659b,4,bm25,TF011,paraphrase,True,False,3,3,2cea4ea7-7aaf-4c54-ac4e-b660de52065d,5.016517639160156,False,0.44049999996786937
transfusion-retrieval-v3,sha256:5fc6a9a0d5ff5721954fad8f2855c204301e59ef0b28a91d8d9bdbaf48cb659b,4,bm25,TF011,paraphrase,True,False,5,1,9131e9a9-eff3-4f4e-a20b-4bdd456c35bc,7.880637168884277,False,0.44049999996786937
transfusion-retrieval-v3,sha256:5fc6a9a0d5ff5721954fad8f2855c204301e59ef0b28a91d8d9bdbaf48cb659b,4,bm25,TF011,paraphrase,True,False,5,2,d4c1a9ca-23c5-4ae0-9a51-c56675b2e6d1,5.195579528808594,False,0.44049999996786937
transfusion-retrieval-v3,sha256:5fc6a9a0d5ff5721954fad8f2855c204301e59ef0b28a91d8d9bdbaf48cb659b,4,bm25,TF011,paraphrase,True,False,5,3,2cea4ea7-7aaf-4c54-ac4e-b660de52065d,5.016517639160156,False,0.44049999996786937
transfusion-retrieval-v3,sha256:5fc6a9a0d5ff5721954fad8f2855c204301e59ef0b28a91d8d9bdbaf48cb659b,4,bm25,TF011,paraphrase,True,False,5,4,fbf62ef9-25b7-437c-98d8-c4934fba0fe6,4.652316093444824,False,0.44049999996786937
transfusion-retrieval-v3,sha256:5fc6a9a0d5ff5721954fad8f2855c204301e59ef0b28a91d8d9bdbaf48cb659b,4,bm25,TF011,paraphrase,True,False,5,5,e96acbc9-66b4-4df4-953b-3f7b0a846bbc,4.372694969177246,False,0.44049999996786937
transfusion-retrieval-v3,sha256:5fc6a9a0d5ff5721954fad8f2855c204301e59ef0b28a91d8d9bdbaf48cb659b,4,bm25,TF011,paraphrase,True,False,10,1,9131e9a9-eff3-4f4e-a20b-4bdd456c35bc,7.880637168884277,False,0.44049999996786937
transfusion-retrieval-v3,sha256:5fc6a9a0d5ff5721954fad8f2855c204301e59ef0b28a91d8d9bdbaf48cb659b,4,bm25,TF011,paraphrase,True,False,10,2,d4c1a9ca-23c5-4ae0-9a51-c56675b2e6d1,5.195579528808594,False,0.44049999996786937
transfusion-retrieval-v3,sha256:5fc6a9a0d5ff5721954fad8f2855c204301e59ef0b28a91d8d9bdbaf48cb659b,4,bm25,TF011,paraphrase,True,False,10,3,2cea4ea7-7aaf-4c54-ac4e-b660de52065d,5.016517639160156,False,0.44049999996786937
transfusion-retrieval-v3,sha256:5fc6a9a0d5ff5721954fad8f2855c204301e59ef0b28a91d8d9bdbaf48cb659b,4,bm25,TF011,paraphrase,True,False,10,4,fbf62ef9-25b7-437c-98d8-c4934fba0fe6,4.652316093444824,False,0.44049999996786937
transfusion-retrieval-v3,sha256:5fc6a9a0d5ff5721954fad8f2855c204301e59ef0b28a91d8d9bdbaf48cb659b,4,bm25,TF011,paraphrase,True,False,10,5,e96acbc9-66b4-4df4-953b-3f7b0a846bbc,4.372694969177246,False,0.44049999996786937
transfusion-retrieval-v3,sha256:5fc6a9a0d5ff5721954fad8f2855c204301e59ef0b28a91d8d9bdbaf48cb659b,4,bm25,TF011,paraphrase,True,False,10,6,d3b7d61b-50f0-4b96-a770-785a9f3c3886,4.369418144226074,False,0.44049999996786937
transfusion-retrieval-v3,sha256:5fc6a9a0d5ff5721954fad8f2855c204301e59ef0b28a91d8d9bdbaf48cb659b,4,bm25,TF011,paraphrase,True,False,10,7,dfb2693a-e821-4d6e-bbcc-0dbf3dc2a2ae,4.246716499328613,False,0.44049999996786937
transfusion-retrieval-v3,sha256:5fc6a9a0d5ff5721954fad8f2855c204301e59ef0b28a91d8d9bdbaf48cb659b,4,bm25,TF011,paraphrase,True,False,10,8,e62b0c91-ff0c-43b2-9bd5-ff173d9f8bc0,4.0696516036987305,False,0.44049999996786937
transfusion-retrieval-v3,sha256:5fc6a9a0d5ff5721954fad8f2855c204301e59ef0b28a91d8d9bdbaf48cb659b,4,bm25,TF011,paraphrase,True,False,10,9,4c0dde2a-0432-4cb2-ad33-987f5979ff76,3.84786319732666,False,0.44049999996786937
transfusion-retrieval-v3,sha256:5fc6a9a0d5ff5721954fad8f2855c204301e59ef0b28a91d8d9bdbaf48cb659b,4,bm25,TF011,paraphrase,True,False,10,10,b66e5419-8a9c-47f4-866d-ebdb95b174b2,3.783297061920166,False,0.44049999996786937
transfusion-retrieval-v3,sha256:5fc6a9a0d5ff5721954fad8f2855c204301e59ef0b28a91d8d9bdbaf48cb659b,4,bm25,TF012,product_specific,True,False,1,1,2cea4ea7-7aaf-4c54-ac4e-b660de52065d,10.292104721069336,False,0.7662999996682629
transfusion-retrieval-v3,sha256:5fc6a9a0d5ff5721954fad8f2855c204301e59ef0b28a91d8d9bdbaf48cb659b,4,bm25,TF012,product_specific,True,False,3,1,2cea4ea7-7aaf-4c54-ac4e-b660de52065d,10.292104721069336,False,0.7662999996682629
transfusion-retrieval-v3,sha256:5fc6a9a0d5ff5721954fad8f2855c204301e59ef0b28a91d8d9bdbaf48cb659b,4,bm25,TF012,product_specific,True,False,3,2,bc88f538-e881-4c81-85e9-fca20614315d,8.61343002319336,True,0.7662999996682629
transfusion-retrieval-v3,sha256:5fc6a9a0d5ff5721954fad8f2855c204301e59ef0b28a91d8d9bdbaf48cb659b,4,bm25,TF012,product_specific,True,False,3,3,21efe016-3004-45f3-a070-29ce2ecb0019,8.397099494934082,False,0.7662999996682629
transfusion-retrieval-v3,sha256:5fc6a9a0d5ff5721954fad8f2855c204301e59ef0b28a91d8d9bdbaf48cb659b,4,bm25,TF012,product_specific,True,False,5,1,2cea4ea7-7aaf-4c54-ac4e-b660de52065d,10.292104721069336,False,0.7662999996682629
transfusion-retrieval-v3,sha256:5fc6a9a0d5ff5721954fad8f2855c204301e59ef0b28a91d8d9bdbaf48cb659b,4,bm25,TF012,product_specific,True,False,5,2,bc88f538-e881-4c81-85e9-fca20614315d,8.61343002319336,True,0.7662999996682629
transfusion-retrieval-v3,sha256:5fc6a9a0d5ff5721954fad8f2855c204301e59ef0b28a91d8d9bdbaf48cb659b,4,bm25,TF012,product_specific,True,False,5,3,21efe016-3004-45f3-a070-29ce2ecb0019,8.397099494934082,False,0.7662999996682629
transfusion-retrieval-v3,sha256:5fc6a9a0d5ff5721954fad8f2855c204301e59ef0b28a91d8d9bdbaf48cb659b,4,bm25,TF012,product_specific,True,False,5,4,9b6cc313-9a59-4387-a5ce-2ed14389a0a7,7.56114387512207,False,0.7662999996682629
transfusion-retrieval-v3,sha256:5fc6a9a0d5ff5721954fad8f2855c204301e59ef0b28a91d8d9bdbaf48cb659b,4,bm25,TF012,product_specific,True,False,5,5,5de4d74d-720e-4d86-a836-f946d70a2d32,7.24274206161499,False,0.7662999996682629
transfusion-retrieval-v3,sha256:5fc6a9a0d5ff5721954fad8f2855c204301e59ef0b28a91d8d9bdbaf48cb659b,4,bm25,TF012,product_specific,True,False,10,1,2cea4ea7-7aaf-4c54-ac4e-b660de52065d,10.292104721069336,False,0.7662999996682629
transfusion-retrieval-v3,sha256:5fc6a9a0d5ff5721954fad8f2855c204301e59ef0b28a91d8d9bdbaf48cb659b,4,bm25,TF012,product_specific,True,False,10,2,bc88f538-e881-4c81-85e9-fca20614315d,8.61343002319336,True,0.7662999996682629
transfusion-retrieval-v3,sha256:5fc6a9a0d5ff5721954fad8f2855c204301e59ef0b28a91d8d9bdbaf48cb659b,4,bm25,TF012,product_specific,True,False,10,3,21efe016-3004-45f3-a070-29ce2ecb0019,8.397099494934082,False,0.7662999996682629
transfusion-retrieval-v3,sha256:5fc6a9a0d5ff5721954fad8f2855c204301e59ef0b28a91d8d9bdbaf48cb659b,4,bm25,TF012,product_specific,True,False,10,4,9b6cc313-9a59-4387-a5ce-2ed14389a0a7,7.56114387512207,False,0.7662999996682629
transfusion-retrieval-v3,sha256:5fc6a9a0d5ff5721954fad8f2855c204301e59ef0b28a91d8d9bdbaf48cb659b,4,bm25,TF012,product_specific,True,False,10,5,5de4d74d-720e-4d86-a836-f946d70a2d32,7.24274206161499,False,0.7662999996682629
transfusion-retrieval-v3,sha256:5fc6a9a0d5ff5721954fad8f2855c204301e59ef0b28a91d8d9bdbaf48cb659b,4,bm25,TF012,product_specific,True,False,10,6,b66e5419-8a9c-47f4-866d-ebdb95b174b2,6.799587249755859,False,0.7662999996682629
transfusion-retrieval-v3,sha256:5fc6a9a0d5ff5721954fad8f2855c204301e59ef0b28a91d8d9bdbaf48cb659b,4,bm25,TF012,product_specific,True,False,10,7,e62b0c91-ff0c-43b2-9bd5-ff173d9f8bc0,5.039976596832275,False,0.7662999996682629
transfusion-retrieval-v3,sha256:5fc6a9a0d5ff5721954fad8f2855c204301e59ef0b28a91d8d9bdbaf48cb659b,4,bm25,TF012,product_specific,True,False,10,8,23c6ca0d-04bf-4081-b90a-9819029dcd73,4.163450241088867,False,0.7662999996682629
transfusion-retrieval-v3,sha256:5fc6a9a0d5ff5721954fad8f2855c204301e59ef0b28a91d8d9bdbaf48cb659b,4,bm25,TF012,product_specific,True,False,10,9,4c0dde2a-0432-4cb2-ad33-987f5979ff76,3.1096293926239014,False,0.7662999996682629
transfusion-retrieval-v3,sha256:5fc6a9a0d5ff5721954fad8f2855c204301e59ef0b28a91d8d9bdbaf48cb659b,4,bm25,TF012,product_specific,True,False,10,10,73735f01-c9d0-4dd5-8d46-c70045e4b334,2.873859405517578,False,0.7662999996682629
transfusion-retrieval-v3,sha256:5fc6a9a0d5ff5721954fad8f2855c204301e59ef0b28a91d8d9bdbaf48cb659b,4,bm25,TF013,product_specific,True,False,1,1,2cea4ea7-7aaf-4c54-ac4e-b660de52065d,16.646203994750977,False,0.6420999998226762
transfusion-retrieval-v3,sha256:5fc6a9a0d5ff5721954fad8f2855c204301e59ef0b28a91d8d9bdbaf48cb659b,4,bm25,TF013,product_specific,True,False,3,1,2cea4ea7-7aaf-4c54-ac4e-b660de52065d,16.646203994750977,False,0.6420999998226762
transfusion-retrieval-v3,sha256:5fc6a9a0d5ff5721954fad8f2855c204301e59ef0b28a91d8d9bdbaf48cb659b,4,bm25,TF013,product_specific,True,False,3,2,21efe016-3004-45f3-a070-29ce2ecb0019,14.344086647033691,False,0.6420999998226762
transfusion-retrieval-v3,sha256:5fc6a9a0d5ff5721954fad8f2855c204301e59ef0b28a91d8d9bdbaf48cb659b,4,bm25,TF013,product_specific,True,False,3,3,bc88f538-e881-4c81-85e9-fca20614315d,10.155176162719727,False,0.6420999998226762
transfusion-retrieval-v3,sha256:5fc6a9a0d5ff5721954fad8f2855c204301e59ef0b28a91d8d9bdbaf48cb659b,4,bm25,TF013,product_specific,True,False,5,1,2cea4ea7-7aaf-4c54-ac4e-b660de52065d,16.646203994750977,False,0.6420999998226762
transfusion-retrieval-v3,sha256:5fc6a9a0d5ff5721954fad8f2855c204301e59ef0b28a91d8d9bdbaf48cb659b,4,bm25,TF013,product_specific,True,False,5,2,21efe016-3004-45f3-a070-29ce2ecb0019,14.344086647033691,False,0.6420999998226762
transfusion-retrieval-v3,sha256:5fc6a9a0d5ff5721954fad8f2855c204301e59ef0b28a91d8d9bdbaf48cb659b,4,bm25,TF013,product_specific,True,False,5,3,bc88f538-e881-4c81-85e9-fca20614315d,10.155176162719727,False,0.6420999998226762
transfusion-retrieval-v3,sha256:5fc6a9a0d5ff5721954fad8f2855c204301e59ef0b28a91d8d9bdbaf48cb659b,4,bm25,TF013,product_specific,True,False,5,4,b66e5419-8a9c-47f4-866d-ebdb95b174b2,9.404410362243652,True,0.6420999998226762
transfusion-retrieval-v3,sha256:5fc6a9a0d5ff5721954fad8f2855c204301e59ef0b28a91d8d9bdbaf48cb659b,4,bm25,TF013,product_specific,True,False,5,5,3abbb958-eafe-4ffe-bcfc-dafa7349c15c,7.678774356842041,False,0.6420999998226762
transfusion-retrieval-v3,sha256:5fc6a9a0d5ff5721954fad8f2855c204301e59ef0b28a91d8d9bdbaf48cb659b,4,bm25,TF013,product_specific,True,False,10,1,2cea4ea7-7aaf-4c54-ac4e-b660de52065d,16.646203994750977,False,0.6420999998226762
transfusion-retrieval-v3,sha256:5fc6a9a0d5ff5721954fad8f2855c204301e59ef0b28a91d8d9bdbaf48cb659b,4,bm25,TF013,product_specific,True,False,10,2,21efe016-3004-45f3-a070-29ce2ecb0019,14.344086647033691,False,0.6420999998226762
transfusion-retrieval-v3,sha256:5fc6a9a0d5ff5721954fad8f2855c204301e59ef0b28a91d8d9bdbaf48cb659b,4,bm25,TF013,product_specific,True,False,10,3,bc88f538-e881-4c81-85e9-fca20614315d,10.155176162719727,False,0.6420999998226762
transfusion-retrieval-v3,sha256:5fc6a9a0d5ff5721954fad8f2855c204301e59ef0b28a91d8d9bdbaf48cb659b,4,bm25,TF013,product_specific,True,False,10,4,b66e5419-8a9c-47f4-866d-ebdb95b174b2,9.404410362243652,True,0.6420999998226762
transfusion-retrieval-v3,sha256:5fc6a9a0d5ff5721954fad8f2855c204301e59ef0b28a91d8d9bdbaf48cb659b,4,bm25,TF013,product_specific,True,False,10,5,3abbb958-eafe-4ffe-bcfc-dafa7349c15c,7.678774356842041,False,0.6420999998226762
transfusion-retrieval-v3,sha256:5fc6a9a0d5ff5721954fad8f2855c204301e59ef0b28a91d8d9bdbaf48cb659b,4,bm25,TF013,product_specific,True,False,10,6,22e6c188-2e4c-4029-b200-7770a3f00e6e,6.105709552764893,False,0.6420999998226762
transfusion-retrieval-v3,sha256:5fc6a9a0d5ff5721954fad8f2855c204301e59ef0b28a91d8d9bdbaf48cb659b,4,bm25,TF013,product_specific,True,False,10,7,4c0dde2a-0432-4cb2-ad33-987f5979ff76,4.830891132354736,False,0.6420999998226762
transfusion-retrieval-v3,sha256:5fc6a9a0d5ff5721954fad8f2855c204301e59ef0b28a91d8d9bdbaf48cb659b,4,bm25,TF013,product_specific,True,False,10,8,fbf62ef9-25b7-437c-98d8-c4934fba0fe6,3.7905306816101074,False,0.6420999998226762
transfusion-retrieval-v3,sha256:5fc6a9a0d5ff5721954fad8f2855c204301e59ef0b28a91d8d9bdbaf48cb659b,4,bm25,TF013,product_specific,True,False,10,9,48b9789d-5088-4ba1-a82a-be3a6396ce85,3.5334229469299316,False,0.6420999998226762
transfusion-retrieval-v3,sha256:5fc6a9a0d5ff5721954fad8f2855c204301e59ef0b28a91d8d9bdbaf48cb659b,4,bm25,TF013,product_specific,True,False,10,10,dfb2693a-e821-4d6e-bbcc-0dbf3dc2a2ae,3.319883108139038,False,0.6420999998226762
transfusion-retrieval-v3,sha256:5fc6a9a0d5ff5721954fad8f2855c204301e59ef0b28a91d8d9bdbaf48cb659b,4,bm25,TF014,temporal,True,False,1,1,b66e5419-8a9c-47f4-866d-ebdb95b174b2,20.31056785583496,True,0.4133000002184417
transfusion-retrieval-v3,sha256:5fc6a9a0d5ff5721954fad8f2855c204301e59ef0b28a91d8d9bdbaf48cb659b,4,bm25,TF014,temporal,True,False,3,1,b66e5419-8a9c-47f4-866d-ebdb95b174b2,20.31056785583496,True,0.4133000002184417
transfusion-retrieval-v3,sha256:5fc6a9a0d5ff5721954fad8f2855c204301e59ef0b28a91d8d9bdbaf48cb659b,4,bm25,TF014,temporal,True,False,3,2,2cea4ea7-7aaf-4c54-ac4e-b660de52065d,16.020414352416992,False,0.4133000002184417
transfusion-retrieval-v3,sha256:5fc6a9a0d5ff5721954fad8f2855c204301e59ef0b28a91d8d9bdbaf48cb659b,4,bm25,TF014,temporal,True,False,3,3,21efe016-3004-45f3-a070-29ce2ecb0019,14.604874610900879,True,0.4133000002184417
transfusion-retrieval-v3,sha256:5fc6a9a0d5ff5721954fad8f2855c204301e59ef0b28a91d8d9bdbaf48cb659b,4,bm25,TF014,temporal,True,False,5,1,b66e5419-8a9c-47f4-866d-ebdb95b174b2,20.31056785583496,True,0.4133000002184417
transfusion-retrieval-v3,sha256:5fc6a9a0d5ff5721954fad8f2855c204301e59ef0b28a91d8d9bdbaf48cb659b,4,bm25,TF014,temporal,True,False,5,2,2cea4ea7-7aaf-4c54-ac4e-b660de52065d,16.020414352416992,False,0.4133000002184417
transfusion-retrieval-v3,sha256:5fc6a9a0d5ff5721954fad8f2855c204301e59ef0b28a91d8d9bdbaf48cb659b,4,bm25,TF014,temporal,True,False,5,3,21efe016-3004-45f3-a070-29ce2ecb0019,14.604874610900879,True,0.4133000002184417
transfusion-retrieval-v3,sha256:5fc6a9a0d5ff5721954fad8f2855c204301e59ef0b28a91d8d9bdbaf48cb659b,4,bm25,TF014,temporal,True,False,5,4,9552a4ac-31b4-43a8-aa92-37bd3e89362a,5.974932670593262,False,0.4133000002184417
transfusion-retrieval-v3,sha256:5fc6a9a0d5ff5721954fad8f2855c204301e59ef0b28a91d8d9bdbaf48cb659b,4,bm25,TF014,temporal,True,False,5,5,bc88f538-e881-4c81-85e9-fca20614315d,5.920633316040039,False,0.4133000002184417
transfusion-retrieval-v3,sha256:5fc6a9a0d5ff5721954fad8f2855c204301e59ef0b28a91d8d9bdbaf48cb659b,4,bm25,TF014,temporal,True,False,10,1,b66e5419-8a9c-47f4-866d-ebdb95b174b2,20.31056785583496,True,0.4133000002184417
transfusion-retrieval-v3,sha256:5fc6a9a0d5ff5721954fad8f2855c204301e59ef0b28a91d8d9bdbaf48cb659b,4,bm25,TF014,temporal,True,False,10,2,2cea4ea7-7aaf-4c54-ac4e-b660de52065d,16.020414352416992,False,0.4133000002184417
transfusion-retrieval-v3,sha256:5fc6a9a0d5ff5721954fad8f2855c204301e59ef0b28a91d8d9bdbaf48cb659b,4,bm25,TF014,temporal,True,False,10,3,21efe016-3004-45f3-a070-29ce2ecb0019,14.604874610900879,True,0.4133000002184417
transfusion-retrieval-v3,sha256:5fc6a9a0d5ff5721954fad8f2855c204301e59ef0b28a91d8d9bdbaf48cb659b,4,bm25,TF014,temporal,True,False,10,4,9552a4ac-31b4-43a8-aa92-37bd3e89362a,5.974932670593262,False,0.4133000002184417
transfusion-retrieval-v3,sha256:5fc6a9a0d5ff5721954fad8f2855c204301e59ef0b28a91d8d9bdbaf48cb659b,4,bm25,TF014,temporal,True,False,10,5,bc88f538-e881-4c81-85e9-fca20614315d,5.920633316040039,False,0.4133000002184417
transfusion-retrieval-v3,sha256:5fc6a9a0d5ff5721954fad8f2855c204301e59ef0b28a91d8d9bdbaf48cb659b,4,bm25,TF014,temporal,True,False,10,6,4c0dde2a-0432-4cb2-ad33-987f5979ff76,4.830891132354736,False,0.4133000002184417
transfusion-retrieval-v3,sha256:5fc6a9a0d5ff5721954fad8f2855c204301e59ef0b28a91d8d9bdbaf48cb659b,4,bm25,TF014,temporal,True,False,10,7,84c0a864-176f-4776-a15e-167fc2518e5d,4.772139072418213,False,0.4133000002184417
transfusion-retrieval-v3,sha256:5fc6a9a0d5ff5721954fad8f2855c204301e59ef0b28a91d8d9bdbaf48cb659b,4,bm25,TF014,temporal,True,False,10,8,fbf62ef9-25b7-437c-98d8-c4934fba0fe6,4.584576606750488,False,0.4133000002184417
transfusion-retrieval-v3,sha256:5fc6a9a0d5ff5721954fad8f2855c204301e59ef0b28a91d8d9bdbaf48cb659b,4,bm25,TF014,temporal,True,False,10,9,3abbb958-eafe-4ffe-bcfc-dafa7349c15c,4.2608842849731445,False,0.4133000002184417
transfusion-retrieval-v3,sha256:5fc6a9a0d5ff5721954fad8f2855c204301e59ef0b28a91d8d9bdbaf48cb659b,4,bm25,TF014,temporal,True,False,10,10,dfb2693a-e821-4d6e-bbcc-0dbf3dc2a2ae,3.7838845252990723,False,0.4133000002184417
transfusion-retrieval-v3,sha256:5fc6a9a0d5ff5721954fad8f2855c204301e59ef0b28a91d8d9bdbaf48cb659b,4,bm25,TF015,product_specific,True,False,1,1,2cea4ea7-7aaf-4c54-ac4e-b660de52065d,13.16294002532959,False,0.3262000027461909
transfusion-retrieval-v3,sha256:5fc6a9a0d5ff5721954fad8f2855c204301e59ef0b28a91d8d9bdbaf48cb659b,4,bm25,TF015,product_specific,True,False,3,1,2cea4ea7-7aaf-4c54-ac4e-b660de52065d,13.16294002532959,False,0.3262000027461909
transfusion-retrieval-v3,sha256:5fc6a9a0d5ff5721954fad8f2855c204301e59ef0b28a91d8d9bdbaf48cb659b,4,bm25,TF015,product_specific,True,False,3,2,21efe016-3004-45f3-a070-29ce2ecb0019,12.845810890197754,True,0.3262000027461909
transfusion-retrieval-v3,sha256:5fc6a9a0d5ff5721954fad8f2855c204301e59ef0b28a91d8d9bdbaf48cb659b,4,bm25,TF015,product_specific,True,False,3,3,b66e5419-8a9c-47f4-866d-ebdb95b174b2,6.196706295013428,False,0.3262000027461909
transfusion-retrieval-v3,sha256:5fc6a9a0d5ff5721954fad8f2855c204301e59ef0b28a91d8d9bdbaf48cb659b,4,bm25,TF015,product_specific,True,False,5,1,2cea4ea7-7aaf-4c54-ac4e-b660de52065d,13.16294002532959,False,0.3262000027461909
transfusion-retrieval-v3,sha256:5fc6a9a0d5ff5721954fad8f2855c204301e59ef0b28a91d8d9bdbaf48cb659b,4,bm25,TF015,product_specific,True,False,5,2,21efe016-3004-45f3-a070-29ce2ecb0019,12.845810890197754,True,0.3262000027461909
transfusion-retrieval-v3,sha256:5fc6a9a0d5ff5721954fad8f2855c204301e59ef0b28a91d8d9bdbaf48cb659b,4,bm25,TF015,product_specific,True,False,5,3,b66e5419-8a9c-47f4-866d-ebdb95b174b2,6.196706295013428,False,0.3262000027461909
transfusion-retrieval-v3,sha256:5fc6a9a0d5ff5721954fad8f2855c204301e59ef0b28a91d8d9bdbaf48cb659b,4,bm25,TF015,product_specific,True,False,5,4,bc88f538-e881-4c81-85e9-fca20614315d,4.458576202392578,False,0.3262000027461909
transfusion-retrieval-v3,sha256:5fc6a9a0d5ff5721954fad8f2855c204301e59ef0b28a91d8d9bdbaf48cb659b,4,bm25,TF015,product_specific,True,False,5,5,4c0dde2a-0432-4cb2-ad33-987f5979ff76,2.52020001411438,False,0.3262000027461909
transfusion-retrieval-v3,sha256:5fc6a9a0d5ff5721954fad8f2855c204301e59ef0b28a91d8d9bdbaf48cb659b,4,bm25,TF015,product_specific,True,False,10,1,2cea4ea7-7aaf-4c54-ac4e-b660de52065d,13.16294002532959,False,0.3262000027461909
transfusion-retrieval-v3,sha256:5fc6a9a0d5ff5721954fad8f2855c204301e59ef0b28a91d8d9bdbaf48cb659b,4,bm25,TF015,product_specific,True,False,10,2,21efe016-3004-45f3-a070-29ce2ecb0019,12.845810890197754,True,0.3262000027461909
transfusion-retrieval-v3,sha256:5fc6a9a0d5ff5721954fad8f2855c204301e59ef0b28a91d8d9bdbaf48cb659b,4,bm25,TF015,product_specific,True,False,10,3,b66e5419-8a9c-47f4-866d-ebdb95b174b2,6.196706295013428,False,0.3262000027461909
transfusion-retrieval-v3,sha256:5fc6a9a0d5ff5721954fad8f2855c204301e59ef0b28a91d8d9bdbaf48cb659b,4,bm25,TF015,product_specific,True,False,10,4,bc88f538-e881-4c81-85e9-fca20614315d,4.458576202392578,False,0.3262000027461909
transfusion-retrieval-v3,sha256:5fc6a9a0d5ff5721954fad8f2855c204301e59ef0b28a91d8d9bdbaf48cb659b,4,bm25,TF015,product_specific,True,False,10,5,4c0dde2a-0432-4cb2-ad33-987f5979ff76,2.52020001411438,False,0.3262000027461909
transfusion-retrieval-v3,sha256:5fc6a9a0d5ff5721954fad8f2855c204301e59ef0b28a91d8d9bdbaf48cb659b,4,bm25,TF015,product_specific,True,False,10,6,f7a9837d-f8db-4461-abd8-a3607db2276f,2.028798818588257,False,0.3262000027461909
transfusion-retrieval-v3,sha256:5fc6a9a0d5ff5721954fad8f2855c204301e59ef0b28a91d8d9bdbaf48cb659b,4,bm25,TF015,product_specific,True,False,10,7,22e6c188-2e4c-4029-b200-7770a3f00e6e,1.379338264465332,False,0.3262000027461909
transfusion-retrieval-v3,sha256:5fc6a9a0d5ff5721954fad8f2855c204301e59ef0b28a91d8d9bdbaf48cb659b,4,bm25,TF015,product_specific,True,False,10,8,48b9789d-5088-4ba1-a82a-be3a6396ce85,1.0481468439102173,False,0.3262000027461909
transfusion-retrieval-v3,sha256:5fc6a9a0d5ff5721954fad8f2855c204301e59ef0b28a91d8d9bdbaf48cb659b,4,bm25,TF015,product_specific,True,False,10,9,9b6cc313-9a59-4387-a5ce-2ed14389a0a7,0.9718410968780518,False,0.3262000027461909
transfusion-retrieval-v3,sha256:5fc6a9a0d5ff5721954fad8f2855c204301e59ef0b28a91d8d9bdbaf48cb659b,4,bm25,TF015,product_specific,True,False,10,10,5de4d74d-720e-4d86-a836-f946d70a2d32,0.9309166073799133,False,0.3262000027461909
transfusion-retrieval-v3,sha256:5fc6a9a0d5ff5721954fad8f2855c204301e59ef0b28a91d8d9bdbaf48cb659b,4,bm25,TF016,paraphrase,True,False,1,1,2cea4ea7-7aaf-4c54-ac4e-b660de52065d,16.02041244506836,False,0.38299999869195744
transfusion-retrieval-v3,sha256:5fc6a9a0d5ff5721954fad8f2855c204301e59ef0b28a91d8d9bdbaf48cb659b,4,bm25,TF016,paraphrase,True,False,3,1,2cea4ea7-7aaf-4c54-ac4e-b660de52065d,16.02041244506836,False,0.38299999869195744
transfusion-retrieval-v3,sha256:5fc6a9a0d5ff5721954fad8f2855c204301e59ef0b28a91d8d9bdbaf48cb659b,4,bm25,TF016,paraphrase,True,False,3,2,21efe016-3004-45f3-a070-29ce2ecb0019,14.604875564575195,False,0.38299999869195744
transfusion-retrieval-v3,sha256:5fc6a9a0d5ff5721954fad8f2855c204301e59ef0b28a91d8d9bdbaf48cb659b,4,bm25,TF016,paraphrase,True,False,3,3,b66e5419-8a9c-47f4-866d-ebdb95b174b2,13.229063034057617,False,0.38299999869195744
transfusion-retrieval-v3,sha256:5fc6a9a0d5ff5721954fad8f2855c204301e59ef0b28a91d8d9bdbaf48cb659b,4,bm25,TF016,paraphrase,True,False,5,1,2cea4ea7-7aaf-4c54-ac4e-b660de52065d,16.02041244506836,False,0.38299999869195744
transfusion-retrieval-v3,sha256:5fc6a9a0d5ff5721954fad8f2855c204301e59ef0b28a91d8d9bdbaf48cb659b,4,bm25,TF016,paraphrase,True,False,5,2,21efe016-3004-45f3-a070-29ce2ecb0019,14.604875564575195,False,0.38299999869195744
transfusion-retrieval-v3,sha256:5fc6a9a0d5ff5721954fad8f2855c204301e59ef0b28a91d8d9bdbaf48cb659b,4,bm25,TF016,paraphrase,True,False,5,3,b66e5419-8a9c-47f4-866d-ebdb95b174b2,13.229063034057617,False,0.38299999869195744
transfusion-retrieval-v3,sha256:5fc6a9a0d5ff5721954fad8f2855c204301e59ef0b28a91d8d9bdbaf48cb659b,4,bm25,TF016,paraphrase,True,False,5,4,bc88f538-e881-4c81-85e9-fca20614315d,5.920632362365723,False,0.38299999869195744
transfusion-retrieval-v3,sha256:5fc6a9a0d5ff5721954fad8f2855c204301e59ef0b28a91d8d9bdbaf48cb659b,4,bm25,TF016,paraphrase,True,False,5,5,4c0dde2a-0432-4cb2-ad33-987f5979ff76,4.8308916091918945,True,0.38299999869195744
transfusion-retrieval-v3,sha256:5fc6a9a0d5ff5721954fad8f2855c204301e59ef0b28a91d8d9bdbaf48cb659b,4,bm25,TF016,paraphrase,True,False,10,1,2cea4ea7-7aaf-4c54-ac4e-b660de52065d,16.02041244506836,False,0.38299999869195744
transfusion-retrieval-v3,sha256:5fc6a9a0d5ff5721954fad8f2855c204301e59ef0b28a91d8d9bdbaf48cb659b,4,bm25,TF016,paraphrase,True,False,10,2,21efe016-3004-45f3-a070-29ce2ecb0019,14.604875564575195,False,0.38299999869195744
transfusion-retrieval-v3,sha256:5fc6a9a0d5ff5721954fad8f2855c204301e59ef0b28a91d8d9bdbaf48cb659b,4,bm25,TF016,paraphrase,True,False,10,3,b66e5419-8a9c-47f4-866d-ebdb95b174b2,13.229063034057617,False,0.38299999869195744
transfusion-retrieval-v3,sha256:5fc6a9a0d5ff5721954fad8f2855c204301e59ef0b28a91d8d9bdbaf48cb659b,4,bm25,TF016,paraphrase,True,False,10,4,bc88f538-e881-4c81-85e9-fca20614315d,5.920632362365723,False,0.38299999869195744
transfusion-retrieval-v3,sha256:5fc6a9a0d5ff5721954fad8f2855c204301e59ef0b28a91d8d9bdbaf48cb659b,4,bm25,TF016,paraphrase,True,False,10,5,4c0dde2a-0432-4cb2-ad33-987f5979ff76,4.8308916091918945,True,0.38299999869195744
transfusion-retrieval-v3,sha256:5fc6a9a0d5ff5721954fad8f2855c204301e59ef0b28a91d8d9bdbaf48cb659b,4,bm25,TF016,paraphrase,True,False,10,6,fbf62ef9-25b7-437c-98d8-c4934fba0fe6,4.584576606750488,False,0.38299999869195744
transfusion-retrieval-v3,sha256:5fc6a9a0d5ff5721954fad8f2855c204301e59ef0b28a91d8d9bdbaf48cb659b,4,bm25,TF016,paraphrase,True,False,10,7,4d18d11e-2a92-4690-8a64-46653931483e,4.343789100646973,False,0.38299999869195744
transfusion-retrieval-v3,sha256:5fc6a9a0d5ff5721954fad8f2855c204301e59ef0b28a91d8d9bdbaf48cb659b,4,bm25,TF016,paraphrase,True,False,10,8,3abbb958-eafe-4ffe-bcfc-dafa7349c15c,4.2608842849731445,False,0.38299999869195744
transfusion-retrieval-v3,sha256:5fc6a9a0d5ff5721954fad8f2855c204301e59ef0b28a91d8d9bdbaf48cb659b,4,bm25,TF016,paraphrase,True,False,10,9,eda54b74-cd2f-4808-8175-bcc5b916ce90,3.9129607677459717,False,0.38299999869195744
transfusion-retrieval-v3,sha256:5fc6a9a0d5ff5721954fad8f2855c204301e59ef0b28a91d8d9bdbaf48cb659b,4,bm25,TF016,paraphrase,True,False,10,10,e62b0c91-ff0c-43b2-9bd5-ff173d9f8bc0,3.839207172393799,False,0.38299999869195744
transfusion-retrieval-v3,sha256:5fc6a9a0d5ff5721954fad8f2855c204301e59ef0b28a91d8d9bdbaf48cb659b,4,bm25,TF017,procedure,True,False,1,1,d4c1a9ca-23c5-4ae0-9a51-c56675b2e6d1,6.5267109870910645,False,0.3699000008055009
transfusion-retrieval-v3,sha256:5fc6a9a0d5ff5721954fad8f2855c204301e59ef0b28a91d8d9bdbaf48cb659b,4,bm25,TF017,procedure,True,False,3,1,d4c1a9ca-23c5-4ae0-9a51-c56675b2e6d1,6.5267109870910645,False,0.3699000008055009
transfusion-retrieval-v3,sha256:5fc6a9a0d5ff5721954fad8f2855c204301e59ef0b28a91d8d9bdbaf48cb659b,4,bm25,TF017,procedure,True,False,3,2,22e6c188-2e4c-4029-b200-7770a3f00e6e,4.547313690185547,True,0.3699000008055009
transfusion-retrieval-v3,sha256:5fc6a9a0d5ff5721954fad8f2855c204301e59ef0b28a91d8d9bdbaf48cb659b,4,bm25,TF017,procedure,True,False,3,3,b225ae64-72d2-4e59-81c0-57f5d8438666,4.067415237426758,True,0.3699000008055009
transfusion-retrieval-v3,sha256:5fc6a9a0d5ff5721954fad8f2855c204301e59ef0b28a91d8d9bdbaf48cb659b,4,bm25,TF017,procedure,True,False,5,1,d4c1a9ca-23c5-4ae0-9a51-c56675b2e6d1,6.5267109870910645,False,0.3699000008055009
transfusion-retrieval-v3,sha256:5fc6a9a0d5ff5721954fad8f2855c204301e59ef0b28a91d8d9bdbaf48cb659b,4,bm25,TF017,procedure,True,False,5,2,22e6c188-2e4c-4029-b200-7770a3f00e6e,4.547313690185547,True,0.3699000008055009
transfusion-retrieval-v3,sha256:5fc6a9a0d5ff5721954fad8f2855c204301e59ef0b28a91d8d9bdbaf48cb659b,4,bm25,TF017,procedure,True,False,5,3,b225ae64-72d2-4e59-81c0-57f5d8438666,4.067415237426758,True,0.3699000008055009
transfusion-retrieval-v3,sha256:5fc6a9a0d5ff5721954fad8f2855c204301e59ef0b28a91d8d9bdbaf48cb659b,4,bm25,TF017,procedure,True,False,5,4,fd678588-5ac2-400d-95c5-3309537781ec,3.923881769180298,False,0.3699000008055009
transfusion-retrieval-v3,sha256:5fc6a9a0d5ff5721954fad8f2855c204301e59ef0b28a91d8d9bdbaf48cb659b,4,bm25,TF017,procedure,True,False,5,5,eda54b74-cd2f-4808-8175-bcc5b916ce90,3.8960189819335938,False,0.3699000008055009
transfusion-retrieval-v3,sha256:5fc6a9a0d5ff5721954fad8f2855c204301e59ef0b28a91d8d9bdbaf48cb659b,4,bm25,TF017,procedure,True,False,10,1,d4c1a9ca-23c5-4ae0-9a51-c56675b2e6d1,6.5267109870910645,False,0.3699000008055009
transfusion-retrieval-v3,sha256:5fc6a9a0d5ff5721954fad8f2855c204301e59ef0b28a91d8d9bdbaf48cb659b,4,bm25,TF017,procedure,True,False,10,2,22e6c188-2e4c-4029-b200-7770a3f00e6e,4.547313690185547,True,0.3699000008055009
transfusion-retrieval-v3,sha256:5fc6a9a0d5ff5721954fad8f2855c204301e59ef0b28a91d8d9bdbaf48cb659b,4,bm25,TF017,procedure,True,False,10,3,b225ae64-72d2-4e59-81c0-57f5d8438666,4.067415237426758,True,0.3699000008055009
transfusion-retrieval-v3,sha256:5fc6a9a0d5ff5721954fad8f2855c204301e59ef0b28a91d8d9bdbaf48cb659b,4,bm25,TF017,procedure,True,False,10,4,fd678588-5ac2-400d-95c5-3309537781ec,3.923881769180298,False,0.3699000008055009
transfusion-retrieval-v3,sha256:5fc6a9a0d5ff5721954fad8f2855c204301e59ef0b28a91d8d9bdbaf48cb659b,4,bm25,TF017,procedure,True,False,10,5,eda54b74-cd2f-4808-8175-bcc5b916ce90,3.8960189819335938,False,0.3699000008055009
transfusion-retrieval-v3,sha256:5fc6a9a0d5ff5721954fad8f2855c204301e59ef0b28a91d8d9bdbaf48cb659b,4,bm25,TF017,procedure,True,False,10,6,7adacb8c-91c0-4ea7-8d82-7505eeac5042,3.8598742485046387,True,0.3699000008055009
transfusion-retrieval-v3,sha256:5fc6a9a0d5ff5721954fad8f2855c204301e59ef0b28a91d8d9bdbaf48cb659b,4,bm25,TF017,procedure,True,False,10,7,3abbb958-eafe-4ffe-bcfc-dafa7349c15c,3.721762180328369,False,0.3699000008055009
transfusion-retrieval-v3,sha256:5fc6a9a0d5ff5721954fad8f2855c204301e59ef0b28a91d8d9bdbaf48cb659b,4,bm25,TF017,procedure,True,False,10,8,9552a4ac-31b4-43a8-aa92-37bd3e89362a,3.317979335784912,False,0.3699000008055009
transfusion-retrieval-v3,sha256:5fc6a9a0d5ff5721954fad8f2855c204301e59ef0b28a91d8d9bdbaf48cb659b,4,bm25,TF017,procedure,True,False,10,9,7e68f70a-ba74-4eb8-bbae-c7e9f7340567,3.1289350986480713,True,0.3699000008055009
transfusion-retrieval-v3,sha256:5fc6a9a0d5ff5721954fad8f2855c204301e59ef0b28a91d8d9bdbaf48cb659b,4,bm25,TF017,procedure,True,False,10,10,74c0eabe-77c7-4dbf-a321-27966a12fafb,3.092681407928467,True,0.3699000008055009
transfusion-retrieval-v3,sha256:5fc6a9a0d5ff5721954fad8f2855c204301e59ef0b28a91d8d9bdbaf48cb659b,4,bm25,TF018,temporal,True,False,1,1,30ce28cb-f702-4cce-8105-137e2f73af0d,6.516515731811523,True,0.35769999885815196
transfusion-retrieval-v3,sha256:5fc6a9a0d5ff5721954fad8f2855c204301e59ef0b28a91d8d9bdbaf48cb659b,4,bm25,TF018,temporal,True,False,3,1,30ce28cb-f702-4cce-8105-137e2f73af0d,6.516515731811523,True,0.35769999885815196
transfusion-retrieval-v3,sha256:5fc6a9a0d5ff5721954fad8f2855c204301e59ef0b28a91d8d9bdbaf48cb659b,4,bm25,TF018,temporal,True,False,3,2,d3b7d61b-50f0-4b96-a770-785a9f3c3886,6.205210208892822,False,0.35769999885815196
transfusion-retrieval-v3,sha256:5fc6a9a0d5ff5721954fad8f2855c204301e59ef0b28a91d8d9bdbaf48cb659b,4,bm25,TF018,temporal,True,False,3,3,70b95f72-95ec-43b5-b76f-657518103256,6.130585193634033,False,0.35769999885815196
transfusion-retrieval-v3,sha256:5fc6a9a0d5ff5721954fad8f2855c204301e59ef0b28a91d8d9bdbaf48cb659b,4,bm25,TF018,temporal,True,False,5,1,30ce28cb-f702-4cce-8105-137e2f73af0d,6.516515731811523,True,0.35769999885815196
transfusion-retrieval-v3,sha256:5fc6a9a0d5ff5721954fad8f2855c204301e59ef0b28a91d8d9bdbaf48cb659b,4,bm25,TF018,temporal,True,False,5,2,d3b7d61b-50f0-4b96-a770-785a9f3c3886,6.205210208892822,False,0.35769999885815196
transfusion-retrieval-v3,sha256:5fc6a9a0d5ff5721954fad8f2855c204301e59ef0b28a91d8d9bdbaf48cb659b,4,bm25,TF018,temporal,True,False,5,3,70b95f72-95ec-43b5-b76f-657518103256,6.130585193634033,False,0.35769999885815196
transfusion-retrieval-v3,sha256:5fc6a9a0d5ff5721954fad8f2855c204301e59ef0b28a91d8d9bdbaf48cb659b,4,bm25,TF018,temporal,True,False,5,4,0a4f11c7-39e8-41fe-bd14-48456671f531,6.049788475036621,False,0.35769999885815196
transfusion-retrieval-v3,sha256:5fc6a9a0d5ff5721954fad8f2855c204301e59ef0b28a91d8d9bdbaf48cb659b,4,bm25,TF018,temporal,True,False,5,5,22e6c188-2e4c-4029-b200-7770a3f00e6e,5.939719200134277,False,0.35769999885815196
transfusion-retrieval-v3,sha256:5fc6a9a0d5ff5721954fad8f2855c204301e59ef0b28a91d8d9bdbaf48cb659b,4,bm25,TF018,temporal,True,False,10,1,30ce28cb-f702-4cce-8105-137e2f73af0d,6.516515731811523,True,0.35769999885815196
transfusion-retrieval-v3,sha256:5fc6a9a0d5ff5721954fad8f2855c204301e59ef0b28a91d8d9bdbaf48cb659b,4,bm25,TF018,temporal,True,False,10,2,d3b7d61b-50f0-4b96-a770-785a9f3c3886,6.205210208892822,False,0.35769999885815196
transfusion-retrieval-v3,sha256:5fc6a9a0d5ff5721954fad8f2855c204301e59ef0b28a91d8d9bdbaf48cb659b,4,bm25,TF018,temporal,True,False,10,3,70b95f72-95ec-43b5-b76f-657518103256,6.130585193634033,False,0.35769999885815196
transfusion-retrieval-v3,sha256:5fc6a9a0d5ff5721954fad8f2855c204301e59ef0b28a91d8d9bdbaf48cb659b,4,bm25,TF018,temporal,True,False,10,4,0a4f11c7-39e8-41fe-bd14-48456671f531,6.049788475036621,False,0.35769999885815196
transfusion-retrieval-v3,sha256:5fc6a9a0d5ff5721954fad8f2855c204301e59ef0b28a91d8d9bdbaf48cb659b,4,bm25,TF018,temporal,True,False,10,5,22e6c188-2e4c-4029-b200-7770a3f00e6e,5.939719200134277,False,0.35769999885815196
transfusion-retrieval-v3,sha256:5fc6a9a0d5ff5721954fad8f2855c204301e59ef0b28a91d8d9bdbaf48cb659b,4,bm25,TF018,temporal,True,False,10,6,48b9789d-5088-4ba1-a82a-be3a6396ce85,5.870181560516357,False,0.35769999885815196
transfusion-retrieval-v3,sha256:5fc6a9a0d5ff5721954fad8f2855c204301e59ef0b28a91d8d9bdbaf48cb659b,4,bm25,TF018,temporal,True,False,10,7,f1611d72-8c47-41f8-bfee-99d5ffdfe12a,5.778292179107666,False,0.35769999885815196
transfusion-retrieval-v3,sha256:5fc6a9a0d5ff5721954fad8f2855c204301e59ef0b28a91d8d9bdbaf48cb659b,4,bm25,TF018,temporal,True,False,10,8,cfff9bf0-05e4-4179-a793-f3c705d04812,5.397531986236572,False,0.35769999885815196
transfusion-retrieval-v3,sha256:5fc6a9a0d5ff5721954fad8f2855c204301e59ef0b28a91d8d9bdbaf48cb659b,4,bm25,TF018,temporal,True,False,10,9,a952e706-800e-493c-886a-8f06602fb2be,4.3017683029174805,False,0.35769999885815196
transfusion-retrieval-v3,sha256:5fc6a9a0d5ff5721954fad8f2855c204301e59ef0b28a91d8d9bdbaf48cb659b,4,bm25,TF018,temporal,True,False,10,10,b8c70ff9-e1b2-40ce-9a0a-f65a53899d13,1.5362286567687988,False,0.35769999885815196
transfusion-retrieval-v3,sha256:5fc6a9a0d5ff5721954fad8f2855c204301e59ef0b28a91d8d9bdbaf48cb659b,4,bm25,TF019,preparation,True,False,1,1,d3b7d61b-50f0-4b96-a770-785a9f3c3886,11.401407241821289,True,0.6574999970325734
transfusion-retrieval-v3,sha256:5fc6a9a0d5ff5721954fad8f2855c204301e59ef0b28a91d8d9bdbaf48cb659b,4,bm25,TF019,preparation,True,False,3,1,d3b7d61b-50f0-4b96-a770-785a9f3c3886,11.401407241821289,True,0.6574999970325734
transfusion-retrieval-v3,sha256:5fc6a9a0d5ff5721954fad8f2855c204301e59ef0b28a91d8d9bdbaf48cb659b,4,bm25,TF019,preparation,True,False,3,2,30ce28cb-f702-4cce-8105-137e2f73af0d,7.857678413391113,False,0.6574999970325734
transfusion-retrieval-v3,sha256:5fc6a9a0d5ff5721954fad8f2855c204301e59ef0b28a91d8d9bdbaf48cb659b,4,bm25,TF019,preparation,True,False,3,3,22e6c188-2e4c-4029-b200-7770a3f00e6e,7.219790935516357,False,0.6574999970325734
transfusion-retrieval-v3,sha256:5fc6a9a0d5ff5721954fad8f2855c204301e59ef0b28a91d8d9bdbaf48cb659b,4,bm25,TF019,preparation,True,False,5,1,d3b7d61b-50f0-4b96-a770-785a9f3c3886,11.401407241821289,True,0.6574999970325734
transfusion-retrieval-v3,sha256:5fc6a9a0d5ff5721954fad8f2855c204301e59ef0b28a91d8d9bdbaf48cb659b,4,bm25,TF019,preparation,True,False,5,2,30ce28cb-f702-4cce-8105-137e2f73af0d,7.857678413391113,False,0.6574999970325734
transfusion-retrieval-v3,sha256:5fc6a9a0d5ff5721954fad8f2855c204301e59ef0b28a91d8d9bdbaf48cb659b,4,bm25,TF019,preparation,True,False,5,3,22e6c188-2e4c-4029-b200-7770a3f00e6e,7.219790935516357,False,0.6574999970325734
transfusion-retrieval-v3,sha256:5fc6a9a0d5ff5721954fad8f2855c204301e59ef0b28a91d8d9bdbaf48cb659b,4,bm25,TF019,preparation,True,False,5,4,9131e9a9-eff3-4f4e-a20b-4bdd456c35bc,7.155525207519531,False,0.6574999970325734
transfusion-retrieval-v3,sha256:5fc6a9a0d5ff5721954fad8f2855c204301e59ef0b28a91d8d9bdbaf48cb659b,4,bm25,TF019,preparation,True,False,5,5,9552a4ac-31b4-43a8-aa92-37bd3e89362a,6.074146747589111,False,0.6574999970325734
transfusion-retrieval-v3,sha256:5fc6a9a0d5ff5721954fad8f2855c204301e59ef0b28a91d8d9bdbaf48cb659b,4,bm25,TF019,preparation,True,False,10,1,d3b7d61b-50f0-4b96-a770-785a9f3c3886,11.401407241821289,True,0.6574999970325734
transfusion-retrieval-v3,sha256:5fc6a9a0d5ff5721954fad8f2855c204301e59ef0b28a91d8d9bdbaf48cb659b,4,bm25,TF019,preparation,True,False,10,2,30ce28cb-f702-4cce-8105-137e2f73af0d,7.857678413391113,False,0.6574999970325734
transfusion-retrieval-v3,sha256:5fc6a9a0d5ff5721954fad8f2855c204301e59ef0b28a91d8d9bdbaf48cb659b,4,bm25,TF019,preparation,True,False,10,3,22e6c188-2e4c-4029-b200-7770a3f00e6e,7.219790935516357,False,0.6574999970325734
transfusion-retrieval-v3,sha256:5fc6a9a0d5ff5721954fad8f2855c204301e59ef0b28a91d8d9bdbaf48cb659b,4,bm25,TF019,preparation,True,False,10,4,9131e9a9-eff3-4f4e-a20b-4bdd456c35bc,7.155525207519531,False,0.6574999970325734
transfusion-retrieval-v3,sha256:5fc6a9a0d5ff5721954fad8f2855c204301e59ef0b28a91d8d9bdbaf48cb659b,4,bm25,TF019,preparation,True,False,10,5,9552a4ac-31b4-43a8-aa92-37bd3e89362a,6.074146747589111,False,0.6574999970325734
transfusion-retrieval-v3,sha256:5fc6a9a0d5ff5721954fad8f2855c204301e59ef0b28a91d8d9bdbaf48cb659b,4,bm25,TF019,preparation,True,False,10,6,0a4f11c7-39e8-41fe-bd14-48456671f531,5.4441328048706055,False,0.6574999970325734
transfusion-retrieval-v3,sha256:5fc6a9a0d5ff5721954fad8f2855c204301e59ef0b28a91d8d9bdbaf48cb659b,4,bm25,TF019,preparation,True,False,10,7,70b95f72-95ec-43b5-b76f-657518103256,5.40863561630249,False,0.6574999970325734
transfusion-retrieval-v3,sha256:5fc6a9a0d5ff5721954fad8f2855c204301e59ef0b28a91d8d9bdbaf48cb659b,4,bm25,TF019,preparation,True,False,10,8,48b9789d-5088-4ba1-a82a-be3a6396ce85,5.307383060455322,False,0.6574999970325734
transfusion-retrieval-v3,sha256:5fc6a9a0d5ff5721954fad8f2855c204301e59ef0b28a91d8d9bdbaf48cb659b,4,bm25,TF019,preparation,True,False,10,9,f1611d72-8c47-41f8-bfee-99d5ffdfe12a,5.166721343994141,False,0.6574999970325734
transfusion-retrieval-v3,sha256:5fc6a9a0d5ff5721954fad8f2855c204301e59ef0b28a91d8d9bdbaf48cb659b,4,bm25,TF019,preparation,True,False,10,10,f9cfc75b-a5e7-4633-a798-4b17ea462325,4.900941848754883,False,0.6574999970325734
transfusion-retrieval-v3,sha256:5fc6a9a0d5ff5721954fad8f2855c204301e59ef0b28a91d8d9bdbaf48cb659b,4,bm25,TF020,temporal,True,False,1,1,0a4f11c7-39e8-41fe-bd14-48456671f531,13.441629409790039,True,0.6881000008434057
transfusion-retrieval-v3,sha256:5fc6a9a0d5ff5721954fad8f2855c204301e59ef0b28a91d8d9bdbaf48cb659b,4,bm25,TF020,temporal,True,False,3,1,0a4f11c7-39e8-41fe-bd14-48456671f531,13.441629409790039,True,0.6881000008434057
transfusion-retrieval-v3,sha256:5fc6a9a0d5ff5721954fad8f2855c204301e59ef0b28a91d8d9bdbaf48cb659b,4,bm25,TF020,temporal,True,False,3,2,48b9789d-5088-4ba1-a82a-be3a6396ce85,11.625682830810547,False,0.6881000008434057
transfusion-retrieval-v3,sha256:5fc6a9a0d5ff5721954fad8f2855c204301e59ef0b28a91d8d9bdbaf48cb659b,4,bm25,TF020,temporal,True,False,3,3,d3b7d61b-50f0-4b96-a770-785a9f3c3886,8.911781311035156,False,0.6881000008434057
transfusion-retrieval-v3,sha256:5fc6a9a0d5ff5721954fad8f2855c204301e59ef0b28a91d8d9bdbaf48cb659b,4,bm25,TF020,temporal,True,False,5,1,0a4f11c7-39e8-41fe-bd14-48456671f531,13.441629409790039,True,0.6881000008434057
transfusion-retrieval-v3,sha256:5fc6a9a0d5ff5721954fad8f2855c204301e59ef0b28a91d8d9bdbaf48cb659b,4,bm25,TF020,temporal,True,False,5,2,48b9789d-5088-4ba1-a82a-be3a6396ce85,11.625682830810547,False,0.6881000008434057
transfusion-retrieval-v3,sha256:5fc6a9a0d5ff5721954fad8f2855c204301e59ef0b28a91d8d9bdbaf48cb659b,4,bm25,TF020,temporal,True,False,5,3,d3b7d61b-50f0-4b96-a770-785a9f3c3886,8.911781311035156,False,0.6881000008434057
transfusion-retrieval-v3,sha256:5fc6a9a0d5ff5721954fad8f2855c204301e59ef0b28a91d8d9bdbaf48cb659b,4,bm25,TF020,temporal,True,False,5,4,cfff9bf0-05e4-4179-a793-f3c705d04812,6.723997116088867,False,0.6881000008434057
transfusion-retrieval-v3,sha256:5fc6a9a0d5ff5721954fad8f2855c204301e59ef0b28a91d8d9bdbaf48cb659b,4,bm25,TF020,temporal,True,False,5,5,70b95f72-95ec-43b5-b76f-657518103256,6.6278157234191895,True,0.6881000008434057
transfusion-retrieval-v3,sha256:5fc6a9a0d5ff5721954fad8f2855c204301e59ef0b28a91d8d9bdbaf48cb659b,4,bm25,TF020,temporal,True,False,10,1,0a4f11c7-39e8-41fe-bd14-48456671f531,13.441629409790039,True,0.6881000008434057
transfusion-retrieval-v3,sha256:5fc6a9a0d5ff5721954fad8f2855c204301e59ef0b28a91d8d9bdbaf48cb659b,4,bm25,TF020,temporal,True,False,10,2,48b9789d-5088-4ba1-a82a-be3a6396ce85,11.625682830810547,False,0.6881000008434057
transfusion-retrieval-v3,sha256:5fc6a9a0d5ff5721954fad8f2855c204301e59ef0b28a91d8d9bdbaf48cb659b,4,bm25,TF020,temporal,True,False,10,3,d3b7d61b-50f0-4b96-a770-785a9f3c3886,8.911781311035156,False,0.6881000008434057
transfusion-retrieval-v3,sha256:5fc6a9a0d5ff5721954fad8f2855c204301e59ef0b28a91d8d9bdbaf48cb659b,4,bm25,TF020,temporal,True,False,10,4,cfff9bf0-05e4-4179-a793-f3c705d04812,6.723997116088867,False,0.6881000008434057
transfusion-retrieval-v3,sha256:5fc6a9a0d5ff5721954fad8f2855c204301e59ef0b28a91d8d9bdbaf48cb659b,4,bm25,TF020,temporal,True,False,10,5,70b95f72-95ec-43b5-b76f-657518103256,6.6278157234191895,True,0.6881000008434057
transfusion-retrieval-v3,sha256:5fc6a9a0d5ff5721954fad8f2855c204301e59ef0b28a91d8d9bdbaf48cb659b,4,bm25,TF020,temporal,True,False,10,6,30ce28cb-f702-4cce-8105-137e2f73af0d,6.516515254974365,False,0.6881000008434057
transfusion-retrieval-v3,sha256:5fc6a9a0d5ff5721954fad8f2855c204301e59ef0b28a91d8d9bdbaf48cb659b,4,bm25,TF020,temporal,True,False,10,7,22e6c188-2e4c-4029-b200-7770a3f00e6e,5.939719200134277,False,0.6881000008434057
transfusion-retrieval-v3,sha256:5fc6a9a0d5ff5721954fad8f2855c204301e59ef0b28a91d8d9bdbaf48cb659b,4,bm25,TF020,temporal,True,False,10,8,f1611d72-8c47-41f8-bfee-99d5ffdfe12a,5.778292179107666,False,0.6881000008434057
transfusion-retrieval-v3,sha256:5fc6a9a0d5ff5721954fad8f2855c204301e59ef0b28a91d8d9bdbaf48cb659b,4,bm25,TF020,temporal,True,False,10,9,a952e706-800e-493c-886a-8f06602fb2be,4.3017683029174805,False,0.6881000008434057
transfusion-retrieval-v3,sha256:5fc6a9a0d5ff5721954fad8f2855c204301e59ef0b28a91d8d9bdbaf48cb659b,4,bm25,TF020,temporal,True,False,10,10,b8c70ff9-e1b2-40ce-9a0a-f65a53899d13,2.589033365249634,False,0.6881000008434057
transfusion-retrieval-v3,sha256:5fc6a9a0d5ff5721954fad8f2855c204301e59ef0b28a91d8d9bdbaf48cb659b,4,bm25,TF021,preparation,True,False,1,1,73735f01-c9d0-4dd5-8d46-c70045e4b334,8.644279479980469,True,0.6953000010980759
transfusion-retrieval-v3,sha256:5fc6a9a0d5ff5721954fad8f2855c204301e59ef0b28a91d8d9bdbaf48cb659b,4,bm25,TF021,preparation,True,False,3,1,73735f01-c9d0-4dd5-8d46-c70045e4b334,8.644279479980469,True,0.6953000010980759
transfusion-retrieval-v3,sha256:5fc6a9a0d5ff5721954fad8f2855c204301e59ef0b28a91d8d9bdbaf48cb659b,4,bm25,TF021,preparation,True,False,3,2,919e93ca-fed9-4dde-b9b8-f870e207a3f3,5.588634014129639,False,0.6953000010980759
transfusion-retrieval-v3,sha256:5fc6a9a0d5ff5721954fad8f2855c204301e59ef0b28a91d8d9bdbaf48cb659b,4,bm25,TF021,preparation,True,False,3,3,e62b0c91-ff0c-43b2-9bd5-ff173d9f8bc0,5.015397071838379,False,0.6953000010980759
transfusion-retrieval-v3,sha256:5fc6a9a0d5ff5721954fad8f2855c204301e59ef0b28a91d8d9bdbaf48cb659b,4,bm25,TF021,preparation,True,False,5,1,73735f01-c9d0-4dd5-8d46-c70045e4b334,8.644279479980469,True,0.6953000010980759
transfusion-retrieval-v3,sha256:5fc6a9a0d5ff5721954fad8f2855c204301e59ef0b28a91d8d9bdbaf48cb659b,4,bm25,TF021,preparation,True,False,5,2,919e93ca-fed9-4dde-b9b8-f870e207a3f3,5.588634014129639,False,0.6953000010980759
transfusion-retrieval-v3,sha256:5fc6a9a0d5ff5721954fad8f2855c204301e59ef0b28a91d8d9bdbaf48cb659b,4,bm25,TF021,preparation,True,False,5,3,e62b0c91-ff0c-43b2-9bd5-ff173d9f8bc0,5.015397071838379,False,0.6953000010980759
transfusion-retrieval-v3,sha256:5fc6a9a0d5ff5721954fad8f2855c204301e59ef0b28a91d8d9bdbaf48cb659b,4,bm25,TF021,preparation,True,False,5,4,b7876bcb-b1d0-409a-831d-45e59e35a44e,4.509583473205566,False,0.6953000010980759
transfusion-retrieval-v3,sha256:5fc6a9a0d5ff5721954fad8f2855c204301e59ef0b28a91d8d9bdbaf48cb659b,4,bm25,TF021,preparation,True,False,5,5,6ffcd319-e868-444b-b6fe-8d192a4de3ff,4.417673110961914,False,0.6953000010980759
transfusion-retrieval-v3,sha256:5fc6a9a0d5ff5721954fad8f2855c204301e59ef0b28a91d8d9bdbaf48cb659b,4,bm25,TF021,preparation,True,False,10,1,73735f01-c9d0-4dd5-8d46-c70045e4b334,8.644279479980469,True,0.6953000010980759
transfusion-retrieval-v3,sha256:5fc6a9a0d5ff5721954fad8f2855c204301e59ef0b28a91d8d9bdbaf48cb659b,4,bm25,TF021,preparation,True,False,10,2,919e93ca-fed9-4dde-b9b8-f870e207a3f3,5.588634014129639,False,0.6953000010980759
transfusion-retrieval-v3,sha256:5fc6a9a0d5ff5721954fad8f2855c204301e59ef0b28a91d8d9bdbaf48cb659b,4,bm25,TF021,preparation,True,False,10,3,e62b0c91-ff0c-43b2-9bd5-ff173d9f8bc0,5.015397071838379,False,0.6953000010980759
transfusion-retrieval-v3,sha256:5fc6a9a0d5ff5721954fad8f2855c204301e59ef0b28a91d8d9bdbaf48cb659b,4,bm25,TF021,preparation,True,False,10,4,b7876bcb-b1d0-409a-831d-45e59e35a44e,4.509583473205566,False,0.6953000010980759
transfusion-retrieval-v3,sha256:5fc6a9a0d5ff5721954fad8f2855c204301e59ef0b28a91d8d9bdbaf48cb659b,4,bm25,TF021,preparation,True,False,10,5,6ffcd319-e868-444b-b6fe-8d192a4de3ff,4.417673110961914,False,0.6953000010980759
transfusion-retrieval-v3,sha256:5fc6a9a0d5ff5721954fad8f2855c204301e59ef0b28a91d8d9bdbaf48cb659b,4,bm25,TF021,preparation,True,False,10,6,16efaa44-1554-4748-8407-48fac0bced94,4.405827045440674,False,0.6953000010980759
transfusion-retrieval-v3,sha256:5fc6a9a0d5ff5721954fad8f2855c204301e59ef0b28a91d8d9bdbaf48cb659b,4,bm25,TF021,preparation,True,False,10,7,cfff9bf0-05e4-4179-a793-f3c705d04812,4.048162460327148,False,0.6953000010980759
transfusion-retrieval-v3,sha256:5fc6a9a0d5ff5721954fad8f2855c204301e59ef0b28a91d8d9bdbaf48cb659b,4,bm25,TF021,preparation,True,False,10,8,b0d368a1-d0fc-4b8b-8567-e190cf462986,4.019526481628418,False,0.6953000010980759
transfusion-retrieval-v3,sha256:5fc6a9a0d5ff5721954fad8f2855c204301e59ef0b28a91d8d9bdbaf48cb659b,4,bm25,TF021,preparation,True,False,10,9,74c0eabe-77c7-4dbf-a321-27966a12fafb,3.957832098007202,False,0.6953000010980759
transfusion-retrieval-v3,sha256:5fc6a9a0d5ff5721954fad8f2855c204301e59ef0b28a91d8d9bdbaf48cb659b,4,bm25,TF021,preparation,True,False,10,10,23c6ca0d-04bf-4081-b90a-9819029dcd73,3.8351571559906006,False,0.6953000010980759
transfusion-retrieval-v3,sha256:5fc6a9a0d5ff5721954fad8f2855c204301e59ef0b28a91d8d9bdbaf48cb659b,4,bm25,TF022,preparation,True,False,1,1,9552a4ac-31b4-43a8-aa92-37bd3e89362a,10.136933326721191,False,0.48919999971985817
transfusion-retrieval-v3,sha256:5fc6a9a0d5ff5721954fad8f2855c204301e59ef0b28a91d8d9bdbaf48cb659b,4,bm25,TF022,preparation,True,False,3,1,9552a4ac-31b4-43a8-aa92-37bd3e89362a,10.136933326721191,False,0.48919999971985817
transfusion-retrieval-v3,sha256:5fc6a9a0d5ff5721954fad8f2855c204301e59ef0b28a91d8d9bdbaf48cb659b,4,bm25,TF022,preparation,True,False,3,2,84c0a864-176f-4776-a15e-167fc2518e5d,9.774299621582031,False,0.48919999971985817
transfusion-retrieval-v3,sha256:5fc6a9a0d5ff5721954fad8f2855c204301e59ef0b28a91d8d9bdbaf48cb659b,4,bm25,TF022,preparation,True,False,3,3,74c0eabe-77c7-4dbf-a321-27966a12fafb,8.958414077758789,False,0.48919999971985817
transfusion-retrieval-v3,sha256:5fc6a9a0d5ff5721954fad8f2855c204301e59ef0b28a91d8d9bdbaf48cb659b,4,bm25,TF022,preparation,True,False,5,1,9552a4ac-31b4-43a8-aa92-37bd3e89362a,10.136933326721191,False,0.48919999971985817
transfusion-retrieval-v3,sha256:5fc6a9a0d5ff5721954fad8f2855c204301e59ef0b28a91d8d9bdbaf48cb659b,4,bm25,TF022,preparation,True,False,5,2,84c0a864-176f-4776-a15e-167fc2518e5d,9.774299621582031,False,0.48919999971985817
transfusion-retrieval-v3,sha256:5fc6a9a0d5ff5721954fad8f2855c204301e59ef0b28a91d8d9bdbaf48cb659b,4,bm25,TF022,preparation,True,False,5,3,74c0eabe-77c7-4dbf-a321-27966a12fafb,8.958414077758789,False,0.48919999971985817
transfusion-retrieval-v3,sha256:5fc6a9a0d5ff5721954fad8f2855c204301e59ef0b28a91d8d9bdbaf48cb659b,4,bm25,TF022,preparation,True,False,5,4,36bac780-b1a2-42dc-8cca-3605f80c5521,5.997069358825684,False,0.48919999971985817
transfusion-retrieval-v3,sha256:5fc6a9a0d5ff5721954fad8f2855c204301e59ef0b28a91d8d9bdbaf48cb659b,4,bm25,TF022,preparation,True,False,5,5,7e5199d4-e5c9-40ca-a69f-ea37f52c6ce3,5.834933280944824,False,0.48919999971985817
transfusion-retrieval-v3,sha256:5fc6a9a0d5ff5721954fad8f2855c204301e59ef0b28a91d8d9bdbaf48cb659b,4,bm25,TF022,preparation,True,False,10,1,9552a4ac-31b4-43a8-aa92-37bd3e89362a,10.136933326721191,False,0.48919999971985817
transfusion-retrieval-v3,sha256:5fc6a9a0d5ff5721954fad8f2855c204301e59ef0b28a91d8d9bdbaf48cb659b,4,bm25,TF022,preparation,True,False,10,2,84c0a864-176f-4776-a15e-167fc2518e5d,9.774299621582031,False,0.48919999971985817
transfusion-retrieval-v3,sha256:5fc6a9a0d5ff5721954fad8f2855c204301e59ef0b28a91d8d9bdbaf48cb659b,4,bm25,TF022,preparation,True,False,10,3,74c0eabe-77c7-4dbf-a321-27966a12fafb,8.958414077758789,False,0.48919999971985817
transfusion-retrieval-v3,sha256:5fc6a9a0d5ff5721954fad8f2855c204301e59ef0b28a91d8d9bdbaf48cb659b,4,bm25,TF022,preparation,True,False,10,4,36bac780-b1a2-42dc-8cca-3605f80c5521,5.997069358825684,False,0.48919999971985817
transfusion-retrieval-v3,sha256:5fc6a9a0d5ff5721954fad8f2855c204301e59ef0b28a91d8d9bdbaf48cb659b,4,bm25,TF022,preparation,True,False,10,5,7e5199d4-e5c9-40ca-a69f-ea37f52c6ce3,5.834933280944824,False,0.48919999971985817
transfusion-retrieval-v3,sha256:5fc6a9a0d5ff5721954fad8f2855c204301e59ef0b28a91d8d9bdbaf48cb659b,4,bm25,TF022,preparation,True,False,10,6,8f3ed830-3a06-41c6-8b06-cfcf6d36a83c,5.681776523590088,False,0.48919999971985817
transfusion-retrieval-v3,sha256:5fc6a9a0d5ff5721954fad8f2855c204301e59ef0b28a91d8d9bdbaf48cb659b,4,bm25,TF022,preparation,True,False,10,7,b0d368a1-d0fc-4b8b-8567-e190cf462986,5.508952617645264,False,0.48919999971985817
transfusion-retrieval-v3,sha256:5fc6a9a0d5ff5721954fad8f2855c204301e59ef0b28a91d8d9bdbaf48cb659b,4,bm25,TF022,preparation,True,False,10,8,6ffcd319-e868-444b-b6fe-8d192a4de3ff,4.947652339935303,True,0.48919999971985817
transfusion-retrieval-v3,sha256:5fc6a9a0d5ff5721954fad8f2855c204301e59ef0b28a91d8d9bdbaf48cb659b,4,bm25,TF022,preparation,True,False,10,9,eda54b74-cd2f-4808-8175-bcc5b916ce90,4.89924955368042,False,0.48919999971985817
transfusion-retrieval-v3,sha256:5fc6a9a0d5ff5721954fad8f2855c204301e59ef0b28a91d8d9bdbaf48cb659b,4,bm25,TF022,preparation,True,False,10,10,a7cf71a5-8426-4d7c-8106-e0754e7cb4bf,4.116937637329102,False,0.48919999971985817
transfusion-retrieval-v3,sha256:5fc6a9a0d5ff5721954fad8f2855c204301e59ef0b28a91d8d9bdbaf48cb659b,4,bm25,TF023,temporal,True,False,1,1,f7a9837d-f8db-4461-abd8-a3607db2276f,8.460973739624023,False,0.29350000113481656
transfusion-retrieval-v3,sha256:5fc6a9a0d5ff5721954fad8f2855c204301e59ef0b28a91d8d9bdbaf48cb659b,4,bm25,TF023,temporal,True,False,3,1,f7a9837d-f8db-4461-abd8-a3607db2276f,8.460973739624023,False,0.29350000113481656
transfusion-retrieval-v3,sha256:5fc6a9a0d5ff5721954fad8f2855c204301e59ef0b28a91d8d9bdbaf48cb659b,4,bm25,TF023,temporal,True,False,3,2,b66e5419-8a9c-47f4-866d-ebdb95b174b2,7.0815043449401855,False,0.29350000113481656
transfusion-retrieval-v3,sha256:5fc6a9a0d5ff5721954fad8f2855c204301e59ef0b28a91d8d9bdbaf48cb659b,4,bm25,TF023,temporal,True,False,3,3,c404e320-0bf2-4325-be92-7a0614f201ca,1.8160502910614014,True,0.29350000113481656
transfusion-retrieval-v3,sha256:5fc6a9a0d5ff5721954fad8f2855c204301e59ef0b28a91d8d9bdbaf48cb659b,4,bm25,TF023,temporal,True,False,5,1,f7a9837d-f8db-4461-abd8-a3607db2276f,8.460973739624023,False,0.29350000113481656
transfusion-retrieval-v3,sha256:5fc6a9a0d5ff5721954fad8f2855c204301e59ef0b28a91d8d9bdbaf48cb659b,4,bm25,TF023,temporal,True,False,5,2,b66e5419-8a9c-47f4-866d-ebdb95b174b2,7.0815043449401855,False,0.29350000113481656
transfusion-retrieval-v3,sha256:5fc6a9a0d5ff5721954fad8f2855c204301e59ef0b28a91d8d9bdbaf48cb659b,4,bm25,TF023,temporal,True,False,5,3,c404e320-0bf2-4325-be92-7a0614f201ca,1.8160502910614014,True,0.29350000113481656
transfusion-retrieval-v3,sha256:5fc6a9a0d5ff5721954fad8f2855c204301e59ef0b28a91d8d9bdbaf48cb659b,4,bm25,TF023,temporal,True,False,5,4,73735f01-c9d0-4dd5-8d46-c70045e4b334,1.6709109544754028,False,0.29350000113481656
transfusion-retrieval-v3,sha256:5fc6a9a0d5ff5721954fad8f2855c204301e59ef0b28a91d8d9bdbaf48cb659b,4,bm25,TF023,temporal,True,False,5,5,b0d368a1-d0fc-4b8b-8567-e190cf462986,1.4178316593170166,False,0.29350000113481656
transfusion-retrieval-v3,sha256:5fc6a9a0d5ff5721954fad8f2855c204301e59ef0b28a91d8d9bdbaf48cb659b,4,bm25,TF023,temporal,True,False,10,1,f7a9837d-f8db-4461-abd8-a3607db2276f,8.460973739624023,False,0.29350000113481656
transfusion-retrieval-v3,sha256:5fc6a9a0d5ff5721954fad8f2855c204301e59ef0b28a91d8d9bdbaf48cb659b,4,bm25,TF023,temporal,True,False,10,2,b66e5419-8a9c-47f4-866d-ebdb95b174b2,7.0815043449401855,False,0.29350000113481656
transfusion-retrieval-v3,sha256:5fc6a9a0d5ff5721954fad8f2855c204301e59ef0b28a91d8d9bdbaf48cb659b,4,bm25,TF023,temporal,True,False,10,3,c404e320-0bf2-4325-be92-7a0614f201ca,1.8160502910614014,True,0.29350000113481656
transfusion-retrieval-v3,sha256:5fc6a9a0d5ff5721954fad8f2855c204301e59ef0b28a91d8d9bdbaf48cb659b,4,bm25,TF023,temporal,True,False,10,4,73735f01-c9d0-4dd5-8d46-c70045e4b334,1.6709109544754028,False,0.29350000113481656
transfusion-retrieval-v3,sha256:5fc6a9a0d5ff5721954fad8f2855c204301e59ef0b28a91d8d9bdbaf48cb659b,4,bm25,TF023,temporal,True,False,10,5,b0d368a1-d0fc-4b8b-8567-e190cf462986,1.4178316593170166,False,0.29350000113481656
transfusion-retrieval-v3,sha256:5fc6a9a0d5ff5721954fad8f2855c204301e59ef0b28a91d8d9bdbaf48cb659b,4,bm25,TF023,temporal,True,False,10,6,919e93ca-fed9-4dde-b9b8-f870e207a3f3,1.4114233255386353,False,0.29350000113481656
transfusion-retrieval-v3,sha256:5fc6a9a0d5ff5721954fad8f2855c204301e59ef0b28a91d8d9bdbaf48cb659b,4,bm25,TF023,temporal,True,False,10,7,b7876bcb-b1d0-409a-831d-45e59e35a44e,0.8736749887466431,False,0.29350000113481656
transfusion-retrieval-v3,sha256:5fc6a9a0d5ff5721954fad8f2855c204301e59ef0b28a91d8d9bdbaf48cb659b,4,bm25,TF023,temporal,True,False,10,8,16efaa44-1554-4748-8407-48fac0bced94,0.8237892985343933,False,0.29350000113481656
transfusion-retrieval-v3,sha256:5fc6a9a0d5ff5721954fad8f2855c204301e59ef0b28a91d8d9bdbaf48cb659b,4,bm25,TF023,temporal,True,False,10,9,5e7838ae-0b80-4d05-b266-deb52de7b401,0.7666929960250854,False,0.29350000113481656
transfusion-retrieval-v3,sha256:5fc6a9a0d5ff5721954fad8f2855c204301e59ef0b28a91d8d9bdbaf48cb659b,4,bm25,TF023,temporal,True,False,10,10,6ffcd319-e868-444b-b6fe-8d192a4de3ff,0.7619568109512329,False,0.29350000113481656
transfusion-retrieval-v3,sha256:5fc6a9a0d5ff5721954fad8f2855c204301e59ef0b28a91d8d9bdbaf48cb659b,4,bm25,TF024,temporal,True,False,1,1,b10b8f1c-ed17-44ca-8d7c-1a4f19a12c67,1.5606176853179932,False,0.2831999991030898
transfusion-retrieval-v3,sha256:5fc6a9a0d5ff5721954fad8f2855c204301e59ef0b28a91d8d9bdbaf48cb659b,4,bm25,TF024,temporal,True,False,3,1,b10b8f1c-ed17-44ca-8d7c-1a4f19a12c67,1.5606176853179932,False,0.2831999991030898
transfusion-retrieval-v3,sha256:5fc6a9a0d5ff5721954fad8f2855c204301e59ef0b28a91d8d9bdbaf48cb659b,4,bm25,TF024,temporal,True,False,3,2,a3d42ca5-54b5-4b8d-be4e-79337aaab880,1.3263585567474365,False,0.2831999991030898
transfusion-retrieval-v3,sha256:5fc6a9a0d5ff5721954fad8f2855c204301e59ef0b28a91d8d9bdbaf48cb659b,4,bm25,TF024,temporal,True,False,3,3,d3b7d61b-50f0-4b96-a770-785a9f3c3886,1.2342151403427124,False,0.2831999991030898
transfusion-retrieval-v3,sha256:5fc6a9a0d5ff5721954fad8f2855c204301e59ef0b28a91d8d9bdbaf48cb659b,4,bm25,TF024,temporal,True,False,5,1,b10b8f1c-ed17-44ca-8d7c-1a4f19a12c67,1.5606176853179932,False,0.2831999991030898
transfusion-retrieval-v3,sha256:5fc6a9a0d5ff5721954fad8f2855c204301e59ef0b28a91d8d9bdbaf48cb659b,4,bm25,TF024,temporal,True,False,5,2,a3d42ca5-54b5-4b8d-be4e-79337aaab880,1.3263585567474365,False,0.2831999991030898
transfusion-retrieval-v3,sha256:5fc6a9a0d5ff5721954fad8f2855c204301e59ef0b28a91d8d9bdbaf48cb659b,4,bm25,TF024,temporal,True,False,5,3,d3b7d61b-50f0-4b96-a770-785a9f3c3886,1.2342151403427124,False,0.2831999991030898
transfusion-retrieval-v3,sha256:5fc6a9a0d5ff5721954fad8f2855c204301e59ef0b28a91d8d9bdbaf48cb659b,4,bm25,TF024,temporal,True,False,5,4,b7876bcb-b1d0-409a-831d-45e59e35a44e,1.2111810445785522,False,0.2831999991030898
transfusion-retrieval-v3,sha256:5fc6a9a0d5ff5721954fad8f2855c204301e59ef0b28a91d8d9bdbaf48cb659b,4,bm25,TF024,temporal,True,False,5,5,919e93ca-fed9-4dde-b9b8-f870e207a3f3,1.164312720298767,False,0.2831999991030898
transfusion-retrieval-v3,sha256:5fc6a9a0d5ff5721954fad8f2855c204301e59ef0b28a91d8d9bdbaf48cb659b,4,bm25,TF024,temporal,True,False,10,1,b10b8f1c-ed17-44ca-8d7c-1a4f19a12c67,1.5606176853179932,False,0.2831999991030898
transfusion-retrieval-v3,sha256:5fc6a9a0d5ff5721954fad8f2855c204301e59ef0b28a91d8d9bdbaf48cb659b,4,bm25,TF024,temporal,True,False,10,2,a3d42ca5-54b5-4b8d-be4e-79337aaab880,1.3263585567474365,False,0.2831999991030898
transfusion-retrieval-v3,sha256:5fc6a9a0d5ff5721954fad8f2855c204301e59ef0b28a91d8d9bdbaf48cb659b,4,bm25,TF024,temporal,True,False,10,3,d3b7d61b-50f0-4b96-a770-785a9f3c3886,1.2342151403427124,False,0.2831999991030898
transfusion-retrieval-v3,sha256:5fc6a9a0d5ff5721954fad8f2855c204301e59ef0b28a91d8d9bdbaf48cb659b,4,bm25,TF024,temporal,True,False,10,4,b7876bcb-b1d0-409a-831d-45e59e35a44e,1.2111810445785522,False,0.2831999991030898
transfusion-retrieval-v3,sha256:5fc6a9a0d5ff5721954fad8f2855c204301e59ef0b28a91d8d9bdbaf48cb659b,4,bm25,TF024,temporal,True,False,10,5,919e93ca-fed9-4dde-b9b8-f870e207a3f3,1.164312720298767,False,0.2831999991030898
transfusion-retrieval-v3,sha256:5fc6a9a0d5ff5721954fad8f2855c204301e59ef0b28a91d8d9bdbaf48cb659b,4,bm25,TF024,temporal,True,False,10,6,f9cfc75b-a5e7-4633-a798-4b17ea462325,1.038439154624939,False,0.2831999991030898
transfusion-retrieval-v3,sha256:5fc6a9a0d5ff5721954fad8f2855c204301e59ef0b28a91d8d9bdbaf48cb659b,4,bm25,TF024,temporal,True,False,10,7,15e829a9-a475-429d-b0e3-5c34bfbd3ab7,1.027919888496399,False,0.2831999991030898
transfusion-retrieval-v3,sha256:5fc6a9a0d5ff5721954fad8f2855c204301e59ef0b28a91d8d9bdbaf48cb659b,4,bm25,TF024,temporal,True,False,10,8,b0d368a1-d0fc-4b8b-8567-e190cf462986,0.9320894479751587,False,0.2831999991030898
transfusion-retrieval-v3,sha256:5fc6a9a0d5ff5721954fad8f2855c204301e59ef0b28a91d8d9bdbaf48cb659b,4,bm25,TF024,temporal,True,False,10,9,84c0a864-176f-4776-a15e-167fc2518e5d,0.7427181005477905,False,0.2831999991030898
transfusion-retrieval-v3,sha256:5fc6a9a0d5ff5721954fad8f2855c204301e59ef0b28a91d8d9bdbaf48cb659b,4,bm25,TF024,temporal,True,False,10,10,6ffcd319-e868-444b-b6fe-8d192a4de3ff,0.6127641797065735,False,0.2831999991030898
transfusion-retrieval-v3,sha256:5fc6a9a0d5ff5721954fad8f2855c204301e59ef0b28a91d8d9bdbaf48cb659b,4,bm25,TF025,fact_specific,True,False,1,1,f7a9837d-f8db-4461-abd8-a3607db2276f,10.36142349243164,False,0.3311000000394415
transfusion-retrieval-v3,sha256:5fc6a9a0d5ff5721954fad8f2855c204301e59ef0b28a91d8d9bdbaf48cb659b,4,bm25,TF025,fact_specific,True,False,3,1,f7a9837d-f8db-4461-abd8-a3607db2276f,10.36142349243164,False,0.3311000000394415
transfusion-retrieval-v3,sha256:5fc6a9a0d5ff5721954fad8f2855c204301e59ef0b28a91d8d9bdbaf48cb659b,4,bm25,TF025,fact_specific,True,False,3,2,b0d368a1-d0fc-4b8b-8567-e190cf462986,4.658625602722168,True,0.3311000000394415
transfusion-retrieval-v3,sha256:5fc6a9a0d5ff5721954fad8f2855c204301e59ef0b28a91d8d9bdbaf48cb659b,4,bm25,TF025,fact_specific,True,False,3,3,b7876bcb-b1d0-409a-831d-45e59e35a44e,4.509583473205566,False,0.3311000000394415
transfusion-retrieval-v3,sha256:5fc6a9a0d5ff5721954fad8f2855c204301e59ef0b28a91d8d9bdbaf48cb659b,4,bm25,TF025,fact_specific,True,False,5,1,f7a9837d-f8db-4461-abd8-a3607db2276f,10.36142349243164,False,0.3311000000394415
transfusion-retrieval-v3,sha256:5fc6a9a0d5ff5721954fad8f2855c204301e59ef0b28a91d8d9bdbaf48cb659b,4,bm25,TF025,fact_specific,True,False,5,2,b0d368a1-d0fc-4b8b-8567-e190cf462986,4.658625602722168,True,0.3311000000394415
transfusion-retrieval-v3,sha256:5fc6a9a0d5ff5721954fad8f2855c204301e59ef0b28a91d8d9bdbaf48cb659b,4,bm25,TF025,fact_specific,True,False,5,3,b7876bcb-b1d0-409a-831d-45e59e35a44e,4.509583473205566,False,0.3311000000394415
transfusion-retrieval-v3,sha256:5fc6a9a0d5ff5721954fad8f2855c204301e59ef0b28a91d8d9bdbaf48cb659b,4,bm25,TF025,fact_specific,True,False,5,4,919e93ca-fed9-4dde-b9b8-f870e207a3f3,4.350883483886719,True,0.3311000000394415
transfusion-retrieval-v3,sha256:5fc6a9a0d5ff5721954fad8f2855c204301e59ef0b28a91d8d9bdbaf48cb659b,4,bm25,TF025,fact_specific,True,False,5,5,73735f01-c9d0-4dd5-8d46-c70045e4b334,4.134036540985107,False,0.3311000000394415
transfusion-retrieval-v3,sha256:5fc6a9a0d5ff5721954fad8f2855c204301e59ef0b28a91d8d9bdbaf48cb659b,4,bm25,TF025,fact_specific,True,False,10,1,f7a9837d-f8db-4461-abd8-a3607db2276f,10.36142349243164,False,0.3311000000394415
transfusion-retrieval-v3,sha256:5fc6a9a0d5ff5721954fad8f2855c204301e59ef0b28a91d8d9bdbaf48cb659b,4,bm25,TF025,fact_specific,True,False,10,2,b0d368a1-d0fc-4b8b-8567-e190cf462986,4.658625602722168,True,0.3311000000394415
transfusion-retrieval-v3,sha256:5fc6a9a0d5ff5721954fad8f2855c204301e59ef0b28a91d8d9bdbaf48cb659b,4,bm25,TF025,fact_specific,True,False,10,3,b7876bcb-b1d0-409a-831d-45e59e35a44e,4.509583473205566,False,0.3311000000394415
transfusion-retrieval-v3,sha256:5fc6a9a0d5ff5721954fad8f2855c204301e59ef0b28a91d8d9bdbaf48cb659b,4,bm25,TF025,fact_specific,True,False,10,4,919e93ca-fed9-4dde-b9b8-f870e207a3f3,4.350883483886719,True,0.3311000000394415
transfusion-retrieval-v3,sha256:5fc6a9a0d5ff5721954fad8f2855c204301e59ef0b28a91d8d9bdbaf48cb659b,4,bm25,TF025,fact_specific,True,False,10,5,73735f01-c9d0-4dd5-8d46-c70045e4b334,4.134036540985107,False,0.3311000000394415
transfusion-retrieval-v3,sha256:5fc6a9a0d5ff5721954fad8f2855c204301e59ef0b28a91d8d9bdbaf48cb659b,4,bm25,TF025,fact_specific,True,False,10,6,6ffcd319-e868-444b-b6fe-8d192a4de3ff,3.932936191558838,False,0.3311000000394415
transfusion-retrieval-v3,sha256:5fc6a9a0d5ff5721954fad8f2855c204301e59ef0b28a91d8d9bdbaf48cb659b,4,bm25,TF025,fact_specific,True,False,10,7,74c0eabe-77c7-4dbf-a321-27966a12fafb,3.925515651702881,False,0.3311000000394415
transfusion-retrieval-v3,sha256:5fc6a9a0d5ff5721954fad8f2855c204301e59ef0b28a91d8d9bdbaf48cb659b,4,bm25,TF025,fact_specific,True,False,10,8,16efaa44-1554-4748-8407-48fac0bced94,3.5561554431915283,False,0.3311000000394415
transfusion-retrieval-v3,sha256:5fc6a9a0d5ff5721954fad8f2855c204301e59ef0b28a91d8d9bdbaf48cb659b,4,bm25,TF025,fact_specific,True,False,10,9,cfff9bf0-05e4-4179-a793-f3c705d04812,3.2247838973999023,False,0.3311000000394415
transfusion-retrieval-v3,sha256:5fc6a9a0d5ff5721954fad8f2855c204301e59ef0b28a91d8d9bdbaf48cb659b,4,bm25,TF025,fact_specific,True,False,10,10,22e6c188-2e4c-4029-b200-7770a3f00e6e,2.7293875217437744,False,0.3311000000394415
transfusion-retrieval-v3,sha256:5fc6a9a0d5ff5721954fad8f2855c204301e59ef0b28a91d8d9bdbaf48cb659b,4,bm25,TF026,fact_specific,True,False,1,1,b7876bcb-b1d0-409a-831d-45e59e35a44e,12.085392951965332,True,0.3394999985175673
transfusion-retrieval-v3,sha256:5fc6a9a0d5ff5721954fad8f2855c204301e59ef0b28a91d8d9bdbaf48cb659b,4,bm25,TF026,fact_specific,True,False,3,1,b7876bcb-b1d0-409a-831d-45e59e35a44e,12.085392951965332,True,0.3394999985175673
transfusion-retrieval-v3,sha256:5fc6a9a0d5ff5721954fad8f2855c204301e59ef0b28a91d8d9bdbaf48cb659b,4,bm25,TF026,fact_specific,True,False,3,2,919e93ca-fed9-4dde-b9b8-f870e207a3f3,10.648040771484375,False,0.3394999985175673
transfusion-retrieval-v3,sha256:5fc6a9a0d5ff5721954fad8f2855c204301e59ef0b28a91d8d9bdbaf48cb659b,4,bm25,TF026,fact_specific,True,False,3,3,16efaa44-1554-4748-8407-48fac0bced94,9.473323822021484,False,0.3394999985175673
transfusion-retrieval-v3,sha256:5fc6a9a0d5ff5721954fad8f2855c204301e59ef0b28a91d8d9bdbaf48cb659b,4,bm25,TF026,fact_specific,True,False,5,1,b7876bcb-b1d0-409a-831d-45e59e35a44e,12.085392951965332,True,0.3394999985175673
transfusion-retrieval-v3,sha256:5fc6a9a0d5ff5721954fad8f2855c204301e59ef0b28a91d8d9bdbaf48cb659b,4,bm25,TF026,fact_specific,True,False,5,2,919e93ca-fed9-4dde-b9b8-f870e207a3f3,10.648040771484375,False,0.3394999985175673
transfusion-retrieval-v3,sha256:5fc6a9a0d5ff5721954fad8f2855c204301e59ef0b28a91d8d9bdbaf48cb659b,4,bm25,TF026,fact_specific,True,False,5,3,16efaa44-1554-4748-8407-48fac0bced94,9.473323822021484,False,0.3394999985175673
transfusion-retrieval-v3,sha256:5fc6a9a0d5ff5721954fad8f2855c204301e59ef0b28a91d8d9bdbaf48cb659b,4,bm25,TF026,fact_specific,True,False,5,4,74c0eabe-77c7-4dbf-a321-27966a12fafb,7.797686576843262,False,0.3394999985175673
transfusion-retrieval-v3,sha256:5fc6a9a0d5ff5721954fad8f2855c204301e59ef0b28a91d8d9bdbaf48cb659b,4,bm25,TF026,fact_specific,True,False,5,5,b0d368a1-d0fc-4b8b-8567-e190cf462986,7.680944919586182,False,0.3394999985175673
transfusion-retrieval-v3,sha256:5fc6a9a0d5ff5721954fad8f2855c204301e59ef0b28a91d8d9bdbaf48cb659b,4,bm25,TF026,fact_specific,True,False,10,1,b7876bcb-b1d0-409a-831d-45e59e35a44e,12.085392951965332,True,0.3394999985175673
transfusion-retrieval-v3,sha256:5fc6a9a0d5ff5721954fad8f2855c204301e59ef0b28a91d8d9bdbaf48cb659b,4,bm25,TF026,fact_specific,True,False,10,2,919e93ca-fed9-4dde-b9b8-f870e207a3f3,10.648040771484375,False,0.3394999985175673
transfusion-retrieval-v3,sha256:5fc6a9a0d5ff5721954fad8f2855c204301e59ef0b28a91d8d9bdbaf48cb659b,4,bm25,TF026,fact_specific,True,False,10,3,16efaa44-1554-4748-8407-48fac0bced94,9.473323822021484,False,0.3394999985175673
transfusion-retrieval-v3,sha256:5fc6a9a0d5ff5721954fad8f2855c204301e59ef0b28a91d8d9bdbaf48cb659b,4,bm25,TF026,fact_specific,True,False,10,4,74c0eabe-77c7-4dbf-a321-27966a12fafb,7.797686576843262,False,0.3394999985175673
transfusion-retrieval-v3,sha256:5fc6a9a0d5ff5721954fad8f2855c204301e59ef0b28a91d8d9bdbaf48cb659b,4,bm25,TF026,fact_specific,True,False,10,5,b0d368a1-d0fc-4b8b-8567-e190cf462986,7.680944919586182,False,0.3394999985175673
transfusion-retrieval-v3,sha256:5fc6a9a0d5ff5721954fad8f2855c204301e59ef0b28a91d8d9bdbaf48cb659b,4,bm25,TF026,fact_specific,True,False,10,6,6ffcd319-e868-444b-b6fe-8d192a4de3ff,7.129397869110107,False,0.3394999985175673
transfusion-retrieval-v3,sha256:5fc6a9a0d5ff5721954fad8f2855c204301e59ef0b28a91d8d9bdbaf48cb659b,4,bm25,TF026,fact_specific,True,False,10,7,9552a4ac-31b4-43a8-aa92-37bd3e89362a,6.16940975189209,False,0.3394999985175673
transfusion-retrieval-v3,sha256:5fc6a9a0d5ff5721954fad8f2855c204301e59ef0b28a91d8d9bdbaf48cb659b,4,bm25,TF026,fact_specific,True,False,10,8,84c0a864-176f-4776-a15e-167fc2518e5d,5.551422119140625,False,0.3394999985175673
transfusion-retrieval-v3,sha256:5fc6a9a0d5ff5721954fad8f2855c204301e59ef0b28a91d8d9bdbaf48cb659b,4,bm25,TF026,fact_specific,True,False,10,9,f7a9837d-f8db-4461-abd8-a3607db2276f,5.268798351287842,False,0.3394999985175673
transfusion-retrieval-v3,sha256:5fc6a9a0d5ff5721954fad8f2855c204301e59ef0b28a91d8d9bdbaf48cb659b,4,bm25,TF026,fact_specific,True,False,10,10,73735f01-c9d0-4dd5-8d46-c70045e4b334,4.554635524749756,False,0.3394999985175673
transfusion-retrieval-v3,sha256:5fc6a9a0d5ff5721954fad8f2855c204301e59ef0b28a91d8d9bdbaf48cb659b,4,bm25,TF027,procedure,True,True,1,1,3abbb958-eafe-4ffe-bcfc-dafa7349c15c,6.537220478057861,False,0.3738999985216651
transfusion-retrieval-v3,sha256:5fc6a9a0d5ff5721954fad8f2855c204301e59ef0b28a91d8d9bdbaf48cb659b,4,bm25,TF027,procedure,True,True,3,1,3abbb958-eafe-4ffe-bcfc-dafa7349c15c,6.537220478057861,False,0.3738999985216651
transfusion-retrieval-v3,sha256:5fc6a9a0d5ff5721954fad8f2855c204301e59ef0b28a91d8d9bdbaf48cb659b,4,bm25,TF027,procedure,True,True,3,2,eda54b74-cd2f-4808-8175-bcc5b916ce90,5.9001030921936035,False,0.3738999985216651
transfusion-retrieval-v3,sha256:5fc6a9a0d5ff5721954fad8f2855c204301e59ef0b28a91d8d9bdbaf48cb659b,4,bm25,TF027,procedure,True,True,3,3,7adacb8c-91c0-4ea7-8d82-7505eeac5042,5.830830097198486,False,0.3738999985216651
transfusion-retrieval-v3,sha256:5fc6a9a0d5ff5721954fad8f2855c204301e59ef0b28a91d8d9bdbaf48cb659b,4,bm25,TF027,procedure,True,True,5,1,3abbb958-eafe-4ffe-bcfc-dafa7349c15c,6.537220478057861,False,0.3738999985216651
transfusion-retrieval-v3,sha256:5fc6a9a0d5ff5721954fad8f2855c204301e59ef0b28a91d8d9bdbaf48cb659b,4,bm25,TF027,procedure,True,True,5,2,eda54b74-cd2f-4808-8175-bcc5b916ce90,5.9001030921936035,False,0.3738999985216651
transfusion-retrieval-v3,sha256:5fc6a9a0d5ff5721954fad8f2855c204301e59ef0b28a91d8d9bdbaf48cb659b,4,bm25,TF027,procedure,True,True,5,3,7adacb8c-91c0-4ea7-8d82-7505eeac5042,5.830830097198486,False,0.3738999985216651
transfusion-retrieval-v3,sha256:5fc6a9a0d5ff5721954fad8f2855c204301e59ef0b28a91d8d9bdbaf48cb659b,4,bm25,TF027,procedure,True,True,5,4,dfb2693a-e821-4d6e-bbcc-0dbf3dc2a2ae,5.8133440017700195,False,0.3738999985216651
transfusion-retrieval-v3,sha256:5fc6a9a0d5ff5721954fad8f2855c204301e59ef0b28a91d8d9bdbaf48cb659b,4,bm25,TF027,procedure,True,True,5,5,22e6c188-2e4c-4029-b200-7770a3f00e6e,5.186156272888184,False,0.3738999985216651
transfusion-retrieval-v3,sha256:5fc6a9a0d5ff5721954fad8f2855c204301e59ef0b28a91d8d9bdbaf48cb659b,4,bm25,TF027,procedure,True,True,10,1,3abbb958-eafe-4ffe-bcfc-dafa7349c15c,6.537220478057861,False,0.3738999985216651
transfusion-retrieval-v3,sha256:5fc6a9a0d5ff5721954fad8f2855c204301e59ef0b28a91d8d9bdbaf48cb659b,4,bm25,TF027,procedure,True,True,10,2,eda54b74-cd2f-4808-8175-bcc5b916ce90,5.9001030921936035,False,0.3738999985216651
transfusion-retrieval-v3,sha256:5fc6a9a0d5ff5721954fad8f2855c204301e59ef0b28a91d8d9bdbaf48cb659b,4,bm25,TF027,procedure,True,True,10,3,7adacb8c-91c0-4ea7-8d82-7505eeac5042,5.830830097198486,False,0.3738999985216651
transfusion-retrieval-v3,sha256:5fc6a9a0d5ff5721954fad8f2855c204301e59ef0b28a91d8d9bdbaf48cb659b,4,bm25,TF027,procedure,True,True,10,4,dfb2693a-e821-4d6e-bbcc-0dbf3dc2a2ae,5.8133440017700195,False,0.3738999985216651
transfusion-retrieval-v3,sha256:5fc6a9a0d5ff5721954fad8f2855c204301e59ef0b28a91d8d9bdbaf48cb659b,4,bm25,TF027,procedure,True,True,10,5,22e6c188-2e4c-4029-b200-7770a3f00e6e,5.186156272888184,False,0.3738999985216651
transfusion-retrieval-v3,sha256:5fc6a9a0d5ff5721954fad8f2855c204301e59ef0b28a91d8d9bdbaf48cb659b,4,bm25,TF027,procedure,True,True,10,6,fd678588-5ac2-400d-95c5-3309537781ec,4.4097089767456055,False,0.3738999985216651
transfusion-retrieval-v3,sha256:5fc6a9a0d5ff5721954fad8f2855c204301e59ef0b28a91d8d9bdbaf48cb659b,4,bm25,TF027,procedure,True,True,10,7,fbf62ef9-25b7-437c-98d8-c4934fba0fe6,4.221967697143555,False,0.3738999985216651
transfusion-retrieval-v3,sha256:5fc6a9a0d5ff5721954fad8f2855c204301e59ef0b28a91d8d9bdbaf48cb659b,4,bm25,TF027,procedure,True,True,10,8,b225ae64-72d2-4e59-81c0-57f5d8438666,4.156677722930908,False,0.3738999985216651
transfusion-retrieval-v3,sha256:5fc6a9a0d5ff5721954fad8f2855c204301e59ef0b28a91d8d9bdbaf48cb659b,4,bm25,TF027,procedure,True,True,10,9,2cea4ea7-7aaf-4c54-ac4e-b660de52065d,3.7989649772644043,False,0.3738999985216651
transfusion-retrieval-v3,sha256:5fc6a9a0d5ff5721954fad8f2855c204301e59ef0b28a91d8d9bdbaf48cb659b,4,bm25,TF027,procedure,True,True,10,10,b66e5419-8a9c-47f4-866d-ebdb95b174b2,3.479185104370117,False,0.3738999985216651
transfusion-retrieval-v3,sha256:5fc6a9a0d5ff5721954fad8f2855c204301e59ef0b28a91d8d9bdbaf48cb659b,4,bm25,TF028,preparation,True,False,1,1,dfb2693a-e821-4d6e-bbcc-0dbf3dc2a2ae,4.276747226715088,False,0.7315999973798171
transfusion-retrieval-v3,sha256:5fc6a9a0d5ff5721954fad8f2855c204301e59ef0b28a91d8d9bdbaf48cb659b,4,bm25,TF028,preparation,True,False,3,1,dfb2693a-e821-4d6e-bbcc-0dbf3dc2a2ae,4.276747226715088,False,0.7315999973798171
transfusion-retrieval-v3,sha256:5fc6a9a0d5ff5721954fad8f2855c204301e59ef0b28a91d8d9bdbaf48cb659b,4,bm25,TF028,preparation,True,False,3,2,2cea4ea7-7aaf-4c54-ac4e-b660de52065d,4.030678749084473,False,0.7315999973798171
transfusion-retrieval-v3,sha256:5fc6a9a0d5ff5721954fad8f2855c204301e59ef0b28a91d8d9bdbaf48cb659b,4,bm25,TF028,preparation,True,False,3,3,fbf62ef9-25b7-437c-98d8-c4934fba0fe6,3.7905309200286865,False,0.7315999973798171
transfusion-retrieval-v3,sha256:5fc6a9a0d5ff5721954fad8f2855c204301e59ef0b28a91d8d9bdbaf48cb659b,4,bm25,TF028,preparation,True,False,5,1,dfb2693a-e821-4d6e-bbcc-0dbf3dc2a2ae,4.276747226715088,False,0.7315999973798171
transfusion-retrieval-v3,sha256:5fc6a9a0d5ff5721954fad8f2855c204301e59ef0b28a91d8d9bdbaf48cb659b,4,bm25,TF028,preparation,True,False,5,2,2cea4ea7-7aaf-4c54-ac4e-b660de52065d,4.030678749084473,False,0.7315999973798171
transfusion-retrieval-v3,sha256:5fc6a9a0d5ff5721954fad8f2855c204301e59ef0b28a91d8d9bdbaf48cb659b,4,bm25,TF028,preparation,True,False,5,3,fbf62ef9-25b7-437c-98d8-c4934fba0fe6,3.7905309200286865,False,0.7315999973798171
transfusion-retrieval-v3,sha256:5fc6a9a0d5ff5721954fad8f2855c204301e59ef0b28a91d8d9bdbaf48cb659b,4,bm25,TF028,preparation,True,False,5,4,9131e9a9-eff3-4f4e-a20b-4bdd456c35bc,3.7254443168640137,False,0.7315999973798171
transfusion-retrieval-v3,sha256:5fc6a9a0d5ff5721954fad8f2855c204301e59ef0b28a91d8d9bdbaf48cb659b,4,bm25,TF028,preparation,True,False,5,5,3abbb958-eafe-4ffe-bcfc-dafa7349c15c,3.629601240158081,False,0.7315999973798171
transfusion-retrieval-v3,sha256:5fc6a9a0d5ff5721954fad8f2855c204301e59ef0b28a91d8d9bdbaf48cb659b,4,bm25,TF028,preparation,True,False,10,1,dfb2693a-e821-4d6e-bbcc-0dbf3dc2a2ae,4.276747226715088,False,0.7315999973798171
transfusion-retrieval-v3,sha256:5fc6a9a0d5ff5721954fad8f2855c204301e59ef0b28a91d8d9bdbaf48cb659b,4,bm25,TF028,preparation,True,False,10,2,2cea4ea7-7aaf-4c54-ac4e-b660de52065d,4.030678749084473,False,0.7315999973798171
transfusion-retrieval-v3,sha256:5fc6a9a0d5ff5721954fad8f2855c204301e59ef0b28a91d8d9bdbaf48cb659b,4,bm25,TF028,preparation,True,False,10,3,fbf62ef9-25b7-437c-98d8-c4934fba0fe6,3.7905309200286865,False,0.7315999973798171
transfusion-retrieval-v3,sha256:5fc6a9a0d5ff5721954fad8f2855c204301e59ef0b28a91d8d9bdbaf48cb659b,4,bm25,TF028,preparation,True,False,10,4,9131e9a9-eff3-4f4e-a20b-4bdd456c35bc,3.7254443168640137,False,0.7315999973798171
transfusion-retrieval-v3,sha256:5fc6a9a0d5ff5721954fad8f2855c204301e59ef0b28a91d8d9bdbaf48cb659b,4,bm25,TF028,preparation,True,False,10,5,3abbb958-eafe-4ffe-bcfc-dafa7349c15c,3.629601240158081,False,0.7315999973798171
transfusion-retrieval-v3,sha256:5fc6a9a0d5ff5721954fad8f2855c204301e59ef0b28a91d8d9bdbaf48cb659b,4,bm25,TF028,preparation,True,False,10,6,d3b7d61b-50f0-4b96-a770-785a9f3c3886,3.241227149963379,False,0.7315999973798171
transfusion-retrieval-v3,sha256:5fc6a9a0d5ff5721954fad8f2855c204301e59ef0b28a91d8d9bdbaf48cb659b,4,bm25,TF028,preparation,True,False,10,7,eda54b74-cd2f-4808-8175-bcc5b916ce90,3.0654232501983643,True,0.7315999973798171
transfusion-retrieval-v3,sha256:5fc6a9a0d5ff5721954fad8f2855c204301e59ef0b28a91d8d9bdbaf48cb659b,4,bm25,TF028,preparation,True,False,10,8,7adacb8c-91c0-4ea7-8d82-7505eeac5042,2.9845497608184814,False,0.7315999973798171
transfusion-retrieval-v3,sha256:5fc6a9a0d5ff5721954fad8f2855c204301e59ef0b28a91d8d9bdbaf48cb659b,4,bm25,TF028,preparation,True,False,10,9,bc88f538-e881-4c81-85e9-fca20614315d,2.961879253387451,False,0.7315999973798171
transfusion-retrieval-v3,sha256:5fc6a9a0d5ff5721954fad8f2855c204301e59ef0b28a91d8d9bdbaf48cb659b,4,bm25,TF028,preparation,True,False,10,10,21efe016-3004-45f3-a070-29ce2ecb0019,2.884079694747925,False,0.7315999973798171
transfusion-retrieval-v3,sha256:5fc6a9a0d5ff5721954fad8f2855c204301e59ef0b28a91d8d9bdbaf48cb659b,4,bm25,TF029,preparation,True,False,1,1,7e5199d4-e5c9-40ca-a69f-ea37f52c6ce3,10.472630500793457,False,0.44580000030691735
transfusion-retrieval-v3,sha256:5fc6a9a0d5ff5721954fad8f2855c204301e59ef0b28a91d8d9bdbaf48cb659b,4,bm25,TF029,preparation,True,False,3,1,7e5199d4-e5c9-40ca-a69f-ea37f52c6ce3,10.472630500793457,False,0.44580000030691735
transfusion-retrieval-v3,sha256:5fc6a9a0d5ff5721954fad8f2855c204301e59ef0b28a91d8d9bdbaf48cb659b,4,bm25,TF029,preparation,True,False,3,2,9552a4ac-31b4-43a8-aa92-37bd3e89362a,9.223620414733887,False,0.44580000030691735
transfusion-retrieval-v3,sha256:5fc6a9a0d5ff5721954fad8f2855c204301e59ef0b28a91d8d9bdbaf48cb659b,4,bm25,TF029,preparation,True,False,3,3,36bac780-b1a2-42dc-8cca-3605f80c5521,9.049737930297852,True,0.44580000030691735
transfusion-retrieval-v3,sha256:5fc6a9a0d5ff5721954fad8f2855c204301e59ef0b28a91d8d9bdbaf48cb659b,4,bm25,TF029,preparation,True,False,5,1,7e5199d4-e5c9-40ca-a69f-ea37f52c6ce3,10.472630500793457,False,0.44580000030691735
transfusion-retrieval-v3,sha256:5fc6a9a0d5ff5721954fad8f2855c204301e59ef0b28a91d8d9bdbaf48cb659b,4,bm25,TF029,preparation,True,False,5,2,9552a4ac-31b4-43a8-aa92-37bd3e89362a,9.223620414733887,False,0.44580000030691735
transfusion-retrieval-v3,sha256:5fc6a9a0d5ff5721954fad8f2855c204301e59ef0b28a91d8d9bdbaf48cb659b,4,bm25,TF029,preparation,True,False,5,3,36bac780-b1a2-42dc-8cca-3605f80c5521,9.049737930297852,True,0.44580000030691735
transfusion-retrieval-v3,sha256:5fc6a9a0d5ff5721954fad8f2855c204301e59ef0b28a91d8d9bdbaf48cb659b,4,bm25,TF029,preparation,True,False,5,4,84c0a864-176f-4776-a15e-167fc2518e5d,8.359821319580078,False,0.44580000030691735
transfusion-retrieval-v3,sha256:5fc6a9a0d5ff5721954fad8f2855c204301e59ef0b28a91d8d9bdbaf48cb659b,4,bm25,TF029,preparation,True,False,5,5,98d006ac-5212-4c8c-8a63-4cbd4d6caffc,7.574398040771484,False,0.44580000030691735
transfusion-retrieval-v3,sha256:5fc6a9a0d5ff5721954fad8f2855c204301e59ef0b28a91d8d9bdbaf48cb659b,4,bm25,TF029,preparation,True,False,10,1,7e5199d4-e5c9-40ca-a69f-ea37f52c6ce3,10.472630500793457,False,0.44580000030691735
transfusion-retrieval-v3,sha256:5fc6a9a0d5ff5721954fad8f2855c204301e59ef0b28a91d8d9bdbaf48cb659b,4,bm25,TF029,preparation,True,False,10,2,9552a4ac-31b4-43a8-aa92-37bd3e89362a,9.223620414733887,False,0.44580000030691735
transfusion-retrieval-v3,sha256:5fc6a9a0d5ff5721954fad8f2855c204301e59ef0b28a91d8d9bdbaf48cb659b,4,bm25,TF029,preparation,True,False,10,3,36bac780-b1a2-42dc-8cca-3605f80c5521,9.049737930297852,True,0.44580000030691735
transfusion-retrieval-v3,sha256:5fc6a9a0d5ff5721954fad8f2855c204301e59ef0b28a91d8d9bdbaf48cb659b,4,bm25,TF029,preparation,True,False,10,4,84c0a864-176f-4776-a15e-167fc2518e5d,8.359821319580078,False,0.44580000030691735
transfusion-retrieval-v3,sha256:5fc6a9a0d5ff5721954fad8f2855c204301e59ef0b28a91d8d9bdbaf48cb659b,4,bm25,TF029,preparation,True,False,10,5,98d006ac-5212-4c8c-8a63-4cbd4d6caffc,7.574398040771484,False,0.44580000030691735
transfusion-retrieval-v3,sha256:5fc6a9a0d5ff5721954fad8f2855c204301e59ef0b28a91d8d9bdbaf48cb659b,4,bm25,TF029,preparation,True,False,10,6,8f3ed830-3a06-41c6-8b06-cfcf6d36a83c,3.7762582302093506,False,0.44580000030691735
transfusion-retrieval-v3,sha256:5fc6a9a0d5ff5721954fad8f2855c204301e59ef0b28a91d8d9bdbaf48cb659b,4,bm25,TF029,preparation,True,False,10,7,74c0eabe-77c7-4dbf-a321-27966a12fafb,3.433633327484131,False,0.44580000030691735
transfusion-retrieval-v3,sha256:5fc6a9a0d5ff5721954fad8f2855c204301e59ef0b28a91d8d9bdbaf48cb659b,4,bm25,TF029,preparation,True,False,10,8,48b9789d-5088-4ba1-a82a-be3a6396ce85,3.2934343814849854,False,0.44580000030691735
transfusion-retrieval-v3,sha256:5fc6a9a0d5ff5721954fad8f2855c204301e59ef0b28a91d8d9bdbaf48cb659b,4,bm25,TF029,preparation,True,False,10,9,a7cf71a5-8426-4d7c-8106-e0754e7cb4bf,2.8844265937805176,False,0.44580000030691735
transfusion-retrieval-v3,sha256:5fc6a9a0d5ff5721954fad8f2855c204301e59ef0b28a91d8d9bdbaf48cb659b,4,bm25,TF029,preparation,True,False,10,10,b0b5bc4f-7d0b-4f56-8e37-84178d38637d,2.8099758625030518,False,0.44580000030691735
transfusion-retrieval-v3,sha256:5fc6a9a0d5ff5721954fad8f2855c204301e59ef0b28a91d8d9bdbaf48cb659b,4,bm25,TF030,temporal,True,False,1,1,d3b7d61b-50f0-4b96-a770-785a9f3c3886,1.8082045316696167,False,0.38240000139921904
transfusion-retrieval-v3,sha256:5fc6a9a0d5ff5721954fad8f2855c204301e59ef0b28a91d8d9bdbaf48cb659b,4,bm25,TF030,temporal,True,False,3,1,d3b7d61b-50f0-4b96-a770-785a9f3c3886,1.8082045316696167,False,0.38240000139921904
transfusion-retrieval-v3,sha256:5fc6a9a0d5ff5721954fad8f2855c204301e59ef0b28a91d8d9bdbaf48cb659b,4,bm25,TF030,temporal,True,False,3,2,da79aa00-567d-434c-8441-915ac080f918,1.4931167364120483,False,0.38240000139921904
transfusion-retrieval-v3,sha256:5fc6a9a0d5ff5721954fad8f2855c204301e59ef0b28a91d8d9bdbaf48cb659b,4,bm25,TF030,temporal,True,False,3,3,324bc249-0e84-46e9-b77f-856c76cd5353,1.4890623092651367,False,0.38240000139921904
transfusion-retrieval-v3,sha256:5fc6a9a0d5ff5721954fad8f2855c204301e59ef0b28a91d8d9bdbaf48cb659b,4,bm25,TF030,temporal,True,False,5,1,d3b7d61b-50f0-4b96-a770-785a9f3c3886,1.8082045316696167,False,0.38240000139921904
transfusion-retrieval-v3,sha256:5fc6a9a0d5ff5721954fad8f2855c204301e59ef0b28a91d8d9bdbaf48cb659b,4,bm25,TF030,temporal,True,False,5,2,da79aa00-567d-434c-8441-915ac080f918,1.4931167364120483,False,0.38240000139921904
transfusion-retrieval-v3,sha256:5fc6a9a0d5ff5721954fad8f2855c204301e59ef0b28a91d8d9bdbaf48cb659b,4,bm25,TF030,temporal,True,False,5,3,324bc249-0e84-46e9-b77f-856c76cd5353,1.4890623092651367,False,0.38240000139921904
transfusion-retrieval-v3,sha256:5fc6a9a0d5ff5721954fad8f2855c204301e59ef0b28a91d8d9bdbaf48cb659b,4,bm25,TF030,temporal,True,False,5,4,73735f01-c9d0-4dd5-8d46-c70045e4b334,1.3838852643966675,False,0.38240000139921904
transfusion-retrieval-v3,sha256:5fc6a9a0d5ff5721954fad8f2855c204301e59ef0b28a91d8d9bdbaf48cb659b,4,bm25,TF030,temporal,True,False,5,5,b66e5419-8a9c-47f4-866d-ebdb95b174b2,1.3309744596481323,False,0.38240000139921904
transfusion-retrieval-v3,sha256:5fc6a9a0d5ff5721954fad8f2855c204301e59ef0b28a91d8d9bdbaf48cb659b,4,bm25,TF030,temporal,True,False,10,1,d3b7d61b-50f0-4b96-a770-785a9f3c3886,1.8082045316696167,False,0.38240000139921904
transfusion-retrieval-v3,sha256:5fc6a9a0d5ff5721954fad8f2855c204301e59ef0b28a91d8d9bdbaf48cb659b,4,bm25,TF030,temporal,True,False,10,2,da79aa00-567d-434c-8441-915ac080f918,1.4931167364120483,False,0.38240000139921904
transfusion-retrieval-v3,sha256:5fc6a9a0d5ff5721954fad8f2855c204301e59ef0b28a91d8d9bdbaf48cb659b,4,bm25,TF030,temporal,True,False,10,3,324bc249-0e84-46e9-b77f-856c76cd5353,1.4890623092651367,False,0.38240000139921904
transfusion-retrieval-v3,sha256:5fc6a9a0d5ff5721954fad8f2855c204301e59ef0b28a91d8d9bdbaf48cb659b,4,bm25,TF030,temporal,True,False,10,4,73735f01-c9d0-4dd5-8d46-c70045e4b334,1.3838852643966675,False,0.38240000139921904
transfusion-retrieval-v3,sha256:5fc6a9a0d5ff5721954fad8f2855c204301e59ef0b28a91d8d9bdbaf48cb659b,4,bm25,TF030,temporal,True,False,10,5,b66e5419-8a9c-47f4-866d-ebdb95b174b2,1.3309744596481323,False,0.38240000139921904
transfusion-retrieval-v3,sha256:5fc6a9a0d5ff5721954fad8f2855c204301e59ef0b28a91d8d9bdbaf48cb659b,4,bm25,TF030,temporal,True,False,10,6,3ecc27b9-634c-4026-b44e-e01123aa0467,1.312160849571228,False,0.38240000139921904
transfusion-retrieval-v3,sha256:5fc6a9a0d5ff5721954fad8f2855c204301e59ef0b28a91d8d9bdbaf48cb659b,4,bm25,TF030,temporal,True,False,10,7,df699ccc-6f51-4281-b4a4-f3d2a20631e0,1.3037042617797852,False,0.38240000139921904
transfusion-retrieval-v3,sha256:5fc6a9a0d5ff5721954fad8f2855c204301e59ef0b28a91d8d9bdbaf48cb659b,4,bm25,TF030,temporal,True,False,10,8,1033ac46-dec8-493e-b577-7f5ad80f8e86,1.2829042673110962,False,0.38240000139921904
transfusion-retrieval-v3,sha256:5fc6a9a0d5ff5721954fad8f2855c204301e59ef0b28a91d8d9bdbaf48cb659b,4,bm25,TF030,temporal,True,False,10,9,dfb2693a-e821-4d6e-bbcc-0dbf3dc2a2ae,1.1329067945480347,False,0.38240000139921904
transfusion-retrieval-v3,sha256:5fc6a9a0d5ff5721954fad8f2855c204301e59ef0b28a91d8d9bdbaf48cb659b,4,bm25,TF030,temporal,True,False,10,10,f9eb1471-4566-4c09-a18e-9f3d84a47e9c,1.0969891548156738,False,0.38240000139921904
transfusion-retrieval-v3,sha256:5fc6a9a0d5ff5721954fad8f2855c204301e59ef0b28a91d8d9bdbaf48cb659b,4,bm25,TF031,procedure,True,False,1,1,9b6cc313-9a59-4387-a5ce-2ed14389a0a7,5.570442199707031,False,0.5683999988832511
transfusion-retrieval-v3,sha256:5fc6a9a0d5ff5721954fad8f2855c204301e59ef0b28a91d8d9bdbaf48cb659b,4,bm25,TF031,procedure,True,False,3,1,9b6cc313-9a59-4387-a5ce-2ed14389a0a7,5.570442199707031,False,0.5683999988832511
transfusion-retrieval-v3,sha256:5fc6a9a0d5ff5721954fad8f2855c204301e59ef0b28a91d8d9bdbaf48cb659b,4,bm25,TF031,procedure,True,False,3,2,f9cfc75b-a5e7-4633-a798-4b17ea462325,5.496945858001709,False,0.5683999988832511
transfusion-retrieval-v3,sha256:5fc6a9a0d5ff5721954fad8f2855c204301e59ef0b28a91d8d9bdbaf48cb659b,4,bm25,TF031,procedure,True,False,3,3,5de4d74d-720e-4d86-a836-f946d70a2d32,5.293662071228027,True,0.5683999988832511
transfusion-retrieval-v3,sha256:5fc6a9a0d5ff5721954fad8f2855c204301e59ef0b28a91d8d9bdbaf48cb659b,4,bm25,TF031,procedure,True,False,5,1,9b6cc313-9a59-4387-a5ce-2ed14389a0a7,5.570442199707031,False,0.5683999988832511
transfusion-retrieval-v3,sha256:5fc6a9a0d5ff5721954fad8f2855c204301e59ef0b28a91d8d9bdbaf48cb659b,4,bm25,TF031,procedure,True,False,5,2,f9cfc75b-a5e7-4633-a798-4b17ea462325,5.496945858001709,False,0.5683999988832511
transfusion-retrieval-v3,sha256:5fc6a9a0d5ff5721954fad8f2855c204301e59ef0b28a91d8d9bdbaf48cb659b,4,bm25,TF031,procedure,True,False,5,3,5de4d74d-720e-4d86-a836-f946d70a2d32,5.293662071228027,True,0.5683999988832511
transfusion-retrieval-v3,sha256:5fc6a9a0d5ff5721954fad8f2855c204301e59ef0b28a91d8d9bdbaf48cb659b,4,bm25,TF031,procedure,True,False,5,4,c404e320-0bf2-4325-be92-7a0614f201ca,5.21891450881958,False,0.5683999988832511
transfusion-retrieval-v3,sha256:5fc6a9a0d5ff5721954fad8f2855c204301e59ef0b28a91d8d9bdbaf48cb659b,4,bm25,TF031,procedure,True,False,5,5,59d57c8a-c9d7-4f8d-b9a1-a2816f1f01f7,4.6752777099609375,False,0.5683999988832511
transfusion-retrieval-v3,sha256:5fc6a9a0d5ff5721954fad8f2855c204301e59ef0b28a91d8d9bdbaf48cb659b,4,bm25,TF031,procedure,True,False,10,1,9b6cc313-9a59-4387-a5ce-2ed14389a0a7,5.570442199707031,False,0.5683999988832511
transfusion-retrieval-v3,sha256:5fc6a9a0d5ff5721954fad8f2855c204301e59ef0b28a91d8d9bdbaf48cb659b,4,bm25,TF031,procedure,True,False,10,2,f9cfc75b-a5e7-4633-a798-4b17ea462325,5.496945858001709,False,0.5683999988832511
transfusion-retrieval-v3,sha256:5fc6a9a0d5ff5721954fad8f2855c204301e59ef0b28a91d8d9bdbaf48cb659b,4,bm25,TF031,procedure,True,False,10,3,5de4d74d-720e-4d86-a836-f946d70a2d32,5.293662071228027,True,0.5683999988832511
transfusion-retrieval-v3,sha256:5fc6a9a0d5ff5721954fad8f2855c204301e59ef0b28a91d8d9bdbaf48cb659b,4,bm25,TF031,procedure,True,False,10,4,c404e320-0bf2-4325-be92-7a0614f201ca,5.21891450881958,False,0.5683999988832511
transfusion-retrieval-v3,sha256:5fc6a9a0d5ff5721954fad8f2855c204301e59ef0b28a91d8d9bdbaf48cb659b,4,bm25,TF031,procedure,True,False,10,5,59d57c8a-c9d7-4f8d-b9a1-a2816f1f01f7,4.6752777099609375,False,0.5683999988832511
transfusion-retrieval-v3,sha256:5fc6a9a0d5ff5721954fad8f2855c204301e59ef0b28a91d8d9bdbaf48cb659b,4,bm25,TF031,procedure,True,False,10,6,3ecc27b9-634c-4026-b44e-e01123aa0467,4.455740451812744,False,0.5683999988832511
transfusion-retrieval-v3,sha256:5fc6a9a0d5ff5721954fad8f2855c204301e59ef0b28a91d8d9bdbaf48cb659b,4,bm25,TF031,procedure,True,False,10,7,e62b0c91-ff0c-43b2-9bd5-ff173d9f8bc0,4.448533535003662,False,0.5683999988832511
transfusion-retrieval-v3,sha256:5fc6a9a0d5ff5721954fad8f2855c204301e59ef0b28a91d8d9bdbaf48cb659b,4,bm25,TF031,procedure,True,False,10,8,8259ed27-8646-4502-a959-aab1e9f1770f,4.400979995727539,False,0.5683999988832511
transfusion-retrieval-v3,sha256:5fc6a9a0d5ff5721954fad8f2855c204301e59ef0b28a91d8d9bdbaf48cb659b,4,bm25,TF031,procedure,True,False,10,9,b225ae64-72d2-4e59-81c0-57f5d8438666,4.067415237426758,False,0.5683999988832511
transfusion-retrieval-v3,sha256:5fc6a9a0d5ff5721954fad8f2855c204301e59ef0b28a91d8d9bdbaf48cb659b,4,bm25,TF031,procedure,True,False,10,10,22e6c188-2e4c-4029-b200-7770a3f00e6e,4.0264973640441895,False,0.5683999988832511
transfusion-retrieval-v3,sha256:5fc6a9a0d5ff5721954fad8f2855c204301e59ef0b28a91d8d9bdbaf48cb659b,4,bm25,TF032,fact_specific,True,False,1,1,5de4d74d-720e-4d86-a836-f946d70a2d32,11.056583404541016,True,0.4009000003861729
transfusion-retrieval-v3,sha256:5fc6a9a0d5ff5721954fad8f2855c204301e59ef0b28a91d8d9bdbaf48cb659b,4,bm25,TF032,fact_specific,True,False,3,1,5de4d74d-720e-4d86-a836-f946d70a2d32,11.056583404541016,True,0.4009000003861729
transfusion-retrieval-v3,sha256:5fc6a9a0d5ff5721954fad8f2855c204301e59ef0b28a91d8d9bdbaf48cb659b,4,bm25,TF032,fact_specific,True,False,3,2,9552a4ac-31b4-43a8-aa92-37bd3e89362a,6.485934257507324,False,0.4009000003861729
transfusion-retrieval-v3,sha256:5fc6a9a0d5ff5721954fad8f2855c204301e59ef0b28a91d8d9bdbaf48cb659b,4,bm25,TF032,fact_specific,True,False,3,3,84c0a864-176f-4776-a15e-167fc2518e5d,4.9707417488098145,False,0.4009000003861729
transfusion-retrieval-v3,sha256:5fc6a9a0d5ff5721954fad8f2855c204301e59ef0b28a91d8d9bdbaf48cb659b,4,bm25,TF032,fact_specific,True,False,5,1,5de4d74d-720e-4d86-a836-f946d70a2d32,11.056583404541016,True,0.4009000003861729
transfusion-retrieval-v3,sha256:5fc6a9a0d5ff5721954fad8f2855c204301e59ef0b28a91d8d9bdbaf48cb659b,4,bm25,TF032,fact_specific,True,False,5,2,9552a4ac-31b4-43a8-aa92-37bd3e89362a,6.485934257507324,False,0.4009000003861729
transfusion-retrieval-v3,sha256:5fc6a9a0d5ff5721954fad8f2855c204301e59ef0b28a91d8d9bdbaf48cb659b,4,bm25,TF032,fact_specific,True,False,5,3,84c0a864-176f-4776-a15e-167fc2518e5d,4.9707417488098145,False,0.4009000003861729
transfusion-retrieval-v3,sha256:5fc6a9a0d5ff5721954fad8f2855c204301e59ef0b28a91d8d9bdbaf48cb659b,4,bm25,TF032,fact_specific,True,False,5,4,df699ccc-6f51-4281-b4a4-f3d2a20631e0,4.395046710968018,False,0.4009000003861729
transfusion-retrieval-v3,sha256:5fc6a9a0d5ff5721954fad8f2855c204301e59ef0b28a91d8d9bdbaf48cb659b,4,bm25,TF032,fact_specific,True,False,5,5,d3b7d61b-50f0-4b96-a770-785a9f3c3886,1.8082045316696167,False,0.4009000003861729
transfusion-retrieval-v3,sha256:5fc6a9a0d5ff5721954fad8f2855c204301e59ef0b28a91d8d9bdbaf48cb659b,4,bm25,TF032,fact_specific,True,False,10,1,5de4d74d-720e-4d86-a836-f946d70a2d32,11.056583404541016,True,0.4009000003861729
transfusion-retrieval-v3,sha256:5fc6a9a0d5ff5721954fad8f2855c204301e59ef0b28a91d8d9bdbaf48cb659b,4,bm25,TF032,fact_specific,True,False,10,2,9552a4ac-31b4-43a8-aa92-37bd3e89362a,6.485934257507324,False,0.4009000003861729
transfusion-retrieval-v3,sha256:5fc6a9a0d5ff5721954fad8f2855c204301e59ef0b28a91d8d9bdbaf48cb659b,4,bm25,TF032,fact_specific,True,False,10,3,84c0a864-176f-4776-a15e-167fc2518e5d,4.9707417488098145,False,0.4009000003861729
transfusion-retrieval-v3,sha256:5fc6a9a0d5ff5721954fad8f2855c204301e59ef0b28a91d8d9bdbaf48cb659b,4,bm25,TF032,fact_specific,True,False,10,4,df699ccc-6f51-4281-b4a4-f3d2a20631e0,4.395046710968018,False,0.4009000003861729
transfusion-retrieval-v3,sha256:5fc6a9a0d5ff5721954fad8f2855c204301e59ef0b28a91d8d9bdbaf48cb659b,4,bm25,TF032,fact_specific,True,False,10,5,d3b7d61b-50f0-4b96-a770-785a9f3c3886,1.8082045316696167,False,0.4009000003861729
transfusion-retrieval-v3,sha256:5fc6a9a0d5ff5721954fad8f2855c204301e59ef0b28a91d8d9bdbaf48cb659b,4,bm25,TF032,fact_specific,True,False,10,6,73735f01-c9d0-4dd5-8d46-c70045e4b334,1.6301363706588745,False,0.4009000003861729
transfusion-retrieval-v3,sha256:5fc6a9a0d5ff5721954fad8f2855c204301e59ef0b28a91d8d9bdbaf48cb659b,4,bm25,TF032,fact_specific,True,False,10,7,27025cb7-0eea-4e71-b338-65cf293e45ee,1.533604383468628,False,0.4009000003861729
transfusion-retrieval-v3,sha256:5fc6a9a0d5ff5721954fad8f2855c204301e59ef0b28a91d8d9bdbaf48cb659b,4,bm25,TF032,fact_specific,True,False,10,8,7e5199d4-e5c9-40ca-a69f-ea37f52c6ce3,0.9198150634765625,False,0.4009000003861729
transfusion-retrieval-v3,sha256:5fc6a9a0d5ff5721954fad8f2855c204301e59ef0b28a91d8d9bdbaf48cb659b,4,bm25,TF032,fact_specific,True,False,10,9,a7cf71a5-8426-4d7c-8106-e0754e7cb4bf,0.9092135429382324,False,0.4009000003861729
transfusion-retrieval-v3,sha256:5fc6a9a0d5ff5721954fad8f2855c204301e59ef0b28a91d8d9bdbaf48cb659b,4,bm25,TF032,fact_specific,True,False,10,10,c404e320-0bf2-4325-be92-7a0614f201ca,0.8950620293617249,False,0.4009000003861729
transfusion-retrieval-v3,sha256:5fc6a9a0d5ff5721954fad8f2855c204301e59ef0b28a91d8d9bdbaf48cb659b,4,bm25,TF033,fact_specific,True,False,1,1,e62b0c91-ff0c-43b2-9bd5-ff173d9f8bc0,10.024564743041992,True,0.3744999994523823
transfusion-retrieval-v3,sha256:5fc6a9a0d5ff5721954fad8f2855c204301e59ef0b28a91d8d9bdbaf48cb659b,4,bm25,TF033,fact_specific,True,False,3,1,e62b0c91-ff0c-43b2-9bd5-ff173d9f8bc0,10.024564743041992,True,0.3744999994523823
transfusion-retrieval-v3,sha256:5fc6a9a0d5ff5721954fad8f2855c204301e59ef0b28a91d8d9bdbaf48cb659b,4,bm25,TF033,fact_specific,True,False,3,2,df699ccc-6f51-4281-b4a4-f3d2a20631e0,6.9492082595825195,False,0.3744999994523823
transfusion-retrieval-v3,sha256:5fc6a9a0d5ff5721954fad8f2855c204301e59ef0b28a91d8d9bdbaf48cb659b,4,bm25,TF033,fact_specific,True,False,3,3,23c6ca0d-04bf-4081-b90a-9819029dcd73,4.1220011711120605,False,0.3744999994523823
transfusion-retrieval-v3,sha256:5fc6a9a0d5ff5721954fad8f2855c204301e59ef0b28a91d8d9bdbaf48cb659b,4,bm25,TF033,fact_specific,True,False,5,1,e62b0c91-ff0c-43b2-9bd5-ff173d9f8bc0,10.024564743041992,True,0.3744999994523823
transfusion-retrieval-v3,sha256:5fc6a9a0d5ff5721954fad8f2855c204301e59ef0b28a91d8d9bdbaf48cb659b,4,bm25,TF033,fact_specific,True,False,5,2,df699ccc-6f51-4281-b4a4-f3d2a20631e0,6.9492082595825195,False,0.3744999994523823
transfusion-retrieval-v3,sha256:5fc6a9a0d5ff5721954fad8f2855c204301e59ef0b28a91d8d9bdbaf48cb659b,4,bm25,TF033,fact_specific,True,False,5,3,23c6ca0d-04bf-4081-b90a-9819029dcd73,4.1220011711120605,False,0.3744999994523823
transfusion-retrieval-v3,sha256:5fc6a9a0d5ff5721954fad8f2855c204301e59ef0b28a91d8d9bdbaf48cb659b,4,bm25,TF033,fact_specific,True,False,5,4,9b6cc313-9a59-4387-a5ce-2ed14389a0a7,4.104635715484619,False,0.3744999994523823
transfusion-retrieval-v3,sha256:5fc6a9a0d5ff5721954fad8f2855c204301e59ef0b28a91d8d9bdbaf48cb659b,4,bm25,TF033,fact_specific,True,False,5,5,3ecc27b9-634c-4026-b44e-e01123aa0467,3.608839273452759,False,0.3744999994523823
transfusion-retrieval-v3,sha256:5fc6a9a0d5ff5721954fad8f2855c204301e59ef0b28a91d8d9bdbaf48cb659b,4,bm25,TF033,fact_specific,True,False,10,1,e62b0c91-ff0c-43b2-9bd5-ff173d9f8bc0,10.024564743041992,True,0.3744999994523823
transfusion-retrieval-v3,sha256:5fc6a9a0d5ff5721954fad8f2855c204301e59ef0b28a91d8d9bdbaf48cb659b,4,bm25,TF033,fact_specific,True,False,10,2,df699ccc-6f51-4281-b4a4-f3d2a20631e0,6.9492082595825195,False,0.3744999994523823
transfusion-retrieval-v3,sha256:5fc6a9a0d5ff5721954fad8f2855c204301e59ef0b28a91d8d9bdbaf48cb659b,4,bm25,TF033,fact_specific,True,False,10,3,23c6ca0d-04bf-4081-b90a-9819029dcd73,4.1220011711120605,False,0.3744999994523823
transfusion-retrieval-v3,sha256:5fc6a9a0d5ff5721954fad8f2855c204301e59ef0b28a91d8d9bdbaf48cb659b,4,bm25,TF033,fact_specific,True,False,10,4,9b6cc313-9a59-4387-a5ce-2ed14389a0a7,4.104635715484619,False,0.3744999994523823
transfusion-retrieval-v3,sha256:5fc6a9a0d5ff5721954fad8f2855c204301e59ef0b28a91d8d9bdbaf48cb659b,4,bm25,TF033,fact_specific,True,False,10,5,3ecc27b9-634c-4026-b44e-e01123aa0467,3.608839273452759,False,0.3744999994523823
transfusion-retrieval-v3,sha256:5fc6a9a0d5ff5721954fad8f2855c204301e59ef0b28a91d8d9bdbaf48cb659b,4,bm25,TF033,fact_specific,True,False,10,6,9131e9a9-eff3-4f4e-a20b-4bdd456c35bc,3.5404722690582275,False,0.3744999994523823
transfusion-retrieval-v3,sha256:5fc6a9a0d5ff5721954fad8f2855c204301e59ef0b28a91d8d9bdbaf48cb659b,4,bm25,TF033,fact_specific,True,False,10,7,5de4d74d-720e-4d86-a836-f946d70a2d32,3.3876965045928955,False,0.3744999994523823
transfusion-retrieval-v3,sha256:5fc6a9a0d5ff5721954fad8f2855c204301e59ef0b28a91d8d9bdbaf48cb659b,4,bm25,TF033,fact_specific,True,False,10,8,73735f01-c9d0-4dd5-8d46-c70045e4b334,3.1053051948547363,False,0.3744999994523823
transfusion-retrieval-v3,sha256:5fc6a9a0d5ff5721954fad8f2855c204301e59ef0b28a91d8d9bdbaf48cb659b,4,bm25,TF033,fact_specific,True,False,10,9,bc88f538-e881-4c81-85e9-fca20614315d,3.061352491378784,False,0.3744999994523823
transfusion-retrieval-v3,sha256:5fc6a9a0d5ff5721954fad8f2855c204301e59ef0b28a91d8d9bdbaf48cb659b,4,bm25,TF033,fact_specific,True,False,10,10,7c33fbb7-e931-4f6b-9520-23875ec9ee5b,3.0084354877471924,False,0.3744999994523823
transfusion-retrieval-v3,sha256:5fc6a9a0d5ff5721954fad8f2855c204301e59ef0b28a91d8d9bdbaf48cb659b,4,bm25,TF034,product_specific,True,False,1,1,59d57c8a-c9d7-4f8d-b9a1-a2816f1f01f7,8.857224464416504,True,0.3448999996180646
transfusion-retrieval-v3,sha256:5fc6a9a0d5ff5721954fad8f2855c204301e59ef0b28a91d8d9bdbaf48cb659b,4,bm25,TF034,product_specific,True,False,3,1,59d57c8a-c9d7-4f8d-b9a1-a2816f1f01f7,8.857224464416504,True,0.3448999996180646
transfusion-retrieval-v3,sha256:5fc6a9a0d5ff5721954fad8f2855c204301e59ef0b28a91d8d9bdbaf48cb659b,4,bm25,TF034,product_specific,True,False,3,2,9b6cc313-9a59-4387-a5ce-2ed14389a0a7,7.293910980224609,False,0.3448999996180646
transfusion-retrieval-v3,sha256:5fc6a9a0d5ff5721954fad8f2855c204301e59ef0b28a91d8d9bdbaf48cb659b,4,bm25,TF034,product_specific,True,False,3,3,e62b0c91-ff0c-43b2-9bd5-ff173d9f8bc0,7.234122276306152,False,0.3448999996180646
transfusion-retrieval-v3,sha256:5fc6a9a0d5ff5721954fad8f2855c204301e59ef0b28a91d8d9bdbaf48cb659b,4,bm25,TF034,product_specific,True,False,5,1,59d57c8a-c9d7-4f8d-b9a1-a2816f1f01f7,8.857224464416504,True,0.3448999996180646
transfusion-retrieval-v3,sha256:5fc6a9a0d5ff5721954fad8f2855c204301e59ef0b28a91d8d9bdbaf48cb659b,4,bm25,TF034,product_specific,True,False,5,2,9b6cc313-9a59-4387-a5ce-2ed14389a0a7,7.293910980224609,False,0.3448999996180646
transfusion-retrieval-v3,sha256:5fc6a9a0d5ff5721954fad8f2855c204301e59ef0b28a91d8d9bdbaf48cb659b,4,bm25,TF034,product_specific,True,False,5,3,e62b0c91-ff0c-43b2-9bd5-ff173d9f8bc0,7.234122276306152,False,0.3448999996180646
transfusion-retrieval-v3,sha256:5fc6a9a0d5ff5721954fad8f2855c204301e59ef0b28a91d8d9bdbaf48cb659b,4,bm25,TF034,product_specific,True,False,5,4,7c33fbb7-e931-4f6b-9520-23875ec9ee5b,6.044244289398193,False,0.3448999996180646
transfusion-retrieval-v3,sha256:5fc6a9a0d5ff5721954fad8f2855c204301e59ef0b28a91d8d9bdbaf48cb659b,4,bm25,TF034,product_specific,True,False,5,5,3ecc27b9-634c-4026-b44e-e01123aa0467,6.001184463500977,False,0.3448999996180646
transfusion-retrieval-v3,sha256:5fc6a9a0d5ff5721954fad8f2855c204301e59ef0b28a91d8d9bdbaf48cb659b,4,bm25,TF034,product_specific,True,False,10,1,59d57c8a-c9d7-4f8d-b9a1-a2816f1f01f7,8.857224464416504,True,0.3448999996180646
transfusion-retrieval-v3,sha256:5fc6a9a0d5ff5721954fad8f2855c204301e59ef0b28a91d8d9bdbaf48cb659b,4,bm25,TF034,product_specific,True,False,10,2,9b6cc313-9a59-4387-a5ce-2ed14389a0a7,7.293910980224609,False,0.3448999996180646
transfusion-retrieval-v3,sha256:5fc6a9a0d5ff5721954fad8f2855c204301e59ef0b28a91d8d9bdbaf48cb659b,4,bm25,TF034,product_specific,True,False,10,3,e62b0c91-ff0c-43b2-9bd5-ff173d9f8bc0,7.234122276306152,False,0.3448999996180646
transfusion-retrieval-v3,sha256:5fc6a9a0d5ff5721954fad8f2855c204301e59ef0b28a91d8d9bdbaf48cb659b,4,bm25,TF034,product_specific,True,False,10,4,7c33fbb7-e931-4f6b-9520-23875ec9ee5b,6.044244289398193,False,0.3448999996180646
transfusion-retrieval-v3,sha256:5fc6a9a0d5ff5721954fad8f2855c204301e59ef0b28a91d8d9bdbaf48cb659b,4,bm25,TF034,product_specific,True,False,10,5,3ecc27b9-634c-4026-b44e-e01123aa0467,6.001184463500977,False,0.3448999996180646
transfusion-retrieval-v3,sha256:5fc6a9a0d5ff5721954fad8f2855c204301e59ef0b28a91d8d9bdbaf48cb659b,4,bm25,TF034,product_specific,True,False,10,6,4c0dde2a-0432-4cb2-ad33-987f5979ff76,4.898801803588867,False,0.3448999996180646
transfusion-retrieval-v3,sha256:5fc6a9a0d5ff5721954fad8f2855c204301e59ef0b28a91d8d9bdbaf48cb659b,4,bm25,TF034,product_specific,True,False,10,7,d4c1a9ca-23c5-4ae0-9a51-c56675b2e6d1,4.80902624130249,False,0.3448999996180646
transfusion-retrieval-v3,sha256:5fc6a9a0d5ff5721954fad8f2855c204301e59ef0b28a91d8d9bdbaf48cb659b,4,bm25,TF034,product_specific,True,False,10,8,9131e9a9-eff3-4f4e-a20b-4bdd456c35bc,4.687402725219727,False,0.3448999996180646
transfusion-retrieval-v3,sha256:5fc6a9a0d5ff5721954fad8f2855c204301e59ef0b28a91d8d9bdbaf48cb659b,4,bm25,TF034,product_specific,True,False,10,9,a7cf71a5-8426-4d7c-8106-e0754e7cb4bf,4.556581497192383,False,0.3448999996180646
transfusion-retrieval-v3,sha256:5fc6a9a0d5ff5721954fad8f2855c204301e59ef0b28a91d8d9bdbaf48cb659b,4,bm25,TF034,product_specific,True,False,10,10,5de4d74d-720e-4d86-a836-f946d70a2d32,4.42374849319458,False,0.3448999996180646
transfusion-retrieval-v3,sha256:5fc6a9a0d5ff5721954fad8f2855c204301e59ef0b28a91d8d9bdbaf48cb659b,4,bm25,TF035,paraphrase,True,False,1,1,7c33fbb7-e931-4f6b-9520-23875ec9ee5b,6.9332594871521,False,0.3888000028382521
transfusion-retrieval-v3,sha256:5fc6a9a0d5ff5721954fad8f2855c204301e59ef0b28a91d8d9bdbaf48cb659b,4,bm25,TF035,paraphrase,True,False,3,1,7c33fbb7-e931-4f6b-9520-23875ec9ee5b,6.9332594871521,False,0.3888000028382521
transfusion-retrieval-v3,sha256:5fc6a9a0d5ff5721954fad8f2855c204301e59ef0b28a91d8d9bdbaf48cb659b,4,bm25,TF035,paraphrase,True,False,3,2,b0b5bc4f-7d0b-4f56-8e37-84178d38637d,4.386571884155273,True,0.3888000028382521
transfusion-retrieval-v3,sha256:5fc6a9a0d5ff5721954fad8f2855c204301e59ef0b28a91d8d9bdbaf48cb659b,4,bm25,TF035,paraphrase,True,False,3,3,4d18d11e-2a92-4690-8a64-46653931483e,3.619680881500244,False,0.3888000028382521
transfusion-retrieval-v3,sha256:5fc6a9a0d5ff5721954fad8f2855c204301e59ef0b28a91d8d9bdbaf48cb659b,4,bm25,TF035,paraphrase,True,False,5,1,7c33fbb7-e931-4f6b-9520-23875ec9ee5b,6.9332594871521,False,0.3888000028382521
transfusion-retrieval-v3,sha256:5fc6a9a0d5ff5721954fad8f2855c204301e59ef0b28a91d8d9bdbaf48cb659b,4,bm25,TF035,paraphrase,True,False,5,2,b0b5bc4f-7d0b-4f56-8e37-84178d38637d,4.386571884155273,True,0.3888000028382521
transfusion-retrieval-v3,sha256:5fc6a9a0d5ff5721954fad8f2855c204301e59ef0b28a91d8d9bdbaf48cb659b,4,bm25,TF035,paraphrase,True,False,5,3,4d18d11e-2a92-4690-8a64-46653931483e,3.619680881500244,False,0.3888000028382521
transfusion-retrieval-v3,sha256:5fc6a9a0d5ff5721954fad8f2855c204301e59ef0b28a91d8d9bdbaf48cb659b,4,bm25,TF035,paraphrase,True,False,5,4,da79aa00-567d-434c-8441-915ac080f918,3.531500816345215,False,0.3888000028382521
transfusion-retrieval-v3,sha256:5fc6a9a0d5ff5721954fad8f2855c204301e59ef0b28a91d8d9bdbaf48cb659b,4,bm25,TF035,paraphrase,True,False,5,5,1033ac46-dec8-493e-b577-7f5ad80f8e86,3.4380242824554443,False,0.3888000028382521
transfusion-retrieval-v3,sha256:5fc6a9a0d5ff5721954fad8f2855c204301e59ef0b28a91d8d9bdbaf48cb659b,4,bm25,TF035,paraphrase,True,False,10,1,7c33fbb7-e931-4f6b-9520-23875ec9ee5b,6.9332594871521,False,0.3888000028382521
transfusion-retrieval-v3,sha256:5fc6a9a0d5ff5721954fad8f2855c204301e59ef0b28a91d8d9bdbaf48cb659b,4,bm25,TF035,paraphrase,True,False,10,2,b0b5bc4f-7d0b-4f56-8e37-84178d38637d,4.386571884155273,True,0.3888000028382521
transfusion-retrieval-v3,sha256:5fc6a9a0d5ff5721954fad8f2855c204301e59ef0b28a91d8d9bdbaf48cb659b,4,bm25,TF035,paraphrase,True,False,10,3,4d18d11e-2a92-4690-8a64-46653931483e,3.619680881500244,False,0.3888000028382521
transfusion-retrieval-v3,sha256:5fc6a9a0d5ff5721954fad8f2855c204301e59ef0b28a91d8d9bdbaf48cb659b,4,bm25,TF035,paraphrase,True,False,10,4,da79aa00-567d-434c-8441-915ac080f918,3.531500816345215,False,0.3888000028382521
transfusion-retrieval-v3,sha256:5fc6a9a0d5ff5721954fad8f2855c204301e59ef0b28a91d8d9bdbaf48cb659b,4,bm25,TF035,paraphrase,True,False,10,5,1033ac46-dec8-493e-b577-7f5ad80f8e86,3.4380242824554443,False,0.3888000028382521
transfusion-retrieval-v3,sha256:5fc6a9a0d5ff5721954fad8f2855c204301e59ef0b28a91d8d9bdbaf48cb659b,4,bm25,TF035,paraphrase,True,False,10,6,81a83ec4-b5d1-4305-9f44-93e5fa935ffe,3.298006772994995,False,0.3888000028382521
transfusion-retrieval-v3,sha256:5fc6a9a0d5ff5721954fad8f2855c204301e59ef0b28a91d8d9bdbaf48cb659b,4,bm25,TF035,paraphrase,True,False,10,7,1b376f6f-5ee5-4d05-a585-f3aa6b7ee824,2.988546371459961,False,0.3888000028382521
transfusion-retrieval-v3,sha256:5fc6a9a0d5ff5721954fad8f2855c204301e59ef0b28a91d8d9bdbaf48cb659b,4,bm25,TF035,paraphrase,True,False,10,8,3ecc27b9-634c-4026-b44e-e01123aa0467,2.8958981037139893,False,0.3888000028382521
transfusion-retrieval-v3,sha256:5fc6a9a0d5ff5721954fad8f2855c204301e59ef0b28a91d8d9bdbaf48cb659b,4,bm25,TF035,paraphrase,True,False,10,9,23c6ca0d-04bf-4081-b90a-9819029dcd73,2.866295576095581,False,0.3888000028382521
transfusion-retrieval-v3,sha256:5fc6a9a0d5ff5721954fad8f2855c204301e59ef0b28a91d8d9bdbaf48cb659b,4,bm25,TF035,paraphrase,True,False,10,10,ba3d1d87-0c2d-4b67-a0c2-4615c8249c2a,2.82015061378479,False,0.3888000028382521
transfusion-retrieval-v3,sha256:5fc6a9a0d5ff5721954fad8f2855c204301e59ef0b28a91d8d9bdbaf48cb659b,4,bm25,TF036,monitoring,True,False,1,1,a7cf71a5-8426-4d7c-8106-e0754e7cb4bf,10.132375717163086,True,0.4186000005574897
transfusion-retrieval-v3,sha256:5fc6a9a0d5ff5721954fad8f2855c204301e59ef0b28a91d8d9bdbaf48cb659b,4,bm25,TF036,monitoring,True,False,3,1,a7cf71a5-8426-4d7c-8106-e0754e7cb4bf,10.132375717163086,True,0.4186000005574897
transfusion-retrieval-v3,sha256:5fc6a9a0d5ff5721954fad8f2855c204301e59ef0b28a91d8d9bdbaf48cb659b,4,bm25,TF036,monitoring,True,False,3,2,f9cfc75b-a5e7-4633-a798-4b17ea462325,8.370214462280273,False,0.4186000005574897
transfusion-retrieval-v3,sha256:5fc6a9a0d5ff5721954fad8f2855c204301e59ef0b28a91d8d9bdbaf48cb659b,4,bm25,TF036,monitoring,True,False,3,3,30ce28cb-f702-4cce-8105-137e2f73af0d,4.835442543029785,False,0.4186000005574897
transfusion-retrieval-v3,sha256:5fc6a9a0d5ff5721954fad8f2855c204301e59ef0b28a91d8d9bdbaf48cb659b,4,bm25,TF036,monitoring,True,False,5,1,a7cf71a5-8426-4d7c-8106-e0754e7cb4bf,10.132375717163086,True,0.4186000005574897
transfusion-retrieval-v3,sha256:5fc6a9a0d5ff5721954fad8f2855c204301e59ef0b28a91d8d9bdbaf48cb659b,4,bm25,TF036,monitoring,True,False,5,2,f9cfc75b-a5e7-4633-a798-4b17ea462325,8.370214462280273,False,0.4186000005574897
transfusion-retrieval-v3,sha256:5fc6a9a0d5ff5721954fad8f2855c204301e59ef0b28a91d8d9bdbaf48cb659b,4,bm25,TF036,monitoring,True,False,5,3,30ce28cb-f702-4cce-8105-137e2f73af0d,4.835442543029785,False,0.4186000005574897
transfusion-retrieval-v3,sha256:5fc6a9a0d5ff5721954fad8f2855c204301e59ef0b28a91d8d9bdbaf48cb659b,4,bm25,TF036,monitoring,True,False,5,4,22e6c188-2e4c-4029-b200-7770a3f00e6e,4.754816055297852,False,0.4186000005574897
transfusion-retrieval-v3,sha256:5fc6a9a0d5ff5721954fad8f2855c204301e59ef0b28a91d8d9bdbaf48cb659b,4,bm25,TF036,monitoring,True,False,5,5,36bac780-b1a2-42dc-8cca-3605f80c5521,3.5937914848327637,False,0.4186000005574897
transfusion-retrieval-v3,sha256:5fc6a9a0d5ff5721954fad8f2855c204301e59ef0b28a91d8d9bdbaf48cb659b,4,bm25,TF036,monitoring,True,False,10,1,a7cf71a5-8426-4d7c-8106-e0754e7cb4bf,10.132375717163086,True,0.4186000005574897
transfusion-retrieval-v3,sha256:5fc6a9a0d5ff5721954fad8f2855c204301e59ef0b28a91d8d9bdbaf48cb659b,4,bm25,TF036,monitoring,True,False,10,2,f9cfc75b-a5e7-4633-a798-4b17ea462325,8.370214462280273,False,0.4186000005574897
transfusion-retrieval-v3,sha256:5fc6a9a0d5ff5721954fad8f2855c204301e59ef0b28a91d8d9bdbaf48cb659b,4,bm25,TF036,monitoring,True,False,10,3,30ce28cb-f702-4cce-8105-137e2f73af0d,4.835442543029785,False,0.4186000005574897
transfusion-retrieval-v3,sha256:5fc6a9a0d5ff5721954fad8f2855c204301e59ef0b28a91d8d9bdbaf48cb659b,4,bm25,TF036,monitoring,True,False,10,4,22e6c188-2e4c-4029-b200-7770a3f00e6e,4.754816055297852,False,0.4186000005574897
transfusion-retrieval-v3,sha256:5fc6a9a0d5ff5721954fad8f2855c204301e59ef0b28a91d8d9bdbaf48cb659b,4,bm25,TF036,monitoring,True,False,10,5,36bac780-b1a2-42dc-8cca-3605f80c5521,3.5937914848327637,False,0.4186000005574897
transfusion-retrieval-v3,sha256:5fc6a9a0d5ff5721954fad8f2855c204301e59ef0b28a91d8d9bdbaf48cb659b,4,bm25,TF036,monitoring,True,False,10,6,8259ed27-8646-4502-a959-aab1e9f1770f,3.4005348682403564,False,0.4186000005574897
transfusion-retrieval-v3,sha256:5fc6a9a0d5ff5721954fad8f2855c204301e59ef0b28a91d8d9bdbaf48cb659b,4,bm25,TF036,monitoring,True,False,10,7,8f3ed830-3a06-41c6-8b06-cfcf6d36a83c,3.3961188793182373,False,0.4186000005574897
transfusion-retrieval-v3,sha256:5fc6a9a0d5ff5721954fad8f2855c204301e59ef0b28a91d8d9bdbaf48cb659b,4,bm25,TF036,monitoring,True,False,10,8,98d006ac-5212-4c8c-8a63-4cbd4d6caffc,3.356285572052002,False,0.4186000005574897
transfusion-retrieval-v3,sha256:5fc6a9a0d5ff5721954fad8f2855c204301e59ef0b28a91d8d9bdbaf48cb659b,4,bm25,TF036,monitoring,True,False,10,9,7e5199d4-e5c9-40ca-a69f-ea37f52c6ce3,3.2616987228393555,False,0.4186000005574897
transfusion-retrieval-v3,sha256:5fc6a9a0d5ff5721954fad8f2855c204301e59ef0b28a91d8d9bdbaf48cb659b,4,bm25,TF036,monitoring,True,False,10,10,6ffcd319-e868-444b-b6fe-8d192a4de3ff,3.187786102294922,False,0.4186000005574897
transfusion-retrieval-v3,sha256:5fc6a9a0d5ff5721954fad8f2855c204301e59ef0b28a91d8d9bdbaf48cb659b,4,bm25,TF037,adverse_reaction,True,False,1,1,15e829a9-a475-429d-b0e3-5c34bfbd3ab7,11.560527801513672,True,0.3242999991925899
transfusion-retrieval-v3,sha256:5fc6a9a0d5ff5721954fad8f2855c204301e59ef0b28a91d8d9bdbaf48cb659b,4,bm25,TF037,adverse_reaction,True,False,3,1,15e829a9-a475-429d-b0e3-5c34bfbd3ab7,11.560527801513672,True,0.3242999991925899
transfusion-retrieval-v3,sha256:5fc6a9a0d5ff5721954fad8f2855c204301e59ef0b28a91d8d9bdbaf48cb659b,4,bm25,TF037,adverse_reaction,True,False,3,2,324bc249-0e84-46e9-b77f-856c76cd5353,7.553943634033203,False,0.3242999991925899
transfusion-retrieval-v3,sha256:5fc6a9a0d5ff5721954fad8f2855c204301e59ef0b28a91d8d9bdbaf48cb659b,4,bm25,TF037,adverse_reaction,True,False,3,3,8939253d-3272-4915-8c2b-c60062aeb818,1.9931259155273438,True,0.3242999991925899
transfusion-retrieval-v3,sha256:5fc6a9a0d5ff5721954fad8f2855c204301e59ef0b28a91d8d9bdbaf48cb659b,4,bm25,TF037,adverse_reaction,True,False,5,1,15e829a9-a475-429d-b0e3-5c34bfbd3ab7,11.560527801513672,True,0.3242999991925899
transfusion-retrieval-v3,sha256:5fc6a9a0d5ff5721954fad8f2855c204301e59ef0b28a91d8d9bdbaf48cb659b,4,bm25,TF037,adverse_reaction,True,False,5,2,324bc249-0e84-46e9-b77f-856c76cd5353,7.553943634033203,False,0.3242999991925899
transfusion-retrieval-v3,sha256:5fc6a9a0d5ff5721954fad8f2855c204301e59ef0b28a91d8d9bdbaf48cb659b,4,bm25,TF037,adverse_reaction,True,False,5,3,8939253d-3272-4915-8c2b-c60062aeb818,1.9931259155273438,True,0.3242999991925899
transfusion-retrieval-v3,sha256:5fc6a9a0d5ff5721954fad8f2855c204301e59ef0b28a91d8d9bdbaf48cb659b,4,bm25,TF037,adverse_reaction,True,False,5,4,7abe62fa-6fdb-4466-a16b-73e1770f0c57,1.600231409072876,False,0.3242999991925899
transfusion-retrieval-v3,sha256:5fc6a9a0d5ff5721954fad8f2855c204301e59ef0b28a91d8d9bdbaf48cb659b,4,bm25,TF037,adverse_reaction,True,False,5,5,391ad5dc-0d1c-4350-85ba-5aa601d9ac0d,1.3353826999664307,False,0.3242999991925899
transfusion-retrieval-v3,sha256:5fc6a9a0d5ff5721954fad8f2855c204301e59ef0b28a91d8d9bdbaf48cb659b,4,bm25,TF037,adverse_reaction,True,False,10,1,15e829a9-a475-429d-b0e3-5c34bfbd3ab7,11.560527801513672,True,0.3242999991925899
transfusion-retrieval-v3,sha256:5fc6a9a0d5ff5721954fad8f2855c204301e59ef0b28a91d8d9bdbaf48cb659b,4,bm25,TF037,adverse_reaction,True,False,10,2,324bc249-0e84-46e9-b77f-856c76cd5353,7.553943634033203,False,0.3242999991925899
transfusion-retrieval-v3,sha256:5fc6a9a0d5ff5721954fad8f2855c204301e59ef0b28a91d8d9bdbaf48cb659b,4,bm25,TF037,adverse_reaction,True,False,10,3,8939253d-3272-4915-8c2b-c60062aeb818,1.9931259155273438,True,0.3242999991925899
transfusion-retrieval-v3,sha256:5fc6a9a0d5ff5721954fad8f2855c204301e59ef0b28a91d8d9bdbaf48cb659b,4,bm25,TF037,adverse_reaction,True,False,10,4,7abe62fa-6fdb-4466-a16b-73e1770f0c57,1.600231409072876,False,0.3242999991925899
transfusion-retrieval-v3,sha256:5fc6a9a0d5ff5721954fad8f2855c204301e59ef0b28a91d8d9bdbaf48cb659b,4,bm25,TF037,adverse_reaction,True,False,10,5,391ad5dc-0d1c-4350-85ba-5aa601d9ac0d,1.3353826999664307,False,0.3242999991925899
transfusion-retrieval-v3,sha256:5fc6a9a0d5ff5721954fad8f2855c204301e59ef0b28a91d8d9bdbaf48cb659b,4,bm25,TF037,adverse_reaction,True,False,10,6,2e55093d-0a0f-4fd9-954b-4fc72df9eac0,0.949152946472168,False,0.3242999991925899
transfusion-retrieval-v3,sha256:5fc6a9a0d5ff5721954fad8f2855c204301e59ef0b28a91d8d9bdbaf48cb659b,4,bm25,TF037,adverse_reaction,True,False,10,7,da79aa00-567d-434c-8441-915ac080f918,0.8504177927970886,False,0.3242999991925899
transfusion-retrieval-v3,sha256:5fc6a9a0d5ff5721954fad8f2855c204301e59ef0b28a91d8d9bdbaf48cb659b,4,bm25,TF037,adverse_reaction,True,False,10,8,5de4d74d-720e-4d86-a836-f946d70a2d32,0.773520827293396,False,0.3242999991925899
transfusion-retrieval-v3,sha256:5fc6a9a0d5ff5721954fad8f2855c204301e59ef0b28a91d8d9bdbaf48cb659b,4,bm25,TF037,adverse_reaction,True,False,10,9,d4c1a9ca-23c5-4ae0-9a51-c56675b2e6d1,0.6956260800361633,False,0.3242999991925899
transfusion-retrieval-v3,sha256:5fc6a9a0d5ff5721954fad8f2855c204301e59ef0b28a91d8d9bdbaf48cb659b,4,bm25,TF037,adverse_reaction,True,False,10,10,7e5199d4-e5c9-40ca-a69f-ea37f52c6ce3,0.1314123421907425,False,0.3242999991925899
transfusion-retrieval-v3,sha256:5fc6a9a0d5ff5721954fad8f2855c204301e59ef0b28a91d8d9bdbaf48cb659b,4,bm25,TF038,adverse_reaction,True,False,1,1,324bc249-0e84-46e9-b77f-856c76cd5353,7.7097554206848145,False,0.40409999928670004
transfusion-retrieval-v3,sha256:5fc6a9a0d5ff5721954fad8f2855c204301e59ef0b28a91d8d9bdbaf48cb659b,4,bm25,TF038,adverse_reaction,True,False,3,1,324bc249-0e84-46e9-b77f-856c76cd5353,7.7097554206848145,False,0.40409999928670004
transfusion-retrieval-v3,sha256:5fc6a9a0d5ff5721954fad8f2855c204301e59ef0b28a91d8d9bdbaf48cb659b,4,bm25,TF038,adverse_reaction,True,False,3,2,8939253d-3272-4915-8c2b-c60062aeb818,5.776628017425537,True,0.40409999928670004
transfusion-retrieval-v3,sha256:5fc6a9a0d5ff5721954fad8f2855c204301e59ef0b28a91d8d9bdbaf48cb659b,4,bm25,TF038,adverse_reaction,True,False,3,3,15e829a9-a475-429d-b0e3-5c34bfbd3ab7,2.2149572372436523,False,0.40409999928670004
transfusion-retrieval-v3,sha256:5fc6a9a0d5ff5721954fad8f2855c204301e59ef0b28a91d8d9bdbaf48cb659b,4,bm25,TF038,adverse_reaction,True,False,5,1,324bc249-0e84-46e9-b77f-856c76cd5353,7.7097554206848145,False,0.40409999928670004
transfusion-retrieval-v3,sha256:5fc6a9a0d5ff5721954fad8f2855c204301e59ef0b28a91d8d9bdbaf48cb659b,4,bm25,TF038,adverse_reaction,True,False,5,2,8939253d-3272-4915-8c2b-c60062aeb818,5.776628017425537,True,0.40409999928670004
transfusion-retrieval-v3,sha256:5fc6a9a0d5ff5721954fad8f2855c204301e59ef0b28a91d8d9bdbaf48cb659b,4,bm25,TF038,adverse_reaction,True,False,5,3,15e829a9-a475-429d-b0e3-5c34bfbd3ab7,2.2149572372436523,False,0.40409999928670004
transfusion-retrieval-v3,sha256:5fc6a9a0d5ff5721954fad8f2855c204301e59ef0b28a91d8d9bdbaf48cb659b,4,bm25,TF038,adverse_reaction,True,False,5,4,7abe62fa-6fdb-4466-a16b-73e1770f0c57,1.5427136421203613,True,0.40409999928670004
transfusion-retrieval-v3,sha256:5fc6a9a0d5ff5721954fad8f2855c204301e59ef0b28a91d8d9bdbaf48cb659b,4,bm25,TF038,adverse_reaction,True,False,5,5,391ad5dc-0d1c-4350-85ba-5aa601d9ac0d,1.2345267534255981,False,0.40409999928670004
transfusion-retrieval-v3,sha256:5fc6a9a0d5ff5721954fad8f2855c204301e59ef0b28a91d8d9bdbaf48cb659b,4,bm25,TF038,adverse_reaction,True,False,10,1,324bc249-0e84-46e9-b77f-856c76cd5353,7.7097554206848145,False,0.40409999928670004
transfusion-retrieval-v3,sha256:5fc6a9a0d5ff5721954fad8f2855c204301e59ef0b28a91d8d9bdbaf48cb659b,4,bm25,TF038,adverse_reaction,True,False,10,2,8939253d-3272-4915-8c2b-c60062aeb818,5.776628017425537,True,0.40409999928670004
transfusion-retrieval-v3,sha256:5fc6a9a0d5ff5721954fad8f2855c204301e59ef0b28a91d8d9bdbaf48cb659b,4,bm25,TF038,adverse_reaction,True,False,10,3,15e829a9-a475-429d-b0e3-5c34bfbd3ab7,2.2149572372436523,False,0.40409999928670004
transfusion-retrieval-v3,sha256:5fc6a9a0d5ff5721954fad8f2855c204301e59ef0b28a91d8d9bdbaf48cb659b,4,bm25,TF038,adverse_reaction,True,False,10,4,7abe62fa-6fdb-4466-a16b-73e1770f0c57,1.5427136421203613,True,0.40409999928670004
transfusion-retrieval-v3,sha256:5fc6a9a0d5ff5721954fad8f2855c204301e59ef0b28a91d8d9bdbaf48cb659b,4,bm25,TF038,adverse_reaction,True,False,10,5,391ad5dc-0d1c-4350-85ba-5aa601d9ac0d,1.2345267534255981,False,0.40409999928670004
transfusion-retrieval-v3,sha256:5fc6a9a0d5ff5721954fad8f2855c204301e59ef0b28a91d8d9bdbaf48cb659b,4,bm25,TF038,adverse_reaction,True,False,10,6,2e55093d-0a0f-4fd9-954b-4fc72df9eac0,0.8617947697639465,False,0.40409999928670004
transfusion-retrieval-v3,sha256:5fc6a9a0d5ff5721954fad8f2855c204301e59ef0b28a91d8d9bdbaf48cb659b,4,bm25,TF038,adverse_reaction,True,False,10,7,e62b0c91-ff0c-43b2-9bd5-ff173d9f8bc0,0.823145866394043,False,0.40409999928670004
transfusion-retrieval-v3,sha256:5fc6a9a0d5ff5721954fad8f2855c204301e59ef0b28a91d8d9bdbaf48cb659b,4,bm25,TF038,adverse_reaction,True,False,10,8,da79aa00-567d-434c-8441-915ac080f918,0.7254837155342102,False,0.40409999928670004
transfusion-retrieval-v3,sha256:5fc6a9a0d5ff5721954fad8f2855c204301e59ef0b28a91d8d9bdbaf48cb659b,4,bm25,TF038,adverse_reaction,True,False,10,9,d4c1a9ca-23c5-4ae0-9a51-c56675b2e6d1,0.6956260800361633,False,0.40409999928670004
transfusion-retrieval-v3,sha256:5fc6a9a0d5ff5721954fad8f2855c204301e59ef0b28a91d8d9bdbaf48cb659b,4,bm25,TF038,adverse_reaction,True,False,10,10,5de4d74d-720e-4d86-a836-f946d70a2d32,0.6446763873100281,False,0.40409999928670004
transfusion-retrieval-v3,sha256:5fc6a9a0d5ff5721954fad8f2855c204301e59ef0b28a91d8d9bdbaf48cb659b,4,bm25,TF039,adverse_reaction,True,False,1,1,324bc249-0e84-46e9-b77f-856c76cd5353,5.971460819244385,False,0.34470000173314475
transfusion-retrieval-v3,sha256:5fc6a9a0d5ff5721954fad8f2855c204301e59ef0b28a91d8d9bdbaf48cb659b,4,bm25,TF039,adverse_reaction,True,False,3,1,324bc249-0e84-46e9-b77f-856c76cd5353,5.971460819244385,False,0.34470000173314475
transfusion-retrieval-v3,sha256:5fc6a9a0d5ff5721954fad8f2855c204301e59ef0b28a91d8d9bdbaf48cb659b,4,bm25,TF039,adverse_reaction,True,False,3,2,7abe62fa-6fdb-4466-a16b-73e1770f0c57,5.051360607147217,True,0.34470000173314475
transfusion-retrieval-v3,sha256:5fc6a9a0d5ff5721954fad8f2855c204301e59ef0b28a91d8d9bdbaf48cb659b,4,bm25,TF039,adverse_reaction,True,False,3,3,2e55093d-0a0f-4fd9-954b-4fc72df9eac0,3.3720645904541016,True,0.34470000173314475
transfusion-retrieval-v3,sha256:5fc6a9a0d5ff5721954fad8f2855c204301e59ef0b28a91d8d9bdbaf48cb659b,4,bm25,TF039,adverse_reaction,True,False,5,1,324bc249-0e84-46e9-b77f-856c76cd5353,5.971460819244385,False,0.34470000173314475
transfusion-retrieval-v3,sha256:5fc6a9a0d5ff5721954fad8f2855c204301e59ef0b28a91d8d9bdbaf48cb659b,4,bm25,TF039,adverse_reaction,True,False,5,2,7abe62fa-6fdb-4466-a16b-73e1770f0c57,5.051360607147217,True,0.34470000173314475
transfusion-retrieval-v3,sha256:5fc6a9a0d5ff5721954fad8f2855c204301e59ef0b28a91d8d9bdbaf48cb659b,4,bm25,TF039,adverse_reaction,True,False,5,3,2e55093d-0a0f-4fd9-954b-4fc72df9eac0,3.3720645904541016,True,0.34470000173314475
transfusion-retrieval-v3,sha256:5fc6a9a0d5ff5721954fad8f2855c204301e59ef0b28a91d8d9bdbaf48cb659b,4,bm25,TF039,adverse_reaction,True,False,5,4,391ad5dc-0d1c-4350-85ba-5aa601d9ac0d,1.3353826999664307,False,0.34470000173314475
transfusion-retrieval-v3,sha256:5fc6a9a0d5ff5721954fad8f2855c204301e59ef0b28a91d8d9bdbaf48cb659b,4,bm25,TF039,adverse_reaction,True,False,5,5,da79aa00-567d-434c-8441-915ac080f918,0.8504177927970886,False,0.34470000173314475
transfusion-retrieval-v3,sha256:5fc6a9a0d5ff5721954fad8f2855c204301e59ef0b28a91d8d9bdbaf48cb659b,4,bm25,TF039,adverse_reaction,True,False,10,1,324bc249-0e84-46e9-b77f-856c76cd5353,5.971460819244385,False,0.34470000173314475
transfusion-retrieval-v3,sha256:5fc6a9a0d5ff5721954fad8f2855c204301e59ef0b28a91d8d9bdbaf48cb659b,4,bm25,TF039,adverse_reaction,True,False,10,2,7abe62fa-6fdb-4466-a16b-73e1770f0c57,5.051360607147217,True,0.34470000173314475
transfusion-retrieval-v3,sha256:5fc6a9a0d5ff5721954fad8f2855c204301e59ef0b28a91d8d9bdbaf48cb659b,4,bm25,TF039,adverse_reaction,True,False,10,3,2e55093d-0a0f-4fd9-954b-4fc72df9eac0,3.3720645904541016,True,0.34470000173314475
transfusion-retrieval-v3,sha256:5fc6a9a0d5ff5721954fad8f2855c204301e59ef0b28a91d8d9bdbaf48cb659b,4,bm25,TF039,adverse_reaction,True,False,10,4,391ad5dc-0d1c-4350-85ba-5aa601d9ac0d,1.3353826999664307,False,0.34470000173314475
transfusion-retrieval-v3,sha256:5fc6a9a0d5ff5721954fad8f2855c204301e59ef0b28a91d8d9bdbaf48cb659b,4,bm25,TF039,adverse_reaction,True,False,10,5,da79aa00-567d-434c-8441-915ac080f918,0.8504177927970886,False,0.34470000173314475
transfusion-retrieval-v3,sha256:5fc6a9a0d5ff5721954fad8f2855c204301e59ef0b28a91d8d9bdbaf48cb659b,4,bm25,TF039,adverse_reaction,True,False,10,6,15e829a9-a475-429d-b0e3-5c34bfbd3ab7,0.7488635182380676,False,0.34470000173314475
transfusion-retrieval-v3,sha256:5fc6a9a0d5ff5721954fad8f2855c204301e59ef0b28a91d8d9bdbaf48cb659b,4,bm25,TF039,adverse_reaction,True,False,10,7,d4c1a9ca-23c5-4ae0-9a51-c56675b2e6d1,0.6956260800361633,False,0.34470000173314475
transfusion-retrieval-v3,sha256:5fc6a9a0d5ff5721954fad8f2855c204301e59ef0b28a91d8d9bdbaf48cb659b,4,bm25,TF039,adverse_reaction,True,False,10,8,8939253d-3272-4915-8c2b-c60062aeb818,0.6486386656761169,False,0.34470000173314475
transfusion-retrieval-v3,sha256:5fc6a9a0d5ff5721954fad8f2855c204301e59ef0b28a91d8d9bdbaf48cb659b,4,bm25,TF039,adverse_reaction,True,False,10,9,7e5199d4-e5c9-40ca-a69f-ea37f52c6ce3,0.1314123421907425,False,0.34470000173314475
transfusion-retrieval-v3,sha256:5fc6a9a0d5ff5721954fad8f2855c204301e59ef0b28a91d8d9bdbaf48cb659b,4,bm25,TF039,adverse_reaction,True,False,10,10,a7cf71a5-8426-4d7c-8106-e0754e7cb4bf,0.12989771366119385,False,0.34470000173314475
transfusion-retrieval-v3,sha256:5fc6a9a0d5ff5721954fad8f2855c204301e59ef0b28a91d8d9bdbaf48cb659b,4,bm25,TF040,adverse_reaction,True,False,1,1,f4580736-a09e-471f-93d2-8089c695eb67,5.533454418182373,True,0.39599999945494346
transfusion-retrieval-v3,sha256:5fc6a9a0d5ff5721954fad8f2855c204301e59ef0b28a91d8d9bdbaf48cb659b,4,bm25,TF040,adverse_reaction,True,False,3,1,f4580736-a09e-471f-93d2-8089c695eb67,5.533454418182373,True,0.39599999945494346
transfusion-retrieval-v3,sha256:5fc6a9a0d5ff5721954fad8f2855c204301e59ef0b28a91d8d9bdbaf48cb659b,4,bm25,TF040,adverse_reaction,True,False,3,2,2e55093d-0a0f-4fd9-954b-4fc72df9eac0,5.291259765625,True,0.39599999945494346
transfusion-retrieval-v3,sha256:5fc6a9a0d5ff5721954fad8f2855c204301e59ef0b28a91d8d9bdbaf48cb659b,4,bm25,TF040,adverse_reaction,True,False,3,3,391ad5dc-0d1c-4350-85ba-5aa601d9ac0d,1.3353826999664307,False,0.39599999945494346
transfusion-retrieval-v3,sha256:5fc6a9a0d5ff5721954fad8f2855c204301e59ef0b28a91d8d9bdbaf48cb659b,4,bm25,TF040,adverse_reaction,True,False,5,1,f4580736-a09e-471f-93d2-8089c695eb67,5.533454418182373,True,0.39599999945494346
transfusion-retrieval-v3,sha256:5fc6a9a0d5ff5721954fad8f2855c204301e59ef0b28a91d8d9bdbaf48cb659b,4,bm25,TF040,adverse_reaction,True,False,5,2,2e55093d-0a0f-4fd9-954b-4fc72df9eac0,5.291259765625,True,0.39599999945494346
transfusion-retrieval-v3,sha256:5fc6a9a0d5ff5721954fad8f2855c204301e59ef0b28a91d8d9bdbaf48cb659b,4,bm25,TF040,adverse_reaction,True,False,5,3,391ad5dc-0d1c-4350-85ba-5aa601d9ac0d,1.3353826999664307,False,0.39599999945494346
transfusion-retrieval-v3,sha256:5fc6a9a0d5ff5721954fad8f2855c204301e59ef0b28a91d8d9bdbaf48cb659b,4,bm25,TF040,adverse_reaction,True,False,5,4,b0d368a1-d0fc-4b8b-8567-e190cf462986,0.9423860907554626,False,0.39599999945494346
transfusion-retrieval-v3,sha256:5fc6a9a0d5ff5721954fad8f2855c204301e59ef0b28a91d8d9bdbaf48cb659b,4,bm25,TF040,adverse_reaction,True,False,5,5,7e5199d4-e5c9-40ca-a69f-ea37f52c6ce3,0.9198150634765625,False,0.39599999945494346
transfusion-retrieval-v3,sha256:5fc6a9a0d5ff5721954fad8f2855c204301e59ef0b28a91d8d9bdbaf48cb659b,4,bm25,TF040,adverse_reaction,True,False,10,1,f4580736-a09e-471f-93d2-8089c695eb67,5.533454418182373,True,0.39599999945494346
transfusion-retrieval-v3,sha256:5fc6a9a0d5ff5721954fad8f2855c204301e59ef0b28a91d8d9bdbaf48cb659b,4,bm25,TF040,adverse_reaction,True,False,10,2,2e55093d-0a0f-4fd9-954b-4fc72df9eac0,5.291259765625,True,0.39599999945494346
transfusion-retrieval-v3,sha256:5fc6a9a0d5ff5721954fad8f2855c204301e59ef0b28a91d8d9bdbaf48cb659b,4,bm25,TF040,adverse_reaction,True,False,10,3,391ad5dc-0d1c-4350-85ba-5aa601d9ac0d,1.3353826999664307,False,0.39599999945494346
transfusion-retrieval-v3,sha256:5fc6a9a0d5ff5721954fad8f2855c204301e59ef0b28a91d8d9bdbaf48cb659b,4,bm25,TF040,adverse_reaction,True,False,10,4,b0d368a1-d0fc-4b8b-8567-e190cf462986,0.9423860907554626,False,0.39599999945494346
transfusion-retrieval-v3,sha256:5fc6a9a0d5ff5721954fad8f2855c204301e59ef0b28a91d8d9bdbaf48cb659b,4,bm25,TF040,adverse_reaction,True,False,10,5,7e5199d4-e5c9-40ca-a69f-ea37f52c6ce3,0.9198150634765625,False,0.39599999945494346
transfusion-retrieval-v3,sha256:5fc6a9a0d5ff5721954fad8f2855c204301e59ef0b28a91d8d9bdbaf48cb659b,4,bm25,TF040,adverse_reaction,True,False,10,6,a7cf71a5-8426-4d7c-8106-e0754e7cb4bf,0.9092135429382324,False,0.39599999945494346
transfusion-retrieval-v3,sha256:5fc6a9a0d5ff5721954fad8f2855c204301e59ef0b28a91d8d9bdbaf48cb659b,4,bm25,TF040,adverse_reaction,True,False,10,7,5de4d74d-720e-4d86-a836-f946d70a2d32,0.901841402053833,False,0.39599999945494346
transfusion-retrieval-v3,sha256:5fc6a9a0d5ff5721954fad8f2855c204301e59ef0b28a91d8d9bdbaf48cb659b,4,bm25,TF040,adverse_reaction,True,False,10,8,c404e320-0bf2-4325-be92-7a0614f201ca,0.8950620293617249,False,0.39599999945494346
transfusion-retrieval-v3,sha256:5fc6a9a0d5ff5721954fad8f2855c204301e59ef0b28a91d8d9bdbaf48cb659b,4,bm25,TF040,adverse_reaction,True,False,10,9,73735f01-c9d0-4dd5-8d46-c70045e4b334,0.8702232837677002,False,0.39599999945494346
transfusion-retrieval-v3,sha256:5fc6a9a0d5ff5721954fad8f2855c204301e59ef0b28a91d8d9bdbaf48cb659b,4,bm25,TF040,adverse_reaction,True,False,10,10,16efaa44-1554-4748-8407-48fac0bced94,0.8496715426445007,False,0.39599999945494346
transfusion-retrieval-v3,sha256:5fc6a9a0d5ff5721954fad8f2855c204301e59ef0b28a91d8d9bdbaf48cb659b,4,bm25,TF041,adverse_reaction,True,False,1,1,5e7838ae-0b80-4d05-b266-deb52de7b401,8.112334251403809,True,0.33940000139409676
transfusion-retrieval-v3,sha256:5fc6a9a0d5ff5721954fad8f2855c204301e59ef0b28a91d8d9bdbaf48cb659b,4,bm25,TF041,adverse_reaction,True,False,3,1,5e7838ae-0b80-4d05-b266-deb52de7b401,8.112334251403809,True,0.33940000139409676
transfusion-retrieval-v3,sha256:5fc6a9a0d5ff5721954fad8f2855c204301e59ef0b28a91d8d9bdbaf48cb659b,4,bm25,TF041,adverse_reaction,True,False,3,2,7abe62fa-6fdb-4466-a16b-73e1770f0c57,7.936646938323975,False,0.33940000139409676
transfusion-retrieval-v3,sha256:5fc6a9a0d5ff5721954fad8f2855c204301e59ef0b28a91d8d9bdbaf48cb659b,4,bm25,TF041,adverse_reaction,True,False,3,3,f4580736-a09e-471f-93d2-8089c695eb67,6.9677886962890625,True,0.33940000139409676
transfusion-retrieval-v3,sha256:5fc6a9a0d5ff5721954fad8f2855c204301e59ef0b28a91d8d9bdbaf48cb659b,4,bm25,TF041,adverse_reaction,True,False,5,1,5e7838ae-0b80-4d05-b266-deb52de7b401,8.112334251403809,True,0.33940000139409676
transfusion-retrieval-v3,sha256:5fc6a9a0d5ff5721954fad8f2855c204301e59ef0b28a91d8d9bdbaf48cb659b,4,bm25,TF041,adverse_reaction,True,False,5,2,7abe62fa-6fdb-4466-a16b-73e1770f0c57,7.936646938323975,False,0.33940000139409676
transfusion-retrieval-v3,sha256:5fc6a9a0d5ff5721954fad8f2855c204301e59ef0b28a91d8d9bdbaf48cb659b,4,bm25,TF041,adverse_reaction,True,False,5,3,f4580736-a09e-471f-93d2-8089c695eb67,6.9677886962890625,True,0.33940000139409676
transfusion-retrieval-v3,sha256:5fc6a9a0d5ff5721954fad8f2855c204301e59ef0b28a91d8d9bdbaf48cb659b,4,bm25,TF041,adverse_reaction,True,False,5,4,324bc249-0e84-46e9-b77f-856c76cd5353,5.971460819244385,False,0.33940000139409676
transfusion-retrieval-v3,sha256:5fc6a9a0d5ff5721954fad8f2855c204301e59ef0b28a91d8d9bdbaf48cb659b,4,bm25,TF041,adverse_reaction,True,False,5,5,391ad5dc-0d1c-4350-85ba-5aa601d9ac0d,1.3353826999664307,False,0.33940000139409676
transfusion-retrieval-v3,sha256:5fc6a9a0d5ff5721954fad8f2855c204301e59ef0b28a91d8d9bdbaf48cb659b,4,bm25,TF041,adverse_reaction,True,False,10,1,5e7838ae-0b80-4d05-b266-deb52de7b401,8.112334251403809,True,0.33940000139409676
transfusion-retrieval-v3,sha256:5fc6a9a0d5ff5721954fad8f2855c204301e59ef0b28a91d8d9bdbaf48cb659b,4,bm25,TF041,adverse_reaction,True,False,10,2,7abe62fa-6fdb-4466-a16b-73e1770f0c57,7.936646938323975,False,0.33940000139409676
transfusion-retrieval-v3,sha256:5fc6a9a0d5ff5721954fad8f2855c204301e59ef0b28a91d8d9bdbaf48cb659b,4,bm25,TF041,adverse_reaction,True,False,10,3,f4580736-a09e-471f-93d2-8089c695eb67,6.9677886962890625,True,0.33940000139409676
transfusion-retrieval-v3,sha256:5fc6a9a0d5ff5721954fad8f2855c204301e59ef0b28a91d8d9bdbaf48cb659b,4,bm25,TF041,adverse_reaction,True,False,10,4,324bc249-0e84-46e9-b77f-856c76cd5353,5.971460819244385,False,0.33940000139409676
transfusion-retrieval-v3,sha256:5fc6a9a0d5ff5721954fad8f2855c204301e59ef0b28a91d8d9bdbaf48cb659b,4,bm25,TF041,adverse_reaction,True,False,10,5,391ad5dc-0d1c-4350-85ba-5aa601d9ac0d,1.3353826999664307,False,0.33940000139409676
transfusion-retrieval-v3,sha256:5fc6a9a0d5ff5721954fad8f2855c204301e59ef0b28a91d8d9bdbaf48cb659b,4,bm25,TF041,adverse_reaction,True,False,10,6,2e55093d-0a0f-4fd9-954b-4fc72df9eac0,0.949152946472168,False,0.33940000139409676
transfusion-retrieval-v3,sha256:5fc6a9a0d5ff5721954fad8f2855c204301e59ef0b28a91d8d9bdbaf48cb659b,4,bm25,TF041,adverse_reaction,True,False,10,7,da79aa00-567d-434c-8441-915ac080f918,0.8504177927970886,False,0.33940000139409676
transfusion-retrieval-v3,sha256:5fc6a9a0d5ff5721954fad8f2855c204301e59ef0b28a91d8d9bdbaf48cb659b,4,bm25,TF041,adverse_reaction,True,False,10,8,15e829a9-a475-429d-b0e3-5c34bfbd3ab7,0.7488635182380676,False,0.33940000139409676
transfusion-retrieval-v3,sha256:5fc6a9a0d5ff5721954fad8f2855c204301e59ef0b28a91d8d9bdbaf48cb659b,4,bm25,TF041,adverse_reaction,True,False,10,9,d4c1a9ca-23c5-4ae0-9a51-c56675b2e6d1,0.6956260800361633,False,0.33940000139409676
transfusion-retrieval-v3,sha256:5fc6a9a0d5ff5721954fad8f2855c204301e59ef0b28a91d8d9bdbaf48cb659b,4,bm25,TF041,adverse_reaction,True,False,10,10,8939253d-3272-4915-8c2b-c60062aeb818,0.6486386656761169,False,0.33940000139409676
transfusion-retrieval-v3,sha256:5fc6a9a0d5ff5721954fad8f2855c204301e59ef0b28a91d8d9bdbaf48cb659b,4,bm25,TF042,procedure,True,False,1,1,fbf62ef9-25b7-437c-98d8-c4934fba0fe6,9.348984718322754,False,0.379699999029981
transfusion-retrieval-v3,sha256:5fc6a9a0d5ff5721954fad8f2855c204301e59ef0b28a91d8d9bdbaf48cb659b,4,bm25,TF042,procedure,True,False,3,1,fbf62ef9-25b7-437c-98d8-c4934fba0fe6,9.348984718322754,False,0.379699999029981
transfusion-retrieval-v3,sha256:5fc6a9a0d5ff5721954fad8f2855c204301e59ef0b28a91d8d9bdbaf48cb659b,4,bm25,TF042,procedure,True,False,3,2,9552a4ac-31b4-43a8-aa92-37bd3e89362a,5.974932670593262,False,0.379699999029981
transfusion-retrieval-v3,sha256:5fc6a9a0d5ff5721954fad8f2855c204301e59ef0b28a91d8d9bdbaf48cb659b,4,bm25,TF042,procedure,True,False,3,3,2cea4ea7-7aaf-4c54-ac4e-b660de52065d,5.45098352432251,False,0.379699999029981
transfusion-retrieval-v3,sha256:5fc6a9a0d5ff5721954fad8f2855c204301e59ef0b28a91d8d9bdbaf48cb659b,4,bm25,TF042,procedure,True,False,5,1,fbf62ef9-25b7-437c-98d8-c4934fba0fe6,9.348984718322754,False,0.379699999029981
transfusion-retrieval-v3,sha256:5fc6a9a0d5ff5721954fad8f2855c204301e59ef0b28a91d8d9bdbaf48cb659b,4,bm25,TF042,procedure,True,False,5,2,9552a4ac-31b4-43a8-aa92-37bd3e89362a,5.974932670593262,False,0.379699999029981
transfusion-retrieval-v3,sha256:5fc6a9a0d5ff5721954fad8f2855c204301e59ef0b28a91d8d9bdbaf48cb659b,4,bm25,TF042,procedure,True,False,5,3,2cea4ea7-7aaf-4c54-ac4e-b660de52065d,5.45098352432251,False,0.379699999029981
transfusion-retrieval-v3,sha256:5fc6a9a0d5ff5721954fad8f2855c204301e59ef0b28a91d8d9bdbaf48cb659b,4,bm25,TF042,procedure,True,False,5,4,dfb2693a-e821-4d6e-bbcc-0dbf3dc2a2ae,5.055283069610596,True,0.379699999029981
transfusion-retrieval-v3,sha256:5fc6a9a0d5ff5721954fad8f2855c204301e59ef0b28a91d8d9bdbaf48cb659b,4,bm25,TF042,procedure,True,False,5,5,84c0a864-176f-4776-a15e-167fc2518e5d,4.772139072418213,False,0.379699999029981
transfusion-retrieval-v3,sha256:5fc6a9a0d5ff5721954fad8f2855c204301e59ef0b28a91d8d9bdbaf48cb659b,4,bm25,TF042,procedure,True,False,10,1,fbf62ef9-25b7-437c-98d8-c4934fba0fe6,9.348984718322754,False,0.379699999029981
transfusion-retrieval-v3,sha256:5fc6a9a0d5ff5721954fad8f2855c204301e59ef0b28a91d8d9bdbaf48cb659b,4,bm25,TF042,procedure,True,False,10,2,9552a4ac-31b4-43a8-aa92-37bd3e89362a,5.974932670593262,False,0.379699999029981
transfusion-retrieval-v3,sha256:5fc6a9a0d5ff5721954fad8f2855c204301e59ef0b28a91d8d9bdbaf48cb659b,4,bm25,TF042,procedure,True,False,10,3,2cea4ea7-7aaf-4c54-ac4e-b660de52065d,5.45098352432251,False,0.379699999029981
transfusion-retrieval-v3,sha256:5fc6a9a0d5ff5721954fad8f2855c204301e59ef0b28a91d8d9bdbaf48cb659b,4,bm25,TF042,procedure,True,False,10,4,dfb2693a-e821-4d6e-bbcc-0dbf3dc2a2ae,5.055283069610596,True,0.379699999029981
transfusion-retrieval-v3,sha256:5fc6a9a0d5ff5721954fad8f2855c204301e59ef0b28a91d8d9bdbaf48cb659b,4,bm25,TF042,procedure,True,False,10,5,84c0a864-176f-4776-a15e-167fc2518e5d,4.772139072418213,False,0.379699999029981
transfusion-retrieval-v3,sha256:5fc6a9a0d5ff5721954fad8f2855c204301e59ef0b28a91d8d9bdbaf48cb659b,4,bm25,TF042,procedure,True,False,10,6,3abbb958-eafe-4ffe-bcfc-dafa7349c15c,4.684035301208496,True,0.379699999029981
transfusion-retrieval-v3,sha256:5fc6a9a0d5ff5721954fad8f2855c204301e59ef0b28a91d8d9bdbaf48cb659b,4,bm25,TF042,procedure,True,False,10,7,21efe016-3004-45f3-a070-29ce2ecb0019,4.681832313537598,False,0.379699999029981
transfusion-retrieval-v3,sha256:5fc6a9a0d5ff5721954fad8f2855c204301e59ef0b28a91d8d9bdbaf48cb659b,4,bm25,TF042,procedure,True,False,10,8,d3b7d61b-50f0-4b96-a770-785a9f3c3886,3.241227149963379,False,0.379699999029981
transfusion-retrieval-v3,sha256:5fc6a9a0d5ff5721954fad8f2855c204301e59ef0b28a91d8d9bdbaf48cb659b,4,bm25,TF042,procedure,True,False,10,9,4c0dde2a-0432-4cb2-ad33-987f5979ff76,3.2006609439849854,False,0.379699999029981
transfusion-retrieval-v3,sha256:5fc6a9a0d5ff5721954fad8f2855c204301e59ef0b28a91d8d9bdbaf48cb659b,4,bm25,TF042,procedure,True,False,10,10,9131e9a9-eff3-4f4e-a20b-4bdd456c35bc,3.0297956466674805,False,0.379699999029981
transfusion-retrieval-v3,sha256:5fc6a9a0d5ff5721954fad8f2855c204301e59ef0b28a91d8d9bdbaf48cb659b,4,bm25,TF043,procedure,True,False,1,1,9552a4ac-31b4-43a8-aa92-37bd3e89362a,6.669376373291016,False,0.4059999992023222
transfusion-retrieval-v3,sha256:5fc6a9a0d5ff5721954fad8f2855c204301e59ef0b28a91d8d9bdbaf48cb659b,4,bm25,TF043,procedure,True,False,3,1,9552a4ac-31b4-43a8-aa92-37bd3e89362a,6.669376373291016,False,0.4059999992023222
transfusion-retrieval-v3,sha256:5fc6a9a0d5ff5721954fad8f2855c204301e59ef0b28a91d8d9bdbaf48cb659b,4,bm25,TF043,procedure,True,False,3,2,84c0a864-176f-4776-a15e-167fc2518e5d,5.107711315155029,False,0.4059999992023222
transfusion-retrieval-v3,sha256:5fc6a9a0d5ff5721954fad8f2855c204301e59ef0b28a91d8d9bdbaf48cb659b,4,bm25,TF043,procedure,True,False,3,3,59d57c8a-c9d7-4f8d-b9a1-a2816f1f01f7,4.804263591766357,False,0.4059999992023222
transfusion-retrieval-v3,sha256:5fc6a9a0d5ff5721954fad8f2855c204301e59ef0b28a91d8d9bdbaf48cb659b,4,bm25,TF043,procedure,True,False,5,1,9552a4ac-31b4-43a8-aa92-37bd3e89362a,6.669376373291016,False,0.4059999992023222
transfusion-retrieval-v3,sha256:5fc6a9a0d5ff5721954fad8f2855c204301e59ef0b28a91d8d9bdbaf48cb659b,4,bm25,TF043,procedure,True,False,5,2,84c0a864-176f-4776-a15e-167fc2518e5d,5.107711315155029,False,0.4059999992023222
transfusion-retrieval-v3,sha256:5fc6a9a0d5ff5721954fad8f2855c204301e59ef0b28a91d8d9bdbaf48cb659b,4,bm25,TF043,procedure,True,False,5,3,59d57c8a-c9d7-4f8d-b9a1-a2816f1f01f7,4.804263591766357,False,0.4059999992023222
transfusion-retrieval-v3,sha256:5fc6a9a0d5ff5721954fad8f2855c204301e59ef0b28a91d8d9bdbaf48cb659b,4,bm25,TF043,procedure,True,False,5,4,f9cfc75b-a5e7-4633-a798-4b17ea462325,4.705187797546387,False,0.4059999992023222
transfusion-retrieval-v3,sha256:5fc6a9a0d5ff5721954fad8f2855c204301e59ef0b28a91d8d9bdbaf48cb659b,4,bm25,TF043,procedure,True,False,5,5,e62b0c91-ff0c-43b2-9bd5-ff173d9f8bc0,4.641680717468262,False,0.4059999992023222
transfusion-retrieval-v3,sha256:5fc6a9a0d5ff5721954fad8f2855c204301e59ef0b28a91d8d9bdbaf48cb659b,4,bm25,TF043,procedure,True,False,10,1,9552a4ac-31b4-43a8-aa92-37bd3e89362a,6.669376373291016,False,0.4059999992023222
transfusion-retrieval-v3,sha256:5fc6a9a0d5ff5721954fad8f2855c204301e59ef0b28a91d8d9bdbaf48cb659b,4,bm25,TF043,procedure,True,False,10,2,84c0a864-176f-4776-a15e-167fc2518e5d,5.107711315155029,False,0.4059999992023222
transfusion-retrieval-v3,sha256:5fc6a9a0d5ff5721954fad8f2855c204301e59ef0b28a91d8d9bdbaf48cb659b,4,bm25,TF043,procedure,True,False,10,3,59d57c8a-c9d7-4f8d-b9a1-a2816f1f01f7,4.804263591766357,False,0.4059999992023222
transfusion-retrieval-v3,sha256:5fc6a9a0d5ff5721954fad8f2855c204301e59ef0b28a91d8d9bdbaf48cb659b,4,bm25,TF043,procedure,True,False,10,4,f9cfc75b-a5e7-4633-a798-4b17ea462325,4.705187797546387,False,0.4059999992023222
transfusion-retrieval-v3,sha256:5fc6a9a0d5ff5721954fad8f2855c204301e59ef0b28a91d8d9bdbaf48cb659b,4,bm25,TF043,procedure,True,False,10,5,e62b0c91-ff0c-43b2-9bd5-ff173d9f8bc0,4.641680717468262,False,0.4059999992023222
transfusion-retrieval-v3,sha256:5fc6a9a0d5ff5721954fad8f2855c204301e59ef0b28a91d8d9bdbaf48cb659b,4,bm25,TF043,procedure,True,False,10,6,3ecc27b9-634c-4026-b44e-e01123aa0467,4.619519233703613,False,0.4059999992023222
transfusion-retrieval-v3,sha256:5fc6a9a0d5ff5721954fad8f2855c204301e59ef0b28a91d8d9bdbaf48cb659b,4,bm25,TF043,procedure,True,False,10,7,9b6cc313-9a59-4387-a5ce-2ed14389a0a7,4.246101379394531,False,0.4059999992023222
transfusion-retrieval-v3,sha256:5fc6a9a0d5ff5721954fad8f2855c204301e59ef0b28a91d8d9bdbaf48cb659b,4,bm25,TF043,procedure,True,False,10,8,df699ccc-6f51-4281-b4a4-f3d2a20631e0,4.123198509216309,False,0.4059999992023222
transfusion-retrieval-v3,sha256:5fc6a9a0d5ff5721954fad8f2855c204301e59ef0b28a91d8d9bdbaf48cb659b,4,bm25,TF043,procedure,True,False,10,9,d3b7d61b-50f0-4b96-a770-785a9f3c3886,1.9555081129074097,False,0.4059999992023222
transfusion-retrieval-v3,sha256:5fc6a9a0d5ff5721954fad8f2855c204301e59ef0b28a91d8d9bdbaf48cb659b,4,bm25,TF043,procedure,True,False,10,10,b0b5bc4f-7d0b-4f56-8e37-84178d38637d,1.9025700092315674,False,0.4059999992023222
transfusion-retrieval-v3,sha256:5fc6a9a0d5ff5721954fad8f2855c204301e59ef0b28a91d8d9bdbaf48cb659b,4,bm25,TF044,fact_specific,True,False,1,1,09f3c6d5-9e0c-4545-960f-b16c69abbeb1,6.416562557220459,False,0.40219999937107787
transfusion-retrieval-v3,sha256:5fc6a9a0d5ff5721954fad8f2855c204301e59ef0b28a91d8d9bdbaf48cb659b,4,bm25,TF044,fact_specific,True,False,3,1,09f3c6d5-9e0c-4545-960f-b16c69abbeb1,6.416562557220459,False,0.40219999937107787
transfusion-retrieval-v3,sha256:5fc6a9a0d5ff5721954fad8f2855c204301e59ef0b28a91d8d9bdbaf48cb659b,4,bm25,TF044,fact_specific,True,False,3,2,dfb2693a-e821-4d6e-bbcc-0dbf3dc2a2ae,5.222231864929199,False,0.40219999937107787
transfusion-retrieval-v3,sha256:5fc6a9a0d5ff5721954fad8f2855c204301e59ef0b28a91d8d9bdbaf48cb659b,4,bm25,TF044,fact_specific,True,False,3,3,919e93ca-fed9-4dde-b9b8-f870e207a3f3,4.688266754150391,False,0.40219999937107787
transfusion-retrieval-v3,sha256:5fc6a9a0d5ff5721954fad8f2855c204301e59ef0b28a91d8d9bdbaf48cb659b,4,bm25,TF044,fact_specific,True,False,5,1,09f3c6d5-9e0c-4545-960f-b16c69abbeb1,6.416562557220459,False,0.40219999937107787
transfusion-retrieval-v3,sha256:5fc6a9a0d5ff5721954fad8f2855c204301e59ef0b28a91d8d9bdbaf48cb659b,4,bm25,TF044,fact_specific,True,False,5,2,dfb2693a-e821-4d6e-bbcc-0dbf3dc2a2ae,5.222231864929199,False,0.40219999937107787
transfusion-retrieval-v3,sha256:5fc6a9a0d5ff5721954fad8f2855c204301e59ef0b28a91d8d9bdbaf48cb659b,4,bm25,TF044,fact_specific,True,False,5,3,919e93ca-fed9-4dde-b9b8-f870e207a3f3,4.688266754150391,False,0.40219999937107787
transfusion-retrieval-v3,sha256:5fc6a9a0d5ff5721954fad8f2855c204301e59ef0b28a91d8d9bdbaf48cb659b,4,bm25,TF044,fact_specific,True,False,5,4,3abbb958-eafe-4ffe-bcfc-dafa7349c15c,4.684035301208496,False,0.40219999937107787
transfusion-retrieval-v3,sha256:5fc6a9a0d5ff5721954fad8f2855c204301e59ef0b28a91d8d9bdbaf48cb659b,4,bm25,TF044,fact_specific,True,False,5,5,3ecc27b9-634c-4026-b44e-e01123aa0467,4.577188491821289,False,0.40219999937107787
transfusion-retrieval-v3,sha256:5fc6a9a0d5ff5721954fad8f2855c204301e59ef0b28a91d8d9bdbaf48cb659b,4,bm25,TF044,fact_specific,True,False,10,1,09f3c6d5-9e0c-4545-960f-b16c69abbeb1,6.416562557220459,False,0.40219999937107787
transfusion-retrieval-v3,sha256:5fc6a9a0d5ff5721954fad8f2855c204301e59ef0b28a91d8d9bdbaf48cb659b,4,bm25,TF044,fact_specific,True,False,10,2,dfb2693a-e821-4d6e-bbcc-0dbf3dc2a2ae,5.222231864929199,False,0.40219999937107787
transfusion-retrieval-v3,sha256:5fc6a9a0d5ff5721954fad8f2855c204301e59ef0b28a91d8d9bdbaf48cb659b,4,bm25,TF044,fact_specific,True,False,10,3,919e93ca-fed9-4dde-b9b8-f870e207a3f3,4.688266754150391,False,0.40219999937107787
transfusion-retrieval-v3,sha256:5fc6a9a0d5ff5721954fad8f2855c204301e59ef0b28a91d8d9bdbaf48cb659b,4,bm25,TF044,fact_specific,True,False,10,4,3abbb958-eafe-4ffe-bcfc-dafa7349c15c,4.684035301208496,False,0.40219999937107787
transfusion-retrieval-v3,sha256:5fc6a9a0d5ff5721954fad8f2855c204301e59ef0b28a91d8d9bdbaf48cb659b,4,bm25,TF044,fact_specific,True,False,10,5,3ecc27b9-634c-4026-b44e-e01123aa0467,4.577188491821289,False,0.40219999937107787
transfusion-retrieval-v3,sha256:5fc6a9a0d5ff5721954fad8f2855c204301e59ef0b28a91d8d9bdbaf48cb659b,4,bm25,TF044,fact_specific,True,False,10,6,9131e9a9-eff3-4f4e-a20b-4bdd456c35bc,4.499396800994873,False,0.40219999937107787
transfusion-retrieval-v3,sha256:5fc6a9a0d5ff5721954fad8f2855c204301e59ef0b28a91d8d9bdbaf48cb659b,4,bm25,TF044,fact_specific,True,False,10,7,2cea4ea7-7aaf-4c54-ac4e-b660de52065d,4.399069309234619,False,0.40219999937107787
transfusion-retrieval-v3,sha256:5fc6a9a0d5ff5721954fad8f2855c204301e59ef0b28a91d8d9bdbaf48cb659b,4,bm25,TF044,fact_specific,True,False,10,8,fbf62ef9-25b7-437c-98d8-c4934fba0fe6,4.2966814041137695,False,0.40219999937107787
transfusion-retrieval-v3,sha256:5fc6a9a0d5ff5721954fad8f2855c204301e59ef0b28a91d8d9bdbaf48cb659b,4,bm25,TF044,fact_specific,True,False,10,9,1033ac46-dec8-493e-b577-7f5ad80f8e86,4.093734264373779,False,0.40219999937107787
transfusion-retrieval-v3,sha256:5fc6a9a0d5ff5721954fad8f2855c204301e59ef0b28a91d8d9bdbaf48cb659b,4,bm25,TF044,fact_specific,True,False,10,10,9552a4ac-31b4-43a8-aa92-37bd3e89362a,3.5061025619506836,False,0.40219999937107787
transfusion-retrieval-v3,sha256:5fc6a9a0d5ff5721954fad8f2855c204301e59ef0b28a91d8d9bdbaf48cb659b,4,bm25,TF045,paraphrase,True,False,1,1,3abbb958-eafe-4ffe-bcfc-dafa7349c15c,6.537220478057861,False,0.33179999809362926
transfusion-retrieval-v3,sha256:5fc6a9a0d5ff5721954fad8f2855c204301e59ef0b28a91d8d9bdbaf48cb659b,4,bm25,TF045,paraphrase,True,False,3,1,3abbb958-eafe-4ffe-bcfc-dafa7349c15c,6.537220478057861,False,0.33179999809362926
transfusion-retrieval-v3,sha256:5fc6a9a0d5ff5721954fad8f2855c204301e59ef0b28a91d8d9bdbaf48cb659b,4,bm25,TF045,paraphrase,True,False,3,2,eda54b74-cd2f-4808-8175-bcc5b916ce90,5.430171489715576,False,0.33179999809362926
transfusion-retrieval-v3,sha256:5fc6a9a0d5ff5721954fad8f2855c204301e59ef0b28a91d8d9bdbaf48cb659b,4,bm25,TF045,paraphrase,True,False,3,3,7adacb8c-91c0-4ea7-8d82-7505eeac5042,5.366875648498535,False,0.33179999809362926
transfusion-retrieval-v3,sha256:5fc6a9a0d5ff5721954fad8f2855c204301e59ef0b28a91d8d9bdbaf48cb659b,4,bm25,TF045,paraphrase,True,False,5,1,3abbb958-eafe-4ffe-bcfc-dafa7349c15c,6.537220478057861,False,0.33179999809362926
transfusion-retrieval-v3,sha256:5fc6a9a0d5ff5721954fad8f2855c204301e59ef0b28a91d8d9bdbaf48cb659b,4,bm25,TF045,paraphrase,True,False,5,2,eda54b74-cd2f-4808-8175-bcc5b916ce90,5.430171489715576,False,0.33179999809362926
transfusion-retrieval-v3,sha256:5fc6a9a0d5ff5721954fad8f2855c204301e59ef0b28a91d8d9bdbaf48cb659b,4,bm25,TF045,paraphrase,True,False,5,3,7adacb8c-91c0-4ea7-8d82-7505eeac5042,5.366875648498535,False,0.33179999809362926
transfusion-retrieval-v3,sha256:5fc6a9a0d5ff5721954fad8f2855c204301e59ef0b28a91d8d9bdbaf48cb659b,4,bm25,TF045,paraphrase,True,False,5,4,dfb2693a-e821-4d6e-bbcc-0dbf3dc2a2ae,5.349342346191406,False,0.33179999809362926
transfusion-retrieval-v3,sha256:5fc6a9a0d5ff5721954fad8f2855c204301e59ef0b28a91d8d9bdbaf48cb659b,4,bm25,TF045,paraphrase,True,False,5,5,22e6c188-2e4c-4029-b200-7770a3f00e6e,5.186156272888184,False,0.33179999809362926
transfusion-retrieval-v3,sha256:5fc6a9a0d5ff5721954fad8f2855c204301e59ef0b28a91d8d9bdbaf48cb659b,4,bm25,TF045,paraphrase,True,False,10,1,3abbb958-eafe-4ffe-bcfc-dafa7349c15c,6.537220478057861,False,0.33179999809362926
transfusion-retrieval-v3,sha256:5fc6a9a0d5ff5721954fad8f2855c204301e59ef0b28a91d8d9bdbaf48cb659b,4,bm25,TF045,paraphrase,True,False,10,2,eda54b74-cd2f-4808-8175-bcc5b916ce90,5.430171489715576,False,0.33179999809362926
transfusion-retrieval-v3,sha256:5fc6a9a0d5ff5721954fad8f2855c204301e59ef0b28a91d8d9bdbaf48cb659b,4,bm25,TF045,paraphrase,True,False,10,3,7adacb8c-91c0-4ea7-8d82-7505eeac5042,5.366875648498535,False,0.33179999809362926
transfusion-retrieval-v3,sha256:5fc6a9a0d5ff5721954fad8f2855c204301e59ef0b28a91d8d9bdbaf48cb659b,4,bm25,TF045,paraphrase,True,False,10,4,dfb2693a-e821-4d6e-bbcc-0dbf3dc2a2ae,5.349342346191406,False,0.33179999809362926
transfusion-retrieval-v3,sha256:5fc6a9a0d5ff5721954fad8f2855c204301e59ef0b28a91d8d9bdbaf48cb659b,4,bm25,TF045,paraphrase,True,False,10,5,22e6c188-2e4c-4029-b200-7770a3f00e6e,5.186156272888184,False,0.33179999809362926
transfusion-retrieval-v3,sha256:5fc6a9a0d5ff5721954fad8f2855c204301e59ef0b28a91d8d9bdbaf48cb659b,4,bm25,TF045,paraphrase,True,False,10,6,2cea4ea7-7aaf-4c54-ac4e-b660de52065d,3.7989649772644043,False,0.33179999809362926
transfusion-retrieval-v3,sha256:5fc6a9a0d5ff5721954fad8f2855c204301e59ef0b28a91d8d9bdbaf48cb659b,4,bm25,TF045,paraphrase,True,False,10,7,fbf62ef9-25b7-437c-98d8-c4934fba0fe6,3.7905309200286865,False,0.33179999809362926
transfusion-retrieval-v3,sha256:5fc6a9a0d5ff5721954fad8f2855c204301e59ef0b28a91d8d9bdbaf48cb659b,4,bm25,TF045,paraphrase,True,False,10,8,b225ae64-72d2-4e59-81c0-57f5d8438666,3.657823085784912,False,0.33179999809362926
transfusion-retrieval-v3,sha256:5fc6a9a0d5ff5721954fad8f2855c204301e59ef0b28a91d8d9bdbaf48cb659b,4,bm25,TF045,paraphrase,True,False,10,9,9131e9a9-eff3-4f4e-a20b-4bdd456c35bc,3.4647157192230225,False,0.33179999809362926
transfusion-retrieval-v3,sha256:5fc6a9a0d5ff5721954fad8f2855c204301e59ef0b28a91d8d9bdbaf48cb659b,4,bm25,TF045,paraphrase,True,False,10,10,fd678588-5ac2-400d-95c5-3309537781ec,3.287501573562622,True,0.33179999809362926
transfusion-retrieval-v3,sha256:5fc6a9a0d5ff5721954fad8f2855c204301e59ef0b28a91d8d9bdbaf48cb659b,4,bm25,TN001,negative_out_of_scope,False,False,1,1,fb4884e3-8fea-42fa-b996-7e9c333e7fef,0.0,False,0.26190000062342733
transfusion-retrieval-v3,sha256:5fc6a9a0d5ff5721954fad8f2855c204301e59ef0b28a91d8d9bdbaf48cb659b,4,bm25,TN001,negative_out_of_scope,False,False,3,1,fb4884e3-8fea-42fa-b996-7e9c333e7fef,0.0,False,0.26190000062342733
transfusion-retrieval-v3,sha256:5fc6a9a0d5ff5721954fad8f2855c204301e59ef0b28a91d8d9bdbaf48cb659b,4,bm25,TN001,negative_out_of_scope,False,False,3,2,761b9529-5b18-4262-8174-6062c35fb31c,0.0,False,0.26190000062342733
transfusion-retrieval-v3,sha256:5fc6a9a0d5ff5721954fad8f2855c204301e59ef0b28a91d8d9bdbaf48cb659b,4,bm25,TN001,negative_out_of_scope,False,False,3,3,c78ff32d-ea17-41fd-98ef-2e8872f01df3,0.0,False,0.26190000062342733
transfusion-retrieval-v3,sha256:5fc6a9a0d5ff5721954fad8f2855c204301e59ef0b28a91d8d9bdbaf48cb659b,4,bm25,TN001,negative_out_of_scope,False,False,5,1,fb4884e3-8fea-42fa-b996-7e9c333e7fef,0.0,False,0.26190000062342733
transfusion-retrieval-v3,sha256:5fc6a9a0d5ff5721954fad8f2855c204301e59ef0b28a91d8d9bdbaf48cb659b,4,bm25,TN001,negative_out_of_scope,False,False,5,2,761b9529-5b18-4262-8174-6062c35fb31c,0.0,False,0.26190000062342733
transfusion-retrieval-v3,sha256:5fc6a9a0d5ff5721954fad8f2855c204301e59ef0b28a91d8d9bdbaf48cb659b,4,bm25,TN001,negative_out_of_scope,False,False,5,3,c78ff32d-ea17-41fd-98ef-2e8872f01df3,0.0,False,0.26190000062342733
transfusion-retrieval-v3,sha256:5fc6a9a0d5ff5721954fad8f2855c204301e59ef0b28a91d8d9bdbaf48cb659b,4,bm25,TN001,negative_out_of_scope,False,False,5,4,d9a4a9c8-fbd4-41f2-bab6-6abd72575204,0.0,False,0.26190000062342733
transfusion-retrieval-v3,sha256:5fc6a9a0d5ff5721954fad8f2855c204301e59ef0b28a91d8d9bdbaf48cb659b,4,bm25,TN001,negative_out_of_scope,False,False,5,5,ee8c2027-ad6d-4bb7-8077-5e4c42be1cc3,0.0,False,0.26190000062342733
transfusion-retrieval-v3,sha256:5fc6a9a0d5ff5721954fad8f2855c204301e59ef0b28a91d8d9bdbaf48cb659b,4,bm25,TN001,negative_out_of_scope,False,False,10,1,fb4884e3-8fea-42fa-b996-7e9c333e7fef,0.0,False,0.26190000062342733
transfusion-retrieval-v3,sha256:5fc6a9a0d5ff5721954fad8f2855c204301e59ef0b28a91d8d9bdbaf48cb659b,4,bm25,TN001,negative_out_of_scope,False,False,10,2,761b9529-5b18-4262-8174-6062c35fb31c,0.0,False,0.26190000062342733
transfusion-retrieval-v3,sha256:5fc6a9a0d5ff5721954fad8f2855c204301e59ef0b28a91d8d9bdbaf48cb659b,4,bm25,TN001,negative_out_of_scope,False,False,10,3,c78ff32d-ea17-41fd-98ef-2e8872f01df3,0.0,False,0.26190000062342733
transfusion-retrieval-v3,sha256:5fc6a9a0d5ff5721954fad8f2855c204301e59ef0b28a91d8d9bdbaf48cb659b,4,bm25,TN001,negative_out_of_scope,False,False,10,4,d9a4a9c8-fbd4-41f2-bab6-6abd72575204,0.0,False,0.26190000062342733
transfusion-retrieval-v3,sha256:5fc6a9a0d5ff5721954fad8f2855c204301e59ef0b28a91d8d9bdbaf48cb659b,4,bm25,TN001,negative_out_of_scope,False,False,10,5,ee8c2027-ad6d-4bb7-8077-5e4c42be1cc3,0.0,False,0.26190000062342733
transfusion-retrieval-v3,sha256:5fc6a9a0d5ff5721954fad8f2855c204301e59ef0b28a91d8d9bdbaf48cb659b,4,bm25,TN001,negative_out_of_scope,False,False,10,6,66dba192-bac5-4b3a-bd4d-77e9eacb4192,0.0,False,0.26190000062342733
transfusion-retrieval-v3,sha256:5fc6a9a0d5ff5721954fad8f2855c204301e59ef0b28a91d8d9bdbaf48cb659b,4,bm25,TN001,negative_out_of_scope,False,False,10,7,edd76252-eb29-4acf-9a31-735463528b7d,0.0,False,0.26190000062342733
transfusion-retrieval-v3,sha256:5fc6a9a0d5ff5721954fad8f2855c204301e59ef0b28a91d8d9bdbaf48cb659b,4,bm25,TN001,negative_out_of_scope,False,False,10,8,843aa4c8-3ffd-4747-97eb-8699b0a0eeaf,0.0,False,0.26190000062342733
transfusion-retrieval-v3,sha256:5fc6a9a0d5ff5721954fad8f2855c204301e59ef0b28a91d8d9bdbaf48cb659b,4,bm25,TN001,negative_out_of_scope,False,False,10,9,63e9db23-9c0a-4e6a-a272-3d118d242ca2,0.0,False,0.26190000062342733
transfusion-retrieval-v3,sha256:5fc6a9a0d5ff5721954fad8f2855c204301e59ef0b28a91d8d9bdbaf48cb659b,4,bm25,TN001,negative_out_of_scope,False,False,10,10,10537058-d160-4786-a6cf-95de46d7189c,0.0,False,0.26190000062342733
transfusion-retrieval-v3,sha256:5fc6a9a0d5ff5721954fad8f2855c204301e59ef0b28a91d8d9bdbaf48cb659b,4,bm25,TN002,negative_out_of_scope,False,False,1,1,c78ff32d-ea17-41fd-98ef-2e8872f01df3,3.995793342590332,False,0.36670000190497376
transfusion-retrieval-v3,sha256:5fc6a9a0d5ff5721954fad8f2855c204301e59ef0b28a91d8d9bdbaf48cb659b,4,bm25,TN002,negative_out_of_scope,False,False,3,1,c78ff32d-ea17-41fd-98ef-2e8872f01df3,3.995793342590332,False,0.36670000190497376
transfusion-retrieval-v3,sha256:5fc6a9a0d5ff5721954fad8f2855c204301e59ef0b28a91d8d9bdbaf48cb659b,4,bm25,TN002,negative_out_of_scope,False,False,3,2,fb4884e3-8fea-42fa-b996-7e9c333e7fef,0.0,False,0.36670000190497376
transfusion-retrieval-v3,sha256:5fc6a9a0d5ff5721954fad8f2855c204301e59ef0b28a91d8d9bdbaf48cb659b,4,bm25,TN002,negative_out_of_scope,False,False,3,3,761b9529-5b18-4262-8174-6062c35fb31c,0.0,False,0.36670000190497376
transfusion-retrieval-v3,sha256:5fc6a9a0d5ff5721954fad8f2855c204301e59ef0b28a91d8d9bdbaf48cb659b,4,bm25,TN002,negative_out_of_scope,False,False,5,1,c78ff32d-ea17-41fd-98ef-2e8872f01df3,3.995793342590332,False,0.36670000190497376
transfusion-retrieval-v3,sha256:5fc6a9a0d5ff5721954fad8f2855c204301e59ef0b28a91d8d9bdbaf48cb659b,4,bm25,TN002,negative_out_of_scope,False,False,5,2,fb4884e3-8fea-42fa-b996-7e9c333e7fef,0.0,False,0.36670000190497376
transfusion-retrieval-v3,sha256:5fc6a9a0d5ff5721954fad8f2855c204301e59ef0b28a91d8d9bdbaf48cb659b,4,bm25,TN002,negative_out_of_scope,False,False,5,3,761b9529-5b18-4262-8174-6062c35fb31c,0.0,False,0.36670000190497376
transfusion-retrieval-v3,sha256:5fc6a9a0d5ff5721954fad8f2855c204301e59ef0b28a91d8d9bdbaf48cb659b,4,bm25,TN002,negative_out_of_scope,False,False,5,4,d9a4a9c8-fbd4-41f2-bab6-6abd72575204,0.0,False,0.36670000190497376
transfusion-retrieval-v3,sha256:5fc6a9a0d5ff5721954fad8f2855c204301e59ef0b28a91d8d9bdbaf48cb659b,4,bm25,TN002,negative_out_of_scope,False,False,5,5,ee8c2027-ad6d-4bb7-8077-5e4c42be1cc3,0.0,False,0.36670000190497376
transfusion-retrieval-v3,sha256:5fc6a9a0d5ff5721954fad8f2855c204301e59ef0b28a91d8d9bdbaf48cb659b,4,bm25,TN002,negative_out_of_scope,False,False,10,1,c78ff32d-ea17-41fd-98ef-2e8872f01df3,3.995793342590332,False,0.36670000190497376
transfusion-retrieval-v3,sha256:5fc6a9a0d5ff5721954fad8f2855c204301e59ef0b28a91d8d9bdbaf48cb659b,4,bm25,TN002,negative_out_of_scope,False,False,10,2,fb4884e3-8fea-42fa-b996-7e9c333e7fef,0.0,False,0.36670000190497376
transfusion-retrieval-v3,sha256:5fc6a9a0d5ff5721954fad8f2855c204301e59ef0b28a91d8d9bdbaf48cb659b,4,bm25,TN002,negative_out_of_scope,False,False,10,3,761b9529-5b18-4262-8174-6062c35fb31c,0.0,False,0.36670000190497376
transfusion-retrieval-v3,sha256:5fc6a9a0d5ff5721954fad8f2855c204301e59ef0b28a91d8d9bdbaf48cb659b,4,bm25,TN002,negative_out_of_scope,False,False,10,4,d9a4a9c8-fbd4-41f2-bab6-6abd72575204,0.0,False,0.36670000190497376
transfusion-retrieval-v3,sha256:5fc6a9a0d5ff5721954fad8f2855c204301e59ef0b28a91d8d9bdbaf48cb659b,4,bm25,TN002,negative_out_of_scope,False,False,10,5,ee8c2027-ad6d-4bb7-8077-5e4c42be1cc3,0.0,False,0.36670000190497376
transfusion-retrieval-v3,sha256:5fc6a9a0d5ff5721954fad8f2855c204301e59ef0b28a91d8d9bdbaf48cb659b,4,bm25,TN002,negative_out_of_scope,False,False,10,6,66dba192-bac5-4b3a-bd4d-77e9eacb4192,0.0,False,0.36670000190497376
transfusion-retrieval-v3,sha256:5fc6a9a0d5ff5721954fad8f2855c204301e59ef0b28a91d8d9bdbaf48cb659b,4,bm25,TN002,negative_out_of_scope,False,False,10,7,edd76252-eb29-4acf-9a31-735463528b7d,0.0,False,0.36670000190497376
transfusion-retrieval-v3,sha256:5fc6a9a0d5ff5721954fad8f2855c204301e59ef0b28a91d8d9bdbaf48cb659b,4,bm25,TN002,negative_out_of_scope,False,False,10,8,843aa4c8-3ffd-4747-97eb-8699b0a0eeaf,0.0,False,0.36670000190497376
transfusion-retrieval-v3,sha256:5fc6a9a0d5ff5721954fad8f2855c204301e59ef0b28a91d8d9bdbaf48cb659b,4,bm25,TN002,negative_out_of_scope,False,False,10,9,63e9db23-9c0a-4e6a-a272-3d118d242ca2,0.0,False,0.36670000190497376
transfusion-retrieval-v3,sha256:5fc6a9a0d5ff5721954fad8f2855c204301e59ef0b28a91d8d9bdbaf48cb659b,4,bm25,TN002,negative_out_of_scope,False,False,10,10,10537058-d160-4786-a6cf-95de46d7189c,0.0,False,0.36670000190497376
transfusion-retrieval-v3,sha256:5fc6a9a0d5ff5721954fad8f2855c204301e59ef0b28a91d8d9bdbaf48cb659b,4,bm25,TN003,negative_out_of_scope,False,False,1,1,6ffcd319-e868-444b-b6fe-8d192a4de3ff,5.228564262390137,False,0.28899999961140566
transfusion-retrieval-v3,sha256:5fc6a9a0d5ff5721954fad8f2855c204301e59ef0b28a91d8d9bdbaf48cb659b,4,bm25,TN003,negative_out_of_scope,False,False,3,1,6ffcd319-e868-444b-b6fe-8d192a4de3ff,5.228564262390137,False,0.28899999961140566
transfusion-retrieval-v3,sha256:5fc6a9a0d5ff5721954fad8f2855c204301e59ef0b28a91d8d9bdbaf48cb659b,4,bm25,TN003,negative_out_of_scope,False,False,3,2,f7a9837d-f8db-4461-abd8-a3607db2276f,0.9105718731880188,False,0.28899999961140566
transfusion-retrieval-v3,sha256:5fc6a9a0d5ff5721954fad8f2855c204301e59ef0b28a91d8d9bdbaf48cb659b,4,bm25,TN003,negative_out_of_scope,False,False,3,3,fbf62ef9-25b7-437c-98d8-c4934fba0fe6,0.7948442697525024,False,0.28899999961140566
transfusion-retrieval-v3,sha256:5fc6a9a0d5ff5721954fad8f2855c204301e59ef0b28a91d8d9bdbaf48cb659b,4,bm25,TN003,negative_out_of_scope,False,False,5,1,6ffcd319-e868-444b-b6fe-8d192a4de3ff,5.228564262390137,False,0.28899999961140566
transfusion-retrieval-v3,sha256:5fc6a9a0d5ff5721954fad8f2855c204301e59ef0b28a91d8d9bdbaf48cb659b,4,bm25,TN003,negative_out_of_scope,False,False,5,2,f7a9837d-f8db-4461-abd8-a3607db2276f,0.9105718731880188,False,0.28899999961140566
transfusion-retrieval-v3,sha256:5fc6a9a0d5ff5721954fad8f2855c204301e59ef0b28a91d8d9bdbaf48cb659b,4,bm25,TN003,negative_out_of_scope,False,False,5,3,fbf62ef9-25b7-437c-98d8-c4934fba0fe6,0.7948442697525024,False,0.28899999961140566
transfusion-retrieval-v3,sha256:5fc6a9a0d5ff5721954fad8f2855c204301e59ef0b28a91d8d9bdbaf48cb659b,4,bm25,TN003,negative_out_of_scope,False,False,5,4,fb4884e3-8fea-42fa-b996-7e9c333e7fef,0.0,False,0.28899999961140566
transfusion-retrieval-v3,sha256:5fc6a9a0d5ff5721954fad8f2855c204301e59ef0b28a91d8d9bdbaf48cb659b,4,bm25,TN003,negative_out_of_scope,False,False,5,5,761b9529-5b18-4262-8174-6062c35fb31c,0.0,False,0.28899999961140566
transfusion-retrieval-v3,sha256:5fc6a9a0d5ff5721954fad8f2855c204301e59ef0b28a91d8d9bdbaf48cb659b,4,bm25,TN003,negative_out_of_scope,False,False,10,1,6ffcd319-e868-444b-b6fe-8d192a4de3ff,5.228564262390137,False,0.28899999961140566
transfusion-retrieval-v3,sha256:5fc6a9a0d5ff5721954fad8f2855c204301e59ef0b28a91d8d9bdbaf48cb659b,4,bm25,TN003,negative_out_of_scope,False,False,10,2,f7a9837d-f8db-4461-abd8-a3607db2276f,0.9105718731880188,False,0.28899999961140566
transfusion-retrieval-v3,sha256:5fc6a9a0d5ff5721954fad8f2855c204301e59ef0b28a91d8d9bdbaf48cb659b,4,bm25,TN003,negative_out_of_scope,False,False,10,3,fbf62ef9-25b7-437c-98d8-c4934fba0fe6,0.7948442697525024,False,0.28899999961140566
transfusion-retrieval-v3,sha256:5fc6a9a0d5ff5721954fad8f2855c204301e59ef0b28a91d8d9bdbaf48cb659b,4,bm25,TN003,negative_out_of_scope,False,False,10,4,fb4884e3-8fea-42fa-b996-7e9c333e7fef,0.0,False,0.28899999961140566
transfusion-retrieval-v3,sha256:5fc6a9a0d5ff5721954fad8f2855c204301e59ef0b28a91d8d9bdbaf48cb659b,4,bm25,TN003,negative_out_of_scope,False,False,10,5,761b9529-5b18-4262-8174-6062c35fb31c,0.0,False,0.28899999961140566
transfusion-retrieval-v3,sha256:5fc6a9a0d5ff5721954fad8f2855c204301e59ef0b28a91d8d9bdbaf48cb659b,4,bm25,TN003,negative_out_of_scope,False,False,10,6,c78ff32d-ea17-41fd-98ef-2e8872f01df3,0.0,False,0.28899999961140566
transfusion-retrieval-v3,sha256:5fc6a9a0d5ff5721954fad8f2855c204301e59ef0b28a91d8d9bdbaf48cb659b,4,bm25,TN003,negative_out_of_scope,False,False,10,7,d9a4a9c8-fbd4-41f2-bab6-6abd72575204,0.0,False,0.28899999961140566
transfusion-retrieval-v3,sha256:5fc6a9a0d5ff5721954fad8f2855c204301e59ef0b28a91d8d9bdbaf48cb659b,4,bm25,TN003,negative_out_of_scope,False,False,10,8,ee8c2027-ad6d-4bb7-8077-5e4c42be1cc3,0.0,False,0.28899999961140566
transfusion-retrieval-v3,sha256:5fc6a9a0d5ff5721954fad8f2855c204301e59ef0b28a91d8d9bdbaf48cb659b,4,bm25,TN003,negative_out_of_scope,False,False,10,9,66dba192-bac5-4b3a-bd4d-77e9eacb4192,0.0,False,0.28899999961140566
transfusion-retrieval-v3,sha256:5fc6a9a0d5ff5721954fad8f2855c204301e59ef0b28a91d8d9bdbaf48cb659b,4,bm25,TN003,negative_out_of_scope,False,False,10,10,edd76252-eb29-4acf-9a31-735463528b7d,0.0,False,0.28899999961140566
transfusion-retrieval-v3,sha256:5fc6a9a0d5ff5721954fad8f2855c204301e59ef0b28a91d8d9bdbaf48cb659b,4,bm25,TN004,negative_out_of_scope,False,False,1,1,fb4884e3-8fea-42fa-b996-7e9c333e7fef,0.0,False,0.2358999990974553
transfusion-retrieval-v3,sha256:5fc6a9a0d5ff5721954fad8f2855c204301e59ef0b28a91d8d9bdbaf48cb659b,4,bm25,TN004,negative_out_of_scope,False,False,3,1,fb4884e3-8fea-42fa-b996-7e9c333e7fef,0.0,False,0.2358999990974553
transfusion-retrieval-v3,sha256:5fc6a9a0d5ff5721954fad8f2855c204301e59ef0b28a91d8d9bdbaf48cb659b,4,bm25,TN004,negative_out_of_scope,False,False,3,2,761b9529-5b18-4262-8174-6062c35fb31c,0.0,False,0.2358999990974553
transfusion-retrieval-v3,sha256:5fc6a9a0d5ff5721954fad8f2855c204301e59ef0b28a91d8d9bdbaf48cb659b,4,bm25,TN004,negative_out_of_scope,False,False,3,3,c78ff32d-ea17-41fd-98ef-2e8872f01df3,0.0,False,0.2358999990974553
transfusion-retrieval-v3,sha256:5fc6a9a0d5ff5721954fad8f2855c204301e59ef0b28a91d8d9bdbaf48cb659b,4,bm25,TN004,negative_out_of_scope,False,False,5,1,fb4884e3-8fea-42fa-b996-7e9c333e7fef,0.0,False,0.2358999990974553
transfusion-retrieval-v3,sha256:5fc6a9a0d5ff5721954fad8f2855c204301e59ef0b28a91d8d9bdbaf48cb659b,4,bm25,TN004,negative_out_of_scope,False,False,5,2,761b9529-5b18-4262-8174-6062c35fb31c,0.0,False,0.2358999990974553
transfusion-retrieval-v3,sha256:5fc6a9a0d5ff5721954fad8f2855c204301e59ef0b28a91d8d9bdbaf48cb659b,4,bm25,TN004,negative_out_of_scope,False,False,5,3,c78ff32d-ea17-41fd-98ef-2e8872f01df3,0.0,False,0.2358999990974553
transfusion-retrieval-v3,sha256:5fc6a9a0d5ff5721954fad8f2855c204301e59ef0b28a91d8d9bdbaf48cb659b,4,bm25,TN004,negative_out_of_scope,False,False,5,4,d9a4a9c8-fbd4-41f2-bab6-6abd72575204,0.0,False,0.2358999990974553
transfusion-retrieval-v3,sha256:5fc6a9a0d5ff5721954fad8f2855c204301e59ef0b28a91d8d9bdbaf48cb659b,4,bm25,TN004,negative_out_of_scope,False,False,5,5,ee8c2027-ad6d-4bb7-8077-5e4c42be1cc3,0.0,False,0.2358999990974553
transfusion-retrieval-v3,sha256:5fc6a9a0d5ff5721954fad8f2855c204301e59ef0b28a91d8d9bdbaf48cb659b,4,bm25,TN004,negative_out_of_scope,False,False,10,1,fb4884e3-8fea-42fa-b996-7e9c333e7fef,0.0,False,0.2358999990974553
transfusion-retrieval-v3,sha256:5fc6a9a0d5ff5721954fad8f2855c204301e59ef0b28a91d8d9bdbaf48cb659b,4,bm25,TN004,negative_out_of_scope,False,False,10,2,761b9529-5b18-4262-8174-6062c35fb31c,0.0,False,0.2358999990974553
transfusion-retrieval-v3,sha256:5fc6a9a0d5ff5721954fad8f2855c204301e59ef0b28a91d8d9bdbaf48cb659b,4,bm25,TN004,negative_out_of_scope,False,False,10,3,c78ff32d-ea17-41fd-98ef-2e8872f01df3,0.0,False,0.2358999990974553
transfusion-retrieval-v3,sha256:5fc6a9a0d5ff5721954fad8f2855c204301e59ef0b28a91d8d9bdbaf48cb659b,4,bm25,TN004,negative_out_of_scope,False,False,10,4,d9a4a9c8-fbd4-41f2-bab6-6abd72575204,0.0,False,0.2358999990974553
transfusion-retrieval-v3,sha256:5fc6a9a0d5ff5721954fad8f2855c204301e59ef0b28a91d8d9bdbaf48cb659b,4,bm25,TN004,negative_out_of_scope,False,False,10,5,ee8c2027-ad6d-4bb7-8077-5e4c42be1cc3,0.0,False,0.2358999990974553
transfusion-retrieval-v3,sha256:5fc6a9a0d5ff5721954fad8f2855c204301e59ef0b28a91d8d9bdbaf48cb659b,4,bm25,TN004,negative_out_of_scope,False,False,10,6,66dba192-bac5-4b3a-bd4d-77e9eacb4192,0.0,False,0.2358999990974553
transfusion-retrieval-v3,sha256:5fc6a9a0d5ff5721954fad8f2855c204301e59ef0b28a91d8d9bdbaf48cb659b,4,bm25,TN004,negative_out_of_scope,False,False,10,7,edd76252-eb29-4acf-9a31-735463528b7d,0.0,False,0.2358999990974553
transfusion-retrieval-v3,sha256:5fc6a9a0d5ff5721954fad8f2855c204301e59ef0b28a91d8d9bdbaf48cb659b,4,bm25,TN004,negative_out_of_scope,False,False,10,8,843aa4c8-3ffd-4747-97eb-8699b0a0eeaf,0.0,False,0.2358999990974553
transfusion-retrieval-v3,sha256:5fc6a9a0d5ff5721954fad8f2855c204301e59ef0b28a91d8d9bdbaf48cb659b,4,bm25,TN004,negative_out_of_scope,False,False,10,9,63e9db23-9c0a-4e6a-a272-3d118d242ca2,0.0,False,0.2358999990974553
transfusion-retrieval-v3,sha256:5fc6a9a0d5ff5721954fad8f2855c204301e59ef0b28a91d8d9bdbaf48cb659b,4,bm25,TN004,negative_out_of_scope,False,False,10,10,10537058-d160-4786-a6cf-95de46d7189c,0.0,False,0.2358999990974553
transfusion-retrieval-v3,sha256:5fc6a9a0d5ff5721954fad8f2855c204301e59ef0b28a91d8d9bdbaf48cb659b,4,bm25,TN005,negative_out_of_scope,False,False,1,1,b225ae64-72d2-4e59-81c0-57f5d8438666,3.417100429534912,False,0.2596000012999866
transfusion-retrieval-v3,sha256:5fc6a9a0d5ff5721954fad8f2855c204301e59ef0b28a91d8d9bdbaf48cb659b,4,bm25,TN005,negative_out_of_scope,False,False,3,1,b225ae64-72d2-4e59-81c0-57f5d8438666,3.417100429534912,False,0.2596000012999866
transfusion-retrieval-v3,sha256:5fc6a9a0d5ff5721954fad8f2855c204301e59ef0b28a91d8d9bdbaf48cb659b,4,bm25,TN005,negative_out_of_scope,False,False,3,2,eda54b74-cd2f-4808-8175-bcc5b916ce90,3.2731075286865234,False,0.2596000012999866
transfusion-retrieval-v3,sha256:5fc6a9a0d5ff5721954fad8f2855c204301e59ef0b28a91d8d9bdbaf48cb659b,4,bm25,TN005,negative_out_of_scope,False,False,3,3,7adacb8c-91c0-4ea7-8d82-7505eeac5042,3.242741823196411,False,0.2596000012999866
transfusion-retrieval-v3,sha256:5fc6a9a0d5ff5721954fad8f2855c204301e59ef0b28a91d8d9bdbaf48cb659b,4,bm25,TN005,negative_out_of_scope,False,False,5,1,b225ae64-72d2-4e59-81c0-57f5d8438666,3.417100429534912,False,0.2596000012999866
transfusion-retrieval-v3,sha256:5fc6a9a0d5ff5721954fad8f2855c204301e59ef0b28a91d8d9bdbaf48cb659b,4,bm25,TN005,negative_out_of_scope,False,False,5,2,eda54b74-cd2f-4808-8175-bcc5b916ce90,3.2731075286865234,False,0.2596000012999866
transfusion-retrieval-v3,sha256:5fc6a9a0d5ff5721954fad8f2855c204301e59ef0b28a91d8d9bdbaf48cb659b,4,bm25,TN005,negative_out_of_scope,False,False,5,3,7adacb8c-91c0-4ea7-8d82-7505eeac5042,3.242741823196411,False,0.2596000012999866
transfusion-retrieval-v3,sha256:5fc6a9a0d5ff5721954fad8f2855c204301e59ef0b28a91d8d9bdbaf48cb659b,4,bm25,TN005,negative_out_of_scope,False,False,5,4,22e6c188-2e4c-4029-b200-7770a3f00e6e,3.1836698055267334,False,0.2596000012999866
transfusion-retrieval-v3,sha256:5fc6a9a0d5ff5721954fad8f2855c204301e59ef0b28a91d8d9bdbaf48cb659b,4,bm25,TN005,negative_out_of_scope,False,False,5,5,3abbb958-eafe-4ffe-bcfc-dafa7349c15c,3.12671160697937,False,0.2596000012999866
transfusion-retrieval-v3,sha256:5fc6a9a0d5ff5721954fad8f2855c204301e59ef0b28a91d8d9bdbaf48cb659b,4,bm25,TN005,negative_out_of_scope,False,False,10,1,b225ae64-72d2-4e59-81c0-57f5d8438666,3.417100429534912,False,0.2596000012999866
transfusion-retrieval-v3,sha256:5fc6a9a0d5ff5721954fad8f2855c204301e59ef0b28a91d8d9bdbaf48cb659b,4,bm25,TN005,negative_out_of_scope,False,False,10,2,eda54b74-cd2f-4808-8175-bcc5b916ce90,3.2731075286865234,False,0.2596000012999866
transfusion-retrieval-v3,sha256:5fc6a9a0d5ff5721954fad8f2855c204301e59ef0b28a91d8d9bdbaf48cb659b,4,bm25,TN005,negative_out_of_scope,False,False,10,3,7adacb8c-91c0-4ea7-8d82-7505eeac5042,3.242741823196411,False,0.2596000012999866
transfusion-retrieval-v3,sha256:5fc6a9a0d5ff5721954fad8f2855c204301e59ef0b28a91d8d9bdbaf48cb659b,4,bm25,TN005,negative_out_of_scope,False,False,10,4,22e6c188-2e4c-4029-b200-7770a3f00e6e,3.1836698055267334,False,0.2596000012999866
transfusion-retrieval-v3,sha256:5fc6a9a0d5ff5721954fad8f2855c204301e59ef0b28a91d8d9bdbaf48cb659b,4,bm25,TN005,negative_out_of_scope,False,False,10,5,3abbb958-eafe-4ffe-bcfc-dafa7349c15c,3.12671160697937,False,0.2596000012999866
transfusion-retrieval-v3,sha256:5fc6a9a0d5ff5721954fad8f2855c204301e59ef0b28a91d8d9bdbaf48cb659b,4,bm25,TN005,negative_out_of_scope,False,False,10,6,fd678588-5ac2-400d-95c5-3309537781ec,3.0449960231781006,False,0.2596000012999866
transfusion-retrieval-v3,sha256:5fc6a9a0d5ff5721954fad8f2855c204301e59ef0b28a91d8d9bdbaf48cb659b,4,bm25,TN005,negative_out_of_scope,False,False,10,7,84c0a864-176f-4776-a15e-167fc2518e5d,2.724569082260132,False,0.2596000012999866
transfusion-retrieval-v3,sha256:5fc6a9a0d5ff5721954fad8f2855c204301e59ef0b28a91d8d9bdbaf48cb659b,4,bm25,TN005,negative_out_of_scope,False,False,10,8,9552a4ac-31b4-43a8-aa92-37bd3e89362a,2.6235361099243164,False,0.2596000012999866
transfusion-retrieval-v3,sha256:5fc6a9a0d5ff5721954fad8f2855c204301e59ef0b28a91d8d9bdbaf48cb659b,4,bm25,TN005,negative_out_of_scope,False,False,10,9,74c0eabe-77c7-4dbf-a321-27966a12fafb,2.3422484397888184,False,0.2596000012999866
transfusion-retrieval-v3,sha256:5fc6a9a0d5ff5721954fad8f2855c204301e59ef0b28a91d8d9bdbaf48cb659b,4,bm25,TN005,negative_out_of_scope,False,False,10,10,7e68f70a-ba74-4eb8-bbae-c7e9f7340567,2.1679201126098633,False,0.2596000012999866
transfusion-retrieval-v3,sha256:5fc6a9a0d5ff5721954fad8f2855c204301e59ef0b28a91d8d9bdbaf48cb659b,4,bm25,TP001,product_specific,True,False,1,1,0f6b0fc1-9d70-479f-a87d-a26e954e2adb,6.211029052734375,False,0.40499999886378646
transfusion-retrieval-v3,sha256:5fc6a9a0d5ff5721954fad8f2855c204301e59ef0b28a91d8d9bdbaf48cb659b,4,bm25,TP001,product_specific,True,False,3,1,0f6b0fc1-9d70-479f-a87d-a26e954e2adb,6.211029052734375,False,0.40499999886378646
transfusion-retrieval-v3,sha256:5fc6a9a0d5ff5721954fad8f2855c204301e59ef0b28a91d8d9bdbaf48cb659b,4,bm25,TP001,product_specific,True,False,3,2,9552a4ac-31b4-43a8-aa92-37bd3e89362a,5.7914910316467285,False,0.40499999886378646
transfusion-retrieval-v3,sha256:5fc6a9a0d5ff5721954fad8f2855c204301e59ef0b28a91d8d9bdbaf48cb659b,4,bm25,TP001,product_specific,True,False,3,3,54fdf811-dedd-4016-b144-3e4bfdcd67c8,5.593297481536865,False,0.40499999886378646
transfusion-retrieval-v3,sha256:5fc6a9a0d5ff5721954fad8f2855c204301e59ef0b28a91d8d9bdbaf48cb659b,4,bm25,TP001,product_specific,True,False,5,1,0f6b0fc1-9d70-479f-a87d-a26e954e2adb,6.211029052734375,False,0.40499999886378646
transfusion-retrieval-v3,sha256:5fc6a9a0d5ff5721954fad8f2855c204301e59ef0b28a91d8d9bdbaf48cb659b,4,bm25,TP001,product_specific,True,False,5,2,9552a4ac-31b4-43a8-aa92-37bd3e89362a,5.7914910316467285,False,0.40499999886378646
transfusion-retrieval-v3,sha256:5fc6a9a0d5ff5721954fad8f2855c204301e59ef0b28a91d8d9bdbaf48cb659b,4,bm25,TP001,product_specific,True,False,5,3,54fdf811-dedd-4016-b144-3e4bfdcd67c8,5.593297481536865,False,0.40499999886378646
transfusion-retrieval-v3,sha256:5fc6a9a0d5ff5721954fad8f2855c204301e59ef0b28a91d8d9bdbaf48cb659b,4,bm25,TP001,product_specific,True,False,5,4,ba3d1d87-0c2d-4b67-a0c2-4615c8249c2a,5.1758856773376465,True,0.40499999886378646
transfusion-retrieval-v3,sha256:5fc6a9a0d5ff5721954fad8f2855c204301e59ef0b28a91d8d9bdbaf48cb659b,4,bm25,TP001,product_specific,True,False,5,5,84c0a864-176f-4776-a15e-167fc2518e5d,3.892451286315918,False,0.40499999886378646
transfusion-retrieval-v3,sha256:5fc6a9a0d5ff5721954fad8f2855c204301e59ef0b28a91d8d9bdbaf48cb659b,4,bm25,TP001,product_specific,True,False,10,1,0f6b0fc1-9d70-479f-a87d-a26e954e2adb,6.211029052734375,False,0.40499999886378646
transfusion-retrieval-v3,sha256:5fc6a9a0d5ff5721954fad8f2855c204301e59ef0b28a91d8d9bdbaf48cb659b,4,bm25,TP001,product_specific,True,False,10,2,9552a4ac-31b4-43a8-aa92-37bd3e89362a,5.7914910316467285,False,0.40499999886378646
transfusion-retrieval-v3,sha256:5fc6a9a0d5ff5721954fad8f2855c204301e59ef0b28a91d8d9bdbaf48cb659b,4,bm25,TP001,product_specific,True,False,10,3,54fdf811-dedd-4016-b144-3e4bfdcd67c8,5.593297481536865,False,0.40499999886378646
transfusion-retrieval-v3,sha256:5fc6a9a0d5ff5721954fad8f2855c204301e59ef0b28a91d8d9bdbaf48cb659b,4,bm25,TP001,product_specific,True,False,10,4,ba3d1d87-0c2d-4b67-a0c2-4615c8249c2a,5.1758856773376465,True,0.40499999886378646
transfusion-retrieval-v3,sha256:5fc6a9a0d5ff5721954fad8f2855c204301e59ef0b28a91d8d9bdbaf48cb659b,4,bm25,TP001,product_specific,True,False,10,5,84c0a864-176f-4776-a15e-167fc2518e5d,3.892451286315918,False,0.40499999886378646
transfusion-retrieval-v3,sha256:5fc6a9a0d5ff5721954fad8f2855c204301e59ef0b28a91d8d9bdbaf48cb659b,4,bm25,TP001,product_specific,True,False,10,6,fb4884e3-8fea-42fa-b996-7e9c333e7fef,0.0,False,0.40499999886378646
transfusion-retrieval-v3,sha256:5fc6a9a0d5ff5721954fad8f2855c204301e59ef0b28a91d8d9bdbaf48cb659b,4,bm25,TP001,product_specific,True,False,10,7,761b9529-5b18-4262-8174-6062c35fb31c,0.0,False,0.40499999886378646
transfusion-retrieval-v3,sha256:5fc6a9a0d5ff5721954fad8f2855c204301e59ef0b28a91d8d9bdbaf48cb659b,4,bm25,TP001,product_specific,True,False,10,8,c78ff32d-ea17-41fd-98ef-2e8872f01df3,0.0,False,0.40499999886378646
transfusion-retrieval-v3,sha256:5fc6a9a0d5ff5721954fad8f2855c204301e59ef0b28a91d8d9bdbaf48cb659b,4,bm25,TP001,product_specific,True,False,10,9,d9a4a9c8-fbd4-41f2-bab6-6abd72575204,0.0,False,0.40499999886378646
transfusion-retrieval-v3,sha256:5fc6a9a0d5ff5721954fad8f2855c204301e59ef0b28a91d8d9bdbaf48cb659b,4,bm25,TP001,product_specific,True,False,10,10,ee8c2027-ad6d-4bb7-8077-5e4c42be1cc3,0.0,False,0.40499999886378646
transfusion-retrieval-v3,sha256:5fc6a9a0d5ff5721954fad8f2855c204301e59ef0b28a91d8d9bdbaf48cb659b,4,bm25,TP002,product_specific,True,False,1,1,4c0dde2a-0432-4cb2-ad33-987f5979ff76,4.5704240798950195,False,0.37760000122943893
transfusion-retrieval-v3,sha256:5fc6a9a0d5ff5721954fad8f2855c204301e59ef0b28a91d8d9bdbaf48cb659b,4,bm25,TP002,product_specific,True,False,3,1,4c0dde2a-0432-4cb2-ad33-987f5979ff76,4.5704240798950195,False,0.37760000122943893
transfusion-retrieval-v3,sha256:5fc6a9a0d5ff5721954fad8f2855c204301e59ef0b28a91d8d9bdbaf48cb659b,4,bm25,TP002,product_specific,True,False,3,2,f7a9837d-f8db-4461-abd8-a3607db2276f,4.295620918273926,False,0.37760000122943893
transfusion-retrieval-v3,sha256:5fc6a9a0d5ff5721954fad8f2855c204301e59ef0b28a91d8d9bdbaf48cb659b,4,bm25,TP002,product_specific,True,False,3,3,b0b5bc4f-7d0b-4f56-8e37-84178d38637d,3.8005127906799316,False,0.37760000122943893
transfusion-retrieval-v3,sha256:5fc6a9a0d5ff5721954fad8f2855c204301e59ef0b28a91d8d9bdbaf48cb659b,4,bm25,TP002,product_specific,True,False,5,1,4c0dde2a-0432-4cb2-ad33-987f5979ff76,4.5704240798950195,False,0.37760000122943893
transfusion-retrieval-v3,sha256:5fc6a9a0d5ff5721954fad8f2855c204301e59ef0b28a91d8d9bdbaf48cb659b,4,bm25,TP002,product_specific,True,False,5,2,f7a9837d-f8db-4461-abd8-a3607db2276f,4.295620918273926,False,0.37760000122943893
transfusion-retrieval-v3,sha256:5fc6a9a0d5ff5721954fad8f2855c204301e59ef0b28a91d8d9bdbaf48cb659b,4,bm25,TP002,product_specific,True,False,5,3,b0b5bc4f-7d0b-4f56-8e37-84178d38637d,3.8005127906799316,False,0.37760000122943893
transfusion-retrieval-v3,sha256:5fc6a9a0d5ff5721954fad8f2855c204301e59ef0b28a91d8d9bdbaf48cb659b,4,bm25,TP002,product_specific,True,False,5,4,c404e320-0bf2-4325-be92-7a0614f201ca,3.50697922706604,False,0.37760000122943893
transfusion-retrieval-v3,sha256:5fc6a9a0d5ff5721954fad8f2855c204301e59ef0b28a91d8d9bdbaf48cb659b,4,bm25,TP002,product_specific,True,False,5,5,a3d42ca5-54b5-4b8d-be4e-79337aaab880,2.6698713302612305,False,0.37760000122943893
transfusion-retrieval-v3,sha256:5fc6a9a0d5ff5721954fad8f2855c204301e59ef0b28a91d8d9bdbaf48cb659b,4,bm25,TP002,product_specific,True,False,10,1,4c0dde2a-0432-4cb2-ad33-987f5979ff76,4.5704240798950195,False,0.37760000122943893
transfusion-retrieval-v3,sha256:5fc6a9a0d5ff5721954fad8f2855c204301e59ef0b28a91d8d9bdbaf48cb659b,4,bm25,TP002,product_specific,True,False,10,2,f7a9837d-f8db-4461-abd8-a3607db2276f,4.295620918273926,False,0.37760000122943893
transfusion-retrieval-v3,sha256:5fc6a9a0d5ff5721954fad8f2855c204301e59ef0b28a91d8d9bdbaf48cb659b,4,bm25,TP002,product_specific,True,False,10,3,b0b5bc4f-7d0b-4f56-8e37-84178d38637d,3.8005127906799316,False,0.37760000122943893
transfusion-retrieval-v3,sha256:5fc6a9a0d5ff5721954fad8f2855c204301e59ef0b28a91d8d9bdbaf48cb659b,4,bm25,TP002,product_specific,True,False,10,4,c404e320-0bf2-4325-be92-7a0614f201ca,3.50697922706604,False,0.37760000122943893
transfusion-retrieval-v3,sha256:5fc6a9a0d5ff5721954fad8f2855c204301e59ef0b28a91d8d9bdbaf48cb659b,4,bm25,TP002,product_specific,True,False,10,5,a3d42ca5-54b5-4b8d-be4e-79337aaab880,2.6698713302612305,False,0.37760000122943893
transfusion-retrieval-v3,sha256:5fc6a9a0d5ff5721954fad8f2855c204301e59ef0b28a91d8d9bdbaf48cb659b,4,bm25,TP002,product_specific,True,False,10,6,7adacb8c-91c0-4ea7-8d82-7505eeac5042,0.9279085397720337,False,0.37760000122943893
transfusion-retrieval-v3,sha256:5fc6a9a0d5ff5721954fad8f2855c204301e59ef0b28a91d8d9bdbaf48cb659b,4,bm25,TP002,product_specific,True,False,10,7,7e68f70a-ba74-4eb8-bbae-c7e9f7340567,0.9048877954483032,False,0.37760000122943893
transfusion-retrieval-v3,sha256:5fc6a9a0d5ff5721954fad8f2855c204301e59ef0b28a91d8d9bdbaf48cb659b,4,bm25,TP002,product_specific,True,False,10,8,17abd2d4-27a2-40ba-a55b-0b3ceee19005,0.8584475517272949,False,0.37760000122943893
transfusion-retrieval-v3,sha256:5fc6a9a0d5ff5721954fad8f2855c204301e59ef0b28a91d8d9bdbaf48cb659b,4,bm25,TP002,product_specific,True,False,10,9,21d38039-895b-46a4-8902-96e380ce41aa,0.7931140065193176,False,0.37760000122943893
transfusion-retrieval-v3,sha256:5fc6a9a0d5ff5721954fad8f2855c204301e59ef0b28a91d8d9bdbaf48cb659b,4,bm25,TP002,product_specific,True,False,10,10,b10b8f1c-ed17-44ca-8d7c-1a4f19a12c67,0.7817808985710144,False,0.37760000122943893
transfusion-retrieval-v3,sha256:5fc6a9a0d5ff5721954fad8f2855c204301e59ef0b28a91d8d9bdbaf48cb659b,4,bm25,TP003,temporal,True,False,1,1,63b53156-440d-40c1-bc88-5c07c23ae77f,7.014913558959961,True,0.3401000030862633
transfusion-retrieval-v3,sha256:5fc6a9a0d5ff5721954fad8f2855c204301e59ef0b28a91d8d9bdbaf48cb659b,4,bm25,TP003,temporal,True,False,3,1,63b53156-440d-40c1-bc88-5c07c23ae77f,7.014913558959961,True,0.3401000030862633
transfusion-retrieval-v3,sha256:5fc6a9a0d5ff5721954fad8f2855c204301e59ef0b28a91d8d9bdbaf48cb659b,4,bm25,TP003,temporal,True,False,3,2,c404e320-0bf2-4325-be92-7a0614f201ca,6.746158599853516,False,0.3401000030862633
transfusion-retrieval-v3,sha256:5fc6a9a0d5ff5721954fad8f2855c204301e59ef0b28a91d8d9bdbaf48cb659b,4,bm25,TP003,temporal,True,False,3,3,9131e9a9-eff3-4f4e-a20b-4bdd456c35bc,5.673131942749023,False,0.3401000030862633
transfusion-retrieval-v3,sha256:5fc6a9a0d5ff5721954fad8f2855c204301e59ef0b28a91d8d9bdbaf48cb659b,4,bm25,TP003,temporal,True,False,5,1,63b53156-440d-40c1-bc88-5c07c23ae77f,7.014913558959961,True,0.3401000030862633
transfusion-retrieval-v3,sha256:5fc6a9a0d5ff5721954fad8f2855c204301e59ef0b28a91d8d9bdbaf48cb659b,4,bm25,TP003,temporal,True,False,5,2,c404e320-0bf2-4325-be92-7a0614f201ca,6.746158599853516,False,0.3401000030862633
transfusion-retrieval-v3,sha256:5fc6a9a0d5ff5721954fad8f2855c204301e59ef0b28a91d8d9bdbaf48cb659b,4,bm25,TP003,temporal,True,False,5,3,9131e9a9-eff3-4f4e-a20b-4bdd456c35bc,5.673131942749023,False,0.3401000030862633
transfusion-retrieval-v3,sha256:5fc6a9a0d5ff5721954fad8f2855c204301e59ef0b28a91d8d9bdbaf48cb659b,4,bm25,TP003,temporal,True,False,5,4,59d57c8a-c9d7-4f8d-b9a1-a2816f1f01f7,5.52161169052124,False,0.3401000030862633
transfusion-retrieval-v3,sha256:5fc6a9a0d5ff5721954fad8f2855c204301e59ef0b28a91d8d9bdbaf48cb659b,4,bm25,TP003,temporal,True,False,5,5,ffcf7308-6e83-47bc-a519-0b4b7ba44562,5.474223613739014,False,0.3401000030862633
transfusion-retrieval-v3,sha256:5fc6a9a0d5ff5721954fad8f2855c204301e59ef0b28a91d8d9bdbaf48cb659b,4,bm25,TP003,temporal,True,False,10,1,63b53156-440d-40c1-bc88-5c07c23ae77f,7.014913558959961,True,0.3401000030862633
transfusion-retrieval-v3,sha256:5fc6a9a0d5ff5721954fad8f2855c204301e59ef0b28a91d8d9bdbaf48cb659b,4,bm25,TP003,temporal,True,False,10,2,c404e320-0bf2-4325-be92-7a0614f201ca,6.746158599853516,False,0.3401000030862633
transfusion-retrieval-v3,sha256:5fc6a9a0d5ff5721954fad8f2855c204301e59ef0b28a91d8d9bdbaf48cb659b,4,bm25,TP003,temporal,True,False,10,3,9131e9a9-eff3-4f4e-a20b-4bdd456c35bc,5.673131942749023,False,0.3401000030862633
transfusion-retrieval-v3,sha256:5fc6a9a0d5ff5721954fad8f2855c204301e59ef0b28a91d8d9bdbaf48cb659b,4,bm25,TP003,temporal,True,False,10,4,59d57c8a-c9d7-4f8d-b9a1-a2816f1f01f7,5.52161169052124,False,0.3401000030862633
transfusion-retrieval-v3,sha256:5fc6a9a0d5ff5721954fad8f2855c204301e59ef0b28a91d8d9bdbaf48cb659b,4,bm25,TP003,temporal,True,False,10,5,ffcf7308-6e83-47bc-a519-0b4b7ba44562,5.474223613739014,False,0.3401000030862633
transfusion-retrieval-v3,sha256:5fc6a9a0d5ff5721954fad8f2855c204301e59ef0b28a91d8d9bdbaf48cb659b,4,bm25,TP003,temporal,True,False,10,6,d2e0fc0a-bf0e-4226-abbf-e9f3dea2fce8,5.082720756530762,False,0.3401000030862633
transfusion-retrieval-v3,sha256:5fc6a9a0d5ff5721954fad8f2855c204301e59ef0b28a91d8d9bdbaf48cb659b,4,bm25,TP003,temporal,True,False,10,7,21efe016-3004-45f3-a070-29ce2ecb0019,5.051664352416992,False,0.3401000030862633
transfusion-retrieval-v3,sha256:5fc6a9a0d5ff5721954fad8f2855c204301e59ef0b28a91d8d9bdbaf48cb659b,4,bm25,TP003,temporal,True,False,10,8,f7a9837d-f8db-4461-abd8-a3607db2276f,4.295620918273926,False,0.3401000030862633
transfusion-retrieval-v3,sha256:5fc6a9a0d5ff5721954fad8f2855c204301e59ef0b28a91d8d9bdbaf48cb659b,4,bm25,TP003,temporal,True,False,10,9,3ecc27b9-634c-4026-b44e-e01123aa0467,3.9162402153015137,False,0.3401000030862633
transfusion-retrieval-v3,sha256:5fc6a9a0d5ff5721954fad8f2855c204301e59ef0b28a91d8d9bdbaf48cb659b,4,bm25,TP003,temporal,True,False,10,10,23c6ca0d-04bf-4081-b90a-9819029dcd73,3.50697922706604,False,0.3401000030862633
transfusion-retrieval-v3,sha256:5fc6a9a0d5ff5721954fad8f2855c204301e59ef0b28a91d8d9bdbaf48cb659b,4,bm25,TP004,temporal,True,False,1,1,63b53156-440d-40c1-bc88-5c07c23ae77f,8.07597541809082,True,0.33570000232430175
transfusion-retrieval-v3,sha256:5fc6a9a0d5ff5721954fad8f2855c204301e59ef0b28a91d8d9bdbaf48cb659b,4,bm25,TP004,temporal,True,False,3,1,63b53156-440d-40c1-bc88-5c07c23ae77f,8.07597541809082,True,0.33570000232430175
transfusion-retrieval-v3,sha256:5fc6a9a0d5ff5721954fad8f2855c204301e59ef0b28a91d8d9bdbaf48cb659b,4,bm25,TP004,temporal,True,False,3,2,f7a9837d-f8db-4461-abd8-a3607db2276f,4.295620918273926,False,0.33570000232430175
transfusion-retrieval-v3,sha256:5fc6a9a0d5ff5721954fad8f2855c204301e59ef0b28a91d8d9bdbaf48cb659b,4,bm25,TP004,temporal,True,False,3,3,23c6ca0d-04bf-4081-b90a-9819029dcd73,3.50697922706604,False,0.33570000232430175
transfusion-retrieval-v3,sha256:5fc6a9a0d5ff5721954fad8f2855c204301e59ef0b28a91d8d9bdbaf48cb659b,4,bm25,TP004,temporal,True,False,5,1,63b53156-440d-40c1-bc88-5c07c23ae77f,8.07597541809082,True,0.33570000232430175
transfusion-retrieval-v3,sha256:5fc6a9a0d5ff5721954fad8f2855c204301e59ef0b28a91d8d9bdbaf48cb659b,4,bm25,TP004,temporal,True,False,5,2,f7a9837d-f8db-4461-abd8-a3607db2276f,4.295620918273926,False,0.33570000232430175
transfusion-retrieval-v3,sha256:5fc6a9a0d5ff5721954fad8f2855c204301e59ef0b28a91d8d9bdbaf48cb659b,4,bm25,TP004,temporal,True,False,5,3,23c6ca0d-04bf-4081-b90a-9819029dcd73,3.50697922706604,False,0.33570000232430175
transfusion-retrieval-v3,sha256:5fc6a9a0d5ff5721954fad8f2855c204301e59ef0b28a91d8d9bdbaf48cb659b,4,bm25,TP004,temporal,True,False,5,4,c404e320-0bf2-4325-be92-7a0614f201ca,3.50697922706604,False,0.33570000232430175
transfusion-retrieval-v3,sha256:5fc6a9a0d5ff5721954fad8f2855c204301e59ef0b28a91d8d9bdbaf48cb659b,4,bm25,TP004,temporal,True,False,5,5,21efe016-3004-45f3-a070-29ce2ecb0019,2.6260993480682373,False,0.33570000232430175
transfusion-retrieval-v3,sha256:5fc6a9a0d5ff5721954fad8f2855c204301e59ef0b28a91d8d9bdbaf48cb659b,4,bm25,TP004,temporal,True,False,10,1,63b53156-440d-40c1-bc88-5c07c23ae77f,8.07597541809082,True,0.33570000232430175
transfusion-retrieval-v3,sha256:5fc6a9a0d5ff5721954fad8f2855c204301e59ef0b28a91d8d9bdbaf48cb659b,4,bm25,TP004,temporal,True,False,10,2,f7a9837d-f8db-4461-abd8-a3607db2276f,4.295620918273926,False,0.33570000232430175
transfusion-retrieval-v3,sha256:5fc6a9a0d5ff5721954fad8f2855c204301e59ef0b28a91d8d9bdbaf48cb659b,4,bm25,TP004,temporal,True,False,10,3,23c6ca0d-04bf-4081-b90a-9819029dcd73,3.50697922706604,False,0.33570000232430175
transfusion-retrieval-v3,sha256:5fc6a9a0d5ff5721954fad8f2855c204301e59ef0b28a91d8d9bdbaf48cb659b,4,bm25,TP004,temporal,True,False,10,4,c404e320-0bf2-4325-be92-7a0614f201ca,3.50697922706604,False,0.33570000232430175
transfusion-retrieval-v3,sha256:5fc6a9a0d5ff5721954fad8f2855c204301e59ef0b28a91d8d9bdbaf48cb659b,4,bm25,TP004,temporal,True,False,10,5,21efe016-3004-45f3-a070-29ce2ecb0019,2.6260993480682373,False,0.33570000232430175
transfusion-retrieval-v3,sha256:5fc6a9a0d5ff5721954fad8f2855c204301e59ef0b28a91d8d9bdbaf48cb659b,4,bm25,TP004,temporal,True,False,10,6,71d2e37c-44e2-4972-8e6b-a6449c2f8404,1.058933973312378,True,0.33570000232430175
transfusion-retrieval-v3,sha256:5fc6a9a0d5ff5721954fad8f2855c204301e59ef0b28a91d8d9bdbaf48cb659b,4,bm25,TP004,temporal,True,False,10,7,a7cf71a5-8426-4d7c-8106-e0754e7cb4bf,0.7901211380958557,False,0.33570000232430175
transfusion-retrieval-v3,sha256:5fc6a9a0d5ff5721954fad8f2855c204301e59ef0b28a91d8d9bdbaf48cb659b,4,bm25,TP004,temporal,True,False,10,8,ffcf7308-6e83-47bc-a519-0b4b7ba44562,0.7786510586738586,False,0.33570000232430175
transfusion-retrieval-v3,sha256:5fc6a9a0d5ff5721954fad8f2855c204301e59ef0b28a91d8d9bdbaf48cb659b,4,bm25,TP004,temporal,True,False,10,9,15e829a9-a475-429d-b0e3-5c34bfbd3ab7,0.6971055865287781,False,0.33570000232430175
transfusion-retrieval-v3,sha256:5fc6a9a0d5ff5721954fad8f2855c204301e59ef0b28a91d8d9bdbaf48cb659b,4,bm25,TP004,temporal,True,False,10,10,b66e5419-8a9c-47f4-866d-ebdb95b174b2,0.6754313707351685,False,0.33570000232430175
transfusion-retrieval-v3,sha256:5fc6a9a0d5ff5721954fad8f2855c204301e59ef0b28a91d8d9bdbaf48cb659b,4,bm25,TP005,temporal,True,False,1,1,da79aa00-567d-434c-8441-915ac080f918,8.468080520629883,True,0.3507000001263805
transfusion-retrieval-v3,sha256:5fc6a9a0d5ff5721954fad8f2855c204301e59ef0b28a91d8d9bdbaf48cb659b,4,bm25,TP005,temporal,True,False,3,1,da79aa00-567d-434c-8441-915ac080f918,8.468080520629883,True,0.3507000001263805
transfusion-retrieval-v3,sha256:5fc6a9a0d5ff5721954fad8f2855c204301e59ef0b28a91d8d9bdbaf48cb659b,4,bm25,TP005,temporal,True,False,3,2,ba3d1d87-0c2d-4b67-a0c2-4615c8249c2a,5.760707378387451,False,0.3507000001263805
transfusion-retrieval-v3,sha256:5fc6a9a0d5ff5721954fad8f2855c204301e59ef0b28a91d8d9bdbaf48cb659b,4,bm25,TP005,temporal,True,False,3,3,0f6b0fc1-9d70-479f-a87d-a26e954e2adb,5.537386417388916,False,0.3507000001263805
transfusion-retrieval-v3,sha256:5fc6a9a0d5ff5721954fad8f2855c204301e59ef0b28a91d8d9bdbaf48cb659b,4,bm25,TP005,temporal,True,False,5,1,da79aa00-567d-434c-8441-915ac080f918,8.468080520629883,True,0.3507000001263805
transfusion-retrieval-v3,sha256:5fc6a9a0d5ff5721954fad8f2855c204301e59ef0b28a91d8d9bdbaf48cb659b,4,bm25,TP005,temporal,True,False,5,2,ba3d1d87-0c2d-4b67-a0c2-4615c8249c2a,5.760707378387451,False,0.3507000001263805
transfusion-retrieval-v3,sha256:5fc6a9a0d5ff5721954fad8f2855c204301e59ef0b28a91d8d9bdbaf48cb659b,4,bm25,TP005,temporal,True,False,5,3,0f6b0fc1-9d70-479f-a87d-a26e954e2adb,5.537386417388916,False,0.3507000001263805
transfusion-retrieval-v3,sha256:5fc6a9a0d5ff5721954fad8f2855c204301e59ef0b28a91d8d9bdbaf48cb659b,4,bm25,TP005,temporal,True,False,5,4,54fdf811-dedd-4016-b144-3e4bfdcd67c8,4.545566082000732,False,0.3507000001263805
transfusion-retrieval-v3,sha256:5fc6a9a0d5ff5721954fad8f2855c204301e59ef0b28a91d8d9bdbaf48cb659b,4,bm25,TP005,temporal,True,False,5,5,e96acbc9-66b4-4df4-953b-3f7b0a846bbc,3.0434024333953857,False,0.3507000001263805
transfusion-retrieval-v3,sha256:5fc6a9a0d5ff5721954fad8f2855c204301e59ef0b28a91d8d9bdbaf48cb659b,4,bm25,TP005,temporal,True,False,10,1,da79aa00-567d-434c-8441-915ac080f918,8.468080520629883,True,0.3507000001263805
transfusion-retrieval-v3,sha256:5fc6a9a0d5ff5721954fad8f2855c204301e59ef0b28a91d8d9bdbaf48cb659b,4,bm25,TP005,temporal,True,False,10,2,ba3d1d87-0c2d-4b67-a0c2-4615c8249c2a,5.760707378387451,False,0.3507000001263805
transfusion-retrieval-v3,sha256:5fc6a9a0d5ff5721954fad8f2855c204301e59ef0b28a91d8d9bdbaf48cb659b,4,bm25,TP005,temporal,True,False,10,3,0f6b0fc1-9d70-479f-a87d-a26e954e2adb,5.537386417388916,False,0.3507000001263805
transfusion-retrieval-v3,sha256:5fc6a9a0d5ff5721954fad8f2855c204301e59ef0b28a91d8d9bdbaf48cb659b,4,bm25,TP005,temporal,True,False,10,4,54fdf811-dedd-4016-b144-3e4bfdcd67c8,4.545566082000732,False,0.3507000001263805
transfusion-retrieval-v3,sha256:5fc6a9a0d5ff5721954fad8f2855c204301e59ef0b28a91d8d9bdbaf48cb659b,4,bm25,TP005,temporal,True,False,10,5,e96acbc9-66b4-4df4-953b-3f7b0a846bbc,3.0434024333953857,False,0.3507000001263805
transfusion-retrieval-v3,sha256:5fc6a9a0d5ff5721954fad8f2855c204301e59ef0b28a91d8d9bdbaf48cb659b,4,bm25,TP005,temporal,True,False,10,6,c404e320-0bf2-4325-be92-7a0614f201ca,1.71193528175354,False,0.3507000001263805
transfusion-retrieval-v3,sha256:5fc6a9a0d5ff5721954fad8f2855c204301e59ef0b28a91d8d9bdbaf48cb659b,4,bm25,TP005,temporal,True,False,10,7,5de4d74d-720e-4d86-a836-f946d70a2d32,1.5024938583374023,False,0.3507000001263805
transfusion-retrieval-v3,sha256:5fc6a9a0d5ff5721954fad8f2855c204301e59ef0b28a91d8d9bdbaf48cb659b,4,bm25,TP005,temporal,True,False,10,8,8259ed27-8646-4502-a959-aab1e9f1770f,1.4493985176086426,False,0.3507000001263805
transfusion-retrieval-v3,sha256:5fc6a9a0d5ff5721954fad8f2855c204301e59ef0b28a91d8d9bdbaf48cb659b,4,bm25,TP005,temporal,True,False,10,9,9b6cc313-9a59-4387-a5ce-2ed14389a0a7,1.36068856716156,False,0.3507000001263805
transfusion-retrieval-v3,sha256:5fc6a9a0d5ff5721954fad8f2855c204301e59ef0b28a91d8d9bdbaf48cb659b,4,bm25,TP005,temporal,True,False,10,10,b10b8f1c-ed17-44ca-8d7c-1a4f19a12c67,1.046776294708252,False,0.3507000001263805
transfusion-retrieval-v3,sha256:5fc6a9a0d5ff5721954fad8f2855c204301e59ef0b28a91d8d9bdbaf48cb659b,4,bm25,TP006,product_specific,True,False,1,1,e96acbc9-66b4-4df4-953b-3f7b0a846bbc,13.520915985107422,True,0.3795000011450611
transfusion-retrieval-v3,sha256:5fc6a9a0d5ff5721954fad8f2855c204301e59ef0b28a91d8d9bdbaf48cb659b,4,bm25,TP006,product_specific,True,False,3,1,e96acbc9-66b4-4df4-953b-3f7b0a846bbc,13.520915985107422,True,0.3795000011450611
transfusion-retrieval-v3,sha256:5fc6a9a0d5ff5721954fad8f2855c204301e59ef0b28a91d8d9bdbaf48cb659b,4,bm25,TP006,product_specific,True,False,3,2,9131e9a9-eff3-4f4e-a20b-4bdd456c35bc,7.23956823348999,False,0.3795000011450611
transfusion-retrieval-v3,sha256:5fc6a9a0d5ff5721954fad8f2855c204301e59ef0b28a91d8d9bdbaf48cb659b,4,bm25,TP006,product_specific,True,False,3,3,54fdf811-dedd-4016-b144-3e4bfdcd67c8,6.474274635314941,False,0.3795000011450611
transfusion-retrieval-v3,sha256:5fc6a9a0d5ff5721954fad8f2855c204301e59ef0b28a91d8d9bdbaf48cb659b,4,bm25,TP006,product_specific,True,False,5,1,e96acbc9-66b4-4df4-953b-3f7b0a846bbc,13.520915985107422,True,0.3795000011450611
transfusion-retrieval-v3,sha256:5fc6a9a0d5ff5721954fad8f2855c204301e59ef0b28a91d8d9bdbaf48cb659b,4,bm25,TP006,product_specific,True,False,5,2,9131e9a9-eff3-4f4e-a20b-4bdd456c35bc,7.23956823348999,False,0.3795000011450611
transfusion-retrieval-v3,sha256:5fc6a9a0d5ff5721954fad8f2855c204301e59ef0b28a91d8d9bdbaf48cb659b,4,bm25,TP006,product_specific,True,False,5,3,54fdf811-dedd-4016-b144-3e4bfdcd67c8,6.474274635314941,False,0.3795000011450611
transfusion-retrieval-v3,sha256:5fc6a9a0d5ff5721954fad8f2855c204301e59ef0b28a91d8d9bdbaf48cb659b,4,bm25,TP006,product_specific,True,False,5,4,d4c1a9ca-23c5-4ae0-9a51-c56675b2e6d1,5.540075778961182,False,0.3795000011450611
transfusion-retrieval-v3,sha256:5fc6a9a0d5ff5721954fad8f2855c204301e59ef0b28a91d8d9bdbaf48cb659b,4,bm25,TP006,product_specific,True,False,5,5,e62b0c91-ff0c-43b2-9bd5-ff173d9f8bc0,4.853871822357178,False,0.3795000011450611
transfusion-retrieval-v3,sha256:5fc6a9a0d5ff5721954fad8f2855c204301e59ef0b28a91d8d9bdbaf48cb659b,4,bm25,TP006,product_specific,True,False,10,1,e96acbc9-66b4-4df4-953b-3f7b0a846bbc,13.520915985107422,True,0.3795000011450611
transfusion-retrieval-v3,sha256:5fc6a9a0d5ff5721954fad8f2855c204301e59ef0b28a91d8d9bdbaf48cb659b,4,bm25,TP006,product_specific,True,False,10,2,9131e9a9-eff3-4f4e-a20b-4bdd456c35bc,7.23956823348999,False,0.3795000011450611
transfusion-retrieval-v3,sha256:5fc6a9a0d5ff5721954fad8f2855c204301e59ef0b28a91d8d9bdbaf48cb659b,4,bm25,TP006,product_specific,True,False,10,3,54fdf811-dedd-4016-b144-3e4bfdcd67c8,6.474274635314941,False,0.3795000011450611
transfusion-retrieval-v3,sha256:5fc6a9a0d5ff5721954fad8f2855c204301e59ef0b28a91d8d9bdbaf48cb659b,4,bm25,TP006,product_specific,True,False,10,4,d4c1a9ca-23c5-4ae0-9a51-c56675b2e6d1,5.540075778961182,False,0.3795000011450611
transfusion-retrieval-v3,sha256:5fc6a9a0d5ff5721954fad8f2855c204301e59ef0b28a91d8d9bdbaf48cb659b,4,bm25,TP006,product_specific,True,False,10,5,e62b0c91-ff0c-43b2-9bd5-ff173d9f8bc0,4.853871822357178,False,0.3795000011450611
transfusion-retrieval-v3,sha256:5fc6a9a0d5ff5721954fad8f2855c204301e59ef0b28a91d8d9bdbaf48cb659b,4,bm25,TP006,product_specific,True,False,10,6,73735f01-c9d0-4dd5-8d46-c70045e4b334,4.753548622131348,False,0.3795000011450611
transfusion-retrieval-v3,sha256:5fc6a9a0d5ff5721954fad8f2855c204301e59ef0b28a91d8d9bdbaf48cb659b,4,bm25,TP006,product_specific,True,False,10,7,7c33fbb7-e931-4f6b-9520-23875ec9ee5b,4.394296646118164,False,0.3795000011450611
transfusion-retrieval-v3,sha256:5fc6a9a0d5ff5721954fad8f2855c204301e59ef0b28a91d8d9bdbaf48cb659b,4,bm25,TP006,product_specific,True,False,10,8,324bc249-0e84-46e9-b77f-856c76cd5353,3.799816370010376,False,0.3795000011450611
transfusion-retrieval-v3,sha256:5fc6a9a0d5ff5721954fad8f2855c204301e59ef0b28a91d8d9bdbaf48cb659b,4,bm25,TP006,product_specific,True,False,10,9,48b9789d-5088-4ba1-a82a-be3a6396ce85,3.434281349182129,False,0.3795000011450611
transfusion-retrieval-v3,sha256:5fc6a9a0d5ff5721954fad8f2855c204301e59ef0b28a91d8d9bdbaf48cb659b,4,bm25,TP006,product_specific,True,False,10,10,3abbb958-eafe-4ffe-bcfc-dafa7349c15c,3.0214383602142334,False,0.3795000011450611
transfusion-retrieval-v3,sha256:5fc6a9a0d5ff5721954fad8f2855c204301e59ef0b28a91d8d9bdbaf48cb659b,4,bm25,TP007,product_specific,True,False,1,1,e62b0c91-ff0c-43b2-9bd5-ff173d9f8bc0,10.254488945007324,False,0.43260000165901147
transfusion-retrieval-v3,sha256:5fc6a9a0d5ff5721954fad8f2855c204301e59ef0b28a91d8d9bdbaf48cb659b,4,bm25,TP007,product_specific,True,False,3,1,e62b0c91-ff0c-43b2-9bd5-ff173d9f8bc0,10.254488945007324,False,0.43260000165901147
transfusion-retrieval-v3,sha256:5fc6a9a0d5ff5721954fad8f2855c204301e59ef0b28a91d8d9bdbaf48cb659b,4,bm25,TP007,product_specific,True,False,3,2,7c33fbb7-e931-4f6b-9520-23875ec9ee5b,9.132205963134766,False,0.43260000165901147
transfusion-retrieval-v3,sha256:5fc6a9a0d5ff5721954fad8f2855c204301e59ef0b28a91d8d9bdbaf48cb659b,4,bm25,TP007,product_specific,True,False,3,3,4c0dde2a-0432-4cb2-ad33-987f5979ff76,7.469037055969238,False,0.43260000165901147
transfusion-retrieval-v3,sha256:5fc6a9a0d5ff5721954fad8f2855c204301e59ef0b28a91d8d9bdbaf48cb659b,4,bm25,TP007,product_specific,True,False,5,1,e62b0c91-ff0c-43b2-9bd5-ff173d9f8bc0,10.254488945007324,False,0.43260000165901147
transfusion-retrieval-v3,sha256:5fc6a9a0d5ff5721954fad8f2855c204301e59ef0b28a91d8d9bdbaf48cb659b,4,bm25,TP007,product_specific,True,False,5,2,7c33fbb7-e931-4f6b-9520-23875ec9ee5b,9.132205963134766,False,0.43260000165901147
transfusion-retrieval-v3,sha256:5fc6a9a0d5ff5721954fad8f2855c204301e59ef0b28a91d8d9bdbaf48cb659b,4,bm25,TP007,product_specific,True,False,5,3,4c0dde2a-0432-4cb2-ad33-987f5979ff76,7.469037055969238,False,0.43260000165901147
transfusion-retrieval-v3,sha256:5fc6a9a0d5ff5721954fad8f2855c204301e59ef0b28a91d8d9bdbaf48cb659b,4,bm25,TP007,product_specific,True,False,5,4,e96acbc9-66b4-4df4-953b-3f7b0a846bbc,7.376331806182861,False,0.43260000165901147
transfusion-retrieval-v3,sha256:5fc6a9a0d5ff5721954fad8f2855c204301e59ef0b28a91d8d9bdbaf48cb659b,4,bm25,TP007,product_specific,True,False,5,5,3ecc27b9-634c-4026-b44e-e01123aa0467,6.703591346740723,False,0.43260000165901147
transfusion-retrieval-v3,sha256:5fc6a9a0d5ff5721954fad8f2855c204301e59ef0b28a91d8d9bdbaf48cb659b,4,bm25,TP007,product_specific,True,False,10,1,e62b0c91-ff0c-43b2-9bd5-ff173d9f8bc0,10.254488945007324,False,0.43260000165901147
transfusion-retrieval-v3,sha256:5fc6a9a0d5ff5721954fad8f2855c204301e59ef0b28a91d8d9bdbaf48cb659b,4,bm25,TP007,product_specific,True,False,10,2,7c33fbb7-e931-4f6b-9520-23875ec9ee5b,9.132205963134766,False,0.43260000165901147
transfusion-retrieval-v3,sha256:5fc6a9a0d5ff5721954fad8f2855c204301e59ef0b28a91d8d9bdbaf48cb659b,4,bm25,TP007,product_specific,True,False,10,3,4c0dde2a-0432-4cb2-ad33-987f5979ff76,7.469037055969238,False,0.43260000165901147
transfusion-retrieval-v3,sha256:5fc6a9a0d5ff5721954fad8f2855c204301e59ef0b28a91d8d9bdbaf48cb659b,4,bm25,TP007,product_specific,True,False,10,4,e96acbc9-66b4-4df4-953b-3f7b0a846bbc,7.376331806182861,False,0.43260000165901147
transfusion-retrieval-v3,sha256:5fc6a9a0d5ff5721954fad8f2855c204301e59ef0b28a91d8d9bdbaf48cb659b,4,bm25,TP007,product_specific,True,False,10,5,3ecc27b9-634c-4026-b44e-e01123aa0467,6.703591346740723,False,0.43260000165901147
transfusion-retrieval-v3,sha256:5fc6a9a0d5ff5721954fad8f2855c204301e59ef0b28a91d8d9bdbaf48cb659b,4,bm25,TP007,product_specific,True,False,10,6,7abe62fa-6fdb-4466-a16b-73e1770f0c57,5.7803955078125,False,0.43260000165901147
transfusion-retrieval-v3,sha256:5fc6a9a0d5ff5721954fad8f2855c204301e59ef0b28a91d8d9bdbaf48cb659b,4,bm25,TP007,product_specific,True,False,10,7,9131e9a9-eff3-4f4e-a20b-4bdd456c35bc,5.747225761413574,False,0.43260000165901147
transfusion-retrieval-v3,sha256:5fc6a9a0d5ff5721954fad8f2855c204301e59ef0b28a91d8d9bdbaf48cb659b,4,bm25,TP007,product_specific,True,False,10,8,f9cfc75b-a5e7-4633-a798-4b17ea462325,5.744748115539551,False,0.43260000165901147
transfusion-retrieval-v3,sha256:5fc6a9a0d5ff5721954fad8f2855c204301e59ef0b28a91d8d9bdbaf48cb659b,4,bm25,TP007,product_specific,True,False,10,9,df699ccc-6f51-4281-b4a4-f3d2a20631e0,4.723957061767578,False,0.43260000165901147
transfusion-retrieval-v3,sha256:5fc6a9a0d5ff5721954fad8f2855c204301e59ef0b28a91d8d9bdbaf48cb659b,4,bm25,TP007,product_specific,True,False,10,10,54fdf811-dedd-4016-b144-3e4bfdcd67c8,4.067595481872559,False,0.43260000165901147
transfusion-retrieval-v3,sha256:5fc6a9a0d5ff5721954fad8f2855c204301e59ef0b28a91d8d9bdbaf48cb659b,4,bm25,TP008,product_specific,True,False,1,1,df699ccc-6f51-4281-b4a4-f3d2a20631e0,6.729312896728516,False,0.361700000212295
transfusion-retrieval-v3,sha256:5fc6a9a0d5ff5721954fad8f2855c204301e59ef0b28a91d8d9bdbaf48cb659b,4,bm25,TP008,product_specific,True,False,3,1,df699ccc-6f51-4281-b4a4-f3d2a20631e0,6.729312896728516,False,0.361700000212295
transfusion-retrieval-v3,sha256:5fc6a9a0d5ff5721954fad8f2855c204301e59ef0b28a91d8d9bdbaf48cb659b,4,bm25,TP008,product_specific,True,False,3,2,7c33fbb7-e931-4f6b-9520-23875ec9ee5b,5.272154808044434,False,0.361700000212295
transfusion-retrieval-v3,sha256:5fc6a9a0d5ff5721954fad8f2855c204301e59ef0b28a91d8d9bdbaf48cb659b,4,bm25,TP008,product_specific,True,False,3,3,a3d42ca5-54b5-4b8d-be4e-79337aaab880,5.092217922210693,False,0.361700000212295
transfusion-retrieval-v3,sha256:5fc6a9a0d5ff5721954fad8f2855c204301e59ef0b28a91d8d9bdbaf48cb659b,4,bm25,TP008,product_specific,True,False,5,1,df699ccc-6f51-4281-b4a4-f3d2a20631e0,6.729312896728516,False,0.361700000212295
transfusion-retrieval-v3,sha256:5fc6a9a0d5ff5721954fad8f2855c204301e59ef0b28a91d8d9bdbaf48cb659b,4,bm25,TP008,product_specific,True,False,5,2,7c33fbb7-e931-4f6b-9520-23875ec9ee5b,5.272154808044434,False,0.361700000212295
transfusion-retrieval-v3,sha256:5fc6a9a0d5ff5721954fad8f2855c204301e59ef0b28a91d8d9bdbaf48cb659b,4,bm25,TP008,product_specific,True,False,5,3,a3d42ca5-54b5-4b8d-be4e-79337aaab880,5.092217922210693,False,0.361700000212295
transfusion-retrieval-v3,sha256:5fc6a9a0d5ff5721954fad8f2855c204301e59ef0b28a91d8d9bdbaf48cb659b,4,bm25,TP008,product_specific,True,False,5,4,e62b0c91-ff0c-43b2-9bd5-ff173d9f8bc0,5.087080955505371,False,0.361700000212295
transfusion-retrieval-v3,sha256:5fc6a9a0d5ff5721954fad8f2855c204301e59ef0b28a91d8d9bdbaf48cb659b,4,bm25,TP008,product_specific,True,False,5,5,09f3c6d5-9e0c-4545-960f-b16c69abbeb1,4.50029993057251,False,0.361700000212295
transfusion-retrieval-v3,sha256:5fc6a9a0d5ff5721954fad8f2855c204301e59ef0b28a91d8d9bdbaf48cb659b,4,bm25,TP008,product_specific,True,False,10,1,df699ccc-6f51-4281-b4a4-f3d2a20631e0,6.729312896728516,False,0.361700000212295
transfusion-retrieval-v3,sha256:5fc6a9a0d5ff5721954fad8f2855c204301e59ef0b28a91d8d9bdbaf48cb659b,4,bm25,TP008,product_specific,True,False,10,2,7c33fbb7-e931-4f6b-9520-23875ec9ee5b,5.272154808044434,False,0.361700000212295
transfusion-retrieval-v3,sha256:5fc6a9a0d5ff5721954fad8f2855c204301e59ef0b28a91d8d9bdbaf48cb659b,4,bm25,TP008,product_specific,True,False,10,3,a3d42ca5-54b5-4b8d-be4e-79337aaab880,5.092217922210693,False,0.361700000212295
transfusion-retrieval-v3,sha256:5fc6a9a0d5ff5721954fad8f2855c204301e59ef0b28a91d8d9bdbaf48cb659b,4,bm25,TP008,product_specific,True,False,10,4,e62b0c91-ff0c-43b2-9bd5-ff173d9f8bc0,5.087080955505371,False,0.361700000212295
transfusion-retrieval-v3,sha256:5fc6a9a0d5ff5721954fad8f2855c204301e59ef0b28a91d8d9bdbaf48cb659b,4,bm25,TP008,product_specific,True,False,10,5,09f3c6d5-9e0c-4545-960f-b16c69abbeb1,4.50029993057251,False,0.361700000212295
transfusion-retrieval-v3,sha256:5fc6a9a0d5ff5721954fad8f2855c204301e59ef0b28a91d8d9bdbaf48cb659b,4,bm25,TP008,product_specific,True,False,10,6,9131e9a9-eff3-4f4e-a20b-4bdd456c35bc,3.660259962081909,True,0.361700000212295
transfusion-retrieval-v3,sha256:5fc6a9a0d5ff5721954fad8f2855c204301e59ef0b28a91d8d9bdbaf48cb659b,4,bm25,TP008,product_specific,True,False,10,7,4c0dde2a-0432-4cb2-ad33-987f5979ff76,3.5203280448913574,False,0.361700000212295
transfusion-retrieval-v3,sha256:5fc6a9a0d5ff5721954fad8f2855c204301e59ef0b28a91d8d9bdbaf48cb659b,4,bm25,TP008,product_specific,True,False,10,8,3ecc27b9-634c-4026-b44e-e01123aa0467,3.278834104537964,False,0.361700000212295
transfusion-retrieval-v3,sha256:5fc6a9a0d5ff5721954fad8f2855c204301e59ef0b28a91d8d9bdbaf48cb659b,4,bm25,TP008,product_specific,True,False,10,9,fd678588-5ac2-400d-95c5-3309537781ec,3.265038013458252,False,0.361700000212295
transfusion-retrieval-v3,sha256:5fc6a9a0d5ff5721954fad8f2855c204301e59ef0b28a91d8d9bdbaf48cb659b,4,bm25,TP008,product_specific,True,False,10,10,54fdf811-dedd-4016-b144-3e4bfdcd67c8,0.8447748422622681,True,0.361700000212295
transfusion-retrieval-v3,sha256:5fc6a9a0d5ff5721954fad8f2855c204301e59ef0b28a91d8d9bdbaf48cb659b,4,bm25,TP009,product_specific,True,False,1,1,2cea4ea7-7aaf-4c54-ac4e-b660de52065d,12.369556427001953,False,0.33209999673999846
transfusion-retrieval-v3,sha256:5fc6a9a0d5ff5721954fad8f2855c204301e59ef0b28a91d8d9bdbaf48cb659b,4,bm25,TP009,product_specific,True,False,3,1,2cea4ea7-7aaf-4c54-ac4e-b660de52065d,12.369556427001953,False,0.33209999673999846
transfusion-retrieval-v3,sha256:5fc6a9a0d5ff5721954fad8f2855c204301e59ef0b28a91d8d9bdbaf48cb659b,4,bm25,TP009,product_specific,True,False,3,2,21efe016-3004-45f3-a070-29ce2ecb0019,11.879400253295898,False,0.33209999673999846
transfusion-retrieval-v3,sha256:5fc6a9a0d5ff5721954fad8f2855c204301e59ef0b28a91d8d9bdbaf48cb659b,4,bm25,TP009,product_specific,True,False,3,3,b66e5419-8a9c-47f4-866d-ebdb95b174b2,10.143758773803711,False,0.33209999673999846
transfusion-retrieval-v3,sha256:5fc6a9a0d5ff5721954fad8f2855c204301e59ef0b28a91d8d9bdbaf48cb659b,4,bm25,TP009,product_specific,True,False,5,1,2cea4ea7-7aaf-4c54-ac4e-b660de52065d,12.369556427001953,False,0.33209999673999846
transfusion-retrieval-v3,sha256:5fc6a9a0d5ff5721954fad8f2855c204301e59ef0b28a91d8d9bdbaf48cb659b,4,bm25,TP009,product_specific,True,False,5,2,21efe016-3004-45f3-a070-29ce2ecb0019,11.879400253295898,False,0.33209999673999846
transfusion-retrieval-v3,sha256:5fc6a9a0d5ff5721954fad8f2855c204301e59ef0b28a91d8d9bdbaf48cb659b,4,bm25,TP009,product_specific,True,False,5,3,b66e5419-8a9c-47f4-866d-ebdb95b174b2,10.143758773803711,False,0.33209999673999846
transfusion-retrieval-v3,sha256:5fc6a9a0d5ff5721954fad8f2855c204301e59ef0b28a91d8d9bdbaf48cb659b,4,bm25,TP009,product_specific,True,False,5,4,bc88f538-e881-4c81-85e9-fca20614315d,7.267629623413086,True,0.33209999673999846
transfusion-retrieval-v3,sha256:5fc6a9a0d5ff5721954fad8f2855c204301e59ef0b28a91d8d9bdbaf48cb659b,4,bm25,TP009,product_specific,True,False,5,5,59d57c8a-c9d7-4f8d-b9a1-a2816f1f01f7,4.848947525024414,False,0.33209999673999846
transfusion-retrieval-v3,sha256:5fc6a9a0d5ff5721954fad8f2855c204301e59ef0b28a91d8d9bdbaf48cb659b,4,bm25,TP009,product_specific,True,False,10,1,2cea4ea7-7aaf-4c54-ac4e-b660de52065d,12.369556427001953,False,0.33209999673999846
transfusion-retrieval-v3,sha256:5fc6a9a0d5ff5721954fad8f2855c204301e59ef0b28a91d8d9bdbaf48cb659b,4,bm25,TP009,product_specific,True,False,10,2,21efe016-3004-45f3-a070-29ce2ecb0019,11.879400253295898,False,0.33209999673999846
transfusion-retrieval-v3,sha256:5fc6a9a0d5ff5721954fad8f2855c204301e59ef0b28a91d8d9bdbaf48cb659b,4,bm25,TP009,product_specific,True,False,10,3,b66e5419-8a9c-47f4-866d-ebdb95b174b2,10.143758773803711,False,0.33209999673999846
transfusion-retrieval-v3,sha256:5fc6a9a0d5ff5721954fad8f2855c204301e59ef0b28a91d8d9bdbaf48cb659b,4,bm25,TP009,product_specific,True,False,10,4,bc88f538-e881-4c81-85e9-fca20614315d,7.267629623413086,True,0.33209999673999846
transfusion-retrieval-v3,sha256:5fc6a9a0d5ff5721954fad8f2855c204301e59ef0b28a91d8d9bdbaf48cb659b,4,bm25,TP009,product_specific,True,False,10,5,59d57c8a-c9d7-4f8d-b9a1-a2816f1f01f7,4.848947525024414,False,0.33209999673999846
transfusion-retrieval-v3,sha256:5fc6a9a0d5ff5721954fad8f2855c204301e59ef0b28a91d8d9bdbaf48cb659b,4,bm25,TP009,product_specific,True,False,10,6,0a4f11c7-39e8-41fe-bd14-48456671f531,3.344679832458496,False,0.33209999673999846
transfusion-retrieval-v3,sha256:5fc6a9a0d5ff5721954fad8f2855c204301e59ef0b28a91d8d9bdbaf48cb659b,4,bm25,TP009,product_specific,True,False,10,7,4c0dde2a-0432-4cb2-ad33-987f5979ff76,2.5322296619415283,False,0.33209999673999846
transfusion-retrieval-v3,sha256:5fc6a9a0d5ff5721954fad8f2855c204301e59ef0b28a91d8d9bdbaf48cb659b,4,bm25,TP009,product_specific,True,False,10,8,22e6c188-2e4c-4029-b200-7770a3f00e6e,0.9576684236526489,False,0.33209999673999846
transfusion-retrieval-v3,sha256:5fc6a9a0d5ff5721954fad8f2855c204301e59ef0b28a91d8d9bdbaf48cb659b,4,bm25,TP009,product_specific,True,False,10,9,6ffcd319-e868-444b-b6fe-8d192a4de3ff,0.937113344669342,False,0.33209999673999846
transfusion-retrieval-v3,sha256:5fc6a9a0d5ff5721954fad8f2855c204301e59ef0b28a91d8d9bdbaf48cb659b,4,bm25,TP009,product_specific,True,False,10,10,a3d42ca5-54b5-4b8d-be4e-79337aaab880,0.8593719601631165,False,0.33209999673999846
transfusion-retrieval-v3,sha256:5fc6a9a0d5ff5721954fad8f2855c204301e59ef0b28a91d8d9bdbaf48cb659b,4,bm25,TP010,product_specific,True,False,1,1,2cea4ea7-7aaf-4c54-ac4e-b660de52065d,13.960373878479004,False,2.0810999994864687
transfusion-retrieval-v3,sha256:5fc6a9a0d5ff5721954fad8f2855c204301e59ef0b28a91d8d9bdbaf48cb659b,4,bm25,TP010,product_specific,True,False,3,1,2cea4ea7-7aaf-4c54-ac4e-b660de52065d,13.960373878479004,False,2.0810999994864687
transfusion-retrieval-v3,sha256:5fc6a9a0d5ff5721954fad8f2855c204301e59ef0b28a91d8d9bdbaf48cb659b,4,bm25,TP010,product_specific,True,False,3,2,21efe016-3004-45f3-a070-29ce2ecb0019,12.336328506469727,False,2.0810999994864687
transfusion-retrieval-v3,sha256:5fc6a9a0d5ff5721954fad8f2855c204301e59ef0b28a91d8d9bdbaf48cb659b,4,bm25,TP010,product_specific,True,False,3,3,b66e5419-8a9c-47f4-866d-ebdb95b174b2,6.799587726593018,True,2.0810999994864687
transfusion-retrieval-v3,sha256:5fc6a9a0d5ff5721954fad8f2855c204301e59ef0b28a91d8d9bdbaf48cb659b,4,bm25,TP010,product_specific,True,False,5,1,2cea4ea7-7aaf-4c54-ac4e-b660de52065d,13.960373878479004,False,2.0810999994864687
transfusion-retrieval-v3,sha256:5fc6a9a0d5ff5721954fad8f2855c204301e59ef0b28a91d8d9bdbaf48cb659b,4,bm25,TP010,product_specific,True,False,5,2,21efe016-3004-45f3-a070-29ce2ecb0019,12.336328506469727,False,2.0810999994864687
transfusion-retrieval-v3,sha256:5fc6a9a0d5ff5721954fad8f2855c204301e59ef0b28a91d8d9bdbaf48cb659b,4,bm25,TP010,product_specific,True,False,5,3,b66e5419-8a9c-47f4-866d-ebdb95b174b2,6.799587726593018,True,2.0810999994864687
transfusion-retrieval-v3,sha256:5fc6a9a0d5ff5721954fad8f2855c204301e59ef0b28a91d8d9bdbaf48cb659b,4,bm25,TP010,product_specific,True,False,5,4,9b6cc313-9a59-4387-a5ce-2ed14389a0a7,4.617155075073242,False,2.0810999994864687
transfusion-retrieval-v3,sha256:5fc6a9a0d5ff5721954fad8f2855c204301e59ef0b28a91d8d9bdbaf48cb659b,4,bm25,TP010,product_specific,True,False,5,5,5de4d74d-720e-4d86-a836-f946d70a2d32,4.422725200653076,False,2.0810999994864687
transfusion-retrieval-v3,sha256:5fc6a9a0d5ff5721954fad8f2855c204301e59ef0b28a91d8d9bdbaf48cb659b,4,bm25,TP010,product_specific,True,False,10,1,2cea4ea7-7aaf-4c54-ac4e-b660de52065d,13.960373878479004,False,2.0810999994864687
transfusion-retrieval-v3,sha256:5fc6a9a0d5ff5721954fad8f2855c204301e59ef0b28a91d8d9bdbaf48cb659b,4,bm25,TP010,product_specific,True,False,10,2,21efe016-3004-45f3-a070-29ce2ecb0019,12.336328506469727,False,2.0810999994864687
transfusion-retrieval-v3,sha256:5fc6a9a0d5ff5721954fad8f2855c204301e59ef0b28a91d8d9bdbaf48cb659b,4,bm25,TP010,product_specific,True,False,10,3,b66e5419-8a9c-47f4-866d-ebdb95b174b2,6.799587726593018,True,2.0810999994864687
transfusion-retrieval-v3,sha256:5fc6a9a0d5ff5721954fad8f2855c204301e59ef0b28a91d8d9bdbaf48cb659b,4,bm25,TP010,product_specific,True,False,10,4,9b6cc313-9a59-4387-a5ce-2ed14389a0a7,4.617155075073242,False,2.0810999994864687
transfusion-retrieval-v3,sha256:5fc6a9a0d5ff5721954fad8f2855c204301e59ef0b28a91d8d9bdbaf48cb659b,4,bm25,TP010,product_specific,True,False,10,5,5de4d74d-720e-4d86-a836-f946d70a2d32,4.422725200653076,False,2.0810999994864687
transfusion-retrieval-v3,sha256:5fc6a9a0d5ff5721954fad8f2855c204301e59ef0b28a91d8d9bdbaf48cb659b,4,bm25,TP010,product_specific,True,False,10,6,bc88f538-e881-4c81-85e9-fca20614315d,4.358898639678955,False,2.0810999994864687
transfusion-retrieval-v3,sha256:5fc6a9a0d5ff5721954fad8f2855c204301e59ef0b28a91d8d9bdbaf48cb659b,4,bm25,TP010,product_specific,True,False,10,7,4c0dde2a-0432-4cb2-ad33-987f5979ff76,3.1096293926239014,False,2.0810999994864687
transfusion-retrieval-v3,sha256:5fc6a9a0d5ff5721954fad8f2855c204301e59ef0b28a91d8d9bdbaf48cb659b,4,bm25,TP010,product_specific,True,False,10,8,fbf62ef9-25b7-437c-98d8-c4934fba0fe6,1.1337631940841675,False,2.0810999994864687
transfusion-retrieval-v3,sha256:5fc6a9a0d5ff5721954fad8f2855c204301e59ef0b28a91d8d9bdbaf48cb659b,4,bm25,TP010,product_specific,True,False,10,9,22e6c188-2e4c-4029-b200-7770a3f00e6e,1.1185088157653809,False,2.0810999994864687
transfusion-retrieval-v3,sha256:5fc6a9a0d5ff5721954fad8f2855c204301e59ef0b28a91d8d9bdbaf48cb659b,4,bm25,TP010,product_specific,True,False,10,10,3abbb958-eafe-4ffe-bcfc-dafa7349c15c,1.0435376167297363,False,2.0810999994864687
transfusion-retrieval-v3,sha256:5fc6a9a0d5ff5721954fad8f2855c204301e59ef0b28a91d8d9bdbaf48cb659b,4,bm25,TP011,temporal,True,False,1,1,b66e5419-8a9c-47f4-866d-ebdb95b174b2,6.226665496826172,True,0.2817999993567355
transfusion-retrieval-v3,sha256:5fc6a9a0d5ff5721954fad8f2855c204301e59ef0b28a91d8d9bdbaf48cb659b,4,bm25,TP011,temporal,True,False,3,1,b66e5419-8a9c-47f4-866d-ebdb95b174b2,6.226665496826172,True,0.2817999993567355
transfusion-retrieval-v3,sha256:5fc6a9a0d5ff5721954fad8f2855c204301e59ef0b28a91d8d9bdbaf48cb659b,4,bm25,TP011,temporal,True,False,3,2,23c6ca0d-04bf-4081-b90a-9819029dcd73,4.8180952072143555,False,0.2817999993567355
transfusion-retrieval-v3,sha256:5fc6a9a0d5ff5721954fad8f2855c204301e59ef0b28a91d8d9bdbaf48cb659b,4,bm25,TP011,temporal,True,False,3,3,c404e320-0bf2-4325-be92-7a0614f201ca,1.2884047031402588,False,0.2817999993567355
transfusion-retrieval-v3,sha256:5fc6a9a0d5ff5721954fad8f2855c204301e59ef0b28a91d8d9bdbaf48cb659b,4,bm25,TP011,temporal,True,False,5,1,b66e5419-8a9c-47f4-866d-ebdb95b174b2,6.226665496826172,True,0.2817999993567355
transfusion-retrieval-v3,sha256:5fc6a9a0d5ff5721954fad8f2855c204301e59ef0b28a91d8d9bdbaf48cb659b,4,bm25,TP011,temporal,True,False,5,2,23c6ca0d-04bf-4081-b90a-9819029dcd73,4.8180952072143555,False,0.2817999993567355
transfusion-retrieval-v3,sha256:5fc6a9a0d5ff5721954fad8f2855c204301e59ef0b28a91d8d9bdbaf48cb659b,4,bm25,TP011,temporal,True,False,5,3,c404e320-0bf2-4325-be92-7a0614f201ca,1.2884047031402588,False,0.2817999993567355
transfusion-retrieval-v3,sha256:5fc6a9a0d5ff5721954fad8f2855c204301e59ef0b28a91d8d9bdbaf48cb659b,4,bm25,TP011,temporal,True,False,5,4,d3b7d61b-50f0-4b96-a770-785a9f3c3886,0.6454505324363708,False,0.2817999993567355
transfusion-retrieval-v3,sha256:5fc6a9a0d5ff5721954fad8f2855c204301e59ef0b28a91d8d9bdbaf48cb659b,4,bm25,TP011,temporal,True,False,5,5,fb4884e3-8fea-42fa-b996-7e9c333e7fef,0.0,False,0.2817999993567355
transfusion-retrieval-v3,sha256:5fc6a9a0d5ff5721954fad8f2855c204301e59ef0b28a91d8d9bdbaf48cb659b,4,bm25,TP011,temporal,True,False,10,1,b66e5419-8a9c-47f4-866d-ebdb95b174b2,6.226665496826172,True,0.2817999993567355
transfusion-retrieval-v3,sha256:5fc6a9a0d5ff5721954fad8f2855c204301e59ef0b28a91d8d9bdbaf48cb659b,4,bm25,TP011,temporal,True,False,10,2,23c6ca0d-04bf-4081-b90a-9819029dcd73,4.8180952072143555,False,0.2817999993567355
transfusion-retrieval-v3,sha256:5fc6a9a0d5ff5721954fad8f2855c204301e59ef0b28a91d8d9bdbaf48cb659b,4,bm25,TP011,temporal,True,False,10,3,c404e320-0bf2-4325-be92-7a0614f201ca,1.2884047031402588,False,0.2817999993567355
transfusion-retrieval-v3,sha256:5fc6a9a0d5ff5721954fad8f2855c204301e59ef0b28a91d8d9bdbaf48cb659b,4,bm25,TP011,temporal,True,False,10,4,d3b7d61b-50f0-4b96-a770-785a9f3c3886,0.6454505324363708,False,0.2817999993567355
transfusion-retrieval-v3,sha256:5fc6a9a0d5ff5721954fad8f2855c204301e59ef0b28a91d8d9bdbaf48cb659b,4,bm25,TP011,temporal,True,False,10,5,fb4884e3-8fea-42fa-b996-7e9c333e7fef,0.0,False,0.2817999993567355
transfusion-retrieval-v3,sha256:5fc6a9a0d5ff5721954fad8f2855c204301e59ef0b28a91d8d9bdbaf48cb659b,4,bm25,TP011,temporal,True,False,10,6,761b9529-5b18-4262-8174-6062c35fb31c,0.0,False,0.2817999993567355
transfusion-retrieval-v3,sha256:5fc6a9a0d5ff5721954fad8f2855c204301e59ef0b28a91d8d9bdbaf48cb659b,4,bm25,TP011,temporal,True,False,10,7,c78ff32d-ea17-41fd-98ef-2e8872f01df3,0.0,False,0.2817999993567355
transfusion-retrieval-v3,sha256:5fc6a9a0d5ff5721954fad8f2855c204301e59ef0b28a91d8d9bdbaf48cb659b,4,bm25,TP011,temporal,True,False,10,8,d9a4a9c8-fbd4-41f2-bab6-6abd72575204,0.0,False,0.2817999993567355
transfusion-retrieval-v3,sha256:5fc6a9a0d5ff5721954fad8f2855c204301e59ef0b28a91d8d9bdbaf48cb659b,4,bm25,TP011,temporal,True,False,10,9,ee8c2027-ad6d-4bb7-8077-5e4c42be1cc3,0.0,False,0.2817999993567355
transfusion-retrieval-v3,sha256:5fc6a9a0d5ff5721954fad8f2855c204301e59ef0b28a91d8d9bdbaf48cb659b,4,bm25,TP011,temporal,True,False,10,10,66dba192-bac5-4b3a-bd4d-77e9eacb4192,0.0,False,0.2817999993567355
transfusion-retrieval-v3,sha256:5fc6a9a0d5ff5721954fad8f2855c204301e59ef0b28a91d8d9bdbaf48cb659b,4,bm25,TP012,product_specific,True,False,1,1,21efe016-3004-45f3-a070-29ce2ecb0019,10.14687728881836,True,0.2872000004572328
transfusion-retrieval-v3,sha256:5fc6a9a0d5ff5721954fad8f2855c204301e59ef0b28a91d8d9bdbaf48cb659b,4,bm25,TP012,product_specific,True,False,3,1,21efe016-3004-45f3-a070-29ce2ecb0019,10.14687728881836,True,0.2872000004572328
transfusion-retrieval-v3,sha256:5fc6a9a0d5ff5721954fad8f2855c204301e59ef0b28a91d8d9bdbaf48cb659b,4,bm25,TP012,product_specific,True,False,3,2,2cea4ea7-7aaf-4c54-ac4e-b660de52065d,8.7315092086792,False,0.2872000004572328
transfusion-retrieval-v3,sha256:5fc6a9a0d5ff5721954fad8f2855c204301e59ef0b28a91d8d9bdbaf48cb659b,4,bm25,TP012,product_specific,True,False,3,3,d3b7d61b-50f0-4b96-a770-785a9f3c3886,6.171075820922852,False,0.2872000004572328
transfusion-retrieval-v3,sha256:5fc6a9a0d5ff5721954fad8f2855c204301e59ef0b28a91d8d9bdbaf48cb659b,4,bm25,TP012,product_specific,True,False,5,1,21efe016-3004-45f3-a070-29ce2ecb0019,10.14687728881836,True,0.2872000004572328
transfusion-retrieval-v3,sha256:5fc6a9a0d5ff5721954fad8f2855c204301e59ef0b28a91d8d9bdbaf48cb659b,4,bm25,TP012,product_specific,True,False,5,2,2cea4ea7-7aaf-4c54-ac4e-b660de52065d,8.7315092086792,False,0.2872000004572328
transfusion-retrieval-v3,sha256:5fc6a9a0d5ff5721954fad8f2855c204301e59ef0b28a91d8d9bdbaf48cb659b,4,bm25,TP012,product_specific,True,False,5,3,d3b7d61b-50f0-4b96-a770-785a9f3c3886,6.171075820922852,False,0.2872000004572328
transfusion-retrieval-v3,sha256:5fc6a9a0d5ff5721954fad8f2855c204301e59ef0b28a91d8d9bdbaf48cb659b,4,bm25,TP012,product_specific,True,False,5,4,b66e5419-8a9c-47f4-866d-ebdb95b174b2,5.925225257873535,False,0.2872000004572328
transfusion-retrieval-v3,sha256:5fc6a9a0d5ff5721954fad8f2855c204301e59ef0b28a91d8d9bdbaf48cb659b,4,bm25,TP012,product_specific,True,False,5,5,f7a9837d-f8db-4461-abd8-a3607db2276f,4.295620918273926,False,0.2872000004572328
transfusion-retrieval-v3,sha256:5fc6a9a0d5ff5721954fad8f2855c204301e59ef0b28a91d8d9bdbaf48cb659b,4,bm25,TP012,product_specific,True,False,10,1,21efe016-3004-45f3-a070-29ce2ecb0019,10.14687728881836,True,0.2872000004572328
transfusion-retrieval-v3,sha256:5fc6a9a0d5ff5721954fad8f2855c204301e59ef0b28a91d8d9bdbaf48cb659b,4,bm25,TP012,product_specific,True,False,10,2,2cea4ea7-7aaf-4c54-ac4e-b660de52065d,8.7315092086792,False,0.2872000004572328
transfusion-retrieval-v3,sha256:5fc6a9a0d5ff5721954fad8f2855c204301e59ef0b28a91d8d9bdbaf48cb659b,4,bm25,TP012,product_specific,True,False,10,3,d3b7d61b-50f0-4b96-a770-785a9f3c3886,6.171075820922852,False,0.2872000004572328
transfusion-retrieval-v3,sha256:5fc6a9a0d5ff5721954fad8f2855c204301e59ef0b28a91d8d9bdbaf48cb659b,4,bm25,TP012,product_specific,True,False,10,4,b66e5419-8a9c-47f4-866d-ebdb95b174b2,5.925225257873535,False,0.2872000004572328
transfusion-retrieval-v3,sha256:5fc6a9a0d5ff5721954fad8f2855c204301e59ef0b28a91d8d9bdbaf48cb659b,4,bm25,TP012,product_specific,True,False,10,5,f7a9837d-f8db-4461-abd8-a3607db2276f,4.295620918273926,False,0.2872000004572328
transfusion-retrieval-v3,sha256:5fc6a9a0d5ff5721954fad8f2855c204301e59ef0b28a91d8d9bdbaf48cb659b,4,bm25,TP012,product_specific,True,False,10,6,23c6ca0d-04bf-4081-b90a-9819029dcd73,3.50697922706604,False,0.2872000004572328
transfusion-retrieval-v3,sha256:5fc6a9a0d5ff5721954fad8f2855c204301e59ef0b28a91d8d9bdbaf48cb659b,4,bm25,TP012,product_specific,True,False,10,7,c404e320-0bf2-4325-be92-7a0614f201ca,3.50697922706604,False,0.2872000004572328
transfusion-retrieval-v3,sha256:5fc6a9a0d5ff5721954fad8f2855c204301e59ef0b28a91d8d9bdbaf48cb659b,4,bm25,TP012,product_specific,True,False,10,8,bc88f538-e881-4c81-85e9-fca20614315d,2.9587535858154297,False,0.2872000004572328
transfusion-retrieval-v3,sha256:5fc6a9a0d5ff5721954fad8f2855c204301e59ef0b28a91d8d9bdbaf48cb659b,4,bm25,TP012,product_specific,True,False,10,9,4c0dde2a-0432-4cb2-ad33-987f5979ff76,2.3178772926330566,False,0.2872000004572328
transfusion-retrieval-v3,sha256:5fc6a9a0d5ff5721954fad8f2855c204301e59ef0b28a91d8d9bdbaf48cb659b,4,bm25,TP012,product_specific,True,False,10,10,fb4884e3-8fea-42fa-b996-7e9c333e7fef,0.0,False,0.2872000004572328
transfusion-retrieval-v3,sha256:5fc6a9a0d5ff5721954fad8f2855c204301e59ef0b28a91d8d9bdbaf48cb659b,4,bm25,TP013,procedure,True,False,1,1,d4c1a9ca-23c5-4ae0-9a51-c56675b2e6d1,6.5267109870910645,False,0.36550000004353933
transfusion-retrieval-v3,sha256:5fc6a9a0d5ff5721954fad8f2855c204301e59ef0b28a91d8d9bdbaf48cb659b,4,bm25,TP013,procedure,True,False,3,1,d4c1a9ca-23c5-4ae0-9a51-c56675b2e6d1,6.5267109870910645,False,0.36550000004353933
transfusion-retrieval-v3,sha256:5fc6a9a0d5ff5721954fad8f2855c204301e59ef0b28a91d8d9bdbaf48cb659b,4,bm25,TP013,procedure,True,False,3,2,a7cf71a5-8426-4d7c-8106-e0754e7cb4bf,1.6993346214294434,False,0.36550000004353933
transfusion-retrieval-v3,sha256:5fc6a9a0d5ff5721954fad8f2855c204301e59ef0b28a91d8d9bdbaf48cb659b,4,bm25,TP013,procedure,True,False,3,3,5de4d74d-720e-4d86-a836-f946d70a2d32,1.675468921661377,False,0.36550000004353933
transfusion-retrieval-v3,sha256:5fc6a9a0d5ff5721954fad8f2855c204301e59ef0b28a91d8d9bdbaf48cb659b,4,bm25,TP013,procedure,True,False,5,1,d4c1a9ca-23c5-4ae0-9a51-c56675b2e6d1,6.5267109870910645,False,0.36550000004353933
transfusion-retrieval-v3,sha256:5fc6a9a0d5ff5721954fad8f2855c204301e59ef0b28a91d8d9bdbaf48cb659b,4,bm25,TP013,procedure,True,False,5,2,a7cf71a5-8426-4d7c-8106-e0754e7cb4bf,1.6993346214294434,False,0.36550000004353933
transfusion-retrieval-v3,sha256:5fc6a9a0d5ff5721954fad8f2855c204301e59ef0b28a91d8d9bdbaf48cb659b,4,bm25,TP013,procedure,True,False,5,3,5de4d74d-720e-4d86-a836-f946d70a2d32,1.675468921661377,False,0.36550000004353933
transfusion-retrieval-v3,sha256:5fc6a9a0d5ff5721954fad8f2855c204301e59ef0b28a91d8d9bdbaf48cb659b,4,bm25,TP013,procedure,True,False,5,4,9b6cc313-9a59-4387-a5ce-2ed14389a0a7,1.5412678718566895,True,0.36550000004353933
transfusion-retrieval-v3,sha256:5fc6a9a0d5ff5721954fad8f2855c204301e59ef0b28a91d8d9bdbaf48cb659b,4,bm25,TP013,procedure,True,False,5,5,d3b7d61b-50f0-4b96-a770-785a9f3c3886,1.3908843994140625,False,0.36550000004353933
transfusion-retrieval-v3,sha256:5fc6a9a0d5ff5721954fad8f2855c204301e59ef0b28a91d8d9bdbaf48cb659b,4,bm25,TP013,procedure,True,False,10,1,d4c1a9ca-23c5-4ae0-9a51-c56675b2e6d1,6.5267109870910645,False,0.36550000004353933
transfusion-retrieval-v3,sha256:5fc6a9a0d5ff5721954fad8f2855c204301e59ef0b28a91d8d9bdbaf48cb659b,4,bm25,TP013,procedure,True,False,10,2,a7cf71a5-8426-4d7c-8106-e0754e7cb4bf,1.6993346214294434,False,0.36550000004353933
transfusion-retrieval-v3,sha256:5fc6a9a0d5ff5721954fad8f2855c204301e59ef0b28a91d8d9bdbaf48cb659b,4,bm25,TP013,procedure,True,False,10,3,5de4d74d-720e-4d86-a836-f946d70a2d32,1.675468921661377,False,0.36550000004353933
transfusion-retrieval-v3,sha256:5fc6a9a0d5ff5721954fad8f2855c204301e59ef0b28a91d8d9bdbaf48cb659b,4,bm25,TP013,procedure,True,False,10,4,9b6cc313-9a59-4387-a5ce-2ed14389a0a7,1.5412678718566895,True,0.36550000004353933
transfusion-retrieval-v3,sha256:5fc6a9a0d5ff5721954fad8f2855c204301e59ef0b28a91d8d9bdbaf48cb659b,4,bm25,TP013,procedure,True,False,10,5,d3b7d61b-50f0-4b96-a770-785a9f3c3886,1.3908843994140625,False,0.36550000004353933
transfusion-retrieval-v3,sha256:5fc6a9a0d5ff5721954fad8f2855c204301e59ef0b28a91d8d9bdbaf48cb659b,4,bm25,TP013,procedure,True,False,10,6,b66e5419-8a9c-47f4-866d-ebdb95b174b2,1.2524172067642212,False,0.36550000004353933
transfusion-retrieval-v3,sha256:5fc6a9a0d5ff5721954fad8f2855c204301e59ef0b28a91d8d9bdbaf48cb659b,4,bm25,TP013,procedure,True,False,10,7,84c0a864-176f-4776-a15e-167fc2518e5d,1.0782902240753174,False,0.36550000004353933
transfusion-retrieval-v3,sha256:5fc6a9a0d5ff5721954fad8f2855c204301e59ef0b28a91d8d9bdbaf48cb659b,4,bm25,TP013,procedure,True,False,10,8,7e5199d4-e5c9-40ca-a69f-ea37f52c6ce3,0.9198150634765625,False,0.36550000004353933
transfusion-retrieval-v3,sha256:5fc6a9a0d5ff5721954fad8f2855c204301e59ef0b28a91d8d9bdbaf48cb659b,4,bm25,TP013,procedure,True,False,10,9,c404e320-0bf2-4325-be92-7a0614f201ca,0.8950620293617249,False,0.36550000004353933
transfusion-retrieval-v3,sha256:5fc6a9a0d5ff5721954fad8f2855c204301e59ef0b28a91d8d9bdbaf48cb659b,4,bm25,TP013,procedure,True,False,10,10,73735f01-c9d0-4dd5-8d46-c70045e4b334,0.8702232837677002,False,0.36550000004353933
transfusion-retrieval-v3,sha256:5fc6a9a0d5ff5721954fad8f2855c204301e59ef0b28a91d8d9bdbaf48cb659b,4,bm25,TP014,temporal,True,False,1,1,6ffcd319-e868-444b-b6fe-8d192a4de3ff,6.696747779846191,False,0.3369000005477574
transfusion-retrieval-v3,sha256:5fc6a9a0d5ff5721954fad8f2855c204301e59ef0b28a91d8d9bdbaf48cb659b,4,bm25,TP014,temporal,True,False,3,1,6ffcd319-e868-444b-b6fe-8d192a4de3ff,6.696747779846191,False,0.3369000005477574
transfusion-retrieval-v3,sha256:5fc6a9a0d5ff5721954fad8f2855c204301e59ef0b28a91d8d9bdbaf48cb659b,4,bm25,TP014,temporal,True,False,3,2,b0d368a1-d0fc-4b8b-8567-e190cf462986,4.711930274963379,False,0.3369000005477574
transfusion-retrieval-v3,sha256:5fc6a9a0d5ff5721954fad8f2855c204301e59ef0b28a91d8d9bdbaf48cb659b,4,bm25,TP014,temporal,True,False,3,3,30ce28cb-f702-4cce-8105-137e2f73af0d,2.4998116493225098,True,0.3369000005477574
transfusion-retrieval-v3,sha256:5fc6a9a0d5ff5721954fad8f2855c204301e59ef0b28a91d8d9bdbaf48cb659b,4,bm25,TP014,temporal,True,False,5,1,6ffcd319-e868-444b-b6fe-8d192a4de3ff,6.696747779846191,False,0.3369000005477574
transfusion-retrieval-v3,sha256:5fc6a9a0d5ff5721954fad8f2855c204301e59ef0b28a91d8d9bdbaf48cb659b,4,bm25,TP014,temporal,True,False,5,2,b0d368a1-d0fc-4b8b-8567-e190cf462986,4.711930274963379,False,0.3369000005477574
transfusion-retrieval-v3,sha256:5fc6a9a0d5ff5721954fad8f2855c204301e59ef0b28a91d8d9bdbaf48cb659b,4,bm25,TP014,temporal,True,False,5,3,30ce28cb-f702-4cce-8105-137e2f73af0d,2.4998116493225098,True,0.3369000005477574
transfusion-retrieval-v3,sha256:5fc6a9a0d5ff5721954fad8f2855c204301e59ef0b28a91d8d9bdbaf48cb659b,4,bm25,TP014,temporal,True,False,5,4,22e6c188-2e4c-4029-b200-7770a3f00e6e,2.3875579833984375,False,0.3369000005477574
transfusion-retrieval-v3,sha256:5fc6a9a0d5ff5721954fad8f2855c204301e59ef0b28a91d8d9bdbaf48cb659b,4,bm25,TP014,temporal,True,False,5,5,0a4f11c7-39e8-41fe-bd14-48456671f531,1.7343227863311768,False,0.3369000005477574
transfusion-retrieval-v3,sha256:5fc6a9a0d5ff5721954fad8f2855c204301e59ef0b28a91d8d9bdbaf48cb659b,4,bm25,TP014,temporal,True,False,10,1,6ffcd319-e868-444b-b6fe-8d192a4de3ff,6.696747779846191,False,0.3369000005477574
transfusion-retrieval-v3,sha256:5fc6a9a0d5ff5721954fad8f2855c204301e59ef0b28a91d8d9bdbaf48cb659b,4,bm25,TP014,temporal,True,False,10,2,b0d368a1-d0fc-4b8b-8567-e190cf462986,4.711930274963379,False,0.3369000005477574
transfusion-retrieval-v3,sha256:5fc6a9a0d5ff5721954fad8f2855c204301e59ef0b28a91d8d9bdbaf48cb659b,4,bm25,TP014,temporal,True,False,10,3,30ce28cb-f702-4cce-8105-137e2f73af0d,2.4998116493225098,True,0.3369000005477574
transfusion-retrieval-v3,sha256:5fc6a9a0d5ff5721954fad8f2855c204301e59ef0b28a91d8d9bdbaf48cb659b,4,bm25,TP014,temporal,True,False,10,4,22e6c188-2e4c-4029-b200-7770a3f00e6e,2.3875579833984375,False,0.3369000005477574
transfusion-retrieval-v3,sha256:5fc6a9a0d5ff5721954fad8f2855c204301e59ef0b28a91d8d9bdbaf48cb659b,4,bm25,TP014,temporal,True,False,10,5,0a4f11c7-39e8-41fe-bd14-48456671f531,1.7343227863311768,False,0.3369000005477574
transfusion-retrieval-v3,sha256:5fc6a9a0d5ff5721954fad8f2855c204301e59ef0b28a91d8d9bdbaf48cb659b,4,bm25,TP014,temporal,True,False,10,6,70b95f72-95ec-43b5-b76f-657518103256,1.6964178085327148,False,0.3369000005477574
transfusion-retrieval-v3,sha256:5fc6a9a0d5ff5721954fad8f2855c204301e59ef0b28a91d8d9bdbaf48cb659b,4,bm25,TP014,temporal,True,False,10,7,cfff9bf0-05e4-4179-a793-f3c705d04812,1.562166690826416,False,0.3369000005477574
transfusion-retrieval-v3,sha256:5fc6a9a0d5ff5721954fad8f2855c204301e59ef0b28a91d8d9bdbaf48cb659b,4,bm25,TP014,temporal,True,False,10,8,f1611d72-8c47-41f8-bfee-99d5ffdfe12a,1.531539797782898,False,0.3369000005477574
transfusion-retrieval-v3,sha256:5fc6a9a0d5ff5721954fad8f2855c204301e59ef0b28a91d8d9bdbaf48cb659b,4,bm25,TP014,temporal,True,False,10,9,48b9789d-5088-4ba1-a82a-be3a6396ce85,1.4986698627471924,False,0.3369000005477574
transfusion-retrieval-v3,sha256:5fc6a9a0d5ff5721954fad8f2855c204301e59ef0b28a91d8d9bdbaf48cb659b,4,bm25,TP014,temporal,True,False,10,10,d3b7d61b-50f0-4b96-a770-785a9f3c3886,1.4326435327529907,False,0.3369000005477574
transfusion-retrieval-v3,sha256:5fc6a9a0d5ff5721954fad8f2855c204301e59ef0b28a91d8d9bdbaf48cb659b,4,bm25,TP015,preparation,True,False,1,1,30ce28cb-f702-4cce-8105-137e2f73af0d,5.832473278045654,False,0.3823000006377697
transfusion-retrieval-v3,sha256:5fc6a9a0d5ff5721954fad8f2855c204301e59ef0b28a91d8d9bdbaf48cb659b,4,bm25,TP015,preparation,True,False,3,1,30ce28cb-f702-4cce-8105-137e2f73af0d,5.832473278045654,False,0.3823000006377697
transfusion-retrieval-v3,sha256:5fc6a9a0d5ff5721954fad8f2855c204301e59ef0b28a91d8d9bdbaf48cb659b,4,bm25,TP015,preparation,True,False,3,2,70b95f72-95ec-43b5-b76f-657518103256,5.288299560546875,False,0.3823000006377697
transfusion-retrieval-v3,sha256:5fc6a9a0d5ff5721954fad8f2855c204301e59ef0b28a91d8d9bdbaf48cb659b,4,bm25,TP015,preparation,True,False,3,3,22e6c188-2e4c-4029-b200-7770a3f00e6e,5.259058475494385,False,0.3823000006377697
transfusion-retrieval-v3,sha256:5fc6a9a0d5ff5721954fad8f2855c204301e59ef0b28a91d8d9bdbaf48cb659b,4,bm25,TP015,preparation,True,False,5,1,30ce28cb-f702-4cce-8105-137e2f73af0d,5.832473278045654,False,0.3823000006377697
transfusion-retrieval-v3,sha256:5fc6a9a0d5ff5721954fad8f2855c204301e59ef0b28a91d8d9bdbaf48cb659b,4,bm25,TP015,preparation,True,False,5,2,70b95f72-95ec-43b5-b76f-657518103256,5.288299560546875,False,0.3823000006377697
transfusion-retrieval-v3,sha256:5fc6a9a0d5ff5721954fad8f2855c204301e59ef0b28a91d8d9bdbaf48cb659b,4,bm25,TP015,preparation,True,False,5,3,22e6c188-2e4c-4029-b200-7770a3f00e6e,5.259058475494385,False,0.3823000006377697
transfusion-retrieval-v3,sha256:5fc6a9a0d5ff5721954fad8f2855c204301e59ef0b28a91d8d9bdbaf48cb659b,4,bm25,TP015,preparation,True,False,5,4,0a4f11c7-39e8-41fe-bd14-48456671f531,5.24180793762207,False,0.3823000006377697
transfusion-retrieval-v3,sha256:5fc6a9a0d5ff5721954fad8f2855c204301e59ef0b28a91d8d9bdbaf48cb659b,4,bm25,TP015,preparation,True,False,5,5,48b9789d-5088-4ba1-a82a-be3a6396ce85,5.2135748863220215,False,0.3823000006377697
transfusion-retrieval-v3,sha256:5fc6a9a0d5ff5721954fad8f2855c204301e59ef0b28a91d8d9bdbaf48cb659b,4,bm25,TP015,preparation,True,False,10,1,30ce28cb-f702-4cce-8105-137e2f73af0d,5.832473278045654,False,0.3823000006377697
transfusion-retrieval-v3,sha256:5fc6a9a0d5ff5721954fad8f2855c204301e59ef0b28a91d8d9bdbaf48cb659b,4,bm25,TP015,preparation,True,False,10,2,70b95f72-95ec-43b5-b76f-657518103256,5.288299560546875,False,0.3823000006377697
transfusion-retrieval-v3,sha256:5fc6a9a0d5ff5721954fad8f2855c204301e59ef0b28a91d8d9bdbaf48cb659b,4,bm25,TP015,preparation,True,False,10,3,22e6c188-2e4c-4029-b200-7770a3f00e6e,5.259058475494385,False,0.3823000006377697
transfusion-retrieval-v3,sha256:5fc6a9a0d5ff5721954fad8f2855c204301e59ef0b28a91d8d9bdbaf48cb659b,4,bm25,TP015,preparation,True,False,10,4,0a4f11c7-39e8-41fe-bd14-48456671f531,5.24180793762207,False,0.3823000006377697
transfusion-retrieval-v3,sha256:5fc6a9a0d5ff5721954fad8f2855c204301e59ef0b28a91d8d9bdbaf48cb659b,4,bm25,TP015,preparation,True,False,10,5,48b9789d-5088-4ba1-a82a-be3a6396ce85,5.2135748863220215,False,0.3823000006377697
transfusion-retrieval-v3,sha256:5fc6a9a0d5ff5721954fad8f2855c204301e59ef0b28a91d8d9bdbaf48cb659b,4,bm25,TP015,preparation,True,False,10,6,f1611d72-8c47-41f8-bfee-99d5ffdfe12a,5.064783573150635,False,0.3823000006377697
transfusion-retrieval-v3,sha256:5fc6a9a0d5ff5721954fad8f2855c204301e59ef0b28a91d8d9bdbaf48cb659b,4,bm25,TP015,preparation,True,False,10,7,b0d368a1-d0fc-4b8b-8567-e190cf462986,4.711930274963379,False,0.3823000006377697
transfusion-retrieval-v3,sha256:5fc6a9a0d5ff5721954fad8f2855c204301e59ef0b28a91d8d9bdbaf48cb659b,4,bm25,TP015,preparation,True,False,10,8,d3b7d61b-50f0-4b96-a770-785a9f3c3886,4.616187572479248,True,0.3823000006377697
transfusion-retrieval-v3,sha256:5fc6a9a0d5ff5721954fad8f2855c204301e59ef0b28a91d8d9bdbaf48cb659b,4,bm25,TP015,preparation,True,False,10,9,cfff9bf0-05e4-4179-a793-f3c705d04812,4.574153423309326,False,0.3823000006377697
transfusion-retrieval-v3,sha256:5fc6a9a0d5ff5721954fad8f2855c204301e59ef0b28a91d8d9bdbaf48cb659b,4,bm25,TP015,preparation,True,False,10,10,a952e706-800e-493c-886a-8f06602fb2be,3.7705821990966797,False,0.3823000006377697
transfusion-retrieval-v3,sha256:5fc6a9a0d5ff5721954fad8f2855c204301e59ef0b28a91d8d9bdbaf48cb659b,4,bm25,TP016,temporal,True,False,1,1,0a4f11c7-39e8-41fe-bd14-48456671f531,9.359960556030273,True,0.4474000015761703
transfusion-retrieval-v3,sha256:5fc6a9a0d5ff5721954fad8f2855c204301e59ef0b28a91d8d9bdbaf48cb659b,4,bm25,TP016,temporal,True,False,3,1,0a4f11c7-39e8-41fe-bd14-48456671f531,9.359960556030273,True,0.4474000015761703
transfusion-retrieval-v3,sha256:5fc6a9a0d5ff5721954fad8f2855c204301e59ef0b28a91d8d9bdbaf48cb659b,4,bm25,TP016,temporal,True,False,3,2,48b9789d-5088-4ba1-a82a-be3a6396ce85,7.533435821533203,False,0.4474000015761703
transfusion-retrieval-v3,sha256:5fc6a9a0d5ff5721954fad8f2855c204301e59ef0b28a91d8d9bdbaf48cb659b,4,bm25,TP016,temporal,True,False,3,3,b8c70ff9-e1b2-40ce-9a0a-f65a53899d13,7.136985778808594,False,0.4474000015761703
transfusion-retrieval-v3,sha256:5fc6a9a0d5ff5721954fad8f2855c204301e59ef0b28a91d8d9bdbaf48cb659b,4,bm25,TP016,temporal,True,False,5,1,0a4f11c7-39e8-41fe-bd14-48456671f531,9.359960556030273,True,0.4474000015761703
transfusion-retrieval-v3,sha256:5fc6a9a0d5ff5721954fad8f2855c204301e59ef0b28a91d8d9bdbaf48cb659b,4,bm25,TP016,temporal,True,False,5,2,48b9789d-5088-4ba1-a82a-be3a6396ce85,7.533435821533203,False,0.4474000015761703
transfusion-retrieval-v3,sha256:5fc6a9a0d5ff5721954fad8f2855c204301e59ef0b28a91d8d9bdbaf48cb659b,4,bm25,TP016,temporal,True,False,5,3,b8c70ff9-e1b2-40ce-9a0a-f65a53899d13,7.136985778808594,False,0.4474000015761703
transfusion-retrieval-v3,sha256:5fc6a9a0d5ff5721954fad8f2855c204301e59ef0b28a91d8d9bdbaf48cb659b,4,bm25,TP016,temporal,True,False,5,4,d3b7d61b-50f0-4b96-a770-785a9f3c3886,5.822196960449219,False,0.4474000015761703
transfusion-retrieval-v3,sha256:5fc6a9a0d5ff5721954fad8f2855c204301e59ef0b28a91d8d9bdbaf48cb659b,4,bm25,TP016,temporal,True,False,5,5,cfff9bf0-05e4-4179-a793-f3c705d04812,2.921675205230713,False,0.4474000015761703
transfusion-retrieval-v3,sha256:5fc6a9a0d5ff5721954fad8f2855c204301e59ef0b28a91d8d9bdbaf48cb659b,4,bm25,TP016,temporal,True,False,10,1,0a4f11c7-39e8-41fe-bd14-48456671f531,9.359960556030273,True,0.4474000015761703
transfusion-retrieval-v3,sha256:5fc6a9a0d5ff5721954fad8f2855c204301e59ef0b28a91d8d9bdbaf48cb659b,4,bm25,TP016,temporal,True,False,10,2,48b9789d-5088-4ba1-a82a-be3a6396ce85,7.533435821533203,False,0.4474000015761703
transfusion-retrieval-v3,sha256:5fc6a9a0d5ff5721954fad8f2855c204301e59ef0b28a91d8d9bdbaf48cb659b,4,bm25,TP016,temporal,True,False,10,3,b8c70ff9-e1b2-40ce-9a0a-f65a53899d13,7.136985778808594,False,0.4474000015761703
transfusion-retrieval-v3,sha256:5fc6a9a0d5ff5721954fad8f2855c204301e59ef0b28a91d8d9bdbaf48cb659b,4,bm25,TP016,temporal,True,False,10,4,d3b7d61b-50f0-4b96-a770-785a9f3c3886,5.822196960449219,False,0.4474000015761703
transfusion-retrieval-v3,sha256:5fc6a9a0d5ff5721954fad8f2855c204301e59ef0b28a91d8d9bdbaf48cb659b,4,bm25,TP016,temporal,True,False,10,5,cfff9bf0-05e4-4179-a793-f3c705d04812,2.921675205230713,False,0.4474000015761703
transfusion-retrieval-v3,sha256:5fc6a9a0d5ff5721954fad8f2855c204301e59ef0b28a91d8d9bdbaf48cb659b,4,bm25,TP016,temporal,True,False,10,6,70b95f72-95ec-43b5-b76f-657518103256,2.3258302211761475,True,0.4474000015761703
transfusion-retrieval-v3,sha256:5fc6a9a0d5ff5721954fad8f2855c204301e59ef0b28a91d8d9bdbaf48cb659b,4,bm25,TP016,temporal,True,False,10,7,30ce28cb-f702-4cce-8105-137e2f73af0d,1.9520052671432495,False,0.4474000015761703
transfusion-retrieval-v3,sha256:5fc6a9a0d5ff5721954fad8f2855c204301e59ef0b28a91d8d9bdbaf48cb659b,4,bm25,TP016,temporal,True,False,10,8,22e6c188-2e4c-4029-b200-7770a3f00e6e,1.7668474912643433,False,0.4474000015761703
transfusion-retrieval-v3,sha256:5fc6a9a0d5ff5721954fad8f2855c204301e59ef0b28a91d8d9bdbaf48cb659b,4,bm25,TP016,temporal,True,False,10,9,f1611d72-8c47-41f8-bfee-99d5ffdfe12a,1.7380001544952393,False,0.4474000015761703
transfusion-retrieval-v3,sha256:5fc6a9a0d5ff5721954fad8f2855c204301e59ef0b28a91d8d9bdbaf48cb659b,4,bm25,TP016,temporal,True,False,10,10,d4c1a9ca-23c5-4ae0-9a51-c56675b2e6d1,1.4104297161102295,False,0.4474000015761703
transfusion-retrieval-v3,sha256:5fc6a9a0d5ff5721954fad8f2855c204301e59ef0b28a91d8d9bdbaf48cb659b,4,bm25,TP017,preparation,True,False,1,1,b7876bcb-b1d0-409a-831d-45e59e35a44e,5.091025352478027,False,0.40500000250176527
transfusion-retrieval-v3,sha256:5fc6a9a0d5ff5721954fad8f2855c204301e59ef0b28a91d8d9bdbaf48cb659b,4,bm25,TP017,preparation,True,False,3,1,b7876bcb-b1d0-409a-831d-45e59e35a44e,5.091025352478027,False,0.40500000250176527
transfusion-retrieval-v3,sha256:5fc6a9a0d5ff5721954fad8f2855c204301e59ef0b28a91d8d9bdbaf48cb659b,4,bm25,TP017,preparation,True,False,3,2,73735f01-c9d0-4dd5-8d46-c70045e4b334,5.004260063171387,True,0.40500000250176527
transfusion-retrieval-v3,sha256:5fc6a9a0d5ff5721954fad8f2855c204301e59ef0b28a91d8d9bdbaf48cb659b,4,bm25,TP017,preparation,True,False,3,3,e96acbc9-66b4-4df4-953b-3f7b0a846bbc,4.899796485900879,False,0.40500000250176527
transfusion-retrieval-v3,sha256:5fc6a9a0d5ff5721954fad8f2855c204301e59ef0b28a91d8d9bdbaf48cb659b,4,bm25,TP017,preparation,True,False,5,1,b7876bcb-b1d0-409a-831d-45e59e35a44e,5.091025352478027,False,0.40500000250176527
transfusion-retrieval-v3,sha256:5fc6a9a0d5ff5721954fad8f2855c204301e59ef0b28a91d8d9bdbaf48cb659b,4,bm25,TP017,preparation,True,False,5,2,73735f01-c9d0-4dd5-8d46-c70045e4b334,5.004260063171387,True,0.40500000250176527
transfusion-retrieval-v3,sha256:5fc6a9a0d5ff5721954fad8f2855c204301e59ef0b28a91d8d9bdbaf48cb659b,4,bm25,TP017,preparation,True,False,5,3,e96acbc9-66b4-4df4-953b-3f7b0a846bbc,4.899796485900879,False,0.40500000250176527
transfusion-retrieval-v3,sha256:5fc6a9a0d5ff5721954fad8f2855c204301e59ef0b28a91d8d9bdbaf48cb659b,4,bm25,TP017,preparation,True,False,5,4,74c0eabe-77c7-4dbf-a321-27966a12fafb,4.675948619842529,False,0.40500000250176527
transfusion-retrieval-v3,sha256:5fc6a9a0d5ff5721954fad8f2855c204301e59ef0b28a91d8d9bdbaf48cb659b,4,bm25,TP017,preparation,True,False,5,5,b0d368a1-d0fc-4b8b-8567-e190cf462986,4.671097278594971,False,0.40500000250176527
transfusion-retrieval-v3,sha256:5fc6a9a0d5ff5721954fad8f2855c204301e59ef0b28a91d8d9bdbaf48cb659b,4,bm25,TP017,preparation,True,False,10,1,b7876bcb-b1d0-409a-831d-45e59e35a44e,5.091025352478027,False,0.40500000250176527
transfusion-retrieval-v3,sha256:5fc6a9a0d5ff5721954fad8f2855c204301e59ef0b28a91d8d9bdbaf48cb659b,4,bm25,TP017,preparation,True,False,10,2,73735f01-c9d0-4dd5-8d46-c70045e4b334,5.004260063171387,True,0.40500000250176527
transfusion-retrieval-v3,sha256:5fc6a9a0d5ff5721954fad8f2855c204301e59ef0b28a91d8d9bdbaf48cb659b,4,bm25,TP017,preparation,True,False,10,3,e96acbc9-66b4-4df4-953b-3f7b0a846bbc,4.899796485900879,False,0.40500000250176527
transfusion-retrieval-v3,sha256:5fc6a9a0d5ff5721954fad8f2855c204301e59ef0b28a91d8d9bdbaf48cb659b,4,bm25,TP017,preparation,True,False,10,4,74c0eabe-77c7-4dbf-a321-27966a12fafb,4.675948619842529,False,0.40500000250176527
transfusion-retrieval-v3,sha256:5fc6a9a0d5ff5721954fad8f2855c204301e59ef0b28a91d8d9bdbaf48cb659b,4,bm25,TP017,preparation,True,False,10,5,b0d368a1-d0fc-4b8b-8567-e190cf462986,4.671097278594971,False,0.40500000250176527
transfusion-retrieval-v3,sha256:5fc6a9a0d5ff5721954fad8f2855c204301e59ef0b28a91d8d9bdbaf48cb659b,4,bm25,TP017,preparation,True,False,10,6,48b9789d-5088-4ba1-a82a-be3a6396ce85,4.464261531829834,False,0.40500000250176527
transfusion-retrieval-v3,sha256:5fc6a9a0d5ff5721954fad8f2855c204301e59ef0b28a91d8d9bdbaf48cb659b,4,bm25,TP017,preparation,True,False,10,7,6ffcd319-e868-444b-b6fe-8d192a4de3ff,4.417673110961914,False,0.40500000250176527
transfusion-retrieval-v3,sha256:5fc6a9a0d5ff5721954fad8f2855c204301e59ef0b28a91d8d9bdbaf48cb659b,4,bm25,TP017,preparation,True,False,10,8,16efaa44-1554-4748-8407-48fac0bced94,4.405827045440674,False,0.40500000250176527
transfusion-retrieval-v3,sha256:5fc6a9a0d5ff5721954fad8f2855c204301e59ef0b28a91d8d9bdbaf48cb659b,4,bm25,TP017,preparation,True,False,10,9,919e93ca-fed9-4dde-b9b8-f870e207a3f3,4.160463809967041,False,0.40500000250176527
transfusion-retrieval-v3,sha256:5fc6a9a0d5ff5721954fad8f2855c204301e59ef0b28a91d8d9bdbaf48cb659b,4,bm25,TP017,preparation,True,False,10,10,cfff9bf0-05e4-4179-a793-f3c705d04812,4.048162460327148,False,0.40500000250176527
transfusion-retrieval-v3,sha256:5fc6a9a0d5ff5721954fad8f2855c204301e59ef0b28a91d8d9bdbaf48cb659b,4,bm25,TP018,preparation,True,False,1,1,9552a4ac-31b4-43a8-aa92-37bd3e89362a,9.442490577697754,False,0.39149999793153256
transfusion-retrieval-v3,sha256:5fc6a9a0d5ff5721954fad8f2855c204301e59ef0b28a91d8d9bdbaf48cb659b,4,bm25,TP018,preparation,True,False,3,1,9552a4ac-31b4-43a8-aa92-37bd3e89362a,9.442490577697754,False,0.39149999793153256
transfusion-retrieval-v3,sha256:5fc6a9a0d5ff5721954fad8f2855c204301e59ef0b28a91d8d9bdbaf48cb659b,4,bm25,TP018,preparation,True,False,3,2,6ffcd319-e868-444b-b6fe-8d192a4de3ff,8.2786226272583,True,0.39149999793153256
transfusion-retrieval-v3,sha256:5fc6a9a0d5ff5721954fad8f2855c204301e59ef0b28a91d8d9bdbaf48cb659b,4,bm25,TP018,preparation,True,False,3,3,84c0a864-176f-4776-a15e-167fc2518e5d,8.223052024841309,False,0.39149999793153256
transfusion-retrieval-v3,sha256:5fc6a9a0d5ff5721954fad8f2855c204301e59ef0b28a91d8d9bdbaf48cb659b,4,bm25,TP018,preparation,True,False,5,1,9552a4ac-31b4-43a8-aa92-37bd3e89362a,9.442490577697754,False,0.39149999793153256
transfusion-retrieval-v3,sha256:5fc6a9a0d5ff5721954fad8f2855c204301e59ef0b28a91d8d9bdbaf48cb659b,4,bm25,TP018,preparation,True,False,5,2,6ffcd319-e868-444b-b6fe-8d192a4de3ff,8.2786226272583,True,0.39149999793153256
transfusion-retrieval-v3,sha256:5fc6a9a0d5ff5721954fad8f2855c204301e59ef0b28a91d8d9bdbaf48cb659b,4,bm25,TP018,preparation,True,False,5,3,84c0a864-176f-4776-a15e-167fc2518e5d,8.223052024841309,False,0.39149999793153256
transfusion-retrieval-v3,sha256:5fc6a9a0d5ff5721954fad8f2855c204301e59ef0b28a91d8d9bdbaf48cb659b,4,bm25,TP018,preparation,True,False,5,4,73735f01-c9d0-4dd5-8d46-c70045e4b334,5.698094844818115,True,0.39149999793153256
transfusion-retrieval-v3,sha256:5fc6a9a0d5ff5721954fad8f2855c204301e59ef0b28a91d8d9bdbaf48cb659b,4,bm25,TP018,preparation,True,False,5,5,36bac780-b1a2-42dc-8cca-3605f80c5521,5.455326080322266,False,0.39149999793153256
transfusion-retrieval-v3,sha256:5fc6a9a0d5ff5721954fad8f2855c204301e59ef0b28a91d8d9bdbaf48cb659b,4,bm25,TP018,preparation,True,False,10,1,9552a4ac-31b4-43a8-aa92-37bd3e89362a,9.442490577697754,False,0.39149999793153256
transfusion-retrieval-v3,sha256:5fc6a9a0d5ff5721954fad8f2855c204301e59ef0b28a91d8d9bdbaf48cb659b,4,bm25,TP018,preparation,True,False,10,2,6ffcd319-e868-444b-b6fe-8d192a4de3ff,8.2786226272583,True,0.39149999793153256
transfusion-retrieval-v3,sha256:5fc6a9a0d5ff5721954fad8f2855c204301e59ef0b28a91d8d9bdbaf48cb659b,4,bm25,TP018,preparation,True,False,10,3,84c0a864-176f-4776-a15e-167fc2518e5d,8.223052024841309,False,0.39149999793153256
transfusion-retrieval-v3,sha256:5fc6a9a0d5ff5721954fad8f2855c204301e59ef0b28a91d8d9bdbaf48cb659b,4,bm25,TP018,preparation,True,False,10,4,73735f01-c9d0-4dd5-8d46-c70045e4b334,5.698094844818115,True,0.39149999793153256
transfusion-retrieval-v3,sha256:5fc6a9a0d5ff5721954fad8f2855c204301e59ef0b28a91d8d9bdbaf48cb659b,4,bm25,TP018,preparation,True,False,10,5,36bac780-b1a2-42dc-8cca-3605f80c5521,5.455326080322266,False,0.39149999793153256
transfusion-retrieval-v3,sha256:5fc6a9a0d5ff5721954fad8f2855c204301e59ef0b28a91d8d9bdbaf48cb659b,4,bm25,TP018,preparation,True,False,10,6,8f3ed830-3a06-41c6-8b06-cfcf6d36a83c,4.959287643432617,False,0.39149999793153256
transfusion-retrieval-v3,sha256:5fc6a9a0d5ff5721954fad8f2855c204301e59ef0b28a91d8d9bdbaf48cb659b,4,bm25,TP018,preparation,True,False,10,7,7e5199d4-e5c9-40ca-a69f-ea37f52c6ce3,4.915118217468262,False,0.39149999793153256
transfusion-retrieval-v3,sha256:5fc6a9a0d5ff5721954fad8f2855c204301e59ef0b28a91d8d9bdbaf48cb659b,4,bm25,TP018,preparation,True,False,10,8,919e93ca-fed9-4dde-b9b8-f870e207a3f3,4.756850719451904,False,0.39149999793153256
transfusion-retrieval-v3,sha256:5fc6a9a0d5ff5721954fad8f2855c204301e59ef0b28a91d8d9bdbaf48cb659b,4,bm25,TP018,preparation,True,False,10,9,b0d368a1-d0fc-4b8b-8567-e190cf462986,4.516320705413818,False,0.39149999793153256
transfusion-retrieval-v3,sha256:5fc6a9a0d5ff5721954fad8f2855c204301e59ef0b28a91d8d9bdbaf48cb659b,4,bm25,TP018,preparation,True,False,10,10,eda54b74-cd2f-4808-8175-bcc5b916ce90,4.27633810043335,False,0.39149999793153256
transfusion-retrieval-v3,sha256:5fc6a9a0d5ff5721954fad8f2855c204301e59ef0b28a91d8d9bdbaf48cb659b,4,bm25,TP019,temporal,True,False,1,1,b0d368a1-d0fc-4b8b-8567-e190cf462986,9.466052055358887,False,0.3001000004587695
transfusion-retrieval-v3,sha256:5fc6a9a0d5ff5721954fad8f2855c204301e59ef0b28a91d8d9bdbaf48cb659b,4,bm25,TP019,temporal,True,False,3,1,b0d368a1-d0fc-4b8b-8567-e190cf462986,9.466052055358887,False,0.3001000004587695
transfusion-retrieval-v3,sha256:5fc6a9a0d5ff5721954fad8f2855c204301e59ef0b28a91d8d9bdbaf48cb659b,4,bm25,TP019,temporal,True,False,3,2,c404e320-0bf2-4325-be92-7a0614f201ca,9.003844261169434,True,0.3001000004587695
transfusion-retrieval-v3,sha256:5fc6a9a0d5ff5721954fad8f2855c204301e59ef0b28a91d8d9bdbaf48cb659b,4,bm25,TP019,temporal,True,False,3,3,919e93ca-fed9-4dde-b9b8-f870e207a3f3,6.4468278884887695,False,0.3001000004587695
transfusion-retrieval-v3,sha256:5fc6a9a0d5ff5721954fad8f2855c204301e59ef0b28a91d8d9bdbaf48cb659b,4,bm25,TP019,temporal,True,False,5,1,b0d368a1-d0fc-4b8b-8567-e190cf462986,9.466052055358887,False,0.3001000004587695
transfusion-retrieval-v3,sha256:5fc6a9a0d5ff5721954fad8f2855c204301e59ef0b28a91d8d9bdbaf48cb659b,4,bm25,TP019,temporal,True,False,5,2,c404e320-0bf2-4325-be92-7a0614f201ca,9.003844261169434,True,0.3001000004587695
transfusion-retrieval-v3,sha256:5fc6a9a0d5ff5721954fad8f2855c204301e59ef0b28a91d8d9bdbaf48cb659b,4,bm25,TP019,temporal,True,False,5,3,919e93ca-fed9-4dde-b9b8-f870e207a3f3,6.4468278884887695,False,0.3001000004587695
transfusion-retrieval-v3,sha256:5fc6a9a0d5ff5721954fad8f2855c204301e59ef0b28a91d8d9bdbaf48cb659b,4,bm25,TP019,temporal,True,False,5,4,16efaa44-1554-4748-8407-48fac0bced94,5.454773902893066,False,0.3001000004587695
transfusion-retrieval-v3,sha256:5fc6a9a0d5ff5721954fad8f2855c204301e59ef0b28a91d8d9bdbaf48cb659b,4,bm25,TP019,temporal,True,False,5,5,b7876bcb-b1d0-409a-831d-45e59e35a44e,4.456645965576172,False,0.3001000004587695
transfusion-retrieval-v3,sha256:5fc6a9a0d5ff5721954fad8f2855c204301e59ef0b28a91d8d9bdbaf48cb659b,4,bm25,TP019,temporal,True,False,10,1,b0d368a1-d0fc-4b8b-8567-e190cf462986,9.466052055358887,False,0.3001000004587695
transfusion-retrieval-v3,sha256:5fc6a9a0d5ff5721954fad8f2855c204301e59ef0b28a91d8d9bdbaf48cb659b,4,bm25,TP019,temporal,True,False,10,2,c404e320-0bf2-4325-be92-7a0614f201ca,9.003844261169434,True,0.3001000004587695
transfusion-retrieval-v3,sha256:5fc6a9a0d5ff5721954fad8f2855c204301e59ef0b28a91d8d9bdbaf48cb659b,4,bm25,TP019,temporal,True,False,10,3,919e93ca-fed9-4dde-b9b8-f870e207a3f3,6.4468278884887695,False,0.3001000004587695
transfusion-retrieval-v3,sha256:5fc6a9a0d5ff5721954fad8f2855c204301e59ef0b28a91d8d9bdbaf48cb659b,4,bm25,TP019,temporal,True,False,10,4,16efaa44-1554-4748-8407-48fac0bced94,5.454773902893066,False,0.3001000004587695
transfusion-retrieval-v3,sha256:5fc6a9a0d5ff5721954fad8f2855c204301e59ef0b28a91d8d9bdbaf48cb659b,4,bm25,TP019,temporal,True,False,10,5,b7876bcb-b1d0-409a-831d-45e59e35a44e,4.456645965576172,False,0.3001000004587695
transfusion-retrieval-v3,sha256:5fc6a9a0d5ff5721954fad8f2855c204301e59ef0b28a91d8d9bdbaf48cb659b,4,bm25,TP019,temporal,True,False,10,6,74c0eabe-77c7-4dbf-a321-27966a12fafb,2.872466564178467,False,0.3001000004587695
transfusion-retrieval-v3,sha256:5fc6a9a0d5ff5721954fad8f2855c204301e59ef0b28a91d8d9bdbaf48cb659b,4,bm25,TP019,temporal,True,False,10,7,b66e5419-8a9c-47f4-866d-ebdb95b174b2,1.350862741470337,False,0.3001000004587695
transfusion-retrieval-v3,sha256:5fc6a9a0d5ff5721954fad8f2855c204301e59ef0b28a91d8d9bdbaf48cb659b,4,bm25,TP019,temporal,True,False,10,8,a7cf71a5-8426-4d7c-8106-e0754e7cb4bf,0.7901211380958557,False,0.3001000004587695
transfusion-retrieval-v3,sha256:5fc6a9a0d5ff5721954fad8f2855c204301e59ef0b28a91d8d9bdbaf48cb659b,4,bm25,TP019,temporal,True,False,10,9,63b53156-440d-40c1-bc88-5c07c23ae77f,0.7743428945541382,False,0.3001000004587695
transfusion-retrieval-v3,sha256:5fc6a9a0d5ff5721954fad8f2855c204301e59ef0b28a91d8d9bdbaf48cb659b,4,bm25,TP019,temporal,True,False,10,10,d3b7d61b-50f0-4b96-a770-785a9f3c3886,0.6454505324363708,False,0.3001000004587695
transfusion-retrieval-v3,sha256:5fc6a9a0d5ff5721954fad8f2855c204301e59ef0b28a91d8d9bdbaf48cb659b,4,bm25,TP020,temporal,True,False,1,1,c404e320-0bf2-4325-be92-7a0614f201ca,8.193949699401855,True,1.7807999975048006
transfusion-retrieval-v3,sha256:5fc6a9a0d5ff5721954fad8f2855c204301e59ef0b28a91d8d9bdbaf48cb659b,4,bm25,TP020,temporal,True,False,3,1,c404e320-0bf2-4325-be92-7a0614f201ca,8.193949699401855,True,1.7807999975048006
transfusion-retrieval-v3,sha256:5fc6a9a0d5ff5721954fad8f2855c204301e59ef0b28a91d8d9bdbaf48cb659b,4,bm25,TP020,temporal,True,False,3,2,6ffcd319-e868-444b-b6fe-8d192a4de3ff,6.3165483474731445,False,1.7807999975048006
transfusion-retrieval-v3,sha256:5fc6a9a0d5ff5721954fad8f2855c204301e59ef0b28a91d8d9bdbaf48cb659b,4,bm25,TP020,temporal,True,False,3,3,b0d368a1-d0fc-4b8b-8567-e190cf462986,5.487527370452881,False,1.7807999975048006
transfusion-retrieval-v3,sha256:5fc6a9a0d5ff5721954fad8f2855c204301e59ef0b28a91d8d9bdbaf48cb659b,4,bm25,TP020,temporal,True,False,5,1,c404e320-0bf2-4325-be92-7a0614f201ca,8.193949699401855,True,1.7807999975048006
transfusion-retrieval-v3,sha256:5fc6a9a0d5ff5721954fad8f2855c204301e59ef0b28a91d8d9bdbaf48cb659b,4,bm25,TP020,temporal,True,False,5,2,6ffcd319-e868-444b-b6fe-8d192a4de3ff,6.3165483474731445,False,1.7807999975048006
transfusion-retrieval-v3,sha256:5fc6a9a0d5ff5721954fad8f2855c204301e59ef0b28a91d8d9bdbaf48cb659b,4,bm25,TP020,temporal,True,False,5,3,b0d368a1-d0fc-4b8b-8567-e190cf462986,5.487527370452881,False,1.7807999975048006
transfusion-retrieval-v3,sha256:5fc6a9a0d5ff5721954fad8f2855c204301e59ef0b28a91d8d9bdbaf48cb659b,4,bm25,TP020,temporal,True,False,5,4,919e93ca-fed9-4dde-b9b8-f870e207a3f3,5.4526262283325195,False,1.7807999975048006
transfusion-retrieval-v3,sha256:5fc6a9a0d5ff5721954fad8f2855c204301e59ef0b28a91d8d9bdbaf48cb659b,4,bm25,TP020,temporal,True,False,5,5,a7cf71a5-8426-4d7c-8106-e0754e7cb4bf,1.003361463546753,False,1.7807999975048006
transfusion-retrieval-v3,sha256:5fc6a9a0d5ff5721954fad8f2855c204301e59ef0b28a91d8d9bdbaf48cb659b,4,bm25,TP020,temporal,True,False,10,1,c404e320-0bf2-4325-be92-7a0614f201ca,8.193949699401855,True,1.7807999975048006
transfusion-retrieval-v3,sha256:5fc6a9a0d5ff5721954fad8f2855c204301e59ef0b28a91d8d9bdbaf48cb659b,4,bm25,TP020,temporal,True,False,10,2,6ffcd319-e868-444b-b6fe-8d192a4de3ff,6.3165483474731445,False,1.7807999975048006
transfusion-retrieval-v3,sha256:5fc6a9a0d5ff5721954fad8f2855c204301e59ef0b28a91d8d9bdbaf48cb659b,4,bm25,TP020,temporal,True,False,10,3,b0d368a1-d0fc-4b8b-8567-e190cf462986,5.487527370452881,False,1.7807999975048006
transfusion-retrieval-v3,sha256:5fc6a9a0d5ff5721954fad8f2855c204301e59ef0b28a91d8d9bdbaf48cb659b,4,bm25,TP020,temporal,True,False,10,4,919e93ca-fed9-4dde-b9b8-f870e207a3f3,5.4526262283325195,False,1.7807999975048006
transfusion-retrieval-v3,sha256:5fc6a9a0d5ff5721954fad8f2855c204301e59ef0b28a91d8d9bdbaf48cb659b,4,bm25,TP020,temporal,True,False,10,5,a7cf71a5-8426-4d7c-8106-e0754e7cb4bf,1.003361463546753,False,1.7807999975048006
transfusion-retrieval-v3,sha256:5fc6a9a0d5ff5721954fad8f2855c204301e59ef0b28a91d8d9bdbaf48cb659b,4,bm25,TP020,temporal,True,False,10,6,7e5199d4-e5c9-40ca-a69f-ea37f52c6ce3,0.1314123421907425,False,1.7807999975048006
transfusion-retrieval-v3,sha256:5fc6a9a0d5ff5721954fad8f2855c204301e59ef0b28a91d8d9bdbaf48cb659b,4,bm25,TP020,temporal,True,False,10,7,5de4d74d-720e-4d86-a836-f946d70a2d32,0.1288444697856903,False,1.7807999975048006
transfusion-retrieval-v3,sha256:5fc6a9a0d5ff5721954fad8f2855c204301e59ef0b28a91d8d9bdbaf48cb659b,4,bm25,TP020,temporal,True,False,10,8,73735f01-c9d0-4dd5-8d46-c70045e4b334,0.1281001716852188,False,1.7807999975048006
transfusion-retrieval-v3,sha256:5fc6a9a0d5ff5721954fad8f2855c204301e59ef0b28a91d8d9bdbaf48cb659b,4,bm25,TP020,temporal,True,False,10,9,da79aa00-567d-434c-8441-915ac080f918,0.12493409961462021,False,1.7807999975048006
transfusion-retrieval-v3,sha256:5fc6a9a0d5ff5721954fad8f2855c204301e59ef0b28a91d8d9bdbaf48cb659b,4,bm25,TP020,temporal,True,False,10,10,8f3ed830-3a06-41c6-8b06-cfcf6d36a83c,0.12376230210065842,False,1.7807999975048006
transfusion-retrieval-v3,sha256:5fc6a9a0d5ff5721954fad8f2855c204301e59ef0b28a91d8d9bdbaf48cb659b,4,bm25,TP021,fact_specific,True,False,1,1,f7a9837d-f8db-4461-abd8-a3607db2276f,10.361422538757324,False,0.33379999877070077
transfusion-retrieval-v3,sha256:5fc6a9a0d5ff5721954fad8f2855c204301e59ef0b28a91d8d9bdbaf48cb659b,4,bm25,TP021,fact_specific,True,False,3,1,f7a9837d-f8db-4461-abd8-a3607db2276f,10.361422538757324,False,0.33379999877070077
transfusion-retrieval-v3,sha256:5fc6a9a0d5ff5721954fad8f2855c204301e59ef0b28a91d8d9bdbaf48cb659b,4,bm25,TP021,fact_specific,True,False,3,2,919e93ca-fed9-4dde-b9b8-f870e207a3f3,9.123147964477539,True,0.33379999877070077
transfusion-retrieval-v3,sha256:5fc6a9a0d5ff5721954fad8f2855c204301e59ef0b28a91d8d9bdbaf48cb659b,4,bm25,TP021,fact_specific,True,False,3,3,b0d368a1-d0fc-4b8b-8567-e190cf462986,7.95120906829834,True,0.33379999877070077
transfusion-retrieval-v3,sha256:5fc6a9a0d5ff5721954fad8f2855c204301e59ef0b28a91d8d9bdbaf48cb659b,4,bm25,TP021,fact_specific,True,False,5,1,f7a9837d-f8db-4461-abd8-a3607db2276f,10.361422538757324,False,0.33379999877070077
transfusion-retrieval-v3,sha256:5fc6a9a0d5ff5721954fad8f2855c204301e59ef0b28a91d8d9bdbaf48cb659b,4,bm25,TP021,fact_specific,True,False,5,2,919e93ca-fed9-4dde-b9b8-f870e207a3f3,9.123147964477539,True,0.33379999877070077
transfusion-retrieval-v3,sha256:5fc6a9a0d5ff5721954fad8f2855c204301e59ef0b28a91d8d9bdbaf48cb659b,4,bm25,TP021,fact_specific,True,False,5,3,b0d368a1-d0fc-4b8b-8567-e190cf462986,7.95120906829834,True,0.33379999877070077
transfusion-retrieval-v3,sha256:5fc6a9a0d5ff5721954fad8f2855c204301e59ef0b28a91d8d9bdbaf48cb659b,4,bm25,TP021,fact_specific,True,False,5,4,74c0eabe-77c7-4dbf-a321-27966a12fafb,7.1537628173828125,False,0.33379999877070077
transfusion-retrieval-v3,sha256:5fc6a9a0d5ff5721954fad8f2855c204301e59ef0b28a91d8d9bdbaf48cb659b,4,bm25,TP021,fact_specific,True,False,5,5,6ffcd319-e868-444b-b6fe-8d192a4de3ff,4.870049476623535,False,0.33379999877070077
transfusion-retrieval-v3,sha256:5fc6a9a0d5ff5721954fad8f2855c204301e59ef0b28a91d8d9bdbaf48cb659b,4,bm25,TP021,fact_specific,True,False,10,1,f7a9837d-f8db-4461-abd8-a3607db2276f,10.361422538757324,False,0.33379999877070077
transfusion-retrieval-v3,sha256:5fc6a9a0d5ff5721954fad8f2855c204301e59ef0b28a91d8d9bdbaf48cb659b,4,bm25,TP021,fact_specific,True,False,10,2,919e93ca-fed9-4dde-b9b8-f870e207a3f3,9.123147964477539,True,0.33379999877070077
transfusion-retrieval-v3,sha256:5fc6a9a0d5ff5721954fad8f2855c204301e59ef0b28a91d8d9bdbaf48cb659b,4,bm25,TP021,fact_specific,True,False,10,3,b0d368a1-d0fc-4b8b-8567-e190cf462986,7.95120906829834,True,0.33379999877070077
transfusion-retrieval-v3,sha256:5fc6a9a0d5ff5721954fad8f2855c204301e59ef0b28a91d8d9bdbaf48cb659b,4,bm25,TP021,fact_specific,True,False,10,4,74c0eabe-77c7-4dbf-a321-27966a12fafb,7.1537628173828125,False,0.33379999877070077
transfusion-retrieval-v3,sha256:5fc6a9a0d5ff5721954fad8f2855c204301e59ef0b28a91d8d9bdbaf48cb659b,4,bm25,TP021,fact_specific,True,False,10,5,6ffcd319-e868-444b-b6fe-8d192a4de3ff,4.870049476623535,False,0.33379999877070077
transfusion-retrieval-v3,sha256:5fc6a9a0d5ff5721954fad8f2855c204301e59ef0b28a91d8d9bdbaf48cb659b,4,bm25,TP021,fact_specific,True,False,10,6,b7876bcb-b1d0-409a-831d-45e59e35a44e,4.509583473205566,False,0.33379999877070077
transfusion-retrieval-v3,sha256:5fc6a9a0d5ff5721954fad8f2855c204301e59ef0b28a91d8d9bdbaf48cb659b,4,bm25,TP021,fact_specific,True,False,10,7,73735f01-c9d0-4dd5-8d46-c70045e4b334,4.134036540985107,False,0.33379999877070077
transfusion-retrieval-v3,sha256:5fc6a9a0d5ff5721954fad8f2855c204301e59ef0b28a91d8d9bdbaf48cb659b,4,bm25,TP021,fact_specific,True,False,10,8,16efaa44-1554-4748-8407-48fac0bced94,3.5561554431915283,False,0.33379999877070077
transfusion-retrieval-v3,sha256:5fc6a9a0d5ff5721954fad8f2855c204301e59ef0b28a91d8d9bdbaf48cb659b,4,bm25,TP021,fact_specific,True,False,10,9,cfff9bf0-05e4-4179-a793-f3c705d04812,3.2247838973999023,False,0.33379999877070077
transfusion-retrieval-v3,sha256:5fc6a9a0d5ff5721954fad8f2855c204301e59ef0b28a91d8d9bdbaf48cb659b,4,bm25,TP021,fact_specific,True,False,10,10,22e6c188-2e4c-4029-b200-7770a3f00e6e,2.862337589263916,False,0.33379999877070077
transfusion-retrieval-v3,sha256:5fc6a9a0d5ff5721954fad8f2855c204301e59ef0b28a91d8d9bdbaf48cb659b,4,bm25,TP022,fact_specific,True,False,1,1,b7876bcb-b1d0-409a-831d-45e59e35a44e,11.854277610778809,True,0.301799998851493
transfusion-retrieval-v3,sha256:5fc6a9a0d5ff5721954fad8f2855c204301e59ef0b28a91d8d9bdbaf48cb659b,4,bm25,TP022,fact_specific,True,False,3,1,b7876bcb-b1d0-409a-831d-45e59e35a44e,11.854277610778809,True,0.301799998851493
transfusion-retrieval-v3,sha256:5fc6a9a0d5ff5721954fad8f2855c204301e59ef0b28a91d8d9bdbaf48cb659b,4,bm25,TP022,fact_specific,True,False,3,2,919e93ca-fed9-4dde-b9b8-f870e207a3f3,11.10816764831543,False,0.301799998851493
transfusion-retrieval-v3,sha256:5fc6a9a0d5ff5721954fad8f2855c204301e59ef0b28a91d8d9bdbaf48cb659b,4,bm25,TP022,fact_specific,True,False,3,3,16efaa44-1554-4748-8407-48fac0bced94,5.917168140411377,False,0.301799998851493
transfusion-retrieval-v3,sha256:5fc6a9a0d5ff5721954fad8f2855c204301e59ef0b28a91d8d9bdbaf48cb659b,4,bm25,TP022,fact_specific,True,False,5,1,b7876bcb-b1d0-409a-831d-45e59e35a44e,11.854277610778809,True,0.301799998851493
transfusion-retrieval-v3,sha256:5fc6a9a0d5ff5721954fad8f2855c204301e59ef0b28a91d8d9bdbaf48cb659b,4,bm25,TP022,fact_specific,True,False,5,2,919e93ca-fed9-4dde-b9b8-f870e207a3f3,11.10816764831543,False,0.301799998851493
transfusion-retrieval-v3,sha256:5fc6a9a0d5ff5721954fad8f2855c204301e59ef0b28a91d8d9bdbaf48cb659b,4,bm25,TP022,fact_specific,True,False,5,3,16efaa44-1554-4748-8407-48fac0bced94,5.917168140411377,False,0.301799998851493
transfusion-retrieval-v3,sha256:5fc6a9a0d5ff5721954fad8f2855c204301e59ef0b28a91d8d9bdbaf48cb659b,4,bm25,TP022,fact_specific,True,False,5,4,74c0eabe-77c7-4dbf-a321-27966a12fafb,3.962033748626709,False,0.301799998851493
transfusion-retrieval-v3,sha256:5fc6a9a0d5ff5721954fad8f2855c204301e59ef0b28a91d8d9bdbaf48cb659b,4,bm25,TP022,fact_specific,True,False,5,5,b0d368a1-d0fc-4b8b-8567-e190cf462986,3.6614186763763428,False,0.301799998851493
transfusion-retrieval-v3,sha256:5fc6a9a0d5ff5721954fad8f2855c204301e59ef0b28a91d8d9bdbaf48cb659b,4,bm25,TP022,fact_specific,True,False,10,1,b7876bcb-b1d0-409a-831d-45e59e35a44e,11.854277610778809,True,0.301799998851493
transfusion-retrieval-v3,sha256:5fc6a9a0d5ff5721954fad8f2855c204301e59ef0b28a91d8d9bdbaf48cb659b,4,bm25,TP022,fact_specific,True,False,10,2,919e93ca-fed9-4dde-b9b8-f870e207a3f3,11.10816764831543,False,0.301799998851493
transfusion-retrieval-v3,sha256:5fc6a9a0d5ff5721954fad8f2855c204301e59ef0b28a91d8d9bdbaf48cb659b,4,bm25,TP022,fact_specific,True,False,10,3,16efaa44-1554-4748-8407-48fac0bced94,5.917168140411377,False,0.301799998851493
transfusion-retrieval-v3,sha256:5fc6a9a0d5ff5721954fad8f2855c204301e59ef0b28a91d8d9bdbaf48cb659b,4,bm25,TP022,fact_specific,True,False,10,4,74c0eabe-77c7-4dbf-a321-27966a12fafb,3.962033748626709,False,0.301799998851493
transfusion-retrieval-v3,sha256:5fc6a9a0d5ff5721954fad8f2855c204301e59ef0b28a91d8d9bdbaf48cb659b,4,bm25,TP022,fact_specific,True,False,10,5,b0d368a1-d0fc-4b8b-8567-e190cf462986,3.6614186763763428,False,0.301799998851493
transfusion-retrieval-v3,sha256:5fc6a9a0d5ff5721954fad8f2855c204301e59ef0b28a91d8d9bdbaf48cb659b,4,bm25,TP022,fact_specific,True,False,10,6,6ffcd319-e868-444b-b6fe-8d192a4de3ff,3.1964619159698486,False,0.301799998851493
transfusion-retrieval-v3,sha256:5fc6a9a0d5ff5721954fad8f2855c204301e59ef0b28a91d8d9bdbaf48cb659b,4,bm25,TP022,fact_specific,True,False,10,7,f7a9837d-f8db-4461-abd8-a3607db2276f,2.9116885662078857,False,0.301799998851493
transfusion-retrieval-v3,sha256:5fc6a9a0d5ff5721954fad8f2855c204301e59ef0b28a91d8d9bdbaf48cb659b,4,bm25,TP022,fact_specific,True,False,10,8,15e829a9-a475-429d-b0e3-5c34bfbd3ab7,2.618285894393921,False,0.301799998851493
transfusion-retrieval-v3,sha256:5fc6a9a0d5ff5721954fad8f2855c204301e59ef0b28a91d8d9bdbaf48cb659b,4,bm25,TP022,fact_specific,True,False,10,9,7abe62fa-6fdb-4466-a16b-73e1770f0c57,0.8910548090934753,False,0.301799998851493
transfusion-retrieval-v3,sha256:5fc6a9a0d5ff5721954fad8f2855c204301e59ef0b28a91d8d9bdbaf48cb659b,4,bm25,TP022,fact_specific,True,False,10,10,7e5199d4-e5c9-40ca-a69f-ea37f52c6ce3,0.4702845513820648,False,0.301799998851493
transfusion-retrieval-v3,sha256:5fc6a9a0d5ff5721954fad8f2855c204301e59ef0b28a91d8d9bdbaf48cb659b,4,bm25,TP023,preparation,True,False,1,1,eda54b74-cd2f-4808-8175-bcc5b916ce90,2.492544174194336,True,0.3442999986873474
transfusion-retrieval-v3,sha256:5fc6a9a0d5ff5721954fad8f2855c204301e59ef0b28a91d8d9bdbaf48cb659b,4,bm25,TP023,preparation,True,False,3,1,eda54b74-cd2f-4808-8175-bcc5b916ce90,2.492544174194336,True,0.3442999986873474
transfusion-retrieval-v3,sha256:5fc6a9a0d5ff5721954fad8f2855c204301e59ef0b28a91d8d9bdbaf48cb659b,4,bm25,TP023,preparation,True,False,3,2,fd678588-5ac2-400d-95c5-3309537781ec,2.46142315864563,False,0.3442999986873474
transfusion-retrieval-v3,sha256:5fc6a9a0d5ff5721954fad8f2855c204301e59ef0b28a91d8d9bdbaf48cb659b,4,bm25,TP023,preparation,True,False,3,3,21d38039-895b-46a4-8902-96e380ce41aa,2.307420015335083,False,0.3442999986873474
transfusion-retrieval-v3,sha256:5fc6a9a0d5ff5721954fad8f2855c204301e59ef0b28a91d8d9bdbaf48cb659b,4,bm25,TP023,preparation,True,False,5,1,eda54b74-cd2f-4808-8175-bcc5b916ce90,2.492544174194336,True,0.3442999986873474
transfusion-retrieval-v3,sha256:5fc6a9a0d5ff5721954fad8f2855c204301e59ef0b28a91d8d9bdbaf48cb659b,4,bm25,TP023,preparation,True,False,5,2,fd678588-5ac2-400d-95c5-3309537781ec,2.46142315864563,False,0.3442999986873474
transfusion-retrieval-v3,sha256:5fc6a9a0d5ff5721954fad8f2855c204301e59ef0b28a91d8d9bdbaf48cb659b,4,bm25,TP023,preparation,True,False,5,3,21d38039-895b-46a4-8902-96e380ce41aa,2.307420015335083,False,0.3442999986873474
transfusion-retrieval-v3,sha256:5fc6a9a0d5ff5721954fad8f2855c204301e59ef0b28a91d8d9bdbaf48cb659b,4,bm25,TP023,preparation,True,False,5,4,b0d368a1-d0fc-4b8b-8567-e190cf462986,2.2435519695281982,False,0.3442999986873474
transfusion-retrieval-v3,sha256:5fc6a9a0d5ff5721954fad8f2855c204301e59ef0b28a91d8d9bdbaf48cb659b,4,bm25,TP023,preparation,True,False,5,5,b8c70ff9-e1b2-40ce-9a0a-f65a53899d13,2.108513116836548,False,0.3442999986873474
transfusion-retrieval-v3,sha256:5fc6a9a0d5ff5721954fad8f2855c204301e59ef0b28a91d8d9bdbaf48cb659b,4,bm25,TP023,preparation,True,False,10,1,eda54b74-cd2f-4808-8175-bcc5b916ce90,2.492544174194336,True,0.3442999986873474
transfusion-retrieval-v3,sha256:5fc6a9a0d5ff5721954fad8f2855c204301e59ef0b28a91d8d9bdbaf48cb659b,4,bm25,TP023,preparation,True,False,10,2,fd678588-5ac2-400d-95c5-3309537781ec,2.46142315864563,False,0.3442999986873474
transfusion-retrieval-v3,sha256:5fc6a9a0d5ff5721954fad8f2855c204301e59ef0b28a91d8d9bdbaf48cb659b,4,bm25,TP023,preparation,True,False,10,3,21d38039-895b-46a4-8902-96e380ce41aa,2.307420015335083,False,0.3442999986873474
transfusion-retrieval-v3,sha256:5fc6a9a0d5ff5721954fad8f2855c204301e59ef0b28a91d8d9bdbaf48cb659b,4,bm25,TP023,preparation,True,False,10,4,b0d368a1-d0fc-4b8b-8567-e190cf462986,2.2435519695281982,False,0.3442999986873474
transfusion-retrieval-v3,sha256:5fc6a9a0d5ff5721954fad8f2855c204301e59ef0b28a91d8d9bdbaf48cb659b,4,bm25,TP023,preparation,True,False,10,5,b8c70ff9-e1b2-40ce-9a0a-f65a53899d13,2.108513116836548,False,0.3442999986873474
transfusion-retrieval-v3,sha256:5fc6a9a0d5ff5721954fad8f2855c204301e59ef0b28a91d8d9bdbaf48cb659b,4,bm25,TP023,preparation,True,False,10,6,b225ae64-72d2-4e59-81c0-57f5d8438666,2.056248426437378,False,0.3442999986873474
transfusion-retrieval-v3,sha256:5fc6a9a0d5ff5721954fad8f2855c204301e59ef0b28a91d8d9bdbaf48cb659b,4,bm25,TP023,preparation,True,False,10,7,7adacb8c-91c0-4ea7-8d82-7505eeac5042,2.0183284282684326,False,0.3442999986873474
transfusion-retrieval-v3,sha256:5fc6a9a0d5ff5721954fad8f2855c204301e59ef0b28a91d8d9bdbaf48cb659b,4,bm25,TP023,preparation,True,False,10,8,7e68f70a-ba74-4eb8-bbae-c7e9f7340567,1.924254059791565,False,0.3442999986873474
transfusion-retrieval-v3,sha256:5fc6a9a0d5ff5721954fad8f2855c204301e59ef0b28a91d8d9bdbaf48cb659b,4,bm25,TP023,preparation,True,False,10,9,a3d42ca5-54b5-4b8d-be4e-79337aaab880,1.836457371711731,False,0.3442999986873474
transfusion-retrieval-v3,sha256:5fc6a9a0d5ff5721954fad8f2855c204301e59ef0b28a91d8d9bdbaf48cb659b,4,bm25,TP023,preparation,True,False,10,10,30ce28cb-f702-4cce-8105-137e2f73af0d,1.8011651039123535,False,0.3442999986873474
transfusion-retrieval-v3,sha256:5fc6a9a0d5ff5721954fad8f2855c204301e59ef0b28a91d8d9bdbaf48cb659b,4,bm25,TP024,preparation,True,False,1,1,eda54b74-cd2f-4808-8175-bcc5b916ce90,7.792857646942139,False,0.6014000027789734
transfusion-retrieval-v3,sha256:5fc6a9a0d5ff5721954fad8f2855c204301e59ef0b28a91d8d9bdbaf48cb659b,4,bm25,TP024,preparation,True,False,3,1,eda54b74-cd2f-4808-8175-bcc5b916ce90,7.792857646942139,False,0.6014000027789734
transfusion-retrieval-v3,sha256:5fc6a9a0d5ff5721954fad8f2855c204301e59ef0b28a91d8d9bdbaf48cb659b,4,bm25,TP024,preparation,True,False,3,2,84c0a864-176f-4776-a15e-167fc2518e5d,7.192139148712158,False,0.6014000027789734
transfusion-retrieval-v3,sha256:5fc6a9a0d5ff5721954fad8f2855c204301e59ef0b28a91d8d9bdbaf48cb659b,4,bm25,TP024,preparation,True,False,3,3,9552a4ac-31b4-43a8-aa92-37bd3e89362a,6.906689643859863,False,0.6014000027789734
transfusion-retrieval-v3,sha256:5fc6a9a0d5ff5721954fad8f2855c204301e59ef0b28a91d8d9bdbaf48cb659b,4,bm25,TP024,preparation,True,False,5,1,eda54b74-cd2f-4808-8175-bcc5b916ce90,7.792857646942139,False,0.6014000027789734
transfusion-retrieval-v3,sha256:5fc6a9a0d5ff5721954fad8f2855c204301e59ef0b28a91d8d9bdbaf48cb659b,4,bm25,TP024,preparation,True,False,5,2,84c0a864-176f-4776-a15e-167fc2518e5d,7.192139148712158,False,0.6014000027789734
transfusion-retrieval-v3,sha256:5fc6a9a0d5ff5721954fad8f2855c204301e59ef0b28a91d8d9bdbaf48cb659b,4,bm25,TP024,preparation,True,False,5,3,9552a4ac-31b4-43a8-aa92-37bd3e89362a,6.906689643859863,False,0.6014000027789734
transfusion-retrieval-v3,sha256:5fc6a9a0d5ff5721954fad8f2855c204301e59ef0b28a91d8d9bdbaf48cb659b,4,bm25,TP024,preparation,True,False,5,4,63b53156-440d-40c1-bc88-5c07c23ae77f,6.220160484313965,False,0.6014000027789734
transfusion-retrieval-v3,sha256:5fc6a9a0d5ff5721954fad8f2855c204301e59ef0b28a91d8d9bdbaf48cb659b,4,bm25,TP024,preparation,True,False,5,5,36bac780-b1a2-42dc-8cca-3605f80c5521,5.983499526977539,True,0.6014000027789734
transfusion-retrieval-v3,sha256:5fc6a9a0d5ff5721954fad8f2855c204301e59ef0b28a91d8d9bdbaf48cb659b,4,bm25,TP024,preparation,True,False,10,1,eda54b74-cd2f-4808-8175-bcc5b916ce90,7.792857646942139,False,0.6014000027789734
transfusion-retrieval-v3,sha256:5fc6a9a0d5ff5721954fad8f2855c204301e59ef0b28a91d8d9bdbaf48cb659b,4,bm25,TP024,preparation,True,False,10,2,84c0a864-176f-4776-a15e-167fc2518e5d,7.192139148712158,False,0.6014000027789734
transfusion-retrieval-v3,sha256:5fc6a9a0d5ff5721954fad8f2855c204301e59ef0b28a91d8d9bdbaf48cb659b,4,bm25,TP024,preparation,True,False,10,3,9552a4ac-31b4-43a8-aa92-37bd3e89362a,6.906689643859863,False,0.6014000027789734
transfusion-retrieval-v3,sha256:5fc6a9a0d5ff5721954fad8f2855c204301e59ef0b28a91d8d9bdbaf48cb659b,4,bm25,TP024,preparation,True,False,10,4,63b53156-440d-40c1-bc88-5c07c23ae77f,6.220160484313965,False,0.6014000027789734
transfusion-retrieval-v3,sha256:5fc6a9a0d5ff5721954fad8f2855c204301e59ef0b28a91d8d9bdbaf48cb659b,4,bm25,TP024,preparation,True,False,10,5,36bac780-b1a2-42dc-8cca-3605f80c5521,5.983499526977539,True,0.6014000027789734
transfusion-retrieval-v3,sha256:5fc6a9a0d5ff5721954fad8f2855c204301e59ef0b28a91d8d9bdbaf48cb659b,4,bm25,TP024,preparation,True,False,10,6,b225ae64-72d2-4e59-81c0-57f5d8438666,5.9340081214904785,False,0.6014000027789734
transfusion-retrieval-v3,sha256:5fc6a9a0d5ff5721954fad8f2855c204301e59ef0b28a91d8d9bdbaf48cb659b,4,bm25,TP024,preparation,True,False,10,7,d4c1a9ca-23c5-4ae0-9a51-c56675b2e6d1,5.856475830078125,False,0.6014000027789734
transfusion-retrieval-v3,sha256:5fc6a9a0d5ff5721954fad8f2855c204301e59ef0b28a91d8d9bdbaf48cb659b,4,bm25,TP024,preparation,True,False,10,8,98d006ac-5212-4c8c-8a63-4cbd4d6caffc,5.782295227050781,False,0.6014000027789734
transfusion-retrieval-v3,sha256:5fc6a9a0d5ff5721954fad8f2855c204301e59ef0b28a91d8d9bdbaf48cb659b,4,bm25,TP024,preparation,True,False,10,9,74c0eabe-77c7-4dbf-a321-27966a12fafb,5.613188743591309,False,0.6014000027789734
transfusion-retrieval-v3,sha256:5fc6a9a0d5ff5721954fad8f2855c204301e59ef0b28a91d8d9bdbaf48cb659b,4,bm25,TP024,preparation,True,False,10,10,7adacb8c-91c0-4ea7-8d82-7505eeac5042,5.281603813171387,False,0.6014000027789734
transfusion-retrieval-v3,sha256:5fc6a9a0d5ff5721954fad8f2855c204301e59ef0b28a91d8d9bdbaf48cb659b,4,bm25,TP025,temporal,True,False,1,1,f9cfc75b-a5e7-4633-a798-4b17ea462325,6.9508376121521,False,0.34729999970295466
transfusion-retrieval-v3,sha256:5fc6a9a0d5ff5721954fad8f2855c204301e59ef0b28a91d8d9bdbaf48cb659b,4,bm25,TP025,temporal,True,False,3,1,f9cfc75b-a5e7-4633-a798-4b17ea462325,6.9508376121521,False,0.34729999970295466
transfusion-retrieval-v3,sha256:5fc6a9a0d5ff5721954fad8f2855c204301e59ef0b28a91d8d9bdbaf48cb659b,4,bm25,TP025,temporal,True,False,3,2,54fdf811-dedd-4016-b144-3e4bfdcd67c8,5.593297481536865,False,0.34729999970295466
transfusion-retrieval-v3,sha256:5fc6a9a0d5ff5721954fad8f2855c204301e59ef0b28a91d8d9bdbaf48cb659b,4,bm25,TP025,temporal,True,False,3,3,f4580736-a09e-471f-93d2-8089c695eb67,4.74151611328125,False,0.34729999970295466
transfusion-retrieval-v3,sha256:5fc6a9a0d5ff5721954fad8f2855c204301e59ef0b28a91d8d9bdbaf48cb659b,4,bm25,TP025,temporal,True,False,5,1,f9cfc75b-a5e7-4633-a798-4b17ea462325,6.9508376121521,False,0.34729999970295466
transfusion-retrieval-v3,sha256:5fc6a9a0d5ff5721954fad8f2855c204301e59ef0b28a91d8d9bdbaf48cb659b,4,bm25,TP025,temporal,True,False,5,2,54fdf811-dedd-4016-b144-3e4bfdcd67c8,5.593297481536865,False,0.34729999970295466
transfusion-retrieval-v3,sha256:5fc6a9a0d5ff5721954fad8f2855c204301e59ef0b28a91d8d9bdbaf48cb659b,4,bm25,TP025,temporal,True,False,5,3,f4580736-a09e-471f-93d2-8089c695eb67,4.74151611328125,False,0.34729999970295466
transfusion-retrieval-v3,sha256:5fc6a9a0d5ff5721954fad8f2855c204301e59ef0b28a91d8d9bdbaf48cb659b,4,bm25,TP025,temporal,True,False,5,4,5e7838ae-0b80-4d05-b266-deb52de7b401,3.833465099334717,False,0.34729999970295466
transfusion-retrieval-v3,sha256:5fc6a9a0d5ff5721954fad8f2855c204301e59ef0b28a91d8d9bdbaf48cb659b,4,bm25,TP025,temporal,True,False,5,5,2e55093d-0a0f-4fd9-954b-4fc72df9eac0,3.1352901458740234,False,0.34729999970295466
transfusion-retrieval-v3,sha256:5fc6a9a0d5ff5721954fad8f2855c204301e59ef0b28a91d8d9bdbaf48cb659b,4,bm25,TP025,temporal,True,False,10,1,f9cfc75b-a5e7-4633-a798-4b17ea462325,6.9508376121521,False,0.34729999970295466
transfusion-retrieval-v3,sha256:5fc6a9a0d5ff5721954fad8f2855c204301e59ef0b28a91d8d9bdbaf48cb659b,4,bm25,TP025,temporal,True,False,10,2,54fdf811-dedd-4016-b144-3e4bfdcd67c8,5.593297481536865,False,0.34729999970295466
transfusion-retrieval-v3,sha256:5fc6a9a0d5ff5721954fad8f2855c204301e59ef0b28a91d8d9bdbaf48cb659b,4,bm25,TP025,temporal,True,False,10,3,f4580736-a09e-471f-93d2-8089c695eb67,4.74151611328125,False,0.34729999970295466
transfusion-retrieval-v3,sha256:5fc6a9a0d5ff5721954fad8f2855c204301e59ef0b28a91d8d9bdbaf48cb659b,4,bm25,TP025,temporal,True,False,10,4,5e7838ae-0b80-4d05-b266-deb52de7b401,3.833465099334717,False,0.34729999970295466
transfusion-retrieval-v3,sha256:5fc6a9a0d5ff5721954fad8f2855c204301e59ef0b28a91d8d9bdbaf48cb659b,4,bm25,TP025,temporal,True,False,10,5,2e55093d-0a0f-4fd9-954b-4fc72df9eac0,3.1352901458740234,False,0.34729999970295466
transfusion-retrieval-v3,sha256:5fc6a9a0d5ff5721954fad8f2855c204301e59ef0b28a91d8d9bdbaf48cb659b,4,bm25,TP025,temporal,True,False,10,6,8939253d-3272-4915-8c2b-c60062aeb818,3.0032620429992676,False,0.34729999970295466
transfusion-retrieval-v3,sha256:5fc6a9a0d5ff5721954fad8f2855c204301e59ef0b28a91d8d9bdbaf48cb659b,4,bm25,TP025,temporal,True,False,10,7,d3b7d61b-50f0-4b96-a770-785a9f3c3886,2.7699732780456543,False,0.34729999970295466
transfusion-retrieval-v3,sha256:5fc6a9a0d5ff5721954fad8f2855c204301e59ef0b28a91d8d9bdbaf48cb659b,4,bm25,TP025,temporal,True,False,10,8,a7cf71a5-8426-4d7c-8106-e0754e7cb4bf,2.620391368865967,False,0.34729999970295466
transfusion-retrieval-v3,sha256:5fc6a9a0d5ff5721954fad8f2855c204301e59ef0b28a91d8d9bdbaf48cb659b,4,bm25,TP025,temporal,True,False,10,9,fb4884e3-8fea-42fa-b996-7e9c333e7fef,0.0,False,0.34729999970295466
transfusion-retrieval-v3,sha256:5fc6a9a0d5ff5721954fad8f2855c204301e59ef0b28a91d8d9bdbaf48cb659b,4,bm25,TP025,temporal,True,False,10,10,761b9529-5b18-4262-8174-6062c35fb31c,0.0,False,0.34729999970295466
transfusion-retrieval-v3,sha256:5fc6a9a0d5ff5721954fad8f2855c204301e59ef0b28a91d8d9bdbaf48cb659b,4,bm25,TP026,procedure,True,False,1,1,9b6cc313-9a59-4387-a5ce-2ed14389a0a7,8.074217796325684,False,0.41150000106426887
transfusion-retrieval-v3,sha256:5fc6a9a0d5ff5721954fad8f2855c204301e59ef0b28a91d8d9bdbaf48cb659b,4,bm25,TP026,procedure,True,False,3,1,9b6cc313-9a59-4387-a5ce-2ed14389a0a7,8.074217796325684,False,0.41150000106426887
transfusion-retrieval-v3,sha256:5fc6a9a0d5ff5721954fad8f2855c204301e59ef0b28a91d8d9bdbaf48cb659b,4,bm25,TP026,procedure,True,False,3,2,f9cfc75b-a5e7-4633-a798-4b17ea462325,5.610550403594971,False,0.41150000106426887
transfusion-retrieval-v3,sha256:5fc6a9a0d5ff5721954fad8f2855c204301e59ef0b28a91d8d9bdbaf48cb659b,4,bm25,TP026,procedure,True,False,3,3,f4580736-a09e-471f-93d2-8089c695eb67,5.587043762207031,False,0.41150000106426887
transfusion-retrieval-v3,sha256:5fc6a9a0d5ff5721954fad8f2855c204301e59ef0b28a91d8d9bdbaf48cb659b,4,bm25,TP026,procedure,True,False,5,1,9b6cc313-9a59-4387-a5ce-2ed14389a0a7,8.074217796325684,False,0.41150000106426887
transfusion-retrieval-v3,sha256:5fc6a9a0d5ff5721954fad8f2855c204301e59ef0b28a91d8d9bdbaf48cb659b,4,bm25,TP026,procedure,True,False,5,2,f9cfc75b-a5e7-4633-a798-4b17ea462325,5.610550403594971,False,0.41150000106426887
transfusion-retrieval-v3,sha256:5fc6a9a0d5ff5721954fad8f2855c204301e59ef0b28a91d8d9bdbaf48cb659b,4,bm25,TP026,procedure,True,False,5,3,f4580736-a09e-471f-93d2-8089c695eb67,5.587043762207031,False,0.41150000106426887
transfusion-retrieval-v3,sha256:5fc6a9a0d5ff5721954fad8f2855c204301e59ef0b28a91d8d9bdbaf48cb659b,4,bm25,TP026,procedure,True,False,5,4,5de4d74d-720e-4d86-a836-f946d70a2d32,4.822951793670654,True,0.41150000106426887
transfusion-retrieval-v3,sha256:5fc6a9a0d5ff5721954fad8f2855c204301e59ef0b28a91d8d9bdbaf48cb659b,4,bm25,TP026,procedure,True,False,5,5,c78ff32d-ea17-41fd-98ef-2e8872f01df3,4.354409694671631,False,0.41150000106426887
transfusion-retrieval-v3,sha256:5fc6a9a0d5ff5721954fad8f2855c204301e59ef0b28a91d8d9bdbaf48cb659b,4,bm25,TP026,procedure,True,False,10,1,9b6cc313-9a59-4387-a5ce-2ed14389a0a7,8.074217796325684,False,0.41150000106426887
transfusion-retrieval-v3,sha256:5fc6a9a0d5ff5721954fad8f2855c204301e59ef0b28a91d8d9bdbaf48cb659b,4,bm25,TP026,procedure,True,False,10,2,f9cfc75b-a5e7-4633-a798-4b17ea462325,5.610550403594971,False,0.41150000106426887
transfusion-retrieval-v3,sha256:5fc6a9a0d5ff5721954fad8f2855c204301e59ef0b28a91d8d9bdbaf48cb659b,4,bm25,TP026,procedure,True,False,10,3,f4580736-a09e-471f-93d2-8089c695eb67,5.587043762207031,False,0.41150000106426887
transfusion-retrieval-v3,sha256:5fc6a9a0d5ff5721954fad8f2855c204301e59ef0b28a91d8d9bdbaf48cb659b,4,bm25,TP026,procedure,True,False,10,4,5de4d74d-720e-4d86-a836-f946d70a2d32,4.822951793670654,True,0.41150000106426887
transfusion-retrieval-v3,sha256:5fc6a9a0d5ff5721954fad8f2855c204301e59ef0b28a91d8d9bdbaf48cb659b,4,bm25,TP026,procedure,True,False,10,5,c78ff32d-ea17-41fd-98ef-2e8872f01df3,4.354409694671631,False,0.41150000106426887
transfusion-retrieval-v3,sha256:5fc6a9a0d5ff5721954fad8f2855c204301e59ef0b28a91d8d9bdbaf48cb659b,4,bm25,TP026,procedure,True,False,10,6,54fdf811-dedd-4016-b144-3e4bfdcd67c8,4.351317882537842,False,0.41150000106426887
transfusion-retrieval-v3,sha256:5fc6a9a0d5ff5721954fad8f2855c204301e59ef0b28a91d8d9bdbaf48cb659b,4,bm25,TP026,procedure,True,False,10,7,59d57c8a-c9d7-4f8d-b9a1-a2816f1f01f7,4.0892252922058105,False,0.41150000106426887
transfusion-retrieval-v3,sha256:5fc6a9a0d5ff5721954fad8f2855c204301e59ef0b28a91d8d9bdbaf48cb659b,4,bm25,TP026,procedure,True,False,10,8,3ecc27b9-634c-4026-b44e-e01123aa0467,3.924311399459839,False,0.41150000106426887
transfusion-retrieval-v3,sha256:5fc6a9a0d5ff5721954fad8f2855c204301e59ef0b28a91d8d9bdbaf48cb659b,4,bm25,TP026,procedure,True,False,10,9,e62b0c91-ff0c-43b2-9bd5-ff173d9f8bc0,3.917104482650757,False,0.41150000106426887
transfusion-retrieval-v3,sha256:5fc6a9a0d5ff5721954fad8f2855c204301e59ef0b28a91d8d9bdbaf48cb659b,4,bm25,TP026,procedure,True,False,10,10,73735f01-c9d0-4dd5-8d46-c70045e4b334,3.548024892807007,False,0.41150000106426887
transfusion-retrieval-v3,sha256:5fc6a9a0d5ff5721954fad8f2855c204301e59ef0b28a91d8d9bdbaf48cb659b,4,bm25,TP027,fact_specific,True,False,1,1,63e9db23-9c0a-4e6a-a272-3d118d242ca2,5.894290924072266,False,0.3691000019898638
transfusion-retrieval-v3,sha256:5fc6a9a0d5ff5721954fad8f2855c204301e59ef0b28a91d8d9bdbaf48cb659b,4,bm25,TP027,fact_specific,True,False,3,1,63e9db23-9c0a-4e6a-a272-3d118d242ca2,5.894290924072266,False,0.3691000019898638
transfusion-retrieval-v3,sha256:5fc6a9a0d5ff5721954fad8f2855c204301e59ef0b28a91d8d9bdbaf48cb659b,4,bm25,TP027,fact_specific,True,False,3,2,5de4d74d-720e-4d86-a836-f946d70a2d32,5.330313682556152,True,0.3691000019898638
transfusion-retrieval-v3,sha256:5fc6a9a0d5ff5721954fad8f2855c204301e59ef0b28a91d8d9bdbaf48cb659b,4,bm25,TP027,fact_specific,True,False,3,3,7e5199d4-e5c9-40ca-a69f-ea37f52c6ce3,0.9198150634765625,False,0.3691000019898638
transfusion-retrieval-v3,sha256:5fc6a9a0d5ff5721954fad8f2855c204301e59ef0b28a91d8d9bdbaf48cb659b,4,bm25,TP027,fact_specific,True,False,5,1,63e9db23-9c0a-4e6a-a272-3d118d242ca2,5.894290924072266,False,0.3691000019898638
transfusion-retrieval-v3,sha256:5fc6a9a0d5ff5721954fad8f2855c204301e59ef0b28a91d8d9bdbaf48cb659b,4,bm25,TP027,fact_specific,True,False,5,2,5de4d74d-720e-4d86-a836-f946d70a2d32,5.330313682556152,True,0.3691000019898638
transfusion-retrieval-v3,sha256:5fc6a9a0d5ff5721954fad8f2855c204301e59ef0b28a91d8d9bdbaf48cb659b,4,bm25,TP027,fact_specific,True,False,5,3,7e5199d4-e5c9-40ca-a69f-ea37f52c6ce3,0.9198150634765625,False,0.3691000019898638
transfusion-retrieval-v3,sha256:5fc6a9a0d5ff5721954fad8f2855c204301e59ef0b28a91d8d9bdbaf48cb659b,4,bm25,TP027,fact_specific,True,False,5,4,a7cf71a5-8426-4d7c-8106-e0754e7cb4bf,0.9092135429382324,False,0.3691000019898638
transfusion-retrieval-v3,sha256:5fc6a9a0d5ff5721954fad8f2855c204301e59ef0b28a91d8d9bdbaf48cb659b,4,bm25,TP027,fact_specific,True,False,5,5,c404e320-0bf2-4325-be92-7a0614f201ca,0.8950620293617249,False,0.3691000019898638
transfusion-retrieval-v3,sha256:5fc6a9a0d5ff5721954fad8f2855c204301e59ef0b28a91d8d9bdbaf48cb659b,4,bm25,TP027,fact_specific,True,False,10,1,63e9db23-9c0a-4e6a-a272-3d118d242ca2,5.894290924072266,False,0.3691000019898638
transfusion-retrieval-v3,sha256:5fc6a9a0d5ff5721954fad8f2855c204301e59ef0b28a91d8d9bdbaf48cb659b,4,bm25,TP027,fact_specific,True,False,10,2,5de4d74d-720e-4d86-a836-f946d70a2d32,5.330313682556152,True,0.3691000019898638
transfusion-retrieval-v3,sha256:5fc6a9a0d5ff5721954fad8f2855c204301e59ef0b28a91d8d9bdbaf48cb659b,4,bm25,TP027,fact_specific,True,False,10,3,7e5199d4-e5c9-40ca-a69f-ea37f52c6ce3,0.9198150634765625,False,0.3691000019898638
transfusion-retrieval-v3,sha256:5fc6a9a0d5ff5721954fad8f2855c204301e59ef0b28a91d8d9bdbaf48cb659b,4,bm25,TP027,fact_specific,True,False,10,4,a7cf71a5-8426-4d7c-8106-e0754e7cb4bf,0.9092135429382324,False,0.3691000019898638
transfusion-retrieval-v3,sha256:5fc6a9a0d5ff5721954fad8f2855c204301e59ef0b28a91d8d9bdbaf48cb659b,4,bm25,TP027,fact_specific,True,False,10,5,c404e320-0bf2-4325-be92-7a0614f201ca,0.8950620293617249,False,0.3691000019898638
transfusion-retrieval-v3,sha256:5fc6a9a0d5ff5721954fad8f2855c204301e59ef0b28a91d8d9bdbaf48cb659b,4,bm25,TP027,fact_specific,True,False,10,6,73735f01-c9d0-4dd5-8d46-c70045e4b334,0.8702232837677002,False,0.3691000019898638
transfusion-retrieval-v3,sha256:5fc6a9a0d5ff5721954fad8f2855c204301e59ef0b28a91d8d9bdbaf48cb659b,4,bm25,TP027,fact_specific,True,False,10,7,16efaa44-1554-4748-8407-48fac0bced94,0.8496715426445007,False,0.3691000019898638
transfusion-retrieval-v3,sha256:5fc6a9a0d5ff5721954fad8f2855c204301e59ef0b28a91d8d9bdbaf48cb659b,4,bm25,TP027,fact_specific,True,False,10,8,30ce28cb-f702-4cce-8105-137e2f73af0d,0.8492841124534607,False,0.3691000019898638
transfusion-retrieval-v3,sha256:5fc6a9a0d5ff5721954fad8f2855c204301e59ef0b28a91d8d9bdbaf48cb659b,4,bm25,TP027,fact_specific,True,False,10,9,22e6c188-2e4c-4029-b200-7770a3f00e6e,0.8428277373313904,False,0.3691000019898638
transfusion-retrieval-v3,sha256:5fc6a9a0d5ff5721954fad8f2855c204301e59ef0b28a91d8d9bdbaf48cb659b,4,bm25,TP027,fact_specific,True,False,10,10,70b95f72-95ec-43b5-b76f-657518103256,0.842285692691803,False,0.3691000019898638
transfusion-retrieval-v3,sha256:5fc6a9a0d5ff5721954fad8f2855c204301e59ef0b28a91d8d9bdbaf48cb659b,4,bm25,TP028,fact_specific,True,False,1,1,54fdf811-dedd-4016-b144-3e4bfdcd67c8,9.588592529296875,False,0.3609000013966579
transfusion-retrieval-v3,sha256:5fc6a9a0d5ff5721954fad8f2855c204301e59ef0b28a91d8d9bdbaf48cb659b,4,bm25,TP028,fact_specific,True,False,3,1,54fdf811-dedd-4016-b144-3e4bfdcd67c8,9.588592529296875,False,0.3609000013966579
transfusion-retrieval-v3,sha256:5fc6a9a0d5ff5721954fad8f2855c204301e59ef0b28a91d8d9bdbaf48cb659b,4,bm25,TP028,fact_specific,True,False,3,2,23c6ca0d-04bf-4081-b90a-9819029dcd73,8.653252601623535,False,0.3609000013966579
transfusion-retrieval-v3,sha256:5fc6a9a0d5ff5721954fad8f2855c204301e59ef0b28a91d8d9bdbaf48cb659b,4,bm25,TP028,fact_specific,True,False,3,3,4c0dde2a-0432-4cb2-ad33-987f5979ff76,7.2013936042785645,False,0.3609000013966579
transfusion-retrieval-v3,sha256:5fc6a9a0d5ff5721954fad8f2855c204301e59ef0b28a91d8d9bdbaf48cb659b,4,bm25,TP028,fact_specific,True,False,5,1,54fdf811-dedd-4016-b144-3e4bfdcd67c8,9.588592529296875,False,0.3609000013966579
transfusion-retrieval-v3,sha256:5fc6a9a0d5ff5721954fad8f2855c204301e59ef0b28a91d8d9bdbaf48cb659b,4,bm25,TP028,fact_specific,True,False,5,2,23c6ca0d-04bf-4081-b90a-9819029dcd73,8.653252601623535,False,0.3609000013966579
transfusion-retrieval-v3,sha256:5fc6a9a0d5ff5721954fad8f2855c204301e59ef0b28a91d8d9bdbaf48cb659b,4,bm25,TP028,fact_specific,True,False,5,3,4c0dde2a-0432-4cb2-ad33-987f5979ff76,7.2013936042785645,False,0.3609000013966579
transfusion-retrieval-v3,sha256:5fc6a9a0d5ff5721954fad8f2855c204301e59ef0b28a91d8d9bdbaf48cb659b,4,bm25,TP028,fact_specific,True,False,5,4,e62b0c91-ff0c-43b2-9bd5-ff173d9f8bc0,4.3692169189453125,True,0.3609000013966579
transfusion-retrieval-v3,sha256:5fc6a9a0d5ff5721954fad8f2855c204301e59ef0b28a91d8d9bdbaf48cb659b,4,bm25,TP028,fact_specific,True,False,5,5,d4c1a9ca-23c5-4ae0-9a51-c56675b2e6d1,4.125542640686035,False,0.3609000013966579
transfusion-retrieval-v3,sha256:5fc6a9a0d5ff5721954fad8f2855c204301e59ef0b28a91d8d9bdbaf48cb659b,4,bm25,TP028,fact_specific,True,False,10,1,54fdf811-dedd-4016-b144-3e4bfdcd67c8,9.588592529296875,False,0.3609000013966579
transfusion-retrieval-v3,sha256:5fc6a9a0d5ff5721954fad8f2855c204301e59ef0b28a91d8d9bdbaf48cb659b,4,bm25,TP028,fact_specific,True,False,10,2,23c6ca0d-04bf-4081-b90a-9819029dcd73,8.653252601623535,False,0.3609000013966579
transfusion-retrieval-v3,sha256:5fc6a9a0d5ff5721954fad8f2855c204301e59ef0b28a91d8d9bdbaf48cb659b,4,bm25,TP028,fact_specific,True,False,10,3,4c0dde2a-0432-4cb2-ad33-987f5979ff76,7.2013936042785645,False,0.3609000013966579
transfusion-retrieval-v3,sha256:5fc6a9a0d5ff5721954fad8f2855c204301e59ef0b28a91d8d9bdbaf48cb659b,4,bm25,TP028,fact_specific,True,False,10,4,e62b0c91-ff0c-43b2-9bd5-ff173d9f8bc0,4.3692169189453125,True,0.3609000013966579
transfusion-retrieval-v3,sha256:5fc6a9a0d5ff5721954fad8f2855c204301e59ef0b28a91d8d9bdbaf48cb659b,4,bm25,TP028,fact_specific,True,False,10,5,d4c1a9ca-23c5-4ae0-9a51-c56675b2e6d1,4.125542640686035,False,0.3609000013966579
transfusion-retrieval-v3,sha256:5fc6a9a0d5ff5721954fad8f2855c204301e59ef0b28a91d8d9bdbaf48cb659b,4,bm25,TP028,fact_specific,True,False,10,6,e96acbc9-66b4-4df4-953b-3f7b0a846bbc,3.545820713043213,False,0.3609000013966579
transfusion-retrieval-v3,sha256:5fc6a9a0d5ff5721954fad8f2855c204301e59ef0b28a91d8d9bdbaf48cb659b,4,bm25,TP028,fact_specific,True,False,10,7,bc88f538-e881-4c81-85e9-fca20614315d,3.000521183013916,False,0.3609000013966579
transfusion-retrieval-v3,sha256:5fc6a9a0d5ff5721954fad8f2855c204301e59ef0b28a91d8d9bdbaf48cb659b,4,bm25,TP028,fact_specific,True,False,10,8,9b6cc313-9a59-4387-a5ce-2ed14389a0a7,2.9439892768859863,False,0.3609000013966579
transfusion-retrieval-v3,sha256:5fc6a9a0d5ff5721954fad8f2855c204301e59ef0b28a91d8d9bdbaf48cb659b,4,bm25,TP028,fact_specific,True,False,10,9,5de4d74d-720e-4d86-a836-f946d70a2d32,2.820017099380493,False,0.3609000013966579
transfusion-retrieval-v3,sha256:5fc6a9a0d5ff5721954fad8f2855c204301e59ef0b28a91d8d9bdbaf48cb659b,4,bm25,TP028,fact_specific,True,False,10,10,73735f01-c9d0-4dd5-8d46-c70045e4b334,2.7700257301330566,False,0.3609000013966579
transfusion-retrieval-v3,sha256:5fc6a9a0d5ff5721954fad8f2855c204301e59ef0b28a91d8d9bdbaf48cb659b,4,bm25,TP029,product_specific,True,False,1,1,54fdf811-dedd-4016-b144-3e4bfdcd67c8,9.356358528137207,False,0.3360999980941415
transfusion-retrieval-v3,sha256:5fc6a9a0d5ff5721954fad8f2855c204301e59ef0b28a91d8d9bdbaf48cb659b,4,bm25,TP029,product_specific,True,False,3,1,54fdf811-dedd-4016-b144-3e4bfdcd67c8,9.356358528137207,False,0.3360999980941415
transfusion-retrieval-v3,sha256:5fc6a9a0d5ff5721954fad8f2855c204301e59ef0b28a91d8d9bdbaf48cb659b,4,bm25,TP029,product_specific,True,False,3,2,4c0dde2a-0432-4cb2-ad33-987f5979ff76,7.889040946960449,False,0.3360999980941415
transfusion-retrieval-v3,sha256:5fc6a9a0d5ff5721954fad8f2855c204301e59ef0b28a91d8d9bdbaf48cb659b,4,bm25,TP029,product_specific,True,False,3,3,d4c1a9ca-23c5-4ae0-9a51-c56675b2e6d1,4.697351932525635,False,0.3360999980941415
transfusion-retrieval-v3,sha256:5fc6a9a0d5ff5721954fad8f2855c204301e59ef0b28a91d8d9bdbaf48cb659b,4,bm25,TP029,product_specific,True,False,5,1,54fdf811-dedd-4016-b144-3e4bfdcd67c8,9.356358528137207,False,0.3360999980941415
transfusion-retrieval-v3,sha256:5fc6a9a0d5ff5721954fad8f2855c204301e59ef0b28a91d8d9bdbaf48cb659b,4,bm25,TP029,product_specific,True,False,5,2,4c0dde2a-0432-4cb2-ad33-987f5979ff76,7.889040946960449,False,0.3360999980941415
transfusion-retrieval-v3,sha256:5fc6a9a0d5ff5721954fad8f2855c204301e59ef0b28a91d8d9bdbaf48cb659b,4,bm25,TP029,product_specific,True,False,5,3,d4c1a9ca-23c5-4ae0-9a51-c56675b2e6d1,4.697351932525635,False,0.3360999980941415
transfusion-retrieval-v3,sha256:5fc6a9a0d5ff5721954fad8f2855c204301e59ef0b28a91d8d9bdbaf48cb659b,4,bm25,TP029,product_specific,True,False,5,4,e96acbc9-66b4-4df4-953b-3f7b0a846bbc,3.545820713043213,False,0.3360999980941415
transfusion-retrieval-v3,sha256:5fc6a9a0d5ff5721954fad8f2855c204301e59ef0b28a91d8d9bdbaf48cb659b,4,bm25,TP029,product_specific,True,False,5,5,3ecc27b9-634c-4026-b44e-e01123aa0467,0.7089129686355591,False,0.3360999980941415
transfusion-retrieval-v3,sha256:5fc6a9a0d5ff5721954fad8f2855c204301e59ef0b28a91d8d9bdbaf48cb659b,4,bm25,TP029,product_specific,True,False,10,1,54fdf811-dedd-4016-b144-3e4bfdcd67c8,9.356358528137207,False,0.3360999980941415
transfusion-retrieval-v3,sha256:5fc6a9a0d5ff5721954fad8f2855c204301e59ef0b28a91d8d9bdbaf48cb659b,4,bm25,TP029,product_specific,True,False,10,2,4c0dde2a-0432-4cb2-ad33-987f5979ff76,7.889040946960449,False,0.3360999980941415
transfusion-retrieval-v3,sha256:5fc6a9a0d5ff5721954fad8f2855c204301e59ef0b28a91d8d9bdbaf48cb659b,4,bm25,TP029,product_specific,True,False,10,3,d4c1a9ca-23c5-4ae0-9a51-c56675b2e6d1,4.697351932525635,False,0.3360999980941415
transfusion-retrieval-v3,sha256:5fc6a9a0d5ff5721954fad8f2855c204301e59ef0b28a91d8d9bdbaf48cb659b,4,bm25,TP029,product_specific,True,False,10,4,e96acbc9-66b4-4df4-953b-3f7b0a846bbc,3.545820713043213,False,0.3360999980941415
transfusion-retrieval-v3,sha256:5fc6a9a0d5ff5721954fad8f2855c204301e59ef0b28a91d8d9bdbaf48cb659b,4,bm25,TP029,product_specific,True,False,10,5,3ecc27b9-634c-4026-b44e-e01123aa0467,0.7089129686355591,False,0.3360999980941415
transfusion-retrieval-v3,sha256:5fc6a9a0d5ff5721954fad8f2855c204301e59ef0b28a91d8d9bdbaf48cb659b,4,bm25,TP029,product_specific,True,False,10,6,63b53156-440d-40c1-bc88-5c07c23ae77f,0.618414044380188,False,0.3360999980941415
transfusion-retrieval-v3,sha256:5fc6a9a0d5ff5721954fad8f2855c204301e59ef0b28a91d8d9bdbaf48cb659b,4,bm25,TP029,product_specific,True,False,10,7,7c33fbb7-e931-4f6b-9520-23875ec9ee5b,0.5645987391471863,False,0.3360999980941415
transfusion-retrieval-v3,sha256:5fc6a9a0d5ff5721954fad8f2855c204301e59ef0b28a91d8d9bdbaf48cb659b,4,bm25,TP029,product_specific,True,False,10,8,1033ac46-dec8-493e-b577-7f5ad80f8e86,0.5276455879211426,False,0.3360999980941415
transfusion-retrieval-v3,sha256:5fc6a9a0d5ff5721954fad8f2855c204301e59ef0b28a91d8d9bdbaf48cb659b,4,bm25,TP029,product_specific,True,False,10,9,09f3c6d5-9e0c-4545-960f-b16c69abbeb1,0.5191509127616882,False,0.3360999980941415
transfusion-retrieval-v3,sha256:5fc6a9a0d5ff5721954fad8f2855c204301e59ef0b28a91d8d9bdbaf48cb659b,4,bm25,TP029,product_specific,True,False,10,10,59d57c8a-c9d7-4f8d-b9a1-a2816f1f01f7,0.4734208881855011,True,0.3360999980941415
transfusion-retrieval-v3,sha256:5fc6a9a0d5ff5721954fad8f2855c204301e59ef0b28a91d8d9bdbaf48cb659b,4,bm25,TP030,paraphrase,True,False,1,1,9552a4ac-31b4-43a8-aa92-37bd3e89362a,6.240203857421875,False,0.5497999991348479
transfusion-retrieval-v3,sha256:5fc6a9a0d5ff5721954fad8f2855c204301e59ef0b28a91d8d9bdbaf48cb659b,4,bm25,TP030,paraphrase,True,False,3,1,9552a4ac-31b4-43a8-aa92-37bd3e89362a,6.240203857421875,False,0.5497999991348479
transfusion-retrieval-v3,sha256:5fc6a9a0d5ff5721954fad8f2855c204301e59ef0b28a91d8d9bdbaf48cb659b,4,bm25,TP030,paraphrase,True,False,3,2,f4580736-a09e-471f-93d2-8089c695eb67,4.74151611328125,False,0.5497999991348479
transfusion-retrieval-v3,sha256:5fc6a9a0d5ff5721954fad8f2855c204301e59ef0b28a91d8d9bdbaf48cb659b,4,bm25,TP030,paraphrase,True,False,3,3,f7a9837d-f8db-4461-abd8-a3607db2276f,4.718916416168213,False,0.5497999991348479
transfusion-retrieval-v3,sha256:5fc6a9a0d5ff5721954fad8f2855c204301e59ef0b28a91d8d9bdbaf48cb659b,4,bm25,TP030,paraphrase,True,False,5,1,9552a4ac-31b4-43a8-aa92-37bd3e89362a,6.240203857421875,False,0.5497999991348479
transfusion-retrieval-v3,sha256:5fc6a9a0d5ff5721954fad8f2855c204301e59ef0b28a91d8d9bdbaf48cb659b,4,bm25,TP030,paraphrase,True,False,5,2,f4580736-a09e-471f-93d2-8089c695eb67,4.74151611328125,False,0.5497999991348479
transfusion-retrieval-v3,sha256:5fc6a9a0d5ff5721954fad8f2855c204301e59ef0b28a91d8d9bdbaf48cb659b,4,bm25,TP030,paraphrase,True,False,5,3,f7a9837d-f8db-4461-abd8-a3607db2276f,4.718916416168213,False,0.5497999991348479
transfusion-retrieval-v3,sha256:5fc6a9a0d5ff5721954fad8f2855c204301e59ef0b28a91d8d9bdbaf48cb659b,4,bm25,TP030,paraphrase,True,False,5,4,4c0dde2a-0432-4cb2-ad33-987f5979ff76,4.5704240798950195,False,0.5497999991348479
transfusion-retrieval-v3,sha256:5fc6a9a0d5ff5721954fad8f2855c204301e59ef0b28a91d8d9bdbaf48cb659b,4,bm25,TP030,paraphrase,True,False,5,5,84c0a864-176f-4776-a15e-167fc2518e5d,4.19403076171875,False,0.5497999991348479
transfusion-retrieval-v3,sha256:5fc6a9a0d5ff5721954fad8f2855c204301e59ef0b28a91d8d9bdbaf48cb659b,4,bm25,TP030,paraphrase,True,False,10,1,9552a4ac-31b4-43a8-aa92-37bd3e89362a,6.240203857421875,False,0.5497999991348479
transfusion-retrieval-v3,sha256:5fc6a9a0d5ff5721954fad8f2855c204301e59ef0b28a91d8d9bdbaf48cb659b,4,bm25,TP030,paraphrase,True,False,10,2,f4580736-a09e-471f-93d2-8089c695eb67,4.74151611328125,False,0.5497999991348479
transfusion-retrieval-v3,sha256:5fc6a9a0d5ff5721954fad8f2855c204301e59ef0b28a91d8d9bdbaf48cb659b,4,bm25,TP030,paraphrase,True,False,10,3,f7a9837d-f8db-4461-abd8-a3607db2276f,4.718916416168213,False,0.5497999991348479
transfusion-retrieval-v3,sha256:5fc6a9a0d5ff5721954fad8f2855c204301e59ef0b28a91d8d9bdbaf48cb659b,4,bm25,TP030,paraphrase,True,False,10,4,4c0dde2a-0432-4cb2-ad33-987f5979ff76,4.5704240798950195,False,0.5497999991348479
transfusion-retrieval-v3,sha256:5fc6a9a0d5ff5721954fad8f2855c204301e59ef0b28a91d8d9bdbaf48cb659b,4,bm25,TP030,paraphrase,True,False,10,5,84c0a864-176f-4776-a15e-167fc2518e5d,4.19403076171875,False,0.5497999991348479
transfusion-retrieval-v3,sha256:5fc6a9a0d5ff5721954fad8f2855c204301e59ef0b28a91d8d9bdbaf48cb659b,4,bm25,TP030,paraphrase,True,False,10,6,b0b5bc4f-7d0b-4f56-8e37-84178d38637d,4.157996654510498,True,0.5497999991348479
transfusion-retrieval-v3,sha256:5fc6a9a0d5ff5721954fad8f2855c204301e59ef0b28a91d8d9bdbaf48cb659b,4,bm25,TP030,paraphrase,True,False,10,7,c404e320-0bf2-4325-be92-7a0614f201ca,3.9960734844207764,False,0.5497999991348479
transfusion-retrieval-v3,sha256:5fc6a9a0d5ff5721954fad8f2855c204301e59ef0b28a91d8d9bdbaf48cb659b,4,bm25,TP030,paraphrase,True,False,10,8,5e7838ae-0b80-4d05-b266-deb52de7b401,3.833465099334717,False,0.5497999991348479
transfusion-retrieval-v3,sha256:5fc6a9a0d5ff5721954fad8f2855c204301e59ef0b28a91d8d9bdbaf48cb659b,4,bm25,TP030,paraphrase,True,False,10,9,4d18d11e-2a92-4690-8a64-46653931483e,3.619680881500244,False,0.5497999991348479
transfusion-retrieval-v3,sha256:5fc6a9a0d5ff5721954fad8f2855c204301e59ef0b28a91d8d9bdbaf48cb659b,4,bm25,TP030,paraphrase,True,False,10,10,81a83ec4-b5d1-4305-9f44-93e5fa935ffe,3.298006772994995,False,0.5497999991348479
transfusion-retrieval-v3,sha256:5fc6a9a0d5ff5721954fad8f2855c204301e59ef0b28a91d8d9bdbaf48cb659b,4,bm25,TP031,monitoring,True,False,1,1,b0d368a1-d0fc-4b8b-8567-e190cf462986,3.7695443630218506,False,0.5851000023540109
transfusion-retrieval-v3,sha256:5fc6a9a0d5ff5721954fad8f2855c204301e59ef0b28a91d8d9bdbaf48cb659b,4,bm25,TP031,monitoring,True,False,3,1,b0d368a1-d0fc-4b8b-8567-e190cf462986,3.7695443630218506,False,0.5851000023540109
transfusion-retrieval-v3,sha256:5fc6a9a0d5ff5721954fad8f2855c204301e59ef0b28a91d8d9bdbaf48cb659b,4,bm25,TP031,monitoring,True,False,3,2,7e5199d4-e5c9-40ca-a69f-ea37f52c6ce3,1.938194751739502,False,0.5851000023540109
transfusion-retrieval-v3,sha256:5fc6a9a0d5ff5721954fad8f2855c204301e59ef0b28a91d8d9bdbaf48cb659b,4,bm25,TP031,monitoring,True,False,3,3,64fa07b8-63c3-43c8-899e-5bd6282225ed,1.6739897727966309,False,0.5851000023540109
transfusion-retrieval-v3,sha256:5fc6a9a0d5ff5721954fad8f2855c204301e59ef0b28a91d8d9bdbaf48cb659b,4,bm25,TP031,monitoring,True,False,5,1,b0d368a1-d0fc-4b8b-8567-e190cf462986,3.7695443630218506,False,0.5851000023540109
transfusion-retrieval-v3,sha256:5fc6a9a0d5ff5721954fad8f2855c204301e59ef0b28a91d8d9bdbaf48cb659b,4,bm25,TP031,monitoring,True,False,5,2,7e5199d4-e5c9-40ca-a69f-ea37f52c6ce3,1.938194751739502,False,0.5851000023540109
transfusion-retrieval-v3,sha256:5fc6a9a0d5ff5721954fad8f2855c204301e59ef0b28a91d8d9bdbaf48cb659b,4,bm25,TP031,monitoring,True,False,5,3,64fa07b8-63c3-43c8-899e-5bd6282225ed,1.6739897727966309,False,0.5851000023540109
transfusion-retrieval-v3,sha256:5fc6a9a0d5ff5721954fad8f2855c204301e59ef0b28a91d8d9bdbaf48cb659b,4,bm25,TP031,monitoring,True,False,5,4,d3b7d61b-50f0-4b96-a770-785a9f3c3886,1.21943998336792,False,0.5851000023540109
transfusion-retrieval-v3,sha256:5fc6a9a0d5ff5721954fad8f2855c204301e59ef0b28a91d8d9bdbaf48cb659b,4,bm25,TP031,monitoring,True,False,5,5,a7cf71a5-8426-4d7c-8106-e0754e7cb4bf,0.9092135429382324,True,0.5851000023540109
transfusion-retrieval-v3,sha256:5fc6a9a0d5ff5721954fad8f2855c204301e59ef0b28a91d8d9bdbaf48cb659b,4,bm25,TP031,monitoring,True,False,10,1,b0d368a1-d0fc-4b8b-8567-e190cf462986,3.7695443630218506,False,0.5851000023540109
transfusion-retrieval-v3,sha256:5fc6a9a0d5ff5721954fad8f2855c204301e59ef0b28a91d8d9bdbaf48cb659b,4,bm25,TP031,monitoring,True,False,10,2,7e5199d4-e5c9-40ca-a69f-ea37f52c6ce3,1.938194751739502,False,0.5851000023540109
transfusion-retrieval-v3,sha256:5fc6a9a0d5ff5721954fad8f2855c204301e59ef0b28a91d8d9bdbaf48cb659b,4,bm25,TP031,monitoring,True,False,10,3,64fa07b8-63c3-43c8-899e-5bd6282225ed,1.6739897727966309,False,0.5851000023540109
transfusion-retrieval-v3,sha256:5fc6a9a0d5ff5721954fad8f2855c204301e59ef0b28a91d8d9bdbaf48cb659b,4,bm25,TP031,monitoring,True,False,10,4,d3b7d61b-50f0-4b96-a770-785a9f3c3886,1.21943998336792,False,0.5851000023540109
transfusion-retrieval-v3,sha256:5fc6a9a0d5ff5721954fad8f2855c204301e59ef0b28a91d8d9bdbaf48cb659b,4,bm25,TP031,monitoring,True,False,10,5,a7cf71a5-8426-4d7c-8106-e0754e7cb4bf,0.9092135429382324,True,0.5851000023540109
transfusion-retrieval-v3,sha256:5fc6a9a0d5ff5721954fad8f2855c204301e59ef0b28a91d8d9bdbaf48cb659b,4,bm25,TP031,monitoring,True,False,10,6,5de4d74d-720e-4d86-a836-f946d70a2d32,0.901841402053833,False,0.5851000023540109
transfusion-retrieval-v3,sha256:5fc6a9a0d5ff5721954fad8f2855c204301e59ef0b28a91d8d9bdbaf48cb659b,4,bm25,TP031,monitoring,True,False,10,7,c404e320-0bf2-4325-be92-7a0614f201ca,0.8950620293617249,False,0.5851000023540109
transfusion-retrieval-v3,sha256:5fc6a9a0d5ff5721954fad8f2855c204301e59ef0b28a91d8d9bdbaf48cb659b,4,bm25,TP031,monitoring,True,False,10,8,73735f01-c9d0-4dd5-8d46-c70045e4b334,0.8702232837677002,False,0.5851000023540109
transfusion-retrieval-v3,sha256:5fc6a9a0d5ff5721954fad8f2855c204301e59ef0b28a91d8d9bdbaf48cb659b,4,bm25,TP031,monitoring,True,False,10,9,16efaa44-1554-4748-8407-48fac0bced94,0.8496715426445007,False,0.5851000023540109
transfusion-retrieval-v3,sha256:5fc6a9a0d5ff5721954fad8f2855c204301e59ef0b28a91d8d9bdbaf48cb659b,4,bm25,TP031,monitoring,True,False,10,10,30ce28cb-f702-4cce-8105-137e2f73af0d,0.8492841124534607,False,0.5851000023540109
transfusion-retrieval-v3,sha256:5fc6a9a0d5ff5721954fad8f2855c204301e59ef0b28a91d8d9bdbaf48cb659b,4,bm25,TP032,adverse_reaction,True,False,1,1,15e829a9-a475-429d-b0e3-5c34bfbd3ab7,6.542369842529297,True,0.3467999995336868
transfusion-retrieval-v3,sha256:5fc6a9a0d5ff5721954fad8f2855c204301e59ef0b28a91d8d9bdbaf48cb659b,4,bm25,TP032,adverse_reaction,True,False,3,1,15e829a9-a475-429d-b0e3-5c34bfbd3ab7,6.542369842529297,True,0.3467999995336868
transfusion-retrieval-v3,sha256:5fc6a9a0d5ff5721954fad8f2855c204301e59ef0b28a91d8d9bdbaf48cb659b,4,bm25,TP032,adverse_reaction,True,False,3,2,391ad5dc-0d1c-4350-85ba-5aa601d9ac0d,6.468019008636475,False,0.3467999995336868
transfusion-retrieval-v3,sha256:5fc6a9a0d5ff5721954fad8f2855c204301e59ef0b28a91d8d9bdbaf48cb659b,4,bm25,TP032,adverse_reaction,True,False,3,3,c78ff32d-ea17-41fd-98ef-2e8872f01df3,5.844668865203857,False,0.3467999995336868
transfusion-retrieval-v3,sha256:5fc6a9a0d5ff5721954fad8f2855c204301e59ef0b28a91d8d9bdbaf48cb659b,4,bm25,TP032,adverse_reaction,True,False,5,1,15e829a9-a475-429d-b0e3-5c34bfbd3ab7,6.542369842529297,True,0.3467999995336868
transfusion-retrieval-v3,sha256:5fc6a9a0d5ff5721954fad8f2855c204301e59ef0b28a91d8d9bdbaf48cb659b,4,bm25,TP032,adverse_reaction,True,False,5,2,391ad5dc-0d1c-4350-85ba-5aa601d9ac0d,6.468019008636475,False,0.3467999995336868
transfusion-retrieval-v3,sha256:5fc6a9a0d5ff5721954fad8f2855c204301e59ef0b28a91d8d9bdbaf48cb659b,4,bm25,TP032,adverse_reaction,True,False,5,3,c78ff32d-ea17-41fd-98ef-2e8872f01df3,5.844668865203857,False,0.3467999995336868
transfusion-retrieval-v3,sha256:5fc6a9a0d5ff5721954fad8f2855c204301e59ef0b28a91d8d9bdbaf48cb659b,4,bm25,TP032,adverse_reaction,True,False,5,4,9552a4ac-31b4-43a8-aa92-37bd3e89362a,5.7914910316467285,False,0.3467999995336868
transfusion-retrieval-v3,sha256:5fc6a9a0d5ff5721954fad8f2855c204301e59ef0b28a91d8d9bdbaf48cb659b,4,bm25,TP032,adverse_reaction,True,False,5,5,84c0a864-176f-4776-a15e-167fc2518e5d,3.892451524734497,False,0.3467999995336868
transfusion-retrieval-v3,sha256:5fc6a9a0d5ff5721954fad8f2855c204301e59ef0b28a91d8d9bdbaf48cb659b,4,bm25,TP032,adverse_reaction,True,False,10,1,15e829a9-a475-429d-b0e3-5c34bfbd3ab7,6.542369842529297,True,0.3467999995336868
transfusion-retrieval-v3,sha256:5fc6a9a0d5ff5721954fad8f2855c204301e59ef0b28a91d8d9bdbaf48cb659b,4,bm25,TP032,adverse_reaction,True,False,10,2,391ad5dc-0d1c-4350-85ba-5aa601d9ac0d,6.468019008636475,False,0.3467999995336868
transfusion-retrieval-v3,sha256:5fc6a9a0d5ff5721954fad8f2855c204301e59ef0b28a91d8d9bdbaf48cb659b,4,bm25,TP032,adverse_reaction,True,False,10,3,c78ff32d-ea17-41fd-98ef-2e8872f01df3,5.844668865203857,False,0.3467999995336868
transfusion-retrieval-v3,sha256:5fc6a9a0d5ff5721954fad8f2855c204301e59ef0b28a91d8d9bdbaf48cb659b,4,bm25,TP032,adverse_reaction,True,False,10,4,9552a4ac-31b4-43a8-aa92-37bd3e89362a,5.7914910316467285,False,0.3467999995336868
transfusion-retrieval-v3,sha256:5fc6a9a0d5ff5721954fad8f2855c204301e59ef0b28a91d8d9bdbaf48cb659b,4,bm25,TP032,adverse_reaction,True,False,10,5,84c0a864-176f-4776-a15e-167fc2518e5d,3.892451524734497,False,0.3467999995336868
transfusion-retrieval-v3,sha256:5fc6a9a0d5ff5721954fad8f2855c204301e59ef0b28a91d8d9bdbaf48cb659b,4,bm25,TP032,adverse_reaction,True,False,10,6,d4c1a9ca-23c5-4ae0-9a51-c56675b2e6d1,3.6445727348327637,False,0.3467999995336868
transfusion-retrieval-v3,sha256:5fc6a9a0d5ff5721954fad8f2855c204301e59ef0b28a91d8d9bdbaf48cb659b,4,bm25,TP032,adverse_reaction,True,False,10,7,17abd2d4-27a2-40ba-a55b-0b3ceee19005,3.5676209926605225,False,0.3467999995336868
transfusion-retrieval-v3,sha256:5fc6a9a0d5ff5721954fad8f2855c204301e59ef0b28a91d8d9bdbaf48cb659b,4,bm25,TP032,adverse_reaction,True,False,10,8,324bc249-0e84-46e9-b77f-856c76cd5353,2.4651122093200684,False,0.3467999995336868
transfusion-retrieval-v3,sha256:5fc6a9a0d5ff5721954fad8f2855c204301e59ef0b28a91d8d9bdbaf48cb659b,4,bm25,TP032,adverse_reaction,True,False,10,9,7abe62fa-6fdb-4466-a16b-73e1770f0c57,2.4337682723999023,False,0.3467999995336868
transfusion-retrieval-v3,sha256:5fc6a9a0d5ff5721954fad8f2855c204301e59ef0b28a91d8d9bdbaf48cb659b,4,bm25,TP032,adverse_reaction,True,False,10,10,8939253d-3272-4915-8c2b-c60062aeb818,1.2086797952651978,True,0.3467999995336868
transfusion-retrieval-v3,sha256:5fc6a9a0d5ff5721954fad8f2855c204301e59ef0b28a91d8d9bdbaf48cb659b,4,bm25,TP033,adverse_reaction,True,False,1,1,8939253d-3272-4915-8c2b-c60062aeb818,9.275681495666504,True,0.30220000189729035
transfusion-retrieval-v3,sha256:5fc6a9a0d5ff5721954fad8f2855c204301e59ef0b28a91d8d9bdbaf48cb659b,4,bm25,TP033,adverse_reaction,True,False,3,1,8939253d-3272-4915-8c2b-c60062aeb818,9.275681495666504,True,0.30220000189729035
transfusion-retrieval-v3,sha256:5fc6a9a0d5ff5721954fad8f2855c204301e59ef0b28a91d8d9bdbaf48cb659b,4,bm25,TP033,adverse_reaction,True,False,3,2,324bc249-0e84-46e9-b77f-856c76cd5353,6.799183368682861,False,0.30220000189729035
transfusion-retrieval-v3,sha256:5fc6a9a0d5ff5721954fad8f2855c204301e59ef0b28a91d8d9bdbaf48cb659b,4,bm25,TP033,adverse_reaction,True,False,3,3,2e55093d-0a0f-4fd9-954b-4fc72df9eac0,5.139026165008545,False,0.30220000189729035
transfusion-retrieval-v3,sha256:5fc6a9a0d5ff5721954fad8f2855c204301e59ef0b28a91d8d9bdbaf48cb659b,4,bm25,TP033,adverse_reaction,True,False,5,1,8939253d-3272-4915-8c2b-c60062aeb818,9.275681495666504,True,0.30220000189729035
transfusion-retrieval-v3,sha256:5fc6a9a0d5ff5721954fad8f2855c204301e59ef0b28a91d8d9bdbaf48cb659b,4,bm25,TP033,adverse_reaction,True,False,5,2,324bc249-0e84-46e9-b77f-856c76cd5353,6.799183368682861,False,0.30220000189729035
transfusion-retrieval-v3,sha256:5fc6a9a0d5ff5721954fad8f2855c204301e59ef0b28a91d8d9bdbaf48cb659b,4,bm25,TP033,adverse_reaction,True,False,5,3,2e55093d-0a0f-4fd9-954b-4fc72df9eac0,5.139026165008545,False,0.30220000189729035
transfusion-retrieval-v3,sha256:5fc6a9a0d5ff5721954fad8f2855c204301e59ef0b28a91d8d9bdbaf48cb659b,4,bm25,TP033,adverse_reaction,True,False,5,4,7abe62fa-6fdb-4466-a16b-73e1770f0c57,3.6548519134521484,True,0.30220000189729035
transfusion-retrieval-v3,sha256:5fc6a9a0d5ff5721954fad8f2855c204301e59ef0b28a91d8d9bdbaf48cb659b,4,bm25,TP033,adverse_reaction,True,False,5,5,15e829a9-a475-429d-b0e3-5c34bfbd3ab7,3.027144193649292,False,0.30220000189729035
transfusion-retrieval-v3,sha256:5fc6a9a0d5ff5721954fad8f2855c204301e59ef0b28a91d8d9bdbaf48cb659b,4,bm25,TP033,adverse_reaction,True,False,10,1,8939253d-3272-4915-8c2b-c60062aeb818,9.275681495666504,True,0.30220000189729035
transfusion-retrieval-v3,sha256:5fc6a9a0d5ff5721954fad8f2855c204301e59ef0b28a91d8d9bdbaf48cb659b,4,bm25,TP033,adverse_reaction,True,False,10,2,324bc249-0e84-46e9-b77f-856c76cd5353,6.799183368682861,False,0.30220000189729035
transfusion-retrieval-v3,sha256:5fc6a9a0d5ff5721954fad8f2855c204301e59ef0b28a91d8d9bdbaf48cb659b,4,bm25,TP033,adverse_reaction,True,False,10,3,2e55093d-0a0f-4fd9-954b-4fc72df9eac0,5.139026165008545,False,0.30220000189729035
transfusion-retrieval-v3,sha256:5fc6a9a0d5ff5721954fad8f2855c204301e59ef0b28a91d8d9bdbaf48cb659b,4,bm25,TP033,adverse_reaction,True,False,10,4,7abe62fa-6fdb-4466-a16b-73e1770f0c57,3.6548519134521484,True,0.30220000189729035
transfusion-retrieval-v3,sha256:5fc6a9a0d5ff5721954fad8f2855c204301e59ef0b28a91d8d9bdbaf48cb659b,4,bm25,TP033,adverse_reaction,True,False,10,5,15e829a9-a475-429d-b0e3-5c34bfbd3ab7,3.027144193649292,False,0.30220000189729035
transfusion-retrieval-v3,sha256:5fc6a9a0d5ff5721954fad8f2855c204301e59ef0b28a91d8d9bdbaf48cb659b,4,bm25,TP033,adverse_reaction,True,False,10,6,d3b7d61b-50f0-4b96-a770-785a9f3c3886,0.816895067691803,False,0.30220000189729035
transfusion-retrieval-v3,sha256:5fc6a9a0d5ff5721954fad8f2855c204301e59ef0b28a91d8d9bdbaf48cb659b,4,bm25,TP033,adverse_reaction,True,False,10,7,b10b8f1c-ed17-44ca-8d7c-1a4f19a12c67,0.7817808985710144,False,0.30220000189729035
transfusion-retrieval-v3,sha256:5fc6a9a0d5ff5721954fad8f2855c204301e59ef0b28a91d8d9bdbaf48cb659b,4,bm25,TP033,adverse_reaction,True,False,10,8,f4580736-a09e-471f-93d2-8089c695eb67,0.7641695737838745,False,0.30220000189729035
transfusion-retrieval-v3,sha256:5fc6a9a0d5ff5721954fad8f2855c204301e59ef0b28a91d8d9bdbaf48cb659b,4,bm25,TP033,adverse_reaction,True,False,10,9,da79aa00-567d-434c-8441-915ac080f918,0.7254837155342102,False,0.30220000189729035
transfusion-retrieval-v3,sha256:5fc6a9a0d5ff5721954fad8f2855c204301e59ef0b28a91d8d9bdbaf48cb659b,4,bm25,TP033,adverse_reaction,True,False,10,10,a3d42ca5-54b5-4b8d-be4e-79337aaab880,0.6644303798675537,False,0.30220000189729035
transfusion-retrieval-v3,sha256:5fc6a9a0d5ff5721954fad8f2855c204301e59ef0b28a91d8d9bdbaf48cb659b,4,bm25,TP034,adverse_reaction,True,False,1,1,7abe62fa-6fdb-4466-a16b-73e1770f0c57,14.396988868713379,True,0.3953000014007557
transfusion-retrieval-v3,sha256:5fc6a9a0d5ff5721954fad8f2855c204301e59ef0b28a91d8d9bdbaf48cb659b,4,bm25,TP034,adverse_reaction,True,False,3,1,7abe62fa-6fdb-4466-a16b-73e1770f0c57,14.396988868713379,True,0.3953000014007557
transfusion-retrieval-v3,sha256:5fc6a9a0d5ff5721954fad8f2855c204301e59ef0b28a91d8d9bdbaf48cb659b,4,bm25,TP034,adverse_reaction,True,False,3,2,5e7838ae-0b80-4d05-b266-deb52de7b401,6.98536491394043,False,0.3953000014007557
transfusion-retrieval-v3,sha256:5fc6a9a0d5ff5721954fad8f2855c204301e59ef0b28a91d8d9bdbaf48cb659b,4,bm25,TP034,adverse_reaction,True,False,3,3,2e55093d-0a0f-4fd9-954b-4fc72df9eac0,6.602613925933838,True,0.3953000014007557
transfusion-retrieval-v3,sha256:5fc6a9a0d5ff5721954fad8f2855c204301e59ef0b28a91d8d9bdbaf48cb659b,4,bm25,TP034,adverse_reaction,True,False,5,1,7abe62fa-6fdb-4466-a16b-73e1770f0c57,14.396988868713379,True,0.3953000014007557
transfusion-retrieval-v3,sha256:5fc6a9a0d5ff5721954fad8f2855c204301e59ef0b28a91d8d9bdbaf48cb659b,4,bm25,TP034,adverse_reaction,True,False,5,2,5e7838ae-0b80-4d05-b266-deb52de7b401,6.98536491394043,False,0.3953000014007557
transfusion-retrieval-v3,sha256:5fc6a9a0d5ff5721954fad8f2855c204301e59ef0b28a91d8d9bdbaf48cb659b,4,bm25,TP034,adverse_reaction,True,False,5,3,2e55093d-0a0f-4fd9-954b-4fc72df9eac0,6.602613925933838,True,0.3953000014007557
transfusion-retrieval-v3,sha256:5fc6a9a0d5ff5721954fad8f2855c204301e59ef0b28a91d8d9bdbaf48cb659b,4,bm25,TP034,adverse_reaction,True,False,5,4,324bc249-0e84-46e9-b77f-856c76cd5353,5.971460819244385,False,0.3953000014007557
transfusion-retrieval-v3,sha256:5fc6a9a0d5ff5721954fad8f2855c204301e59ef0b28a91d8d9bdbaf48cb659b,4,bm25,TP034,adverse_reaction,True,False,5,5,9552a4ac-31b4-43a8-aa92-37bd3e89362a,5.890705108642578,False,0.3953000014007557
transfusion-retrieval-v3,sha256:5fc6a9a0d5ff5721954fad8f2855c204301e59ef0b28a91d8d9bdbaf48cb659b,4,bm25,TP034,adverse_reaction,True,False,10,1,7abe62fa-6fdb-4466-a16b-73e1770f0c57,14.396988868713379,True,0.3953000014007557
transfusion-retrieval-v3,sha256:5fc6a9a0d5ff5721954fad8f2855c204301e59ef0b28a91d8d9bdbaf48cb659b,4,bm25,TP034,adverse_reaction,True,False,10,2,5e7838ae-0b80-4d05-b266-deb52de7b401,6.98536491394043,False,0.3953000014007557
transfusion-retrieval-v3,sha256:5fc6a9a0d5ff5721954fad8f2855c204301e59ef0b28a91d8d9bdbaf48cb659b,4,bm25,TP034,adverse_reaction,True,False,10,3,2e55093d-0a0f-4fd9-954b-4fc72df9eac0,6.602613925933838,True,0.3953000014007557
transfusion-retrieval-v3,sha256:5fc6a9a0d5ff5721954fad8f2855c204301e59ef0b28a91d8d9bdbaf48cb659b,4,bm25,TP034,adverse_reaction,True,False,10,4,324bc249-0e84-46e9-b77f-856c76cd5353,5.971460819244385,False,0.3953000014007557
transfusion-retrieval-v3,sha256:5fc6a9a0d5ff5721954fad8f2855c204301e59ef0b28a91d8d9bdbaf48cb659b,4,bm25,TP034,adverse_reaction,True,False,10,5,9552a4ac-31b4-43a8-aa92-37bd3e89362a,5.890705108642578,False,0.3953000014007557
transfusion-retrieval-v3,sha256:5fc6a9a0d5ff5721954fad8f2855c204301e59ef0b28a91d8d9bdbaf48cb659b,4,bm25,TP034,adverse_reaction,True,False,10,6,84c0a864-176f-4776-a15e-167fc2518e5d,3.940394163131714,False,0.3953000014007557
transfusion-retrieval-v3,sha256:5fc6a9a0d5ff5721954fad8f2855c204301e59ef0b28a91d8d9bdbaf48cb659b,4,bm25,TP034,adverse_reaction,True,False,10,7,da79aa00-567d-434c-8441-915ac080f918,0.8504177927970886,False,0.3953000014007557
transfusion-retrieval-v3,sha256:5fc6a9a0d5ff5721954fad8f2855c204301e59ef0b28a91d8d9bdbaf48cb659b,4,bm25,TP034,adverse_reaction,True,False,10,8,15e829a9-a475-429d-b0e3-5c34bfbd3ab7,0.7488635182380676,False,0.3953000014007557
transfusion-retrieval-v3,sha256:5fc6a9a0d5ff5721954fad8f2855c204301e59ef0b28a91d8d9bdbaf48cb659b,4,bm25,TP034,adverse_reaction,True,False,10,9,8939253d-3272-4915-8c2b-c60062aeb818,0.6486386656761169,False,0.3953000014007557
transfusion-retrieval-v3,sha256:5fc6a9a0d5ff5721954fad8f2855c204301e59ef0b28a91d8d9bdbaf48cb659b,4,bm25,TP034,adverse_reaction,True,False,10,10,7e5199d4-e5c9-40ca-a69f-ea37f52c6ce3,0.1314123421907425,False,0.3953000014007557
transfusion-retrieval-v3,sha256:5fc6a9a0d5ff5721954fad8f2855c204301e59ef0b28a91d8d9bdbaf48cb659b,4,bm25,TN006,negative_out_of_scope,False,False,1,1,71d2e37c-44e2-4972-8e6b-a6449c2f8404,6.282154083251953,False,0.28449999808799475
transfusion-retrieval-v3,sha256:5fc6a9a0d5ff5721954fad8f2855c204301e59ef0b28a91d8d9bdbaf48cb659b,4,bm25,TN006,negative_out_of_scope,False,False,3,1,71d2e37c-44e2-4972-8e6b-a6449c2f8404,6.282154083251953,False,0.28449999808799475
transfusion-retrieval-v3,sha256:5fc6a9a0d5ff5721954fad8f2855c204301e59ef0b28a91d8d9bdbaf48cb659b,4,bm25,TN006,negative_out_of_scope,False,False,3,2,9552a4ac-31b4-43a8-aa92-37bd3e89362a,5.7914910316467285,False,0.28449999808799475
transfusion-retrieval-v3,sha256:5fc6a9a0d5ff5721954fad8f2855c204301e59ef0b28a91d8d9bdbaf48cb659b,4,bm25,TN006,negative_out_of_scope,False,False,3,3,ffcf7308-6e83-47bc-a519-0b4b7ba44562,3.8932552337646484,False,0.28449999808799475
transfusion-retrieval-v3,sha256:5fc6a9a0d5ff5721954fad8f2855c204301e59ef0b28a91d8d9bdbaf48cb659b,4,bm25,TN006,negative_out_of_scope,False,False,5,1,71d2e37c-44e2-4972-8e6b-a6449c2f8404,6.282154083251953,False,0.28449999808799475
transfusion-retrieval-v3,sha256:5fc6a9a0d5ff5721954fad8f2855c204301e59ef0b28a91d8d9bdbaf48cb659b,4,bm25,TN006,negative_out_of_scope,False,False,5,2,9552a4ac-31b4-43a8-aa92-37bd3e89362a,5.7914910316467285,False,0.28449999808799475
transfusion-retrieval-v3,sha256:5fc6a9a0d5ff5721954fad8f2855c204301e59ef0b28a91d8d9bdbaf48cb659b,4,bm25,TN006,negative_out_of_scope,False,False,5,3,ffcf7308-6e83-47bc-a519-0b4b7ba44562,3.8932552337646484,False,0.28449999808799475
transfusion-retrieval-v3,sha256:5fc6a9a0d5ff5721954fad8f2855c204301e59ef0b28a91d8d9bdbaf48cb659b,4,bm25,TN006,negative_out_of_scope,False,False,5,4,84c0a864-176f-4776-a15e-167fc2518e5d,3.892451286315918,False,0.28449999808799475
transfusion-retrieval-v3,sha256:5fc6a9a0d5ff5721954fad8f2855c204301e59ef0b28a91d8d9bdbaf48cb659b,4,bm25,TN006,negative_out_of_scope,False,False,5,5,5de4d74d-720e-4d86-a836-f946d70a2d32,3.7768895626068115,False,0.28449999808799475
transfusion-retrieval-v3,sha256:5fc6a9a0d5ff5721954fad8f2855c204301e59ef0b28a91d8d9bdbaf48cb659b,4,bm25,TN006,negative_out_of_scope,False,False,10,1,71d2e37c-44e2-4972-8e6b-a6449c2f8404,6.282154083251953,False,0.28449999808799475
transfusion-retrieval-v3,sha256:5fc6a9a0d5ff5721954fad8f2855c204301e59ef0b28a91d8d9bdbaf48cb659b,4,bm25,TN006,negative_out_of_scope,False,False,10,2,9552a4ac-31b4-43a8-aa92-37bd3e89362a,5.7914910316467285,False,0.28449999808799475
transfusion-retrieval-v3,sha256:5fc6a9a0d5ff5721954fad8f2855c204301e59ef0b28a91d8d9bdbaf48cb659b,4,bm25,TN006,negative_out_of_scope,False,False,10,3,ffcf7308-6e83-47bc-a519-0b4b7ba44562,3.8932552337646484,False,0.28449999808799475
transfusion-retrieval-v3,sha256:5fc6a9a0d5ff5721954fad8f2855c204301e59ef0b28a91d8d9bdbaf48cb659b,4,bm25,TN006,negative_out_of_scope,False,False,10,4,84c0a864-176f-4776-a15e-167fc2518e5d,3.892451286315918,False,0.28449999808799475
transfusion-retrieval-v3,sha256:5fc6a9a0d5ff5721954fad8f2855c204301e59ef0b28a91d8d9bdbaf48cb659b,4,bm25,TN006,negative_out_of_scope,False,False,10,5,5de4d74d-720e-4d86-a836-f946d70a2d32,3.7768895626068115,False,0.28449999808799475
transfusion-retrieval-v3,sha256:5fc6a9a0d5ff5721954fad8f2855c204301e59ef0b28a91d8d9bdbaf48cb659b,4,bm25,TN006,negative_out_of_scope,False,False,10,6,15e829a9-a475-429d-b0e3-5c34bfbd3ab7,3.485527992248535,False,0.28449999808799475
transfusion-retrieval-v3,sha256:5fc6a9a0d5ff5721954fad8f2855c204301e59ef0b28a91d8d9bdbaf48cb659b,4,bm25,TN006,negative_out_of_scope,False,False,10,7,f4580736-a09e-471f-93d2-8089c695eb67,3.2794599533081055,False,0.28449999808799475
transfusion-retrieval-v3,sha256:5fc6a9a0d5ff5721954fad8f2855c204301e59ef0b28a91d8d9bdbaf48cb659b,4,bm25,TN006,negative_out_of_scope,False,False,10,8,fb4884e3-8fea-42fa-b996-7e9c333e7fef,0.0,False,0.28449999808799475
transfusion-retrieval-v3,sha256:5fc6a9a0d5ff5721954fad8f2855c204301e59ef0b28a91d8d9bdbaf48cb659b,4,bm25,TN006,negative_out_of_scope,False,False,10,9,761b9529-5b18-4262-8174-6062c35fb31c,0.0,False,0.28449999808799475
transfusion-retrieval-v3,sha256:5fc6a9a0d5ff5721954fad8f2855c204301e59ef0b28a91d8d9bdbaf48cb659b,4,bm25,TN006,negative_out_of_scope,False,False,10,10,c78ff32d-ea17-41fd-98ef-2e8872f01df3,0.0,False,0.28449999808799475
transfusion-retrieval-v3,sha256:5fc6a9a0d5ff5721954fad8f2855c204301e59ef0b28a91d8d9bdbaf48cb659b,4,bm25,TN007,negative_out_of_scope,False,False,1,1,7c33fbb7-e931-4f6b-9520-23875ec9ee5b,5.3772783279418945,False,0.3312999979243614
transfusion-retrieval-v3,sha256:5fc6a9a0d5ff5721954fad8f2855c204301e59ef0b28a91d8d9bdbaf48cb659b,4,bm25,TN007,negative_out_of_scope,False,False,3,1,7c33fbb7-e931-4f6b-9520-23875ec9ee5b,5.3772783279418945,False,0.3312999979243614
transfusion-retrieval-v3,sha256:5fc6a9a0d5ff5721954fad8f2855c204301e59ef0b28a91d8d9bdbaf48cb659b,4,bm25,TN007,negative_out_of_scope,False,False,3,2,b0b5bc4f-7d0b-4f56-8e37-84178d38637d,3.6730659008026123,False,0.3312999979243614
transfusion-retrieval-v3,sha256:5fc6a9a0d5ff5721954fad8f2855c204301e59ef0b28a91d8d9bdbaf48cb659b,4,bm25,TN007,negative_out_of_scope,False,False,3,3,9131e9a9-eff3-4f4e-a20b-4bdd456c35bc,0.8033373951911926,False,0.3312999979243614
transfusion-retrieval-v3,sha256:5fc6a9a0d5ff5721954fad8f2855c204301e59ef0b28a91d8d9bdbaf48cb659b,4,bm25,TN007,negative_out_of_scope,False,False,5,1,7c33fbb7-e931-4f6b-9520-23875ec9ee5b,5.3772783279418945,False,0.3312999979243614
transfusion-retrieval-v3,sha256:5fc6a9a0d5ff5721954fad8f2855c204301e59ef0b28a91d8d9bdbaf48cb659b,4,bm25,TN007,negative_out_of_scope,False,False,5,2,b0b5bc4f-7d0b-4f56-8e37-84178d38637d,3.6730659008026123,False,0.3312999979243614
transfusion-retrieval-v3,sha256:5fc6a9a0d5ff5721954fad8f2855c204301e59ef0b28a91d8d9bdbaf48cb659b,4,bm25,TN007,negative_out_of_scope,False,False,5,3,9131e9a9-eff3-4f4e-a20b-4bdd456c35bc,0.8033373951911926,False,0.3312999979243614
transfusion-retrieval-v3,sha256:5fc6a9a0d5ff5721954fad8f2855c204301e59ef0b28a91d8d9bdbaf48cb659b,4,bm25,TN007,negative_out_of_scope,False,False,5,4,54fdf811-dedd-4016-b144-3e4bfdcd67c8,0.655892014503479,False,0.3312999979243614
transfusion-retrieval-v3,sha256:5fc6a9a0d5ff5721954fad8f2855c204301e59ef0b28a91d8d9bdbaf48cb659b,4,bm25,TN007,negative_out_of_scope,False,False,5,5,c78ff32d-ea17-41fd-98ef-2e8872f01df3,0.5419663786888123,False,0.3312999979243614
transfusion-retrieval-v3,sha256:5fc6a9a0d5ff5721954fad8f2855c204301e59ef0b28a91d8d9bdbaf48cb659b,4,bm25,TN007,negative_out_of_scope,False,False,10,1,7c33fbb7-e931-4f6b-9520-23875ec9ee5b,5.3772783279418945,False,0.3312999979243614
transfusion-retrieval-v3,sha256:5fc6a9a0d5ff5721954fad8f2855c204301e59ef0b28a91d8d9bdbaf48cb659b,4,bm25,TN007,negative_out_of_scope,False,False,10,2,b0b5bc4f-7d0b-4f56-8e37-84178d38637d,3.6730659008026123,False,0.3312999979243614
transfusion-retrieval-v3,sha256:5fc6a9a0d5ff5721954fad8f2855c204301e59ef0b28a91d8d9bdbaf48cb659b,4,bm25,TN007,negative_out_of_scope,False,False,10,3,9131e9a9-eff3-4f4e-a20b-4bdd456c35bc,0.8033373951911926,False,0.3312999979243614
transfusion-retrieval-v3,sha256:5fc6a9a0d5ff5721954fad8f2855c204301e59ef0b28a91d8d9bdbaf48cb659b,4,bm25,TN007,negative_out_of_scope,False,False,10,4,54fdf811-dedd-4016-b144-3e4bfdcd67c8,0.655892014503479,False,0.3312999979243614
transfusion-retrieval-v3,sha256:5fc6a9a0d5ff5721954fad8f2855c204301e59ef0b28a91d8d9bdbaf48cb659b,4,bm25,TN007,negative_out_of_scope,False,False,10,5,c78ff32d-ea17-41fd-98ef-2e8872f01df3,0.5419663786888123,False,0.3312999979243614
transfusion-retrieval-v3,sha256:5fc6a9a0d5ff5721954fad8f2855c204301e59ef0b28a91d8d9bdbaf48cb659b,4,bm25,TN007,negative_out_of_scope,False,False,10,6,fb4884e3-8fea-42fa-b996-7e9c333e7fef,0.0,False,0.3312999979243614
transfusion-retrieval-v3,sha256:5fc6a9a0d5ff5721954fad8f2855c204301e59ef0b28a91d8d9bdbaf48cb659b,4,bm25,TN007,negative_out_of_scope,False,False,10,7,761b9529-5b18-4262-8174-6062c35fb31c,0.0,False,0.3312999979243614
transfusion-retrieval-v3,sha256:5fc6a9a0d5ff5721954fad8f2855c204301e59ef0b28a91d8d9bdbaf48cb659b,4,bm25,TN007,negative_out_of_scope,False,False,10,8,d9a4a9c8-fbd4-41f2-bab6-6abd72575204,0.0,False,0.3312999979243614
transfusion-retrieval-v3,sha256:5fc6a9a0d5ff5721954fad8f2855c204301e59ef0b28a91d8d9bdbaf48cb659b,4,bm25,TN007,negative_out_of_scope,False,False,10,9,ee8c2027-ad6d-4bb7-8077-5e4c42be1cc3,0.0,False,0.3312999979243614
transfusion-retrieval-v3,sha256:5fc6a9a0d5ff5721954fad8f2855c204301e59ef0b28a91d8d9bdbaf48cb659b,4,bm25,TN007,negative_out_of_scope,False,False,10,10,66dba192-bac5-4b3a-bd4d-77e9eacb4192,0.0,False,0.3312999979243614
transfusion-retrieval-v3,sha256:5fc6a9a0d5ff5721954fad8f2855c204301e59ef0b28a91d8d9bdbaf48cb659b,4,bm25,TN008,negative_out_of_scope,False,False,1,1,2cea4ea7-7aaf-4c54-ac4e-b660de52065d,1.2055931091308594,False,0.26190000062342733
transfusion-retrieval-v3,sha256:5fc6a9a0d5ff5721954fad8f2855c204301e59ef0b28a91d8d9bdbaf48cb659b,4,bm25,TN008,negative_out_of_scope,False,False,3,1,2cea4ea7-7aaf-4c54-ac4e-b660de52065d,1.2055931091308594,False,0.26190000062342733
transfusion-retrieval-v3,sha256:5fc6a9a0d5ff5721954fad8f2855c204301e59ef0b28a91d8d9bdbaf48cb659b,4,bm25,TN008,negative_out_of_scope,False,False,3,2,21efe016-3004-45f3-a070-29ce2ecb0019,1.0700573921203613,False,0.26190000062342733
transfusion-retrieval-v3,sha256:5fc6a9a0d5ff5721954fad8f2855c204301e59ef0b28a91d8d9bdbaf48cb659b,4,bm25,TN008,negative_out_of_scope,False,False,3,3,b66e5419-8a9c-47f4-866d-ebdb95b174b2,1.036725640296936,False,0.26190000062342733
transfusion-retrieval-v3,sha256:5fc6a9a0d5ff5721954fad8f2855c204301e59ef0b28a91d8d9bdbaf48cb659b,4,bm25,TN008,negative_out_of_scope,False,False,5,1,2cea4ea7-7aaf-4c54-ac4e-b660de52065d,1.2055931091308594,False,0.26190000062342733
transfusion-retrieval-v3,sha256:5fc6a9a0d5ff5721954fad8f2855c204301e59ef0b28a91d8d9bdbaf48cb659b,4,bm25,TN008,negative_out_of_scope,False,False,5,2,21efe016-3004-45f3-a070-29ce2ecb0019,1.0700573921203613,False,0.26190000062342733
transfusion-retrieval-v3,sha256:5fc6a9a0d5ff5721954fad8f2855c204301e59ef0b28a91d8d9bdbaf48cb659b,4,bm25,TN008,negative_out_of_scope,False,False,5,3,b66e5419-8a9c-47f4-866d-ebdb95b174b2,1.036725640296936,False,0.26190000062342733
transfusion-retrieval-v3,sha256:5fc6a9a0d5ff5721954fad8f2855c204301e59ef0b28a91d8d9bdbaf48cb659b,4,bm25,TN008,negative_out_of_scope,False,False,5,4,bc88f538-e881-4c81-85e9-fca20614315d,0.9306257963180542,False,0.26190000062342733
transfusion-retrieval-v3,sha256:5fc6a9a0d5ff5721954fad8f2855c204301e59ef0b28a91d8d9bdbaf48cb659b,4,bm25,TN008,negative_out_of_scope,False,False,5,5,4c0dde2a-0432-4cb2-ad33-987f5979ff76,0.772625744342804,False,0.26190000062342733
transfusion-retrieval-v3,sha256:5fc6a9a0d5ff5721954fad8f2855c204301e59ef0b28a91d8d9bdbaf48cb659b,4,bm25,TN008,negative_out_of_scope,False,False,10,1,2cea4ea7-7aaf-4c54-ac4e-b660de52065d,1.2055931091308594,False,0.26190000062342733
transfusion-retrieval-v3,sha256:5fc6a9a0d5ff5721954fad8f2855c204301e59ef0b28a91d8d9bdbaf48cb659b,4,bm25,TN008,negative_out_of_scope,False,False,10,2,21efe016-3004-45f3-a070-29ce2ecb0019,1.0700573921203613,False,0.26190000062342733
transfusion-retrieval-v3,sha256:5fc6a9a0d5ff5721954fad8f2855c204301e59ef0b28a91d8d9bdbaf48cb659b,4,bm25,TN008,negative_out_of_scope,False,False,10,3,b66e5419-8a9c-47f4-866d-ebdb95b174b2,1.036725640296936,False,0.26190000062342733
transfusion-retrieval-v3,sha256:5fc6a9a0d5ff5721954fad8f2855c204301e59ef0b28a91d8d9bdbaf48cb659b,4,bm25,TN008,negative_out_of_scope,False,False,10,4,bc88f538-e881-4c81-85e9-fca20614315d,0.9306257963180542,False,0.26190000062342733
transfusion-retrieval-v3,sha256:5fc6a9a0d5ff5721954fad8f2855c204301e59ef0b28a91d8d9bdbaf48cb659b,4,bm25,TN008,negative_out_of_scope,False,False,10,5,4c0dde2a-0432-4cb2-ad33-987f5979ff76,0.772625744342804,False,0.26190000062342733
transfusion-retrieval-v3,sha256:5fc6a9a0d5ff5721954fad8f2855c204301e59ef0b28a91d8d9bdbaf48cb659b,4,bm25,TN008,negative_out_of_scope,False,False,10,6,fb4884e3-8fea-42fa-b996-7e9c333e7fef,0.0,False,0.26190000062342733
transfusion-retrieval-v3,sha256:5fc6a9a0d5ff5721954fad8f2855c204301e59ef0b28a91d8d9bdbaf48cb659b,4,bm25,TN008,negative_out_of_scope,False,False,10,7,761b9529-5b18-4262-8174-6062c35fb31c,0.0,False,0.26190000062342733
transfusion-retrieval-v3,sha256:5fc6a9a0d5ff5721954fad8f2855c204301e59ef0b28a91d8d9bdbaf48cb659b,4,bm25,TN008,negative_out_of_scope,False,False,10,8,c78ff32d-ea17-41fd-98ef-2e8872f01df3,0.0,False,0.26190000062342733
transfusion-retrieval-v3,sha256:5fc6a9a0d5ff5721954fad8f2855c204301e59ef0b28a91d8d9bdbaf48cb659b,4,bm25,TN008,negative_out_of_scope,False,False,10,9,d9a4a9c8-fbd4-41f2-bab6-6abd72575204,0.0,False,0.26190000062342733
transfusion-retrieval-v3,sha256:5fc6a9a0d5ff5721954fad8f2855c204301e59ef0b28a91d8d9bdbaf48cb659b,4,bm25,TN008,negative_out_of_scope,False,False,10,10,ee8c2027-ad6d-4bb7-8077-5e4c42be1cc3,0.0,False,0.26190000062342733
transfusion-retrieval-v3,sha256:5fc6a9a0d5ff5721954fad8f2855c204301e59ef0b28a91d8d9bdbaf48cb659b,4,bm25,TN009,negative_out_of_scope,False,False,1,1,fb4884e3-8fea-42fa-b996-7e9c333e7fef,0.0,False,0.3693000035127625
transfusion-retrieval-v3,sha256:5fc6a9a0d5ff5721954fad8f2855c204301e59ef0b28a91d8d9bdbaf48cb659b,4,bm25,TN009,negative_out_of_scope,False,False,3,1,fb4884e3-8fea-42fa-b996-7e9c333e7fef,0.0,False,0.3693000035127625
transfusion-retrieval-v3,sha256:5fc6a9a0d5ff5721954fad8f2855c204301e59ef0b28a91d8d9bdbaf48cb659b,4,bm25,TN009,negative_out_of_scope,False,False,3,2,761b9529-5b18-4262-8174-6062c35fb31c,0.0,False,0.3693000035127625
transfusion-retrieval-v3,sha256:5fc6a9a0d5ff5721954fad8f2855c204301e59ef0b28a91d8d9bdbaf48cb659b,4,bm25,TN009,negative_out_of_scope,False,False,3,3,c78ff32d-ea17-41fd-98ef-2e8872f01df3,0.0,False,0.3693000035127625
transfusion-retrieval-v3,sha256:5fc6a9a0d5ff5721954fad8f2855c204301e59ef0b28a91d8d9bdbaf48cb659b,4,bm25,TN009,negative_out_of_scope,False,False,5,1,fb4884e3-8fea-42fa-b996-7e9c333e7fef,0.0,False,0.3693000035127625
transfusion-retrieval-v3,sha256:5fc6a9a0d5ff5721954fad8f2855c204301e59ef0b28a91d8d9bdbaf48cb659b,4,bm25,TN009,negative_out_of_scope,False,False,5,2,761b9529-5b18-4262-8174-6062c35fb31c,0.0,False,0.3693000035127625
transfusion-retrieval-v3,sha256:5fc6a9a0d5ff5721954fad8f2855c204301e59ef0b28a91d8d9bdbaf48cb659b,4,bm25,TN009,negative_out_of_scope,False,False,5,3,c78ff32d-ea17-41fd-98ef-2e8872f01df3,0.0,False,0.3693000035127625
transfusion-retrieval-v3,sha256:5fc6a9a0d5ff5721954fad8f2855c204301e59ef0b28a91d8d9bdbaf48cb659b,4,bm25,TN009,negative_out_of_scope,False,False,5,4,d9a4a9c8-fbd4-41f2-bab6-6abd72575204,0.0,False,0.3693000035127625
transfusion-retrieval-v3,sha256:5fc6a9a0d5ff5721954fad8f2855c204301e59ef0b28a91d8d9bdbaf48cb659b,4,bm25,TN009,negative_out_of_scope,False,False,5,5,ee8c2027-ad6d-4bb7-8077-5e4c42be1cc3,0.0,False,0.3693000035127625
transfusion-retrieval-v3,sha256:5fc6a9a0d5ff5721954fad8f2855c204301e59ef0b28a91d8d9bdbaf48cb659b,4,bm25,TN009,negative_out_of_scope,False,False,10,1,fb4884e3-8fea-42fa-b996-7e9c333e7fef,0.0,False,0.3693000035127625
transfusion-retrieval-v3,sha256:5fc6a9a0d5ff5721954fad8f2855c204301e59ef0b28a91d8d9bdbaf48cb659b,4,bm25,TN009,negative_out_of_scope,False,False,10,2,761b9529-5b18-4262-8174-6062c35fb31c,0.0,False,0.3693000035127625
transfusion-retrieval-v3,sha256:5fc6a9a0d5ff5721954fad8f2855c204301e59ef0b28a91d8d9bdbaf48cb659b,4,bm25,TN009,negative_out_of_scope,False,False,10,3,c78ff32d-ea17-41fd-98ef-2e8872f01df3,0.0,False,0.3693000035127625
transfusion-retrieval-v3,sha256:5fc6a9a0d5ff5721954fad8f2855c204301e59ef0b28a91d8d9bdbaf48cb659b,4,bm25,TN009,negative_out_of_scope,False,False,10,4,d9a4a9c8-fbd4-41f2-bab6-6abd72575204,0.0,False,0.3693000035127625
transfusion-retrieval-v3,sha256:5fc6a9a0d5ff5721954fad8f2855c204301e59ef0b28a91d8d9bdbaf48cb659b,4,bm25,TN009,negative_out_of_scope,False,False,10,5,ee8c2027-ad6d-4bb7-8077-5e4c42be1cc3,0.0,False,0.3693000035127625
transfusion-retrieval-v3,sha256:5fc6a9a0d5ff5721954fad8f2855c204301e59ef0b28a91d8d9bdbaf48cb659b,4,bm25,TN009,negative_out_of_scope,False,False,10,6,66dba192-bac5-4b3a-bd4d-77e9eacb4192,0.0,False,0.3693000035127625
transfusion-retrieval-v3,sha256:5fc6a9a0d5ff5721954fad8f2855c204301e59ef0b28a91d8d9bdbaf48cb659b,4,bm25,TN009,negative_out_of_scope,False,False,10,7,edd76252-eb29-4acf-9a31-735463528b7d,0.0,False,0.3693000035127625
transfusion-retrieval-v3,sha256:5fc6a9a0d5ff5721954fad8f2855c204301e59ef0b28a91d8d9bdbaf48cb659b,4,bm25,TN009,negative_out_of_scope,False,False,10,8,843aa4c8-3ffd-4747-97eb-8699b0a0eeaf,0.0,False,0.3693000035127625
transfusion-retrieval-v3,sha256:5fc6a9a0d5ff5721954fad8f2855c204301e59ef0b28a91d8d9bdbaf48cb659b,4,bm25,TN009,negative_out_of_scope,False,False,10,9,63e9db23-9c0a-4e6a-a272-3d118d242ca2,0.0,False,0.3693000035127625
transfusion-retrieval-v3,sha256:5fc6a9a0d5ff5721954fad8f2855c204301e59ef0b28a91d8d9bdbaf48cb659b,4,bm25,TN009,negative_out_of_scope,False,False,10,10,10537058-d160-4786-a6cf-95de46d7189c,0.0,False,0.3693000035127625
transfusion-retrieval-v3,sha256:5fc6a9a0d5ff5721954fad8f2855c204301e59ef0b28a91d8d9bdbaf48cb659b,4,bm25,TN010,negative_out_of_scope,False,False,1,1,7c33fbb7-e931-4f6b-9520-23875ec9ee5b,5.3772783279418945,False,0.47790000098757446
transfusion-retrieval-v3,sha256:5fc6a9a0d5ff5721954fad8f2855c204301e59ef0b28a91d8d9bdbaf48cb659b,4,bm25,TN010,negative_out_of_scope,False,False,3,1,7c33fbb7-e931-4f6b-9520-23875ec9ee5b,5.3772783279418945,False,0.47790000098757446
transfusion-retrieval-v3,sha256:5fc6a9a0d5ff5721954fad8f2855c204301e59ef0b28a91d8d9bdbaf48cb659b,4,bm25,TN010,negative_out_of_scope,False,False,3,2,c78ff32d-ea17-41fd-98ef-2e8872f01df3,4.537759780883789,False,0.47790000098757446
transfusion-retrieval-v3,sha256:5fc6a9a0d5ff5721954fad8f2855c204301e59ef0b28a91d8d9bdbaf48cb659b,4,bm25,TN010,negative_out_of_scope,False,False,3,3,b0b5bc4f-7d0b-4f56-8e37-84178d38637d,3.6730659008026123,False,0.47790000098757446
transfusion-retrieval-v3,sha256:5fc6a9a0d5ff5721954fad8f2855c204301e59ef0b28a91d8d9bdbaf48cb659b,4,bm25,TN010,negative_out_of_scope,False,False,5,1,7c33fbb7-e931-4f6b-9520-23875ec9ee5b,5.3772783279418945,False,0.47790000098757446
transfusion-retrieval-v3,sha256:5fc6a9a0d5ff5721954fad8f2855c204301e59ef0b28a91d8d9bdbaf48cb659b,4,bm25,TN010,negative_out_of_scope,False,False,5,2,c78ff32d-ea17-41fd-98ef-2e8872f01df3,4.537759780883789,False,0.47790000098757446
transfusion-retrieval-v3,sha256:5fc6a9a0d5ff5721954fad8f2855c204301e59ef0b28a91d8d9bdbaf48cb659b,4,bm25,TN010,negative_out_of_scope,False,False,5,3,b0b5bc4f-7d0b-4f56-8e37-84178d38637d,3.6730659008026123,False,0.47790000098757446
transfusion-retrieval-v3,sha256:5fc6a9a0d5ff5721954fad8f2855c204301e59ef0b28a91d8d9bdbaf48cb659b,4,bm25,TN010,negative_out_of_scope,False,False,5,4,9131e9a9-eff3-4f4e-a20b-4bdd456c35bc,0.8033373951911926,False,0.47790000098757446
transfusion-retrieval-v3,sha256:5fc6a9a0d5ff5721954fad8f2855c204301e59ef0b28a91d8d9bdbaf48cb659b,4,bm25,TN010,negative_out_of_scope,False,False,5,5,54fdf811-dedd-4016-b144-3e4bfdcd67c8,0.655892014503479,False,0.47790000098757446
transfusion-retrieval-v3,sha256:5fc6a9a0d5ff5721954fad8f2855c204301e59ef0b28a91d8d9bdbaf48cb659b,4,bm25,TN010,negative_out_of_scope,False,False,10,1,7c33fbb7-e931-4f6b-9520-23875ec9ee5b,5.3772783279418945,False,0.47790000098757446
transfusion-retrieval-v3,sha256:5fc6a9a0d5ff5721954fad8f2855c204301e59ef0b28a91d8d9bdbaf48cb659b,4,bm25,TN010,negative_out_of_scope,False,False,10,2,c78ff32d-ea17-41fd-98ef-2e8872f01df3,4.537759780883789,False,0.47790000098757446
transfusion-retrieval-v3,sha256:5fc6a9a0d5ff5721954fad8f2855c204301e59ef0b28a91d8d9bdbaf48cb659b,4,bm25,TN010,negative_out_of_scope,False,False,10,3,b0b5bc4f-7d0b-4f56-8e37-84178d38637d,3.6730659008026123,False,0.47790000098757446
transfusion-retrieval-v3,sha256:5fc6a9a0d5ff5721954fad8f2855c204301e59ef0b28a91d8d9bdbaf48cb659b,4,bm25,TN010,negative_out_of_scope,False,False,10,4,9131e9a9-eff3-4f4e-a20b-4bdd456c35bc,0.8033373951911926,False,0.47790000098757446
transfusion-retrieval-v3,sha256:5fc6a9a0d5ff5721954fad8f2855c204301e59ef0b28a91d8d9bdbaf48cb659b,4,bm25,TN010,negative_out_of_scope,False,False,10,5,54fdf811-dedd-4016-b144-3e4bfdcd67c8,0.655892014503479,False,0.47790000098757446
transfusion-retrieval-v3,sha256:5fc6a9a0d5ff5721954fad8f2855c204301e59ef0b28a91d8d9bdbaf48cb659b,4,bm25,TN010,negative_out_of_scope,False,False,10,6,fb4884e3-8fea-42fa-b996-7e9c333e7fef,0.0,False,0.47790000098757446
transfusion-retrieval-v3,sha256:5fc6a9a0d5ff5721954fad8f2855c204301e59ef0b28a91d8d9bdbaf48cb659b,4,bm25,TN010,negative_out_of_scope,False,False,10,7,761b9529-5b18-4262-8174-6062c35fb31c,0.0,False,0.47790000098757446
transfusion-retrieval-v3,sha256:5fc6a9a0d5ff5721954fad8f2855c204301e59ef0b28a91d8d9bdbaf48cb659b,4,bm25,TN010,negative_out_of_scope,False,False,10,8,d9a4a9c8-fbd4-41f2-bab6-6abd72575204,0.0,False,0.47790000098757446
transfusion-retrieval-v3,sha256:5fc6a9a0d5ff5721954fad8f2855c204301e59ef0b28a91d8d9bdbaf48cb659b,4,bm25,TN010,negative_out_of_scope,False,False,10,9,ee8c2027-ad6d-4bb7-8077-5e4c42be1cc3,0.0,False,0.47790000098757446
transfusion-retrieval-v3,sha256:5fc6a9a0d5ff5721954fad8f2855c204301e59ef0b28a91d8d9bdbaf48cb659b,4,bm25,TN010,negative_out_of_scope,False,False,10,10,66dba192-bac5-4b3a-bd4d-77e9eacb4192,0.0,False,0.47790000098757446
transfusion-retrieval-v3,sha256:5fc6a9a0d5ff5721954fad8f2855c204301e59ef0b28a91d8d9bdbaf48cb659b,4,bm25,TN011,negative_out_of_scope,False,False,1,1,fb4884e3-8fea-42fa-b996-7e9c333e7fef,0.0,False,0.3022999990207609
transfusion-retrieval-v3,sha256:5fc6a9a0d5ff5721954fad8f2855c204301e59ef0b28a91d8d9bdbaf48cb659b,4,bm25,TN011,negative_out_of_scope,False,False,3,1,fb4884e3-8fea-42fa-b996-7e9c333e7fef,0.0,False,0.3022999990207609
transfusion-retrieval-v3,sha256:5fc6a9a0d5ff5721954fad8f2855c204301e59ef0b28a91d8d9bdbaf48cb659b,4,bm25,TN011,negative_out_of_scope,False,False,3,2,761b9529-5b18-4262-8174-6062c35fb31c,0.0,False,0.3022999990207609
transfusion-retrieval-v3,sha256:5fc6a9a0d5ff5721954fad8f2855c204301e59ef0b28a91d8d9bdbaf48cb659b,4,bm25,TN011,negative_out_of_scope,False,False,3,3,c78ff32d-ea17-41fd-98ef-2e8872f01df3,0.0,False,0.3022999990207609
transfusion-retrieval-v3,sha256:5fc6a9a0d5ff5721954fad8f2855c204301e59ef0b28a91d8d9bdbaf48cb659b,4,bm25,TN011,negative_out_of_scope,False,False,5,1,fb4884e3-8fea-42fa-b996-7e9c333e7fef,0.0,False,0.3022999990207609
transfusion-retrieval-v3,sha256:5fc6a9a0d5ff5721954fad8f2855c204301e59ef0b28a91d8d9bdbaf48cb659b,4,bm25,TN011,negative_out_of_scope,False,False,5,2,761b9529-5b18-4262-8174-6062c35fb31c,0.0,False,0.3022999990207609
transfusion-retrieval-v3,sha256:5fc6a9a0d5ff5721954fad8f2855c204301e59ef0b28a91d8d9bdbaf48cb659b,4,bm25,TN011,negative_out_of_scope,False,False,5,3,c78ff32d-ea17-41fd-98ef-2e8872f01df3,0.0,False,0.3022999990207609
transfusion-retrieval-v3,sha256:5fc6a9a0d5ff5721954fad8f2855c204301e59ef0b28a91d8d9bdbaf48cb659b,4,bm25,TN011,negative_out_of_scope,False,False,5,4,d9a4a9c8-fbd4-41f2-bab6-6abd72575204,0.0,False,0.3022999990207609
transfusion-retrieval-v3,sha256:5fc6a9a0d5ff5721954fad8f2855c204301e59ef0b28a91d8d9bdbaf48cb659b,4,bm25,TN011,negative_out_of_scope,False,False,5,5,ee8c2027-ad6d-4bb7-8077-5e4c42be1cc3,0.0,False,0.3022999990207609
transfusion-retrieval-v3,sha256:5fc6a9a0d5ff5721954fad8f2855c204301e59ef0b28a91d8d9bdbaf48cb659b,4,bm25,TN011,negative_out_of_scope,False,False,10,1,fb4884e3-8fea-42fa-b996-7e9c333e7fef,0.0,False,0.3022999990207609
transfusion-retrieval-v3,sha256:5fc6a9a0d5ff5721954fad8f2855c204301e59ef0b28a91d8d9bdbaf48cb659b,4,bm25,TN011,negative_out_of_scope,False,False,10,2,761b9529-5b18-4262-8174-6062c35fb31c,0.0,False,0.3022999990207609
transfusion-retrieval-v3,sha256:5fc6a9a0d5ff5721954fad8f2855c204301e59ef0b28a91d8d9bdbaf48cb659b,4,bm25,TN011,negative_out_of_scope,False,False,10,3,c78ff32d-ea17-41fd-98ef-2e8872f01df3,0.0,False,0.3022999990207609
transfusion-retrieval-v3,sha256:5fc6a9a0d5ff5721954fad8f2855c204301e59ef0b28a91d8d9bdbaf48cb659b,4,bm25,TN011,negative_out_of_scope,False,False,10,4,d9a4a9c8-fbd4-41f2-bab6-6abd72575204,0.0,False,0.3022999990207609
transfusion-retrieval-v3,sha256:5fc6a9a0d5ff5721954fad8f2855c204301e59ef0b28a91d8d9bdbaf48cb659b,4,bm25,TN011,negative_out_of_scope,False,False,10,5,ee8c2027-ad6d-4bb7-8077-5e4c42be1cc3,0.0,False,0.3022999990207609
transfusion-retrieval-v3,sha256:5fc6a9a0d5ff5721954fad8f2855c204301e59ef0b28a91d8d9bdbaf48cb659b,4,bm25,TN011,negative_out_of_scope,False,False,10,6,66dba192-bac5-4b3a-bd4d-77e9eacb4192,0.0,False,0.3022999990207609
transfusion-retrieval-v3,sha256:5fc6a9a0d5ff5721954fad8f2855c204301e59ef0b28a91d8d9bdbaf48cb659b,4,bm25,TN011,negative_out_of_scope,False,False,10,7,edd76252-eb29-4acf-9a31-735463528b7d,0.0,False,0.3022999990207609
transfusion-retrieval-v3,sha256:5fc6a9a0d5ff5721954fad8f2855c204301e59ef0b28a91d8d9bdbaf48cb659b,4,bm25,TN011,negative_out_of_scope,False,False,10,8,843aa4c8-3ffd-4747-97eb-8699b0a0eeaf,0.0,False,0.3022999990207609
transfusion-retrieval-v3,sha256:5fc6a9a0d5ff5721954fad8f2855c204301e59ef0b28a91d8d9bdbaf48cb659b,4,bm25,TN011,negative_out_of_scope,False,False,10,9,63e9db23-9c0a-4e6a-a272-3d118d242ca2,0.0,False,0.3022999990207609
transfusion-retrieval-v3,sha256:5fc6a9a0d5ff5721954fad8f2855c204301e59ef0b28a91d8d9bdbaf48cb659b,4,bm25,TN011,negative_out_of_scope,False,False,10,10,10537058-d160-4786-a6cf-95de46d7189c,0.0,False,0.3022999990207609
