dataset_version,document_version,chunk_version,retriever,question_id,question_type,expected_answerable,needs_human_review,k,rank,retrieved_chunk_id,score,is_gold,latency_ms
transfusion-retrieval-v3,sha256:5fc6a9a0d5ff5721954fad8f2855c204301e59ef0b28a91d8d9bdbaf48cb659b,4,hybrid_rrf,TF001,fact_specific,True,False,1,1,c78ff32d-ea17-41fd-98ef-2e8872f01df3,0.01639344262295082,True,81.94199999707052
transfusion-retrieval-v3,sha256:5fc6a9a0d5ff5721954fad8f2855c204301e59ef0b28a91d8d9bdbaf48cb659b,4,hybrid_rrf,TF001,fact_specific,True,False,3,1,c78ff32d-ea17-41fd-98ef-2e8872f01df3,0.01639344262295082,True,81.94199999707052
transfusion-retrieval-v3,sha256:5fc6a9a0d5ff5721954fad8f2855c204301e59ef0b28a91d8d9bdbaf48cb659b,4,hybrid_rrf,TF001,fact_specific,True,False,3,2,63cb7040-3526-4f6f-9f88-e295bbe5edaf,0.01639344262295082,False,81.94199999707052
transfusion-retrieval-v3,sha256:5fc6a9a0d5ff5721954fad8f2855c204301e59ef0b28a91d8d9bdbaf48cb659b,4,hybrid_rrf,TF001,fact_specific,True,False,3,3,9131e9a9-eff3-4f4e-a20b-4bdd456c35bc,0.016129032258064516,False,81.94199999707052
transfusion-retrieval-v3,sha256:5fc6a9a0d5ff5721954fad8f2855c204301e59ef0b28a91d8d9bdbaf48cb659b,4,hybrid_rrf,TF001,fact_specific,True,False,5,1,c78ff32d-ea17-41fd-98ef-2e8872f01df3,0.01639344262295082,True,81.94199999707052
transfusion-retrieval-v3,sha256:5fc6a9a0d5ff5721954fad8f2855c204301e59ef0b28a91d8d9bdbaf48cb659b,4,hybrid_rrf,TF001,fact_specific,True,False,5,2,63cb7040-3526-4f6f-9f88-e295bbe5edaf,0.01639344262295082,False,81.94199999707052
transfusion-retrieval-v3,sha256:5fc6a9a0d5ff5721954fad8f2855c204301e59ef0b28a91d8d9bdbaf48cb659b,4,hybrid_rrf,TF001,fact_specific,True,False,5,3,9131e9a9-eff3-4f4e-a20b-4bdd456c35bc,0.016129032258064516,False,81.94199999707052
transfusion-retrieval-v3,sha256:5fc6a9a0d5ff5721954fad8f2855c204301e59ef0b28a91d8d9bdbaf48cb659b,4,hybrid_rrf,TF001,fact_specific,True,False,5,4,16efaa44-1554-4748-8407-48fac0bced94,0.016129032258064516,False,81.94199999707052
transfusion-retrieval-v3,sha256:5fc6a9a0d5ff5721954fad8f2855c204301e59ef0b28a91d8d9bdbaf48cb659b,4,hybrid_rrf,TF001,fact_specific,True,False,5,5,fb4884e3-8fea-42fa-b996-7e9c333e7fef,0.015873015873015872,False,81.94199999707052
transfusion-retrieval-v3,sha256:5fc6a9a0d5ff5721954fad8f2855c204301e59ef0b28a91d8d9bdbaf48cb659b,4,hybrid_rrf,TF001,fact_specific,True,False,10,1,c78ff32d-ea17-41fd-98ef-2e8872f01df3,0.01639344262295082,True,81.94199999707052
transfusion-retrieval-v3,sha256:5fc6a9a0d5ff5721954fad8f2855c204301e59ef0b28a91d8d9bdbaf48cb659b,4,hybrid_rrf,TF001,fact_specific,True,False,10,2,63cb7040-3526-4f6f-9f88-e295bbe5edaf,0.01639344262295082,False,81.94199999707052
transfusion-retrieval-v3,sha256:5fc6a9a0d5ff5721954fad8f2855c204301e59ef0b28a91d8d9bdbaf48cb659b,4,hybrid_rrf,TF001,fact_specific,True,False,10,3,9131e9a9-eff3-4f4e-a20b-4bdd456c35bc,0.016129032258064516,False,81.94199999707052
transfusion-retrieval-v3,sha256:5fc6a9a0d5ff5721954fad8f2855c204301e59ef0b28a91d8d9bdbaf48cb659b,4,hybrid_rrf,TF001,fact_specific,True,False,10,4,16efaa44-1554-4748-8407-48fac0bced94,0.016129032258064516,False,81.94199999707052
transfusion-retrieval-v3,sha256:5fc6a9a0d5ff5721954fad8f2855c204301e59ef0b28a91d8d9bdbaf48cb659b,4,hybrid_rrf,TF001,fact_specific,True,False,10,5,fb4884e3-8fea-42fa-b996-7e9c333e7fef,0.015873015873015872,False,81.94199999707052
transfusion-retrieval-v3,sha256:5fc6a9a0d5ff5721954fad8f2855c204301e59ef0b28a91d8d9bdbaf48cb659b,4,hybrid_rrf,TF001,fact_specific,True,False,10,6,b0b5bc4f-7d0b-4f56-8e37-84178d38637d,0.015873015873015872,False,81.94199999707052
transfusion-retrieval-v3,sha256:5fc6a9a0d5ff5721954fad8f2855c204301e59ef0b28a91d8d9bdbaf48cb659b,4,hybrid_rrf,TF001,fact_specific,True,False,10,7,eeb8db46-f757-41f1-9ca5-c022f3d4ea3e,0.015625,False,81.94199999707052
transfusion-retrieval-v3,sha256:5fc6a9a0d5ff5721954fad8f2855c204301e59ef0b28a91d8d9bdbaf48cb659b,4,hybrid_rrf,TF001,fact_specific,True,False,10,8,48b9789d-5088-4ba1-a82a-be3a6396ce85,0.015625,False,81.94199999707052
transfusion-retrieval-v3,sha256:5fc6a9a0d5ff5721954fad8f2855c204301e59ef0b28a91d8d9bdbaf48cb659b,4,hybrid_rrf,TF001,fact_specific,True,False,10,9,17e22a4e-78d9-4607-b75b-151e52cc4d20,0.015384615384615385,False,81.94199999707052
transfusion-retrieval-v3,sha256:5fc6a9a0d5ff5721954fad8f2855c204301e59ef0b28a91d8d9bdbaf48cb659b,4,hybrid_rrf,TF001,fact_specific,True,False,10,10,919e93ca-fed9-4dde-b9b8-f870e207a3f3,0.015384615384615385,False,81.94199999707052
transfusion-retrieval-v3,sha256:5fc6a9a0d5ff5721954fad8f2855c204301e59ef0b28a91d8d9bdbaf48cb659b,4,hybrid_rrf,TF002,paraphrase,True,False,1,1,16efaa44-1554-4748-8407-48fac0bced94,0.031054405392392875,False,52.252100002078805
transfusion-retrieval-v3,sha256:5fc6a9a0d5ff5721954fad8f2855c204301e59ef0b28a91d8d9bdbaf48cb659b,4,hybrid_rrf,TF002,paraphrase,True,False,3,1,16efaa44-1554-4748-8407-48fac0bced94,0.031054405392392875,False,52.252100002078805
transfusion-retrieval-v3,sha256:5fc6a9a0d5ff5721954fad8f2855c204301e59ef0b28a91d8d9bdbaf48cb659b,4,hybrid_rrf,TF002,paraphrase,True,False,3,2,c78ff32d-ea17-41fd-98ef-2e8872f01df3,0.01639344262295082,True,52.252100002078805
transfusion-retrieval-v3,sha256:5fc6a9a0d5ff5721954fad8f2855c204301e59ef0b28a91d8d9bdbaf48cb659b,4,hybrid_rrf,TF002,paraphrase,True,False,3,3,63cb7040-3526-4f6f-9f88-e295bbe5edaf,0.01639344262295082,False,52.252100002078805
transfusion-retrieval-v3,sha256:5fc6a9a0d5ff5721954fad8f2855c204301e59ef0b28a91d8d9bdbaf48cb659b,4,hybrid_rrf,TF002,paraphrase,True,False,5,1,16efaa44-1554-4748-8407-48fac0bced94,0.031054405392392875,False,52.252100002078805
transfusion-retrieval-v3,sha256:5fc6a9a0d5ff5721954fad8f2855c204301e59ef0b28a91d8d9bdbaf48cb659b,4,hybrid_rrf,TF002,paraphrase,True,False,5,2,c78ff32d-ea17-41fd-98ef-2e8872f01df3,0.01639344262295082,True,52.252100002078805
transfusion-retrieval-v3,sha256:5fc6a9a0d5ff5721954fad8f2855c204301e59ef0b28a91d8d9bdbaf48cb659b,4,hybrid_rrf,TF002,paraphrase,True,False,5,3,63cb7040-3526-4f6f-9f88-e295bbe5edaf,0.01639344262295082,False,52.252100002078805
transfusion-retrieval-v3,sha256:5fc6a9a0d5ff5721954fad8f2855c204301e59ef0b28a91d8d9bdbaf48cb659b,4,hybrid_rrf,TF002,paraphrase,True,False,5,4,7e5199d4-e5c9-40ca-a69f-ea37f52c6ce3,0.016129032258064516,False,52.252100002078805
transfusion-retrieval-v3,sha256:5fc6a9a0d5ff5721954fad8f2855c204301e59ef0b28a91d8d9bdbaf48cb659b,4,hybrid_rrf,TF002,paraphrase,True,False,5,5,a7cf71a5-8426-4d7c-8106-e0754e7cb4bf,0.015873015873015872,False,52.252100002078805
transfusion-retrieval-v3,sha256:5fc6a9a0d5ff5721954fad8f2855c204301e59ef0b28a91d8d9bdbaf48cb659b,4,hybrid_rrf,TF002,paraphrase,True,False,10,1,16efaa44-1554-4748-8407-48fac0bced94,0.031054405392392875,False,52.252100002078805
transfusion-retrieval-v3,sha256:5fc6a9a0d5ff5721954fad8f2855c204301e59ef0b28a91d8d9bdbaf48cb659b,4,hybrid_rrf,TF002,paraphrase,True,False,10,2,c78ff32d-ea17-41fd-98ef-2e8872f01df3,0.01639344262295082,True,52.252100002078805
transfusion-retrieval-v3,sha256:5fc6a9a0d5ff5721954fad8f2855c204301e59ef0b28a91d8d9bdbaf48cb659b,4,hybrid_rrf,TF002,paraphrase,True,False,10,3,63cb7040-3526-4f6f-9f88-e295bbe5edaf,0.01639344262295082,False,52.252100002078805
transfusion-retrieval-v3,sha256:5fc6a9a0d5ff5721954fad8f2855c204301e59ef0b28a91d8d9bdbaf48cb659b,4,hybrid_rrf,TF002,paraphrase,True,False,10,4,7e5199d4-e5c9-40ca-a69f-ea37f52c6ce3,0.016129032258064516,False,52.252100002078805
transfusion-retrieval-v3,sha256:5fc6a9a0d5ff5721954fad8f2855c204301e59ef0b28a91d8d9bdbaf48cb659b,4,hybrid_rrf,TF002,paraphrase,True,False,10,5,a7cf71a5-8426-4d7c-8106-e0754e7cb4bf,0.015873015873015872,False,52.252100002078805
transfusion-retrieval-v3,sha256:5fc6a9a0d5ff5721954fad8f2855c204301e59ef0b28a91d8d9bdbaf48cb659b,4,hybrid_rrf,TF002,paraphrase,True,False,10,6,602c933f-0b8f-4533-87a5-f27ecd5f2af9,0.015873015873015872,False,52.252100002078805
transfusion-retrieval-v3,sha256:5fc6a9a0d5ff5721954fad8f2855c204301e59ef0b28a91d8d9bdbaf48cb659b,4,hybrid_rrf,TF002,paraphrase,True,False,10,7,761b9529-5b18-4262-8174-6062c35fb31c,0.015625,False,52.252100002078805
transfusion-retrieval-v3,sha256:5fc6a9a0d5ff5721954fad8f2855c204301e59ef0b28a91d8d9bdbaf48cb659b,4,hybrid_rrf,TF002,paraphrase,True,False,10,8,5de4d74d-720e-4d86-a836-f946d70a2d32,0.015625,False,52.252100002078805
transfusion-retrieval-v3,sha256:5fc6a9a0d5ff5721954fad8f2855c204301e59ef0b28a91d8d9bdbaf48cb659b,4,hybrid_rrf,TF002,paraphrase,True,False,10,9,cfff9bf0-05e4-4179-a793-f3c705d04812,0.015384615384615385,False,52.252100002078805
transfusion-retrieval-v3,sha256:5fc6a9a0d5ff5721954fad8f2855c204301e59ef0b28a91d8d9bdbaf48cb659b,4,hybrid_rrf,TF002,paraphrase,True,False,10,10,c404e320-0bf2-4325-be92-7a0614f201ca,0.015384615384615385,False,52.252100002078805
transfusion-retrieval-v3,sha256:5fc6a9a0d5ff5721954fad8f2855c204301e59ef0b28a91d8d9bdbaf48cb659b,4,hybrid_rrf,TF003,product_specific,True,False,1,1,81a83ec4-b5d1-4305-9f44-93e5fa935ffe,0.029631255487269532,False,15.061500002047978
transfusion-retrieval-v3,sha256:5fc6a9a0d5ff5721954fad8f2855c204301e59ef0b28a91d8d9bdbaf48cb659b,4,hybrid_rrf,TF003,product_specific,True,False,3,1,81a83ec4-b5d1-4305-9f44-93e5fa935ffe,0.029631255487269532,False,15.061500002047978
transfusion-retrieval-v3,sha256:5fc6a9a0d5ff5721954fad8f2855c204301e59ef0b28a91d8d9bdbaf48cb659b,4,hybrid_rrf,TF003,product_specific,True,False,3,2,0f6b0fc1-9d70-479f-a87d-a26e954e2adb,0.01639344262295082,False,15.061500002047978
transfusion-retrieval-v3,sha256:5fc6a9a0d5ff5721954fad8f2855c204301e59ef0b28a91d8d9bdbaf48cb659b,4,hybrid_rrf,TF003,product_specific,True,False,3,3,63cb7040-3526-4f6f-9f88-e295bbe5edaf,0.01639344262295082,False,15.061500002047978
transfusion-retrieval-v3,sha256:5fc6a9a0d5ff5721954fad8f2855c204301e59ef0b28a91d8d9bdbaf48cb659b,4,hybrid_rrf,TF003,product_specific,True,False,5,1,81a83ec4-b5d1-4305-9f44-93e5fa935ffe,0.029631255487269532,False,15.061500002047978
transfusion-retrieval-v3,sha256:5fc6a9a0d5ff5721954fad8f2855c204301e59ef0b28a91d8d9bdbaf48cb659b,4,hybrid_rrf,TF003,product_specific,True,False,5,2,0f6b0fc1-9d70-479f-a87d-a26e954e2adb,0.01639344262295082,False,15.061500002047978
transfusion-retrieval-v3,sha256:5fc6a9a0d5ff5721954fad8f2855c204301e59ef0b28a91d8d9bdbaf48cb659b,4,hybrid_rrf,TF003,product_specific,True,False,5,3,63cb7040-3526-4f6f-9f88-e295bbe5edaf,0.01639344262295082,False,15.061500002047978
transfusion-retrieval-v3,sha256:5fc6a9a0d5ff5721954fad8f2855c204301e59ef0b28a91d8d9bdbaf48cb659b,4,hybrid_rrf,TF003,product_specific,True,False,5,4,10537058-d160-4786-a6cf-95de46d7189c,0.016129032258064516,False,15.061500002047978
transfusion-retrieval-v3,sha256:5fc6a9a0d5ff5721954fad8f2855c204301e59ef0b28a91d8d9bdbaf48cb659b,4,hybrid_rrf,TF003,product_specific,True,False,5,5,ba3d1d87-0c2d-4b67-a0c2-4615c8249c2a,0.016129032258064516,True,15.061500002047978
transfusion-retrieval-v3,sha256:5fc6a9a0d5ff5721954fad8f2855c204301e59ef0b28a91d8d9bdbaf48cb659b,4,hybrid_rrf,TF003,product_specific,True,False,10,1,81a83ec4-b5d1-4305-9f44-93e5fa935ffe,0.029631255487269532,False,15.061500002047978
transfusion-retrieval-v3,sha256:5fc6a9a0d5ff5721954fad8f2855c204301e59ef0b28a91d8d9bdbaf48cb659b,4,hybrid_rrf,TF003,product_specific,True,False,10,2,0f6b0fc1-9d70-479f-a87d-a26e954e2adb,0.01639344262295082,False,15.061500002047978
transfusion-retrieval-v3,sha256:5fc6a9a0d5ff5721954fad8f2855c204301e59ef0b28a91d8d9bdbaf48cb659b,4,hybrid_rrf,TF003,product_specific,True,False,10,3,63cb7040-3526-4f6f-9f88-e295bbe5edaf,0.01639344262295082,False,15.061500002047978
transfusion-retrieval-v3,sha256:5fc6a9a0d5ff5721954fad8f2855c204301e59ef0b28a91d8d9bdbaf48cb659b,4,hybrid_rrf,TF003,product_specific,True,False,10,4,10537058-d160-4786-a6cf-95de46d7189c,0.016129032258064516,False,15.061500002047978
transfusion-retrieval-v3,sha256:5fc6a9a0d5ff5721954fad8f2855c204301e59ef0b28a91d8d9bdbaf48cb659b,4,hybrid_rrf,TF003,product_specific,True,False,10,5,ba3d1d87-0c2d-4b67-a0c2-4615c8249c2a,0.016129032258064516,True,15.061500002047978
transfusion-retrieval-v3,sha256:5fc6a9a0d5ff5721954fad8f2855c204301e59ef0b28a91d8d9bdbaf48cb659b,4,hybrid_rrf,TF003,product_specific,True,False,10,6,9552a4ac-31b4-43a8-aa92-37bd3e89362a,0.015873015873015872,False,15.061500002047978
transfusion-retrieval-v3,sha256:5fc6a9a0d5ff5721954fad8f2855c204301e59ef0b28a91d8d9bdbaf48cb659b,4,hybrid_rrf,TF003,product_specific,True,False,10,7,16efaa44-1554-4748-8407-48fac0bced94,0.015873015873015872,False,15.061500002047978
transfusion-retrieval-v3,sha256:5fc6a9a0d5ff5721954fad8f2855c204301e59ef0b28a91d8d9bdbaf48cb659b,4,hybrid_rrf,TF003,product_specific,True,False,10,8,84c0a864-176f-4776-a15e-167fc2518e5d,0.015625,False,15.061500002047978
transfusion-retrieval-v3,sha256:5fc6a9a0d5ff5721954fad8f2855c204301e59ef0b28a91d8d9bdbaf48cb659b,4,hybrid_rrf,TF003,product_specific,True,False,10,9,4797ba3b-c3d9-4d11-be5f-86db44dbda83,0.015625,False,15.061500002047978
transfusion-retrieval-v3,sha256:5fc6a9a0d5ff5721954fad8f2855c204301e59ef0b28a91d8d9bdbaf48cb659b,4,hybrid_rrf,TF003,product_specific,True,False,10,10,66dba192-bac5-4b3a-bd4d-77e9eacb4192,0.015384615384615385,False,15.061500002047978
transfusion-retrieval-v3,sha256:5fc6a9a0d5ff5721954fad8f2855c204301e59ef0b28a91d8d9bdbaf48cb659b,4,hybrid_rrf,TF004,product_specific,True,False,1,1,63b53156-440d-40c1-bc88-5c07c23ae77f,0.01639344262295082,False,14.03039999968314
transfusion-retrieval-v3,sha256:5fc6a9a0d5ff5721954fad8f2855c204301e59ef0b28a91d8d9bdbaf48cb659b,4,hybrid_rrf,TF004,product_specific,True,False,3,1,63b53156-440d-40c1-bc88-5c07c23ae77f,0.01639344262295082,False,14.03039999968314
transfusion-retrieval-v3,sha256:5fc6a9a0d5ff5721954fad8f2855c204301e59ef0b28a91d8d9bdbaf48cb659b,4,hybrid_rrf,TF004,product_specific,True,False,3,2,63cb7040-3526-4f6f-9f88-e295bbe5edaf,0.01639344262295082,False,14.03039999968314
transfusion-retrieval-v3,sha256:5fc6a9a0d5ff5721954fad8f2855c204301e59ef0b28a91d8d9bdbaf48cb659b,4,hybrid_rrf,TF004,product_specific,True,False,3,3,a7cf71a5-8426-4d7c-8106-e0754e7cb4bf,0.016129032258064516,False,14.03039999968314
transfusion-retrieval-v3,sha256:5fc6a9a0d5ff5721954fad8f2855c204301e59ef0b28a91d8d9bdbaf48cb659b,4,hybrid_rrf,TF004,product_specific,True,False,5,1,63b53156-440d-40c1-bc88-5c07c23ae77f,0.01639344262295082,False,14.03039999968314
transfusion-retrieval-v3,sha256:5fc6a9a0d5ff5721954fad8f2855c204301e59ef0b28a91d8d9bdbaf48cb659b,4,hybrid_rrf,TF004,product_specific,True,False,5,2,63cb7040-3526-4f6f-9f88-e295bbe5edaf,0.01639344262295082,False,14.03039999968314
transfusion-retrieval-v3,sha256:5fc6a9a0d5ff5721954fad8f2855c204301e59ef0b28a91d8d9bdbaf48cb659b,4,hybrid_rrf,TF004,product_specific,True,False,5,3,a7cf71a5-8426-4d7c-8106-e0754e7cb4bf,0.016129032258064516,False,14.03039999968314
transfusion-retrieval-v3,sha256:5fc6a9a0d5ff5721954fad8f2855c204301e59ef0b28a91d8d9bdbaf48cb659b,4,hybrid_rrf,TF004,product_specific,True,False,5,4,16efaa44-1554-4748-8407-48fac0bced94,0.016129032258064516,False,14.03039999968314
transfusion-retrieval-v3,sha256:5fc6a9a0d5ff5721954fad8f2855c204301e59ef0b28a91d8d9bdbaf48cb659b,4,hybrid_rrf,TF004,product_specific,True,False,5,5,fb4884e3-8fea-42fa-b996-7e9c333e7fef,0.015873015873015872,False,14.03039999968314
transfusion-retrieval-v3,sha256:5fc6a9a0d5ff5721954fad8f2855c204301e59ef0b28a91d8d9bdbaf48cb659b,4,hybrid_rrf,TF004,product_specific,True,False,10,1,63b53156-440d-40c1-bc88-5c07c23ae77f,0.01639344262295082,False,14.03039999968314
transfusion-retrieval-v3,sha256:5fc6a9a0d5ff5721954fad8f2855c204301e59ef0b28a91d8d9bdbaf48cb659b,4,hybrid_rrf,TF004,product_specific,True,False,10,2,63cb7040-3526-4f6f-9f88-e295bbe5edaf,0.01639344262295082,False,14.03039999968314
transfusion-retrieval-v3,sha256:5fc6a9a0d5ff5721954fad8f2855c204301e59ef0b28a91d8d9bdbaf48cb659b,4,hybrid_rrf,TF004,product_specific,True,False,10,3,a7cf71a5-8426-4d7c-8106-e0754e7cb4bf,0.016129032258064516,False,14.03039999968314
transfusion-retrieval-v3,sha256:5fc6a9a0d5ff5721954fad8f2855c204301e59ef0b28a91d8d9bdbaf48cb659b,4,hybrid_rrf,TF004,product_specific,True,False,10,4,16efaa44-1554-4748-8407-48fac0bced94,0.016129032258064516,False,14.03039999968314
transfusion-retrieval-v3,sha256:5fc6a9a0d5ff5721954fad8f2855c204301e59ef0b28a91d8d9bdbaf48cb659b,4,hybrid_rrf,TF004,product_specific,True,False,10,5,fb4884e3-8fea-42fa-b996-7e9c333e7fef,0.015873015873015872,False,14.03039999968314
transfusion-retrieval-v3,sha256:5fc6a9a0d5ff5721954fad8f2855c204301e59ef0b28a91d8d9bdbaf48cb659b,4,hybrid_rrf,TF004,product_specific,True,False,10,6,71d2e37c-44e2-4972-8e6b-a6449c2f8404,0.015873015873015872,False,14.03039999968314
transfusion-retrieval-v3,sha256:5fc6a9a0d5ff5721954fad8f2855c204301e59ef0b28a91d8d9bdbaf48cb659b,4,hybrid_rrf,TF004,product_specific,True,False,10,7,eeb8db46-f757-41f1-9ca5-c022f3d4ea3e,0.015625,False,14.03039999968314
transfusion-retrieval-v3,sha256:5fc6a9a0d5ff5721954fad8f2855c204301e59ef0b28a91d8d9bdbaf48cb659b,4,hybrid_rrf,TF004,product_specific,True,False,10,8,ffcf7308-6e83-47bc-a519-0b4b7ba44562,0.015625,True,14.03039999968314
transfusion-retrieval-v3,sha256:5fc6a9a0d5ff5721954fad8f2855c204301e59ef0b28a91d8d9bdbaf48cb659b,4,hybrid_rrf,TF004,product_specific,True,False,10,9,e4892114-b8eb-4f39-a7c4-427217039236,0.015384615384615385,False,14.03039999968314
transfusion-retrieval-v3,sha256:5fc6a9a0d5ff5721954fad8f2855c204301e59ef0b28a91d8d9bdbaf48cb659b,4,hybrid_rrf,TF004,product_specific,True,False,10,10,d3b7d61b-50f0-4b96-a770-785a9f3c3886,0.015384615384615385,False,14.03039999968314
transfusion-retrieval-v3,sha256:5fc6a9a0d5ff5721954fad8f2855c204301e59ef0b28a91d8d9bdbaf48cb659b,4,hybrid_rrf,TF005,temporal,True,False,1,1,63b53156-440d-40c1-bc88-5c07c23ae77f,0.01639344262295082,True,13.47150000219699
transfusion-retrieval-v3,sha256:5fc6a9a0d5ff5721954fad8f2855c204301e59ef0b28a91d8d9bdbaf48cb659b,4,hybrid_rrf,TF005,temporal,True,False,3,1,63b53156-440d-40c1-bc88-5c07c23ae77f,0.01639344262295082,True,13.47150000219699
transfusion-retrieval-v3,sha256:5fc6a9a0d5ff5721954fad8f2855c204301e59ef0b28a91d8d9bdbaf48cb659b,4,hybrid_rrf,TF005,temporal,True,False,3,2,63cb7040-3526-4f6f-9f88-e295bbe5edaf,0.01639344262295082,False,13.47150000219699
transfusion-retrieval-v3,sha256:5fc6a9a0d5ff5721954fad8f2855c204301e59ef0b28a91d8d9bdbaf48cb659b,4,hybrid_rrf,TF005,temporal,True,False,3,3,4d18d11e-2a92-4690-8a64-46653931483e,0.016129032258064516,False,13.47150000219699
transfusion-retrieval-v3,sha256:5fc6a9a0d5ff5721954fad8f2855c204301e59ef0b28a91d8d9bdbaf48cb659b,4,hybrid_rrf,TF005,temporal,True,False,5,1,63b53156-440d-40c1-bc88-5c07c23ae77f,0.01639344262295082,True,13.47150000219699
transfusion-retrieval-v3,sha256:5fc6a9a0d5ff5721954fad8f2855c204301e59ef0b28a91d8d9bdbaf48cb659b,4,hybrid_rrf,TF005,temporal,True,False,5,2,63cb7040-3526-4f6f-9f88-e295bbe5edaf,0.01639344262295082,False,13.47150000219699
transfusion-retrieval-v3,sha256:5fc6a9a0d5ff5721954fad8f2855c204301e59ef0b28a91d8d9bdbaf48cb659b,4,hybrid_rrf,TF005,temporal,True,False,5,3,4d18d11e-2a92-4690-8a64-46653931483e,0.016129032258064516,False,13.47150000219699
transfusion-retrieval-v3,sha256:5fc6a9a0d5ff5721954fad8f2855c204301e59ef0b28a91d8d9bdbaf48cb659b,4,hybrid_rrf,TF005,temporal,True,False,5,4,16efaa44-1554-4748-8407-48fac0bced94,0.016129032258064516,False,13.47150000219699
transfusion-retrieval-v3,sha256:5fc6a9a0d5ff5721954fad8f2855c204301e59ef0b28a91d8d9bdbaf48cb659b,4,hybrid_rrf,TF005,temporal,True,False,5,5,fb4884e3-8fea-42fa-b996-7e9c333e7fef,0.015873015873015872,False,13.47150000219699
transfusion-retrieval-v3,sha256:5fc6a9a0d5ff5721954fad8f2855c204301e59ef0b28a91d8d9bdbaf48cb659b,4,hybrid_rrf,TF005,temporal,True,False,10,1,63b53156-440d-40c1-bc88-5c07c23ae77f,0.01639344262295082,True,13.47150000219699
transfusion-retrieval-v3,sha256:5fc6a9a0d5ff5721954fad8f2855c204301e59ef0b28a91d8d9bdbaf48cb659b,4,hybrid_rrf,TF005,temporal,True,False,10,2,63cb7040-3526-4f6f-9f88-e295bbe5edaf,0.01639344262295082,False,13.47150000219699
transfusion-retrieval-v3,sha256:5fc6a9a0d5ff5721954fad8f2855c204301e59ef0b28a91d8d9bdbaf48cb659b,4,hybrid_rrf,TF005,temporal,True,False,10,3,4d18d11e-2a92-4690-8a64-46653931483e,0.016129032258064516,False,13.47150000219699
transfusion-retrieval-v3,sha256:5fc6a9a0d5ff5721954fad8f2855c204301e59ef0b28a91d8d9bdbaf48cb659b,4,hybrid_rrf,TF005,temporal,True,False,10,4,16efaa44-1554-4748-8407-48fac0bced94,0.016129032258064516,False,13.47150000219699
transfusion-retrieval-v3,sha256:5fc6a9a0d5ff5721954fad8f2855c204301e59ef0b28a91d8d9bdbaf48cb659b,4,hybrid_rrf,TF005,temporal,True,False,10,5,fb4884e3-8fea-42fa-b996-7e9c333e7fef,0.015873015873015872,False,13.47150000219699
transfusion-retrieval-v3,sha256:5fc6a9a0d5ff5721954fad8f2855c204301e59ef0b28a91d8d9bdbaf48cb659b,4,hybrid_rrf,TF005,temporal,True,False,10,6,81a83ec4-b5d1-4305-9f44-93e5fa935ffe,0.015873015873015872,False,13.47150000219699
transfusion-retrieval-v3,sha256:5fc6a9a0d5ff5721954fad8f2855c204301e59ef0b28a91d8d9bdbaf48cb659b,4,hybrid_rrf,TF005,temporal,True,False,10,7,1033ac46-dec8-493e-b577-7f5ad80f8e86,0.015625,False,13.47150000219699
transfusion-retrieval-v3,sha256:5fc6a9a0d5ff5721954fad8f2855c204301e59ef0b28a91d8d9bdbaf48cb659b,4,hybrid_rrf,TF005,temporal,True,False,10,8,17e22a4e-78d9-4607-b75b-151e52cc4d20,0.015625,False,13.47150000219699
transfusion-retrieval-v3,sha256:5fc6a9a0d5ff5721954fad8f2855c204301e59ef0b28a91d8d9bdbaf48cb659b,4,hybrid_rrf,TF005,temporal,True,False,10,9,09f3c6d5-9e0c-4545-960f-b16c69abbeb1,0.015384615384615385,False,13.47150000219699
transfusion-retrieval-v3,sha256:5fc6a9a0d5ff5721954fad8f2855c204301e59ef0b28a91d8d9bdbaf48cb659b,4,hybrid_rrf,TF005,temporal,True,False,10,10,fbb0340e-b19d-43c3-a23a-5ee07899e8cd,0.015384615384615385,False,13.47150000219699
transfusion-retrieval-v3,sha256:5fc6a9a0d5ff5721954fad8f2855c204301e59ef0b28a91d8d9bdbaf48cb659b,4,hybrid_rrf,TF006,temporal,True,False,1,1,63b53156-440d-40c1-bc88-5c07c23ae77f,0.01639344262295082,True,14.354800003275159
transfusion-retrieval-v3,sha256:5fc6a9a0d5ff5721954fad8f2855c204301e59ef0b28a91d8d9bdbaf48cb659b,4,hybrid_rrf,TF006,temporal,True,False,3,1,63b53156-440d-40c1-bc88-5c07c23ae77f,0.01639344262295082,True,14.354800003275159
transfusion-retrieval-v3,sha256:5fc6a9a0d5ff5721954fad8f2855c204301e59ef0b28a91d8d9bdbaf48cb659b,4,hybrid_rrf,TF006,temporal,True,False,3,2,f1611d72-8c47-41f8-bfee-99d5ffdfe12a,0.01639344262295082,False,14.354800003275159
transfusion-retrieval-v3,sha256:5fc6a9a0d5ff5721954fad8f2855c204301e59ef0b28a91d8d9bdbaf48cb659b,4,hybrid_rrf,TF006,temporal,True,False,3,3,71d2e37c-44e2-4972-8e6b-a6449c2f8404,0.016129032258064516,True,14.354800003275159
transfusion-retrieval-v3,sha256:5fc6a9a0d5ff5721954fad8f2855c204301e59ef0b28a91d8d9bdbaf48cb659b,4,hybrid_rrf,TF006,temporal,True,False,5,1,63b53156-440d-40c1-bc88-5c07c23ae77f,0.01639344262295082,True,14.354800003275159
transfusion-retrieval-v3,sha256:5fc6a9a0d5ff5721954fad8f2855c204301e59ef0b28a91d8d9bdbaf48cb659b,4,hybrid_rrf,TF006,temporal,True,False,5,2,f1611d72-8c47-41f8-bfee-99d5ffdfe12a,0.01639344262295082,False,14.354800003275159
transfusion-retrieval-v3,sha256:5fc6a9a0d5ff5721954fad8f2855c204301e59ef0b28a91d8d9bdbaf48cb659b,4,hybrid_rrf,TF006,temporal,True,False,5,3,71d2e37c-44e2-4972-8e6b-a6449c2f8404,0.016129032258064516,True,14.354800003275159
transfusion-retrieval-v3,sha256:5fc6a9a0d5ff5721954fad8f2855c204301e59ef0b28a91d8d9bdbaf48cb659b,4,hybrid_rrf,TF006,temporal,True,False,5,4,64fa07b8-63c3-43c8-899e-5bd6282225ed,0.016129032258064516,False,14.354800003275159
transfusion-retrieval-v3,sha256:5fc6a9a0d5ff5721954fad8f2855c204301e59ef0b28a91d8d9bdbaf48cb659b,4,hybrid_rrf,TF006,temporal,True,False,5,5,ffcf7308-6e83-47bc-a519-0b4b7ba44562,0.015873015873015872,False,14.354800003275159
transfusion-retrieval-v3,sha256:5fc6a9a0d5ff5721954fad8f2855c204301e59ef0b28a91d8d9bdbaf48cb659b,4,hybrid_rrf,TF006,temporal,True,False,10,1,63b53156-440d-40c1-bc88-5c07c23ae77f,0.01639344262295082,True,14.354800003275159
transfusion-retrieval-v3,sha256:5fc6a9a0d5ff5721954fad8f2855c204301e59ef0b28a91d8d9bdbaf48cb659b,4,hybrid_rrf,TF006,temporal,True,False,10,2,f1611d72-8c47-41f8-bfee-99d5ffdfe12a,0.01639344262295082,False,14.354800003275159
transfusion-retrieval-v3,sha256:5fc6a9a0d5ff5721954fad8f2855c204301e59ef0b28a91d8d9bdbaf48cb659b,4,hybrid_rrf,TF006,temporal,True,False,10,3,71d2e37c-44e2-4972-8e6b-a6449c2f8404,0.016129032258064516,True,14.354800003275159
transfusion-retrieval-v3,sha256:5fc6a9a0d5ff5721954fad8f2855c204301e59ef0b28a91d8d9bdbaf48cb659b,4,hybrid_rrf,TF006,temporal,True,False,10,4,64fa07b8-63c3-43c8-899e-5bd6282225ed,0.016129032258064516,False,14.354800003275159
transfusion-retrieval-v3,sha256:5fc6a9a0d5ff5721954fad8f2855c204301e59ef0b28a91d8d9bdbaf48cb659b,4,hybrid_rrf,TF006,temporal,True,False,10,5,ffcf7308-6e83-47bc-a519-0b4b7ba44562,0.015873015873015872,False,14.354800003275159
transfusion-retrieval-v3,sha256:5fc6a9a0d5ff5721954fad8f2855c204301e59ef0b28a91d8d9bdbaf48cb659b,4,hybrid_rrf,TF006,temporal,True,False,10,6,63cb7040-3526-4f6f-9f88-e295bbe5edaf,0.015873015873015872,False,14.354800003275159
transfusion-retrieval-v3,sha256:5fc6a9a0d5ff5721954fad8f2855c204301e59ef0b28a91d8d9bdbaf48cb659b,4,hybrid_rrf,TF006,temporal,True,False,10,7,eeb8db46-f757-41f1-9ca5-c022f3d4ea3e,0.015625,False,14.354800003275159
transfusion-retrieval-v3,sha256:5fc6a9a0d5ff5721954fad8f2855c204301e59ef0b28a91d8d9bdbaf48cb659b,4,hybrid_rrf,TF006,temporal,True,False,10,8,3ecc27b9-634c-4026-b44e-e01123aa0467,0.015625,False,14.354800003275159
transfusion-retrieval-v3,sha256:5fc6a9a0d5ff5721954fad8f2855c204301e59ef0b28a91d8d9bdbaf48cb659b,4,hybrid_rrf,TF006,temporal,True,False,10,9,1033ac46-dec8-493e-b577-7f5ad80f8e86,0.015384615384615385,False,14.354800003275159
transfusion-retrieval-v3,sha256:5fc6a9a0d5ff5721954fad8f2855c204301e59ef0b28a91d8d9bdbaf48cb659b,4,hybrid_rrf,TF006,temporal,True,False,10,10,e4892114-b8eb-4f39-a7c4-427217039236,0.015384615384615385,False,14.354800003275159
transfusion-retrieval-v3,sha256:5fc6a9a0d5ff5721954fad8f2855c204301e59ef0b28a91d8d9bdbaf48cb659b,4,hybrid_rrf,TF007,temporal,True,False,1,1,5de4d74d-720e-4d86-a836-f946d70a2d32,0.01639344262295082,False,11.549800003194832
transfusion-retrieval-v3,sha256:5fc6a9a0d5ff5721954fad8f2855c204301e59ef0b28a91d8d9bdbaf48cb659b,4,hybrid_rrf,TF007,temporal,True,False,3,1,5de4d74d-720e-4d86-a836-f946d70a2d32,0.01639344262295082,False,11.549800003194832
transfusion-retrieval-v3,sha256:5fc6a9a0d5ff5721954fad8f2855c204301e59ef0b28a91d8d9bdbaf48cb659b,4,hybrid_rrf,TF007,temporal,True,False,3,2,63cb7040-3526-4f6f-9f88-e295bbe5edaf,0.01639344262295082,False,11.549800003194832
transfusion-retrieval-v3,sha256:5fc6a9a0d5ff5721954fad8f2855c204301e59ef0b28a91d8d9bdbaf48cb659b,4,hybrid_rrf,TF007,temporal,True,False,3,3,71d2e37c-44e2-4972-8e6b-a6449c2f8404,0.016129032258064516,False,11.549800003194832
transfusion-retrieval-v3,sha256:5fc6a9a0d5ff5721954fad8f2855c204301e59ef0b28a91d8d9bdbaf48cb659b,4,hybrid_rrf,TF007,temporal,True,False,5,1,5de4d74d-720e-4d86-a836-f946d70a2d32,0.01639344262295082,False,11.549800003194832
transfusion-retrieval-v3,sha256:5fc6a9a0d5ff5721954fad8f2855c204301e59ef0b28a91d8d9bdbaf48cb659b,4,hybrid_rrf,TF007,temporal,True,False,5,2,63cb7040-3526-4f6f-9f88-e295bbe5edaf,0.01639344262295082,False,11.549800003194832
transfusion-retrieval-v3,sha256:5fc6a9a0d5ff5721954fad8f2855c204301e59ef0b28a91d8d9bdbaf48cb659b,4,hybrid_rrf,TF007,temporal,True,False,5,3,71d2e37c-44e2-4972-8e6b-a6449c2f8404,0.016129032258064516,False,11.549800003194832
transfusion-retrieval-v3,sha256:5fc6a9a0d5ff5721954fad8f2855c204301e59ef0b28a91d8d9bdbaf48cb659b,4,hybrid_rrf,TF007,temporal,True,False,5,4,16efaa44-1554-4748-8407-48fac0bced94,0.016129032258064516,False,11.549800003194832
transfusion-retrieval-v3,sha256:5fc6a9a0d5ff5721954fad8f2855c204301e59ef0b28a91d8d9bdbaf48cb659b,4,hybrid_rrf,TF007,temporal,True,False,5,5,c404e320-0bf2-4325-be92-7a0614f201ca,0.015873015873015872,False,11.549800003194832
transfusion-retrieval-v3,sha256:5fc6a9a0d5ff5721954fad8f2855c204301e59ef0b28a91d8d9bdbaf48cb659b,4,hybrid_rrf,TF007,temporal,True,False,10,1,5de4d74d-720e-4d86-a836-f946d70a2d32,0.01639344262295082,False,11.549800003194832
transfusion-retrieval-v3,sha256:5fc6a9a0d5ff5721954fad8f2855c204301e59ef0b28a91d8d9bdbaf48cb659b,4,hybrid_rrf,TF007,temporal,True,False,10,2,63cb7040-3526-4f6f-9f88-e295bbe5edaf,0.01639344262295082,False,11.549800003194832
transfusion-retrieval-v3,sha256:5fc6a9a0d5ff5721954fad8f2855c204301e59ef0b28a91d8d9bdbaf48cb659b,4,hybrid_rrf,TF007,temporal,True,False,10,3,71d2e37c-44e2-4972-8e6b-a6449c2f8404,0.016129032258064516,False,11.549800003194832
transfusion-retrieval-v3,sha256:5fc6a9a0d5ff5721954fad8f2855c204301e59ef0b28a91d8d9bdbaf48cb659b,4,hybrid_rrf,TF007,temporal,True,False,10,4,16efaa44-1554-4748-8407-48fac0bced94,0.016129032258064516,False,11.549800003194832
transfusion-retrieval-v3,sha256:5fc6a9a0d5ff5721954fad8f2855c204301e59ef0b28a91d8d9bdbaf48cb659b,4,hybrid_rrf,TF007,temporal,True,False,10,5,c404e320-0bf2-4325-be92-7a0614f201ca,0.015873015873015872,False,11.549800003194832
transfusion-retrieval-v3,sha256:5fc6a9a0d5ff5721954fad8f2855c204301e59ef0b28a91d8d9bdbaf48cb659b,4,hybrid_rrf,TF007,temporal,True,False,10,6,59d57c8a-c9d7-4f8d-b9a1-a2816f1f01f7,0.015873015873015872,False,11.549800003194832
transfusion-retrieval-v3,sha256:5fc6a9a0d5ff5721954fad8f2855c204301e59ef0b28a91d8d9bdbaf48cb659b,4,hybrid_rrf,TF007,temporal,True,False,10,7,761b9529-5b18-4262-8174-6062c35fb31c,0.015625,False,11.549800003194832
transfusion-retrieval-v3,sha256:5fc6a9a0d5ff5721954fad8f2855c204301e59ef0b28a91d8d9bdbaf48cb659b,4,hybrid_rrf,TF007,temporal,True,False,10,8,ffcf7308-6e83-47bc-a519-0b4b7ba44562,0.015625,False,11.549800003194832
transfusion-retrieval-v3,sha256:5fc6a9a0d5ff5721954fad8f2855c204301e59ef0b28a91d8d9bdbaf48cb659b,4,hybrid_rrf,TF007,temporal,True,False,10,9,eeb8db46-f757-41f1-9ca5-c022f3d4ea3e,0.015384615384615385,False,11.549800003194832
transfusion-retrieval-v3,sha256:5fc6a9a0d5ff5721954fad8f2855c204301e59ef0b28a91d8d9bdbaf48cb659b,4,hybrid_rrf,TF007,temporal,True,False,10,10,8259ed27-8646-4502-a959-aab1e9f1770f,0.015384615384615385,False,11.549800003194832
transfusion-retrieval-v3,sha256:5fc6a9a0d5ff5721954fad8f2855c204301e59ef0b28a91d8d9bdbaf48cb659b,4,hybrid_rrf,TF008,product_specific,True,False,1,1,e96acbc9-66b4-4df4-953b-3f7b0a846bbc,0.03128054740957967,True,10.608900000079302
transfusion-retrieval-v3,sha256:5fc6a9a0d5ff5721954fad8f2855c204301e59ef0b28a91d8d9bdbaf48cb659b,4,hybrid_rrf,TF008,product_specific,True,False,3,1,e96acbc9-66b4-4df4-953b-3f7b0a846bbc,0.03128054740957967,True,10.608900000079302
transfusion-retrieval-v3,sha256:5fc6a9a0d5ff5721954fad8f2855c204301e59ef0b28a91d8d9bdbaf48cb659b,4,hybrid_rrf,TF008,product_specific,True,False,3,2,9131e9a9-eff3-4f4e-a20b-4bdd456c35bc,0.01639344262295082,False,10.608900000079302
transfusion-retrieval-v3,sha256:5fc6a9a0d5ff5721954fad8f2855c204301e59ef0b28a91d8d9bdbaf48cb659b,4,hybrid_rrf,TF008,product_specific,True,False,3,3,4797ba3b-c3d9-4d11-be5f-86db44dbda83,0.01639344262295082,False,10.608900000079302
transfusion-retrieval-v3,sha256:5fc6a9a0d5ff5721954fad8f2855c204301e59ef0b28a91d8d9bdbaf48cb659b,4,hybrid_rrf,TF008,product_specific,True,False,5,1,e96acbc9-66b4-4df4-953b-3f7b0a846bbc,0.03128054740957967,True,10.608900000079302
transfusion-retrieval-v3,sha256:5fc6a9a0d5ff5721954fad8f2855c204301e59ef0b28a91d8d9bdbaf48cb659b,4,hybrid_rrf,TF008,product_specific,True,False,5,2,9131e9a9-eff3-4f4e-a20b-4bdd456c35bc,0.01639344262295082,False,10.608900000079302
transfusion-retrieval-v3,sha256:5fc6a9a0d5ff5721954fad8f2855c204301e59ef0b28a91d8d9bdbaf48cb659b,4,hybrid_rrf,TF008,product_specific,True,False,5,3,4797ba3b-c3d9-4d11-be5f-86db44dbda83,0.01639344262295082,False,10.608900000079302
transfusion-retrieval-v3,sha256:5fc6a9a0d5ff5721954fad8f2855c204301e59ef0b28a91d8d9bdbaf48cb659b,4,hybrid_rrf,TF008,product_specific,True,False,5,4,10537058-d160-4786-a6cf-95de46d7189c,0.016129032258064516,False,10.608900000079302
transfusion-retrieval-v3,sha256:5fc6a9a0d5ff5721954fad8f2855c204301e59ef0b28a91d8d9bdbaf48cb659b,4,hybrid_rrf,TF008,product_specific,True,False,5,5,66dba192-bac5-4b3a-bd4d-77e9eacb4192,0.015873015873015872,False,10.608900000079302
transfusion-retrieval-v3,sha256:5fc6a9a0d5ff5721954fad8f2855c204301e59ef0b28a91d8d9bdbaf48cb659b,4,hybrid_rrf,TF008,product_specific,True,False,10,1,e96acbc9-66b4-4df4-953b-3f7b0a846bbc,0.03128054740957967,True,10.608900000079302
transfusion-retrieval-v3,sha256:5fc6a9a0d5ff5721954fad8f2855c204301e59ef0b28a91d8d9bdbaf48cb659b,4,hybrid_rrf,TF008,product_specific,True,False,10,2,9131e9a9-eff3-4f4e-a20b-4bdd456c35bc,0.01639344262295082,False,10.608900000079302
transfusion-retrieval-v3,sha256:5fc6a9a0d5ff5721954fad8f2855c204301e59ef0b28a91d8d9bdbaf48cb659b,4,hybrid_rrf,TF008,product_specific,True,False,10,3,4797ba3b-c3d9-4d11-be5f-86db44dbda83,0.01639344262295082,False,10.608900000079302
transfusion-retrieval-v3,sha256:5fc6a9a0d5ff5721954fad8f2855c204301e59ef0b28a91d8d9bdbaf48cb659b,4,hybrid_rrf,TF008,product_specific,True,False,10,4,10537058-d160-4786-a6cf-95de46d7189c,0.016129032258064516,False,10.608900000079302
transfusion-retrieval-v3,sha256:5fc6a9a0d5ff5721954fad8f2855c204301e59ef0b28a91d8d9bdbaf48cb659b,4,hybrid_rrf,TF008,product_specific,True,False,10,5,66dba192-bac5-4b3a-bd4d-77e9eacb4192,0.015873015873015872,False,10.608900000079302
transfusion-retrieval-v3,sha256:5fc6a9a0d5ff5721954fad8f2855c204301e59ef0b28a91d8d9bdbaf48cb659b,4,hybrid_rrf,TF008,product_specific,True,False,10,6,d4c1a9ca-23c5-4ae0-9a51-c56675b2e6d1,0.015873015873015872,False,10.608900000079302
transfusion-retrieval-v3,sha256:5fc6a9a0d5ff5721954fad8f2855c204301e59ef0b28a91d8d9bdbaf48cb659b,4,hybrid_rrf,TF008,product_specific,True,False,10,7,54fdf811-dedd-4016-b144-3e4bfdcd67c8,0.015625,False,10.608900000079302
transfusion-retrieval-v3,sha256:5fc6a9a0d5ff5721954fad8f2855c204301e59ef0b28a91d8d9bdbaf48cb659b,4,hybrid_rrf,TF008,product_specific,True,False,10,8,63cb7040-3526-4f6f-9f88-e295bbe5edaf,0.015625,False,10.608900000079302
transfusion-retrieval-v3,sha256:5fc6a9a0d5ff5721954fad8f2855c204301e59ef0b28a91d8d9bdbaf48cb659b,4,hybrid_rrf,TF008,product_specific,True,False,10,9,ee8c2027-ad6d-4bb7-8077-5e4c42be1cc3,0.015384615384615385,False,10.608900000079302
transfusion-retrieval-v3,sha256:5fc6a9a0d5ff5721954fad8f2855c204301e59ef0b28a91d8d9bdbaf48cb659b,4,hybrid_rrf,TF008,product_specific,True,False,10,10,4d18d11e-2a92-4690-8a64-46653931483e,0.015384615384615385,False,10.608900000079302
transfusion-retrieval-v3,sha256:5fc6a9a0d5ff5721954fad8f2855c204301e59ef0b28a91d8d9bdbaf48cb659b,4,hybrid_rrf,TF009,product_specific,True,False,1,1,e62b0c91-ff0c-43b2-9bd5-ff173d9f8bc0,0.029631255487269532,False,11.17819999672065
transfusion-retrieval-v3,sha256:5fc6a9a0d5ff5721954fad8f2855c204301e59ef0b28a91d8d9bdbaf48cb659b,4,hybrid_rrf,TF009,product_specific,True,False,3,1,e62b0c91-ff0c-43b2-9bd5-ff173d9f8bc0,0.029631255487269532,False,11.17819999672065
transfusion-retrieval-v3,sha256:5fc6a9a0d5ff5721954fad8f2855c204301e59ef0b28a91d8d9bdbaf48cb659b,4,hybrid_rrf,TF009,product_specific,True,False,3,2,66dba192-bac5-4b3a-bd4d-77e9eacb4192,0.01639344262295082,False,11.17819999672065
transfusion-retrieval-v3,sha256:5fc6a9a0d5ff5721954fad8f2855c204301e59ef0b28a91d8d9bdbaf48cb659b,4,hybrid_rrf,TF009,product_specific,True,False,3,3,9131e9a9-eff3-4f4e-a20b-4bdd456c35bc,0.01639344262295082,False,11.17819999672065
transfusion-retrieval-v3,sha256:5fc6a9a0d5ff5721954fad8f2855c204301e59ef0b28a91d8d9bdbaf48cb659b,4,hybrid_rrf,TF009,product_specific,True,False,5,1,e62b0c91-ff0c-43b2-9bd5-ff173d9f8bc0,0.029631255487269532,False,11.17819999672065
transfusion-retrieval-v3,sha256:5fc6a9a0d5ff5721954fad8f2855c204301e59ef0b28a91d8d9bdbaf48cb659b,4,hybrid_rrf,TF009,product_specific,True,False,5,2,66dba192-bac5-4b3a-bd4d-77e9eacb4192,0.01639344262295082,False,11.17819999672065
transfusion-retrieval-v3,sha256:5fc6a9a0d5ff5721954fad8f2855c204301e59ef0b28a91d8d9bdbaf48cb659b,4,hybrid_rrf,TF009,product_specific,True,False,5,3,9131e9a9-eff3-4f4e-a20b-4bdd456c35bc,0.01639344262295082,False,11.17819999672065
transfusion-retrieval-v3,sha256:5fc6a9a0d5ff5721954fad8f2855c204301e59ef0b28a91d8d9bdbaf48cb659b,4,hybrid_rrf,TF009,product_specific,True,False,5,4,d4c1a9ca-23c5-4ae0-9a51-c56675b2e6d1,0.016129032258064516,True,11.17819999672065
transfusion-retrieval-v3,sha256:5fc6a9a0d5ff5721954fad8f2855c204301e59ef0b28a91d8d9bdbaf48cb659b,4,hybrid_rrf,TF009,product_specific,True,False,5,5,4797ba3b-c3d9-4d11-be5f-86db44dbda83,0.016129032258064516,False,11.17819999672065
transfusion-retrieval-v3,sha256:5fc6a9a0d5ff5721954fad8f2855c204301e59ef0b28a91d8d9bdbaf48cb659b,4,hybrid_rrf,TF009,product_specific,True,False,10,1,e62b0c91-ff0c-43b2-9bd5-ff173d9f8bc0,0.029631255487269532,False,11.17819999672065
transfusion-retrieval-v3,sha256:5fc6a9a0d5ff5721954fad8f2855c204301e59ef0b28a91d8d9bdbaf48cb659b,4,hybrid_rrf,TF009,product_specific,True,False,10,2,66dba192-bac5-4b3a-bd4d-77e9eacb4192,0.01639344262295082,False,11.17819999672065
transfusion-retrieval-v3,sha256:5fc6a9a0d5ff5721954fad8f2855c204301e59ef0b28a91d8d9bdbaf48cb659b,4,hybrid_rrf,TF009,product_specific,True,False,10,3,9131e9a9-eff3-4f4e-a20b-4bdd456c35bc,0.01639344262295082,False,11.17819999672065
transfusion-retrieval-v3,sha256:5fc6a9a0d5ff5721954fad8f2855c204301e59ef0b28a91d8d9bdbaf48cb659b,4,hybrid_rrf,TF009,product_specific,True,False,10,4,d4c1a9ca-23c5-4ae0-9a51-c56675b2e6d1,0.016129032258064516,True,11.17819999672065
transfusion-retrieval-v3,sha256:5fc6a9a0d5ff5721954fad8f2855c204301e59ef0b28a91d8d9bdbaf48cb659b,4,hybrid_rrf,TF009,product_specific,True,False,10,5,4797ba3b-c3d9-4d11-be5f-86db44dbda83,0.016129032258064516,False,11.17819999672065
transfusion-retrieval-v3,sha256:5fc6a9a0d5ff5721954fad8f2855c204301e59ef0b28a91d8d9bdbaf48cb659b,4,hybrid_rrf,TF009,product_specific,True,False,10,6,fbf62ef9-25b7-437c-98d8-c4934fba0fe6,0.015873015873015872,False,11.17819999672065
transfusion-retrieval-v3,sha256:5fc6a9a0d5ff5721954fad8f2855c204301e59ef0b28a91d8d9bdbaf48cb659b,4,hybrid_rrf,TF009,product_specific,True,False,10,7,63cb7040-3526-4f6f-9f88-e295bbe5edaf,0.015873015873015872,False,11.17819999672065
transfusion-retrieval-v3,sha256:5fc6a9a0d5ff5721954fad8f2855c204301e59ef0b28a91d8d9bdbaf48cb659b,4,hybrid_rrf,TF009,product_specific,True,False,10,8,843aa4c8-3ffd-4747-97eb-8699b0a0eeaf,0.015625,False,11.17819999672065
transfusion-retrieval-v3,sha256:5fc6a9a0d5ff5721954fad8f2855c204301e59ef0b28a91d8d9bdbaf48cb659b,4,hybrid_rrf,TF009,product_specific,True,False,10,9,e96acbc9-66b4-4df4-953b-3f7b0a846bbc,0.015625,False,11.17819999672065
transfusion-retrieval-v3,sha256:5fc6a9a0d5ff5721954fad8f2855c204301e59ef0b28a91d8d9bdbaf48cb659b,4,hybrid_rrf,TF009,product_specific,True,False,10,10,10537058-d160-4786-a6cf-95de46d7189c,0.015384615384615385,False,11.17819999672065
transfusion-retrieval-v3,sha256:5fc6a9a0d5ff5721954fad8f2855c204301e59ef0b28a91d8d9bdbaf48cb659b,4,hybrid_rrf,TF010,product_specific,True,False,1,1,9131e9a9-eff3-4f4e-a20b-4bdd456c35bc,0.03149801587301587,True,14.271899995947024
transfusion-retrieval-v3,sha256:5fc6a9a0d5ff5721954fad8f2855c204301e59ef0b28a91d8d9bdbaf48cb659b,4,hybrid_rrf,TF010,product_specific,True,False,3,1,9131e9a9-eff3-4f4e-a20b-4bdd456c35bc,0.03149801587301587,True,14.271899995947024
transfusion-retrieval-v3,sha256:5fc6a9a0d5ff5721954fad8f2855c204301e59ef0b28a91d8d9bdbaf48cb659b,4,hybrid_rrf,TF010,product_specific,True,False,3,2,761b9529-5b18-4262-8174-6062c35fb31c,0.03036576949620428,False,14.271899995947024
transfusion-retrieval-v3,sha256:5fc6a9a0d5ff5721954fad8f2855c204301e59ef0b28a91d8d9bdbaf48cb659b,4,hybrid_rrf,TF010,product_specific,True,False,3,3,54fdf811-dedd-4016-b144-3e4bfdcd67c8,0.01639344262295082,True,14.271899995947024
transfusion-retrieval-v3,sha256:5fc6a9a0d5ff5721954fad8f2855c204301e59ef0b28a91d8d9bdbaf48cb659b,4,hybrid_rrf,TF010,product_specific,True,False,5,1,9131e9a9-eff3-4f4e-a20b-4bdd456c35bc,0.03149801587301587,True,14.271899995947024
transfusion-retrieval-v3,sha256:5fc6a9a0d5ff5721954fad8f2855c204301e59ef0b28a91d8d9bdbaf48cb659b,4,hybrid_rrf,TF010,product_specific,True,False,5,2,761b9529-5b18-4262-8174-6062c35fb31c,0.03036576949620428,False,14.271899995947024
transfusion-retrieval-v3,sha256:5fc6a9a0d5ff5721954fad8f2855c204301e59ef0b28a91d8d9bdbaf48cb659b,4,hybrid_rrf,TF010,product_specific,True,False,5,3,54fdf811-dedd-4016-b144-3e4bfdcd67c8,0.01639344262295082,True,14.271899995947024
transfusion-retrieval-v3,sha256:5fc6a9a0d5ff5721954fad8f2855c204301e59ef0b28a91d8d9bdbaf48cb659b,4,hybrid_rrf,TF010,product_specific,True,False,5,4,f1611d72-8c47-41f8-bfee-99d5ffdfe12a,0.01639344262295082,False,14.271899995947024
transfusion-retrieval-v3,sha256:5fc6a9a0d5ff5721954fad8f2855c204301e59ef0b28a91d8d9bdbaf48cb659b,4,hybrid_rrf,TF010,product_specific,True,False,5,5,d4c1a9ca-23c5-4ae0-9a51-c56675b2e6d1,0.016129032258064516,False,14.271899995947024
transfusion-retrieval-v3,sha256:5fc6a9a0d5ff5721954fad8f2855c204301e59ef0b28a91d8d9bdbaf48cb659b,4,hybrid_rrf,TF010,product_specific,True,False,10,1,9131e9a9-eff3-4f4e-a20b-4bdd456c35bc,0.03149801587301587,True,14.271899995947024
transfusion-retrieval-v3,sha256:5fc6a9a0d5ff5721954fad8f2855c204301e59ef0b28a91d8d9bdbaf48cb659b,4,hybrid_rrf,TF010,product_specific,True,False,10,2,761b9529-5b18-4262-8174-6062c35fb31c,0.03036576949620428,False,14.271899995947024
transfusion-retrieval-v3,sha256:5fc6a9a0d5ff5721954fad8f2855c204301e59ef0b28a91d8d9bdbaf48cb659b,4,hybrid_rrf,TF010,product_specific,True,False,10,3,54fdf811-dedd-4016-b144-3e4bfdcd67c8,0.01639344262295082,True,14.271899995947024
transfusion-retrieval-v3,sha256:5fc6a9a0d5ff5721954fad8f2855c204301e59ef0b28a91d8d9bdbaf48cb659b,4,hybrid_rrf,TF010,product_specific,True,False,10,4,f1611d72-8c47-41f8-bfee-99d5ffdfe12a,0.01639344262295082,False,14.271899995947024
transfusion-retrieval-v3,sha256:5fc6a9a0d5ff5721954fad8f2855c204301e59ef0b28a91d8d9bdbaf48cb659b,4,hybrid_rrf,TF010,product_specific,True,False,10,5,d4c1a9ca-23c5-4ae0-9a51-c56675b2e6d1,0.016129032258064516,False,14.271899995947024
transfusion-retrieval-v3,sha256:5fc6a9a0d5ff5721954fad8f2855c204301e59ef0b28a91d8d9bdbaf48cb659b,4,hybrid_rrf,TF010,product_specific,True,False,10,6,4797ba3b-c3d9-4d11-be5f-86db44dbda83,0.016129032258064516,False,14.271899995947024
transfusion-retrieval-v3,sha256:5fc6a9a0d5ff5721954fad8f2855c204301e59ef0b28a91d8d9bdbaf48cb659b,4,hybrid_rrf,TF010,product_specific,True,False,10,7,e96acbc9-66b4-4df4-953b-3f7b0a846bbc,0.015625,False,14.271899995947024
transfusion-retrieval-v3,sha256:5fc6a9a0d5ff5721954fad8f2855c204301e59ef0b28a91d8d9bdbaf48cb659b,4,hybrid_rrf,TF010,product_specific,True,False,10,8,d9a4a9c8-fbd4-41f2-bab6-6abd72575204,0.015384615384615385,False,14.271899995947024
transfusion-retrieval-v3,sha256:5fc6a9a0d5ff5721954fad8f2855c204301e59ef0b28a91d8d9bdbaf48cb659b,4,hybrid_rrf,TF010,product_specific,True,False,10,9,df699ccc-6f51-4281-b4a4-f3d2a20631e0,0.015384615384615385,False,14.271899995947024
transfusion-retrieval-v3,sha256:5fc6a9a0d5ff5721954fad8f2855c204301e59ef0b28a91d8d9bdbaf48cb659b,4,hybrid_rrf,TF010,product_specific,True,False,10,10,17e22a4e-78d9-4607-b75b-151e52cc4d20,0.015151515151515152,False,14.271899995947024
transfusion-retrieval-v3,sha256:5fc6a9a0d5ff5721954fad8f2855c204301e59ef0b28a91d8d9bdbaf48cb659b,4,hybrid_rrf,TF011,paraphrase,True,False,1,1,9131e9a9-eff3-4f4e-a20b-4bdd456c35bc,0.01639344262295082,False,16.19130000108271
transfusion-retrieval-v3,sha256:5fc6a9a0d5ff5721954fad8f2855c204301e59ef0b28a91d8d9bdbaf48cb659b,4,hybrid_rrf,TF011,paraphrase,True,False,3,1,9131e9a9-eff3-4f4e-a20b-4bdd456c35bc,0.01639344262295082,False,16.19130000108271
transfusion-retrieval-v3,sha256:5fc6a9a0d5ff5721954fad8f2855c204301e59ef0b28a91d8d9bdbaf48cb659b,4,hybrid_rrf,TF011,paraphrase,True,False,3,2,63cb7040-3526-4f6f-9f88-e295bbe5edaf,0.01639344262295082,False,16.19130000108271
transfusion-retrieval-v3,sha256:5fc6a9a0d5ff5721954fad8f2855c204301e59ef0b28a91d8d9bdbaf48cb659b,4,hybrid_rrf,TF011,paraphrase,True,False,3,3,d4c1a9ca-23c5-4ae0-9a51-c56675b2e6d1,0.016129032258064516,False,16.19130000108271
transfusion-retrieval-v3,sha256:5fc6a9a0d5ff5721954fad8f2855c204301e59ef0b28a91d8d9bdbaf48cb659b,4,hybrid_rrf,TF011,paraphrase,True,False,5,1,9131e9a9-eff3-4f4e-a20b-4bdd456c35bc,0.01639344262295082,False,16.19130000108271
transfusion-retrieval-v3,sha256:5fc6a9a0d5ff5721954fad8f2855c204301e59ef0b28a91d8d9bdbaf48cb659b,4,hybrid_rrf,TF011,paraphrase,True,False,5,2,63cb7040-3526-4f6f-9f88-e295bbe5edaf,0.01639344262295082,False,16.19130000108271
transfusion-retrieval-v3,sha256:5fc6a9a0d5ff5721954fad8f2855c204301e59ef0b28a91d8d9bdbaf48cb659b,4,hybrid_rrf,TF011,paraphrase,True,False,5,3,d4c1a9ca-23c5-4ae0-9a51-c56675b2e6d1,0.016129032258064516,False,16.19130000108271
transfusion-retrieval-v3,sha256:5fc6a9a0d5ff5721954fad8f2855c204301e59ef0b28a91d8d9bdbaf48cb659b,4,hybrid_rrf,TF011,paraphrase,True,False,5,4,16efaa44-1554-4748-8407-48fac0bced94,0.016129032258064516,False,16.19130000108271
transfusion-retrieval-v3,sha256:5fc6a9a0d5ff5721954fad8f2855c204301e59ef0b28a91d8d9bdbaf48cb659b,4,hybrid_rrf,TF011,paraphrase,True,False,5,5,fb4884e3-8fea-42fa-b996-7e9c333e7fef,0.015873015873015872,False,16.19130000108271
transfusion-retrieval-v3,sha256:5fc6a9a0d5ff5721954fad8f2855c204301e59ef0b28a91d8d9bdbaf48cb659b,4,hybrid_rrf,TF011,paraphrase,True,False,10,1,9131e9a9-eff3-4f4e-a20b-4bdd456c35bc,0.01639344262295082,False,16.19130000108271
transfusion-retrieval-v3,sha256:5fc6a9a0d5ff5721954fad8f2855c204301e59ef0b28a91d8d9bdbaf48cb659b,4,hybrid_rrf,TF011,paraphrase,True,False,10,2,63cb7040-3526-4f6f-9f88-e295bbe5edaf,0.01639344262295082,False,16.19130000108271
transfusion-retrieval-v3,sha256:5fc6a9a0d5ff5721954fad8f2855c204301e59ef0b28a91d8d9bdbaf48cb659b,4,hybrid_rrf,TF011,paraphrase,True,False,10,3,d4c1a9ca-23c5-4ae0-9a51-c56675b2e6d1,0.016129032258064516,False,16.19130000108271
transfusion-retrieval-v3,sha256:5fc6a9a0d5ff5721954fad8f2855c204301e59ef0b28a91d8d9bdbaf48cb659b,4,hybrid_rrf,TF011,paraphrase,True,False,10,4,16efaa44-1554-4748-8407-48fac0bced94,0.016129032258064516,False,16.19130000108271
transfusion-retrieval-v3,sha256:5fc6a9a0d5ff5721954fad8f2855c204301e59ef0b28a91d8d9bdbaf48cb659b,4,hybrid_rrf,TF011,paraphrase,True,False,10,5,fb4884e3-8fea-42fa-b996-7e9c333e7fef,0.015873015873015872,False,16.19130000108271
transfusion-retrieval-v3,sha256:5fc6a9a0d5ff5721954fad8f2855c204301e59ef0b28a91d8d9bdbaf48cb659b,4,hybrid_rrf,TF011,paraphrase,True,False,10,6,2cea4ea7-7aaf-4c54-ac4e-b660de52065d,0.015873015873015872,False,16.19130000108271
transfusion-retrieval-v3,sha256:5fc6a9a0d5ff5721954fad8f2855c204301e59ef0b28a91d8d9bdbaf48cb659b,4,hybrid_rrf,TF011,paraphrase,True,False,10,7,e4892114-b8eb-4f39-a7c4-427217039236,0.015625,False,16.19130000108271
transfusion-retrieval-v3,sha256:5fc6a9a0d5ff5721954fad8f2855c204301e59ef0b28a91d8d9bdbaf48cb659b,4,hybrid_rrf,TF011,paraphrase,True,False,10,8,fbf62ef9-25b7-437c-98d8-c4934fba0fe6,0.015625,False,16.19130000108271
transfusion-retrieval-v3,sha256:5fc6a9a0d5ff5721954fad8f2855c204301e59ef0b28a91d8d9bdbaf48cb659b,4,hybrid_rrf,TF011,paraphrase,True,False,10,9,e96acbc9-66b4-4df4-953b-3f7b0a846bbc,0.015384615384615385,False,16.19130000108271
transfusion-retrieval-v3,sha256:5fc6a9a0d5ff5721954fad8f2855c204301e59ef0b28a91d8d9bdbaf48cb659b,4,hybrid_rrf,TF011,paraphrase,True,False,10,10,9c5f18b5-9491-4cb2-9eba-9a0d2462f8bb,0.015384615384615385,False,16.19130000108271
transfusion-retrieval-v3,sha256:5fc6a9a0d5ff5721954fad8f2855c204301e59ef0b28a91d8d9bdbaf48cb659b,4,hybrid_rrf,TF012,product_specific,True,False,1,1,2cea4ea7-7aaf-4c54-ac4e-b660de52065d,0.032266458495966696,False,18.379499997536186
transfusion-retrieval-v3,sha256:5fc6a9a0d5ff5721954fad8f2855c204301e59ef0b28a91d8d9bdbaf48cb659b,4,hybrid_rrf,TF012,product_specific,True,False,3,1,2cea4ea7-7aaf-4c54-ac4e-b660de52065d,0.032266458495966696,False,18.379499997536186
transfusion-retrieval-v3,sha256:5fc6a9a0d5ff5721954fad8f2855c204301e59ef0b28a91d8d9bdbaf48cb659b,4,hybrid_rrf,TF012,product_specific,True,False,3,2,bc88f538-e881-4c81-85e9-fca20614315d,0.03128054740957967,True,18.379499997536186
transfusion-retrieval-v3,sha256:5fc6a9a0d5ff5721954fad8f2855c204301e59ef0b28a91d8d9bdbaf48cb659b,4,hybrid_rrf,TF012,product_specific,True,False,3,3,63cb7040-3526-4f6f-9f88-e295bbe5edaf,0.01639344262295082,False,18.379499997536186
transfusion-retrieval-v3,sha256:5fc6a9a0d5ff5721954fad8f2855c204301e59ef0b28a91d8d9bdbaf48cb659b,4,hybrid_rrf,TF012,product_specific,True,False,5,1,2cea4ea7-7aaf-4c54-ac4e-b660de52065d,0.032266458495966696,False,18.379499997536186
transfusion-retrieval-v3,sha256:5fc6a9a0d5ff5721954fad8f2855c204301e59ef0b28a91d8d9bdbaf48cb659b,4,hybrid_rrf,TF012,product_specific,True,False,5,2,bc88f538-e881-4c81-85e9-fca20614315d,0.03128054740957967,True,18.379499997536186
transfusion-retrieval-v3,sha256:5fc6a9a0d5ff5721954fad8f2855c204301e59ef0b28a91d8d9bdbaf48cb659b,4,hybrid_rrf,TF012,product_specific,True,False,5,3,63cb7040-3526-4f6f-9f88-e295bbe5edaf,0.01639344262295082,False,18.379499997536186
transfusion-retrieval-v3,sha256:5fc6a9a0d5ff5721954fad8f2855c204301e59ef0b28a91d8d9bdbaf48cb659b,4,hybrid_rrf,TF012,product_specific,True,False,5,4,16efaa44-1554-4748-8407-48fac0bced94,0.016129032258064516,False,18.379499997536186
transfusion-retrieval-v3,sha256:5fc6a9a0d5ff5721954fad8f2855c204301e59ef0b28a91d8d9bdbaf48cb659b,4,hybrid_rrf,TF012,product_specific,True,False,5,5,21efe016-3004-45f3-a070-29ce2ecb0019,0.015873015873015872,False,18.379499997536186
transfusion-retrieval-v3,sha256:5fc6a9a0d5ff5721954fad8f2855c204301e59ef0b28a91d8d9bdbaf48cb659b,4,hybrid_rrf,TF012,product_specific,True,False,10,1,2cea4ea7-7aaf-4c54-ac4e-b660de52065d,0.032266458495966696,False,18.379499997536186
transfusion-retrieval-v3,sha256:5fc6a9a0d5ff5721954fad8f2855c204301e59ef0b28a91d8d9bdbaf48cb659b,4,hybrid_rrf,TF012,product_specific,True,False,10,2,bc88f538-e881-4c81-85e9-fca20614315d,0.03128054740957967,True,18.379499997536186
transfusion-retrieval-v3,sha256:5fc6a9a0d5ff5721954fad8f2855c204301e59ef0b28a91d8d9bdbaf48cb659b,4,hybrid_rrf,TF012,product_specific,True,False,10,3,63cb7040-3526-4f6f-9f88-e295bbe5edaf,0.01639344262295082,False,18.379499997536186
transfusion-retrieval-v3,sha256:5fc6a9a0d5ff5721954fad8f2855c204301e59ef0b28a91d8d9bdbaf48cb659b,4,hybrid_rrf,TF012,product_specific,True,False,10,4,16efaa44-1554-4748-8407-48fac0bced94,0.016129032258064516,False,18.379499997536186
transfusion-retrieval-v3,sha256:5fc6a9a0d5ff5721954fad8f2855c204301e59ef0b28a91d8d9bdbaf48cb659b,4,hybrid_rrf,TF012,product_specific,True,False,10,5,21efe016-3004-45f3-a070-29ce2ecb0019,0.015873015873015872,False,18.379499997536186
transfusion-retrieval-v3,sha256:5fc6a9a0d5ff5721954fad8f2855c204301e59ef0b28a91d8d9bdbaf48cb659b,4,hybrid_rrf,TF012,product_specific,True,False,10,6,10537058-d160-4786-a6cf-95de46d7189c,0.015625,False,18.379499997536186
transfusion-retrieval-v3,sha256:5fc6a9a0d5ff5721954fad8f2855c204301e59ef0b28a91d8d9bdbaf48cb659b,4,hybrid_rrf,TF012,product_specific,True,False,10,7,9b6cc313-9a59-4387-a5ce-2ed14389a0a7,0.015625,False,18.379499997536186
transfusion-retrieval-v3,sha256:5fc6a9a0d5ff5721954fad8f2855c204301e59ef0b28a91d8d9bdbaf48cb659b,4,hybrid_rrf,TF012,product_specific,True,False,10,8,5de4d74d-720e-4d86-a836-f946d70a2d32,0.015384615384615385,False,18.379499997536186
transfusion-retrieval-v3,sha256:5fc6a9a0d5ff5721954fad8f2855c204301e59ef0b28a91d8d9bdbaf48cb659b,4,hybrid_rrf,TF012,product_specific,True,False,10,9,4797ba3b-c3d9-4d11-be5f-86db44dbda83,0.015384615384615385,False,18.379499997536186
transfusion-retrieval-v3,sha256:5fc6a9a0d5ff5721954fad8f2855c204301e59ef0b28a91d8d9bdbaf48cb659b,4,hybrid_rrf,TF012,product_specific,True,False,10,10,b66e5419-8a9c-47f4-866d-ebdb95b174b2,0.015151515151515152,False,18.379499997536186
transfusion-retrieval-v3,sha256:5fc6a9a0d5ff5721954fad8f2855c204301e59ef0b28a91d8d9bdbaf48cb659b,4,hybrid_rrf,TF013,product_specific,True,False,1,1,2cea4ea7-7aaf-4c54-ac4e-b660de52065d,0.03252247488101534,False,12.509599999248167
transfusion-retrieval-v3,sha256:5fc6a9a0d5ff5721954fad8f2855c204301e59ef0b28a91d8d9bdbaf48cb659b,4,hybrid_rrf,TF013,product_specific,True,False,3,1,2cea4ea7-7aaf-4c54-ac4e-b660de52065d,0.03252247488101534,False,12.509599999248167
transfusion-retrieval-v3,sha256:5fc6a9a0d5ff5721954fad8f2855c204301e59ef0b28a91d8d9bdbaf48cb659b,4,hybrid_rrf,TF013,product_specific,True,False,3,2,bc88f538-e881-4c81-85e9-fca20614315d,0.032266458495966696,False,12.509599999248167
transfusion-retrieval-v3,sha256:5fc6a9a0d5ff5721954fad8f2855c204301e59ef0b28a91d8d9bdbaf48cb659b,4,hybrid_rrf,TF013,product_specific,True,False,3,3,21efe016-3004-45f3-a070-29ce2ecb0019,0.03200204813108039,False,12.509599999248167
transfusion-retrieval-v3,sha256:5fc6a9a0d5ff5721954fad8f2855c204301e59ef0b28a91d8d9bdbaf48cb659b,4,hybrid_rrf,TF013,product_specific,True,False,5,1,2cea4ea7-7aaf-4c54-ac4e-b660de52065d,0.03252247488101534,False,12.509599999248167
transfusion-retrieval-v3,sha256:5fc6a9a0d5ff5721954fad8f2855c204301e59ef0b28a91d8d9bdbaf48cb659b,4,hybrid_rrf,TF013,product_specific,True,False,5,2,bc88f538-e881-4c81-85e9-fca20614315d,0.032266458495966696,False,12.509599999248167
transfusion-retrieval-v3,sha256:5fc6a9a0d5ff5721954fad8f2855c204301e59ef0b28a91d8d9bdbaf48cb659b,4,hybrid_rrf,TF013,product_specific,True,False,5,3,21efe016-3004-45f3-a070-29ce2ecb0019,0.03200204813108039,False,12.509599999248167
transfusion-retrieval-v3,sha256:5fc6a9a0d5ff5721954fad8f2855c204301e59ef0b28a91d8d9bdbaf48cb659b,4,hybrid_rrf,TF013,product_specific,True,False,5,4,b66e5419-8a9c-47f4-866d-ebdb95b174b2,0.030776515151515152,True,12.509599999248167
transfusion-retrieval-v3,sha256:5fc6a9a0d5ff5721954fad8f2855c204301e59ef0b28a91d8d9bdbaf48cb659b,4,hybrid_rrf,TF013,product_specific,True,False,5,5,16efaa44-1554-4748-8407-48fac0bced94,0.015625,False,12.509599999248167
transfusion-retrieval-v3,sha256:5fc6a9a0d5ff5721954fad8f2855c204301e59ef0b28a91d8d9bdbaf48cb659b,4,hybrid_rrf,TF013,product_specific,True,False,10,1,2cea4ea7-7aaf-4c54-ac4e-b660de52065d,0.03252247488101534,False,12.509599999248167
transfusion-retrieval-v3,sha256:5fc6a9a0d5ff5721954fad8f2855c204301e59ef0b28a91d8d9bdbaf48cb659b,4,hybrid_rrf,TF013,product_specific,True,False,10,2,bc88f538-e881-4c81-85e9-fca20614315d,0.032266458495966696,False,12.509599999248167
transfusion-retrieval-v3,sha256:5fc6a9a0d5ff5721954fad8f2855c204301e59ef0b28a91d8d9bdbaf48cb659b,4,hybrid_rrf,TF013,product_specific,True,False,10,3,21efe016-3004-45f3-a070-29ce2ecb0019,0.03200204813108039,False,12.509599999248167
transfusion-retrieval-v3,sha256:5fc6a9a0d5ff5721954fad8f2855c204301e59ef0b28a91d8d9bdbaf48cb659b,4,hybrid_rrf,TF013,product_specific,True,False,10,4,b66e5419-8a9c-47f4-866d-ebdb95b174b2,0.030776515151515152,True,12.509599999248167
transfusion-retrieval-v3,sha256:5fc6a9a0d5ff5721954fad8f2855c204301e59ef0b28a91d8d9bdbaf48cb659b,4,hybrid_rrf,TF013,product_specific,True,False,10,5,16efaa44-1554-4748-8407-48fac0bced94,0.015625,False,12.509599999248167
transfusion-retrieval-v3,sha256:5fc6a9a0d5ff5721954fad8f2855c204301e59ef0b28a91d8d9bdbaf48cb659b,4,hybrid_rrf,TF013,product_specific,True,False,10,6,66dba192-bac5-4b3a-bd4d-77e9eacb4192,0.015384615384615385,False,12.509599999248167
transfusion-retrieval-v3,sha256:5fc6a9a0d5ff5721954fad8f2855c204301e59ef0b28a91d8d9bdbaf48cb659b,4,hybrid_rrf,TF013,product_specific,True,False,10,7,3abbb958-eafe-4ffe-bcfc-dafa7349c15c,0.015384615384615385,False,12.509599999248167
transfusion-retrieval-v3,sha256:5fc6a9a0d5ff5721954fad8f2855c204301e59ef0b28a91d8d9bdbaf48cb659b,4,hybrid_rrf,TF013,product_specific,True,False,10,8,22e6c188-2e4c-4029-b200-7770a3f00e6e,0.015151515151515152,False,12.509599999248167
transfusion-retrieval-v3,sha256:5fc6a9a0d5ff5721954fad8f2855c204301e59ef0b28a91d8d9bdbaf48cb659b,4,hybrid_rrf,TF013,product_specific,True,False,10,9,4c0dde2a-0432-4cb2-ad33-987f5979ff76,0.014925373134328358,False,12.509599999248167
transfusion-retrieval-v3,sha256:5fc6a9a0d5ff5721954fad8f2855c204301e59ef0b28a91d8d9bdbaf48cb659b,4,hybrid_rrf,TF013,product_specific,True,False,10,10,63cb7040-3526-4f6f-9f88-e295bbe5edaf,0.014925373134328358,False,12.509599999248167
transfusion-retrieval-v3,sha256:5fc6a9a0d5ff5721954fad8f2855c204301e59ef0b28a91d8d9bdbaf48cb659b,4,hybrid_rrf,TF014,temporal,True,False,1,1,2cea4ea7-7aaf-4c54-ac4e-b660de52065d,0.03252247488101534,False,12.931200002640253
transfusion-retrieval-v3,sha256:5fc6a9a0d5ff5721954fad8f2855c204301e59ef0b28a91d8d9bdbaf48cb659b,4,hybrid_rrf,TF014,temporal,True,False,3,1,2cea4ea7-7aaf-4c54-ac4e-b660de52065d,0.03252247488101534,False,12.931200002640253
transfusion-retrieval-v3,sha256:5fc6a9a0d5ff5721954fad8f2855c204301e59ef0b28a91d8d9bdbaf48cb659b,4,hybrid_rrf,TF014,temporal,True,False,3,2,21efe016-3004-45f3-a070-29ce2ecb0019,0.03200204813108039,True,12.931200002640253
transfusion-retrieval-v3,sha256:5fc6a9a0d5ff5721954fad8f2855c204301e59ef0b28a91d8d9bdbaf48cb659b,4,hybrid_rrf,TF014,temporal,True,False,3,3,b66e5419-8a9c-47f4-866d-ebdb95b174b2,0.03177805800756621,True,12.931200002640253
transfusion-retrieval-v3,sha256:5fc6a9a0d5ff5721954fad8f2855c204301e59ef0b28a91d8d9bdbaf48cb659b,4,hybrid_rrf,TF014,temporal,True,False,5,1,2cea4ea7-7aaf-4c54-ac4e-b660de52065d,0.03252247488101534,False,12.931200002640253
transfusion-retrieval-v3,sha256:5fc6a9a0d5ff5721954fad8f2855c204301e59ef0b28a91d8d9bdbaf48cb659b,4,hybrid_rrf,TF014,temporal,True,False,5,2,21efe016-3004-45f3-a070-29ce2ecb0019,0.03200204813108039,True,12.931200002640253
transfusion-retrieval-v3,sha256:5fc6a9a0d5ff5721954fad8f2855c204301e59ef0b28a91d8d9bdbaf48cb659b,4,hybrid_rrf,TF014,temporal,True,False,5,3,b66e5419-8a9c-47f4-866d-ebdb95b174b2,0.03177805800756621,True,12.931200002640253
transfusion-retrieval-v3,sha256:5fc6a9a0d5ff5721954fad8f2855c204301e59ef0b28a91d8d9bdbaf48cb659b,4,hybrid_rrf,TF014,temporal,True,False,5,4,bc88f538-e881-4c81-85e9-fca20614315d,0.03125763125763126,False,12.931200002640253
transfusion-retrieval-v3,sha256:5fc6a9a0d5ff5721954fad8f2855c204301e59ef0b28a91d8d9bdbaf48cb659b,4,hybrid_rrf,TF014,temporal,True,False,5,5,9552a4ac-31b4-43a8-aa92-37bd3e89362a,0.015625,False,12.931200002640253
transfusion-retrieval-v3,sha256:5fc6a9a0d5ff5721954fad8f2855c204301e59ef0b28a91d8d9bdbaf48cb659b,4,hybrid_rrf,TF014,temporal,True,False,10,1,2cea4ea7-7aaf-4c54-ac4e-b660de52065d,0.03252247488101534,False,12.931200002640253
transfusion-retrieval-v3,sha256:5fc6a9a0d5ff5721954fad8f2855c204301e59ef0b28a91d8d9bdbaf48cb659b,4,hybrid_rrf,TF014,temporal,True,False,10,2,21efe016-3004-45f3-a070-29ce2ecb0019,0.03200204813108039,True,12.931200002640253
transfusion-retrieval-v3,sha256:5fc6a9a0d5ff5721954fad8f2855c204301e59ef0b28a91d8d9bdbaf48cb659b,4,hybrid_rrf,TF014,temporal,True,False,10,3,b66e5419-8a9c-47f4-866d-ebdb95b174b2,0.03177805800756621,True,12.931200002640253
transfusion-retrieval-v3,sha256:5fc6a9a0d5ff5721954fad8f2855c204301e59ef0b28a91d8d9bdbaf48cb659b,4,hybrid_rrf,TF014,temporal,True,False,10,4,bc88f538-e881-4c81-85e9-fca20614315d,0.03125763125763126,False,12.931200002640253
transfusion-retrieval-v3,sha256:5fc6a9a0d5ff5721954fad8f2855c204301e59ef0b28a91d8d9bdbaf48cb659b,4,hybrid_rrf,TF014,temporal,True,False,10,5,9552a4ac-31b4-43a8-aa92-37bd3e89362a,0.015625,False,12.931200002640253
transfusion-retrieval-v3,sha256:5fc6a9a0d5ff5721954fad8f2855c204301e59ef0b28a91d8d9bdbaf48cb659b,4,hybrid_rrf,TF014,temporal,True,False,10,6,16efaa44-1554-4748-8407-48fac0bced94,0.015625,False,12.931200002640253
transfusion-retrieval-v3,sha256:5fc6a9a0d5ff5721954fad8f2855c204301e59ef0b28a91d8d9bdbaf48cb659b,4,hybrid_rrf,TF014,temporal,True,False,10,7,4c0dde2a-0432-4cb2-ad33-987f5979ff76,0.015151515151515152,False,12.931200002640253
transfusion-retrieval-v3,sha256:5fc6a9a0d5ff5721954fad8f2855c204301e59ef0b28a91d8d9bdbaf48cb659b,4,hybrid_rrf,TF014,temporal,True,False,10,8,63cb7040-3526-4f6f-9f88-e295bbe5edaf,0.015151515151515152,False,12.931200002640253
transfusion-retrieval-v3,sha256:5fc6a9a0d5ff5721954fad8f2855c204301e59ef0b28a91d8d9bdbaf48cb659b,4,hybrid_rrf,TF014,temporal,True,False,10,9,84c0a864-176f-4776-a15e-167fc2518e5d,0.014925373134328358,False,12.931200002640253
transfusion-retrieval-v3,sha256:5fc6a9a0d5ff5721954fad8f2855c204301e59ef0b28a91d8d9bdbaf48cb659b,4,hybrid_rrf,TF014,temporal,True,False,10,10,59d57c8a-c9d7-4f8d-b9a1-a2816f1f01f7,0.014925373134328358,False,12.931200002640253
transfusion-retrieval-v3,sha256:5fc6a9a0d5ff5721954fad8f2855c204301e59ef0b28a91d8d9bdbaf48cb659b,4,hybrid_rrf,TF015,product_specific,True,False,1,1,2cea4ea7-7aaf-4c54-ac4e-b660de52065d,0.032266458495966696,False,13.259400006063515
transfusion-retrieval-v3,sha256:5fc6a9a0d5ff5721954fad8f2855c204301e59ef0b28a91d8d9bdbaf48cb659b,4,hybrid_rrf,TF015,product_specific,True,False,3,1,2cea4ea7-7aaf-4c54-ac4e-b660de52065d,0.032266458495966696,False,13.259400006063515
transfusion-retrieval-v3,sha256:5fc6a9a0d5ff5721954fad8f2855c204301e59ef0b28a91d8d9bdbaf48cb659b,4,hybrid_rrf,TF015,product_specific,True,False,3,2,16efaa44-1554-4748-8407-48fac0bced94,0.01639344262295082,False,13.259400006063515
transfusion-retrieval-v3,sha256:5fc6a9a0d5ff5721954fad8f2855c204301e59ef0b28a91d8d9bdbaf48cb659b,4,hybrid_rrf,TF015,product_specific,True,False,3,3,21efe016-3004-45f3-a070-29ce2ecb0019,0.016129032258064516,True,13.259400006063515
transfusion-retrieval-v3,sha256:5fc6a9a0d5ff5721954fad8f2855c204301e59ef0b28a91d8d9bdbaf48cb659b,4,hybrid_rrf,TF015,product_specific,True,False,5,1,2cea4ea7-7aaf-4c54-ac4e-b660de52065d,0.032266458495966696,False,13.259400006063515
transfusion-retrieval-v3,sha256:5fc6a9a0d5ff5721954fad8f2855c204301e59ef0b28a91d8d9bdbaf48cb659b,4,hybrid_rrf,TF015,product_specific,True,False,5,2,16efaa44-1554-4748-8407-48fac0bced94,0.01639344262295082,False,13.259400006063515
transfusion-retrieval-v3,sha256:5fc6a9a0d5ff5721954fad8f2855c204301e59ef0b28a91d8d9bdbaf48cb659b,4,hybrid_rrf,TF015,product_specific,True,False,5,3,21efe016-3004-45f3-a070-29ce2ecb0019,0.016129032258064516,True,13.259400006063515
transfusion-retrieval-v3,sha256:5fc6a9a0d5ff5721954fad8f2855c204301e59ef0b28a91d8d9bdbaf48cb659b,4,hybrid_rrf,TF015,product_specific,True,False,5,4,63cb7040-3526-4f6f-9f88-e295bbe5edaf,0.016129032258064516,False,13.259400006063515
transfusion-retrieval-v3,sha256:5fc6a9a0d5ff5721954fad8f2855c204301e59ef0b28a91d8d9bdbaf48cb659b,4,hybrid_rrf,TF015,product_specific,True,False,5,5,b66e5419-8a9c-47f4-866d-ebdb95b174b2,0.015873015873015872,False,13.259400006063515
transfusion-retrieval-v3,sha256:5fc6a9a0d5ff5721954fad8f2855c204301e59ef0b28a91d8d9bdbaf48cb659b,4,hybrid_rrf,TF015,product_specific,True,False,10,1,2cea4ea7-7aaf-4c54-ac4e-b660de52065d,0.032266458495966696,False,13.259400006063515
transfusion-retrieval-v3,sha256:5fc6a9a0d5ff5721954fad8f2855c204301e59ef0b28a91d8d9bdbaf48cb659b,4,hybrid_rrf,TF015,product_specific,True,False,10,2,16efaa44-1554-4748-8407-48fac0bced94,0.01639344262295082,False,13.259400006063515
transfusion-retrieval-v3,sha256:5fc6a9a0d5ff5721954fad8f2855c204301e59ef0b28a91d8d9bdbaf48cb659b,4,hybrid_rrf,TF015,product_specific,True,False,10,3,21efe016-3004-45f3-a070-29ce2ecb0019,0.016129032258064516,True,13.259400006063515
transfusion-retrieval-v3,sha256:5fc6a9a0d5ff5721954fad8f2855c204301e59ef0b28a91d8d9bdbaf48cb659b,4,hybrid_rrf,TF015,product_specific,True,False,10,4,63cb7040-3526-4f6f-9f88-e295bbe5edaf,0.016129032258064516,False,13.259400006063515
transfusion-retrieval-v3,sha256:5fc6a9a0d5ff5721954fad8f2855c204301e59ef0b28a91d8d9bdbaf48cb659b,4,hybrid_rrf,TF015,product_specific,True,False,10,5,b66e5419-8a9c-47f4-866d-ebdb95b174b2,0.015873015873015872,False,13.259400006063515
transfusion-retrieval-v3,sha256:5fc6a9a0d5ff5721954fad8f2855c204301e59ef0b28a91d8d9bdbaf48cb659b,4,hybrid_rrf,TF015,product_specific,True,False,10,6,bc88f538-e881-4c81-85e9-fca20614315d,0.015625,False,13.259400006063515
transfusion-retrieval-v3,sha256:5fc6a9a0d5ff5721954fad8f2855c204301e59ef0b28a91d8d9bdbaf48cb659b,4,hybrid_rrf,TF015,product_specific,True,False,10,7,59d57c8a-c9d7-4f8d-b9a1-a2816f1f01f7,0.015625,False,13.259400006063515
transfusion-retrieval-v3,sha256:5fc6a9a0d5ff5721954fad8f2855c204301e59ef0b28a91d8d9bdbaf48cb659b,4,hybrid_rrf,TF015,product_specific,True,False,10,8,eeb8db46-f757-41f1-9ca5-c022f3d4ea3e,0.015384615384615385,False,13.259400006063515
transfusion-retrieval-v3,sha256:5fc6a9a0d5ff5721954fad8f2855c204301e59ef0b28a91d8d9bdbaf48cb659b,4,hybrid_rrf,TF015,product_specific,True,False,10,9,4c0dde2a-0432-4cb2-ad33-987f5979ff76,0.015384615384615385,False,13.259400006063515
transfusion-retrieval-v3,sha256:5fc6a9a0d5ff5721954fad8f2855c204301e59ef0b28a91d8d9bdbaf48cb659b,4,hybrid_rrf,TF015,product_specific,True,False,10,10,fbb0340e-b19d-43c3-a23a-5ee07899e8cd,0.015151515151515152,False,13.259400006063515
transfusion-retrieval-v3,sha256:5fc6a9a0d5ff5721954fad8f2855c204301e59ef0b28a91d8d9bdbaf48cb659b,4,hybrid_rrf,TF016,paraphrase,True,False,1,1,2cea4ea7-7aaf-4c54-ac4e-b660de52065d,0.03278688524590164,False,10.963599996102857
transfusion-retrieval-v3,sha256:5fc6a9a0d5ff5721954fad8f2855c204301e59ef0b28a91d8d9bdbaf48cb659b,4,hybrid_rrf,TF016,paraphrase,True,False,3,1,2cea4ea7-7aaf-4c54-ac4e-b660de52065d,0.03278688524590164,False,10.963599996102857
transfusion-retrieval-v3,sha256:5fc6a9a0d5ff5721954fad8f2855c204301e59ef0b28a91d8d9bdbaf48cb659b,4,hybrid_rrf,TF016,paraphrase,True,False,3,2,21efe016-3004-45f3-a070-29ce2ecb0019,0.03200204813108039,False,10.963599996102857
transfusion-retrieval-v3,sha256:5fc6a9a0d5ff5721954fad8f2855c204301e59ef0b28a91d8d9bdbaf48cb659b,4,hybrid_rrf,TF016,paraphrase,True,False,3,3,bc88f538-e881-4c81-85e9-fca20614315d,0.031754032258064516,False,10.963599996102857
transfusion-retrieval-v3,sha256:5fc6a9a0d5ff5721954fad8f2855c204301e59ef0b28a91d8d9bdbaf48cb659b,4,hybrid_rrf,TF016,paraphrase,True,False,5,1,2cea4ea7-7aaf-4c54-ac4e-b660de52065d,0.03278688524590164,False,10.963599996102857
transfusion-retrieval-v3,sha256:5fc6a9a0d5ff5721954fad8f2855c204301e59ef0b28a91d8d9bdbaf48cb659b,4,hybrid_rrf,TF016,paraphrase,True,False,5,2,21efe016-3004-45f3-a070-29ce2ecb0019,0.03200204813108039,False,10.963599996102857
transfusion-retrieval-v3,sha256:5fc6a9a0d5ff5721954fad8f2855c204301e59ef0b28a91d8d9bdbaf48cb659b,4,hybrid_rrf,TF016,paraphrase,True,False,5,3,bc88f538-e881-4c81-85e9-fca20614315d,0.031754032258064516,False,10.963599996102857
transfusion-retrieval-v3,sha256:5fc6a9a0d5ff5721954fad8f2855c204301e59ef0b28a91d8d9bdbaf48cb659b,4,hybrid_rrf,TF016,paraphrase,True,False,5,4,b66e5419-8a9c-47f4-866d-ebdb95b174b2,0.03036576949620428,False,10.963599996102857
transfusion-retrieval-v3,sha256:5fc6a9a0d5ff5721954fad8f2855c204301e59ef0b28a91d8d9bdbaf48cb659b,4,hybrid_rrf,TF016,paraphrase,True,False,5,5,4c0dde2a-0432-4cb2-ad33-987f5979ff76,0.02967032967032967,True,10.963599996102857
transfusion-retrieval-v3,sha256:5fc6a9a0d5ff5721954fad8f2855c204301e59ef0b28a91d8d9bdbaf48cb659b,4,hybrid_rrf,TF016,paraphrase,True,False,10,1,2cea4ea7-7aaf-4c54-ac4e-b660de52065d,0.03278688524590164,False,10.963599996102857
transfusion-retrieval-v3,sha256:5fc6a9a0d5ff5721954fad8f2855c204301e59ef0b28a91d8d9bdbaf48cb659b,4,hybrid_rrf,TF016,paraphrase,True,False,10,2,21efe016-3004-45f3-a070-29ce2ecb0019,0.03200204813108039,False,10.963599996102857
transfusion-retrieval-v3,sha256:5fc6a9a0d5ff5721954fad8f2855c204301e59ef0b28a91d8d9bdbaf48cb659b,4,hybrid_rrf,TF016,paraphrase,True,False,10,3,bc88f538-e881-4c81-85e9-fca20614315d,0.031754032258064516,False,10.963599996102857
transfusion-retrieval-v3,sha256:5fc6a9a0d5ff5721954fad8f2855c204301e59ef0b28a91d8d9bdbaf48cb659b,4,hybrid_rrf,TF016,paraphrase,True,False,10,4,b66e5419-8a9c-47f4-866d-ebdb95b174b2,0.03036576949620428,False,10.963599996102857
transfusion-retrieval-v3,sha256:5fc6a9a0d5ff5721954fad8f2855c204301e59ef0b28a91d8d9bdbaf48cb659b,4,hybrid_rrf,TF016,paraphrase,True,False,10,5,4c0dde2a-0432-4cb2-ad33-987f5979ff76,0.02967032967032967,True,10.963599996102857
transfusion-retrieval-v3,sha256:5fc6a9a0d5ff5721954fad8f2855c204301e59ef0b28a91d8d9bdbaf48cb659b,4,hybrid_rrf,TF016,paraphrase,True,False,10,6,16efaa44-1554-4748-8407-48fac0bced94,0.015625,False,10.963599996102857
transfusion-retrieval-v3,sha256:5fc6a9a0d5ff5721954fad8f2855c204301e59ef0b28a91d8d9bdbaf48cb659b,4,hybrid_rrf,TF016,paraphrase,True,False,10,7,10537058-d160-4786-a6cf-95de46d7189c,0.015384615384615385,False,10.963599996102857
transfusion-retrieval-v3,sha256:5fc6a9a0d5ff5721954fad8f2855c204301e59ef0b28a91d8d9bdbaf48cb659b,4,hybrid_rrf,TF016,paraphrase,True,False,10,8,66dba192-bac5-4b3a-bd4d-77e9eacb4192,0.015151515151515152,False,10.963599996102857
transfusion-retrieval-v3,sha256:5fc6a9a0d5ff5721954fad8f2855c204301e59ef0b28a91d8d9bdbaf48cb659b,4,hybrid_rrf,TF016,paraphrase,True,False,10,9,fbf62ef9-25b7-437c-98d8-c4934fba0fe6,0.015151515151515152,False,10.963599996102857
transfusion-retrieval-v3,sha256:5fc6a9a0d5ff5721954fad8f2855c204301e59ef0b28a91d8d9bdbaf48cb659b,4,hybrid_rrf,TF016,paraphrase,True,False,10,10,4d18d11e-2a92-4690-8a64-46653931483e,0.014925373134328358,False,10.963599996102857
transfusion-retrieval-v3,sha256:5fc6a9a0d5ff5721954fad8f2855c204301e59ef0b28a91d8d9bdbaf48cb659b,4,hybrid_rrf,TF017,procedure,True,False,1,1,fd678588-5ac2-400d-95c5-3309537781ec,0.029910714285714284,False,11.533600003531319
transfusion-retrieval-v3,sha256:5fc6a9a0d5ff5721954fad8f2855c204301e59ef0b28a91d8d9bdbaf48cb659b,4,hybrid_rrf,TF017,procedure,True,False,3,1,fd678588-5ac2-400d-95c5-3309537781ec,0.029910714285714284,False,11.533600003531319
transfusion-retrieval-v3,sha256:5fc6a9a0d5ff5721954fad8f2855c204301e59ef0b28a91d8d9bdbaf48cb659b,4,hybrid_rrf,TF017,procedure,True,False,3,2,d4c1a9ca-23c5-4ae0-9a51-c56675b2e6d1,0.01639344262295082,False,11.533600003531319
transfusion-retrieval-v3,sha256:5fc6a9a0d5ff5721954fad8f2855c204301e59ef0b28a91d8d9bdbaf48cb659b,4,hybrid_rrf,TF017,procedure,True,False,3,3,16efaa44-1554-4748-8407-48fac0bced94,0.01639344262295082,False,11.533600003531319
transfusion-retrieval-v3,sha256:5fc6a9a0d5ff5721954fad8f2855c204301e59ef0b28a91d8d9bdbaf48cb659b,4,hybrid_rrf,TF017,procedure,True,False,5,1,fd678588-5ac2-400d-95c5-3309537781ec,0.029910714285714284,False,11.533600003531319
transfusion-retrieval-v3,sha256:5fc6a9a0d5ff5721954fad8f2855c204301e59ef0b28a91d8d9bdbaf48cb659b,4,hybrid_rrf,TF017,procedure,True,False,5,2,d4c1a9ca-23c5-4ae0-9a51-c56675b2e6d1,0.01639344262295082,False,11.533600003531319
transfusion-retrieval-v3,sha256:5fc6a9a0d5ff5721954fad8f2855c204301e59ef0b28a91d8d9bdbaf48cb659b,4,hybrid_rrf,TF017,procedure,True,False,5,3,16efaa44-1554-4748-8407-48fac0bced94,0.01639344262295082,False,11.533600003531319
transfusion-retrieval-v3,sha256:5fc6a9a0d5ff5721954fad8f2855c204301e59ef0b28a91d8d9bdbaf48cb659b,4,hybrid_rrf,TF017,procedure,True,False,5,4,d9a4a9c8-fbd4-41f2-bab6-6abd72575204,0.016129032258064516,False,11.533600003531319
transfusion-retrieval-v3,sha256:5fc6a9a0d5ff5721954fad8f2855c204301e59ef0b28a91d8d9bdbaf48cb659b,4,hybrid_rrf,TF017,procedure,True,False,5,5,22e6c188-2e4c-4029-b200-7770a3f00e6e,0.016129032258064516,True,11.533600003531319
transfusion-retrieval-v3,sha256:5fc6a9a0d5ff5721954fad8f2855c204301e59ef0b28a91d8d9bdbaf48cb659b,4,hybrid_rrf,TF017,procedure,True,False,10,1,fd678588-5ac2-400d-95c5-3309537781ec,0.029910714285714284,False,11.533600003531319
transfusion-retrieval-v3,sha256:5fc6a9a0d5ff5721954fad8f2855c204301e59ef0b28a91d8d9bdbaf48cb659b,4,hybrid_rrf,TF017,procedure,True,False,10,2,d4c1a9ca-23c5-4ae0-9a51-c56675b2e6d1,0.01639344262295082,False,11.533600003531319
transfusion-retrieval-v3,sha256:5fc6a9a0d5ff5721954fad8f2855c204301e59ef0b28a91d8d9bdbaf48cb659b,4,hybrid_rrf,TF017,procedure,True,False,10,3,16efaa44-1554-4748-8407-48fac0bced94,0.01639344262295082,False,11.533600003531319
transfusion-retrieval-v3,sha256:5fc6a9a0d5ff5721954fad8f2855c204301e59ef0b28a91d8d9bdbaf48cb659b,4,hybrid_rrf,TF017,procedure,True,False,10,4,d9a4a9c8-fbd4-41f2-bab6-6abd72575204,0.016129032258064516,False,11.533600003531319
transfusion-retrieval-v3,sha256:5fc6a9a0d5ff5721954fad8f2855c204301e59ef0b28a91d8d9bdbaf48cb659b,4,hybrid_rrf,TF017,procedure,True,False,10,5,22e6c188-2e4c-4029-b200-7770a3f00e6e,0.016129032258064516,True,11.533600003531319
transfusion-retrieval-v3,sha256:5fc6a9a0d5ff5721954fad8f2855c204301e59ef0b28a91d8d9bdbaf48cb659b,4,hybrid_rrf,TF017,procedure,True,False,10,6,761b9529-5b18-4262-8174-6062c35fb31c,0.015873015873015872,False,11.533600003531319
transfusion-retrieval-v3,sha256:5fc6a9a0d5ff5721954fad8f2855c204301e59ef0b28a91d8d9bdbaf48cb659b,4,hybrid_rrf,TF017,procedure,True,False,10,7,b225ae64-72d2-4e59-81c0-57f5d8438666,0.015873015873015872,True,11.533600003531319
transfusion-retrieval-v3,sha256:5fc6a9a0d5ff5721954fad8f2855c204301e59ef0b28a91d8d9bdbaf48cb659b,4,hybrid_rrf,TF017,procedure,True,False,10,8,63cb7040-3526-4f6f-9f88-e295bbe5edaf,0.015625,False,11.533600003531319
transfusion-retrieval-v3,sha256:5fc6a9a0d5ff5721954fad8f2855c204301e59ef0b28a91d8d9bdbaf48cb659b,4,hybrid_rrf,TF017,procedure,True,False,10,9,66dba192-bac5-4b3a-bd4d-77e9eacb4192,0.015384615384615385,False,11.533600003531319
transfusion-retrieval-v3,sha256:5fc6a9a0d5ff5721954fad8f2855c204301e59ef0b28a91d8d9bdbaf48cb659b,4,hybrid_rrf,TF017,procedure,True,False,10,10,eda54b74-cd2f-4808-8175-bcc5b916ce90,0.015384615384615385,False,11.533600003531319
transfusion-retrieval-v3,sha256:5fc6a9a0d5ff5721954fad8f2855c204301e59ef0b28a91d8d9bdbaf48cb659b,4,hybrid_rrf,TF018,temporal,True,False,1,1,30ce28cb-f702-4cce-8105-137e2f73af0d,0.01639344262295082,True,9.453599997868878
transfusion-retrieval-v3,sha256:5fc6a9a0d5ff5721954fad8f2855c204301e59ef0b28a91d8d9bdbaf48cb659b,4,hybrid_rrf,TF018,temporal,True,False,3,1,30ce28cb-f702-4cce-8105-137e2f73af0d,0.01639344262295082,True,9.453599997868878
transfusion-retrieval-v3,sha256:5fc6a9a0d5ff5721954fad8f2855c204301e59ef0b28a91d8d9bdbaf48cb659b,4,hybrid_rrf,TF018,temporal,True,False,3,2,63cb7040-3526-4f6f-9f88-e295bbe5edaf,0.01639344262295082,False,9.453599997868878
transfusion-retrieval-v3,sha256:5fc6a9a0d5ff5721954fad8f2855c204301e59ef0b28a91d8d9bdbaf48cb659b,4,hybrid_rrf,TF018,temporal,True,False,3,3,d3b7d61b-50f0-4b96-a770-785a9f3c3886,0.016129032258064516,False,9.453599997868878
transfusion-retrieval-v3,sha256:5fc6a9a0d5ff5721954fad8f2855c204301e59ef0b28a91d8d9bdbaf48cb659b,4,hybrid_rrf,TF018,temporal,True,False,5,1,30ce28cb-f702-4cce-8105-137e2f73af0d,0.01639344262295082,True,9.453599997868878
transfusion-retrieval-v3,sha256:5fc6a9a0d5ff5721954fad8f2855c204301e59ef0b28a91d8d9bdbaf48cb659b,4,hybrid_rrf,TF018,temporal,True,False,5,2,63cb7040-3526-4f6f-9f88-e295bbe5edaf,0.01639344262295082,False,9.453599997868878
transfusion-retrieval-v3,sha256:5fc6a9a0d5ff5721954fad8f2855c204301e59ef0b28a91d8d9bdbaf48cb659b,4,hybrid_rrf,TF018,temporal,True,False,5,3,d3b7d61b-50f0-4b96-a770-785a9f3c3886,0.016129032258064516,False,9.453599997868878
transfusion-retrieval-v3,sha256:5fc6a9a0d5ff5721954fad8f2855c204301e59ef0b28a91d8d9bdbaf48cb659b,4,hybrid_rrf,TF018,temporal,True,False,5,4,16efaa44-1554-4748-8407-48fac0bced94,0.016129032258064516,False,9.453599997868878
transfusion-retrieval-v3,sha256:5fc6a9a0d5ff5721954fad8f2855c204301e59ef0b28a91d8d9bdbaf48cb659b,4,hybrid_rrf,TF018,temporal,True,False,5,5,eeb8db46-f757-41f1-9ca5-c022f3d4ea3e,0.015873015873015872,False,9.453599997868878
transfusion-retrieval-v3,sha256:5fc6a9a0d5ff5721954fad8f2855c204301e59ef0b28a91d8d9bdbaf48cb659b,4,hybrid_rrf,TF018,temporal,True,False,10,1,30ce28cb-f702-4cce-8105-137e2f73af0d,0.01639344262295082,True,9.453599997868878
transfusion-retrieval-v3,sha256:5fc6a9a0d5ff5721954fad8f2855c204301e59ef0b28a91d8d9bdbaf48cb659b,4,hybrid_rrf,TF018,temporal,True,False,10,2,63cb7040-3526-4f6f-9f88-e295bbe5edaf,0.01639344262295082,False,9.453599997868878
transfusion-retrieval-v3,sha256:5fc6a9a0d5ff5721954fad8f2855c204301e59ef0b28a91d8d9bdbaf48cb659b,4,hybrid_rrf,TF018,temporal,True,False,10,3,d3b7d61b-50f0-4b96-a770-785a9f3c3886,0.016129032258064516,False,9.453599997868878
transfusion-retrieval-v3,sha256:5fc6a9a0d5ff5721954fad8f2855c204301e59ef0b28a91d8d9bdbaf48cb659b,4,hybrid_rrf,TF018,temporal,True,False,10,4,16efaa44-1554-4748-8407-48fac0bced94,0.016129032258064516,False,9.453599997868878
transfusion-retrieval-v3,sha256:5fc6a9a0d5ff5721954fad8f2855c204301e59ef0b28a91d8d9bdbaf48cb659b,4,hybrid_rrf,TF018,temporal,True,False,10,5,eeb8db46-f757-41f1-9ca5-c022f3d4ea3e,0.015873015873015872,False,9.453599997868878
transfusion-retrieval-v3,sha256:5fc6a9a0d5ff5721954fad8f2855c204301e59ef0b28a91d8d9bdbaf48cb659b,4,hybrid_rrf,TF018,temporal,True,False,10,6,70b95f72-95ec-43b5-b76f-657518103256,0.015873015873015872,False,9.453599997868878
transfusion-retrieval-v3,sha256:5fc6a9a0d5ff5721954fad8f2855c204301e59ef0b28a91d8d9bdbaf48cb659b,4,hybrid_rrf,TF018,temporal,True,False,10,7,17e22a4e-78d9-4607-b75b-151e52cc4d20,0.015625,False,9.453599997868878
transfusion-retrieval-v3,sha256:5fc6a9a0d5ff5721954fad8f2855c204301e59ef0b28a91d8d9bdbaf48cb659b,4,hybrid_rrf,TF018,temporal,True,False,10,8,0a4f11c7-39e8-41fe-bd14-48456671f531,0.015625,False,9.453599997868878
transfusion-retrieval-v3,sha256:5fc6a9a0d5ff5721954fad8f2855c204301e59ef0b28a91d8d9bdbaf48cb659b,4,hybrid_rrf,TF018,temporal,True,False,10,9,fbb0340e-b19d-43c3-a23a-5ee07899e8cd,0.015384615384615385,False,9.453599997868878
transfusion-retrieval-v3,sha256:5fc6a9a0d5ff5721954fad8f2855c204301e59ef0b28a91d8d9bdbaf48cb659b,4,hybrid_rrf,TF018,temporal,True,False,10,10,22e6c188-2e4c-4029-b200-7770a3f00e6e,0.015384615384615385,False,9.453599997868878
transfusion-retrieval-v3,sha256:5fc6a9a0d5ff5721954fad8f2855c204301e59ef0b28a91d8d9bdbaf48cb659b,4,hybrid_rrf,TF019,preparation,True,False,1,1,d3b7d61b-50f0-4b96-a770-785a9f3c3886,0.03278688524590164,True,40.93209999882674
transfusion-retrieval-v3,sha256:5fc6a9a0d5ff5721954fad8f2855c204301e59ef0b28a91d8d9bdbaf48cb659b,4,hybrid_rrf,TF019,preparation,True,False,3,1,d3b7d61b-50f0-4b96-a770-785a9f3c3886,0.03278688524590164,True,40.93209999882674
transfusion-retrieval-v3,sha256:5fc6a9a0d5ff5721954fad8f2855c204301e59ef0b28a91d8d9bdbaf48cb659b,4,hybrid_rrf,TF019,preparation,True,False,3,2,70b95f72-95ec-43b5-b76f-657518103256,0.030798389007344232,False,40.93209999882674
transfusion-retrieval-v3,sha256:5fc6a9a0d5ff5721954fad8f2855c204301e59ef0b28a91d8d9bdbaf48cb659b,4,hybrid_rrf,TF019,preparation,True,False,3,3,0a4f11c7-39e8-41fe-bd14-48456671f531,0.03007688828584351,False,40.93209999882674
transfusion-retrieval-v3,sha256:5fc6a9a0d5ff5721954fad8f2855c204301e59ef0b28a91d8d9bdbaf48cb659b,4,hybrid_rrf,TF019,preparation,True,False,5,1,d3b7d61b-50f0-4b96-a770-785a9f3c3886,0.03278688524590164,True,40.93209999882674
transfusion-retrieval-v3,sha256:5fc6a9a0d5ff5721954fad8f2855c204301e59ef0b28a91d8d9bdbaf48cb659b,4,hybrid_rrf,TF019,preparation,True,False,5,2,70b95f72-95ec-43b5-b76f-657518103256,0.030798389007344232,False,40.93209999882674
transfusion-retrieval-v3,sha256:5fc6a9a0d5ff5721954fad8f2855c204301e59ef0b28a91d8d9bdbaf48cb659b,4,hybrid_rrf,TF019,preparation,True,False,5,3,0a4f11c7-39e8-41fe-bd14-48456671f531,0.03007688828584351,False,40.93209999882674
transfusion-retrieval-v3,sha256:5fc6a9a0d5ff5721954fad8f2855c204301e59ef0b28a91d8d9bdbaf48cb659b,4,hybrid_rrf,TF019,preparation,True,False,5,4,66dba192-bac5-4b3a-bd4d-77e9eacb4192,0.016129032258064516,False,40.93209999882674
transfusion-retrieval-v3,sha256:5fc6a9a0d5ff5721954fad8f2855c204301e59ef0b28a91d8d9bdbaf48cb659b,4,hybrid_rrf,TF019,preparation,True,False,5,5,30ce28cb-f702-4cce-8105-137e2f73af0d,0.016129032258064516,False,40.93209999882674
transfusion-retrieval-v3,sha256:5fc6a9a0d5ff5721954fad8f2855c204301e59ef0b28a91d8d9bdbaf48cb659b,4,hybrid_rrf,TF019,preparation,True,False,10,1,d3b7d61b-50f0-4b96-a770-785a9f3c3886,0.03278688524590164,True,40.93209999882674
transfusion-retrieval-v3,sha256:5fc6a9a0d5ff5721954fad8f2855c204301e59ef0b28a91d8d9bdbaf48cb659b,4,hybrid_rrf,TF019,preparation,True,False,10,2,70b95f72-95ec-43b5-b76f-657518103256,0.030798389007344232,False,40.93209999882674
transfusion-retrieval-v3,sha256:5fc6a9a0d5ff5721954fad8f2855c204301e59ef0b28a91d8d9bdbaf48cb659b,4,hybrid_rrf,TF019,preparation,True,False,10,3,0a4f11c7-39e8-41fe-bd14-48456671f531,0.03007688828584351,False,40.93209999882674
transfusion-retrieval-v3,sha256:5fc6a9a0d5ff5721954fad8f2855c204301e59ef0b28a91d8d9bdbaf48cb659b,4,hybrid_rrf,TF019,preparation,True,False,10,4,66dba192-bac5-4b3a-bd4d-77e9eacb4192,0.016129032258064516,False,40.93209999882674
transfusion-retrieval-v3,sha256:5fc6a9a0d5ff5721954fad8f2855c204301e59ef0b28a91d8d9bdbaf48cb659b,4,hybrid_rrf,TF019,preparation,True,False,10,5,30ce28cb-f702-4cce-8105-137e2f73af0d,0.016129032258064516,False,40.93209999882674
transfusion-retrieval-v3,sha256:5fc6a9a0d5ff5721954fad8f2855c204301e59ef0b28a91d8d9bdbaf48cb659b,4,hybrid_rrf,TF019,preparation,True,False,10,6,22e6c188-2e4c-4029-b200-7770a3f00e6e,0.015873015873015872,False,40.93209999882674
transfusion-retrieval-v3,sha256:5fc6a9a0d5ff5721954fad8f2855c204301e59ef0b28a91d8d9bdbaf48cb659b,4,hybrid_rrf,TF019,preparation,True,False,10,7,9131e9a9-eff3-4f4e-a20b-4bdd456c35bc,0.015625,False,40.93209999882674
transfusion-retrieval-v3,sha256:5fc6a9a0d5ff5721954fad8f2855c204301e59ef0b28a91d8d9bdbaf48cb659b,4,hybrid_rrf,TF019,preparation,True,False,10,8,59d57c8a-c9d7-4f8d-b9a1-a2816f1f01f7,0.015625,False,40.93209999882674
transfusion-retrieval-v3,sha256:5fc6a9a0d5ff5721954fad8f2855c204301e59ef0b28a91d8d9bdbaf48cb659b,4,hybrid_rrf,TF019,preparation,True,False,10,9,9552a4ac-31b4-43a8-aa92-37bd3e89362a,0.015384615384615385,False,40.93209999882674
transfusion-retrieval-v3,sha256:5fc6a9a0d5ff5721954fad8f2855c204301e59ef0b28a91d8d9bdbaf48cb659b,4,hybrid_rrf,TF019,preparation,True,False,10,10,eda54b74-cd2f-4808-8175-bcc5b916ce90,0.015384615384615385,False,40.93209999882674
transfusion-retrieval-v3,sha256:5fc6a9a0d5ff5721954fad8f2855c204301e59ef0b28a91d8d9bdbaf48cb659b,4,hybrid_rrf,TF020,temporal,True,False,1,1,0a4f11c7-39e8-41fe-bd14-48456671f531,0.01639344262295082,True,15.199900002698996
transfusion-retrieval-v3,sha256:5fc6a9a0d5ff5721954fad8f2855c204301e59ef0b28a91d8d9bdbaf48cb659b,4,hybrid_rrf,TF020,temporal,True,False,3,1,0a4f11c7-39e8-41fe-bd14-48456671f531,0.01639344262295082,True,15.199900002698996
transfusion-retrieval-v3,sha256:5fc6a9a0d5ff5721954fad8f2855c204301e59ef0b28a91d8d9bdbaf48cb659b,4,hybrid_rrf,TF020,temporal,True,False,3,2,63cb7040-3526-4f6f-9f88-e295bbe5edaf,0.01639344262295082,False,15.199900002698996
transfusion-retrieval-v3,sha256:5fc6a9a0d5ff5721954fad8f2855c204301e59ef0b28a91d8d9bdbaf48cb659b,4,hybrid_rrf,TF020,temporal,True,False,3,3,48b9789d-5088-4ba1-a82a-be3a6396ce85,0.016129032258064516,False,15.199900002698996
transfusion-retrieval-v3,sha256:5fc6a9a0d5ff5721954fad8f2855c204301e59ef0b28a91d8d9bdbaf48cb659b,4,hybrid_rrf,TF020,temporal,True,False,5,1,0a4f11c7-39e8-41fe-bd14-48456671f531,0.01639344262295082,True,15.199900002698996
transfusion-retrieval-v3,sha256:5fc6a9a0d5ff5721954fad8f2855c204301e59ef0b28a91d8d9bdbaf48cb659b,4,hybrid_rrf,TF020,temporal,True,False,5,2,63cb7040-3526-4f6f-9f88-e295bbe5edaf,0.01639344262295082,False,15.199900002698996
transfusion-retrieval-v3,sha256:5fc6a9a0d5ff5721954fad8f2855c204301e59ef0b28a91d8d9bdbaf48cb659b,4,hybrid_rrf,TF020,temporal,True,False,5,3,48b9789d-5088-4ba1-a82a-be3a6396ce85,0.016129032258064516,False,15.199900002698996
transfusion-retrieval-v3,sha256:5fc6a9a0d5ff5721954fad8f2855c204301e59ef0b28a91d8d9bdbaf48cb659b,4,hybrid_rrf,TF020,temporal,True,False,5,4,16efaa44-1554-4748-8407-48fac0bced94,0.016129032258064516,False,15.199900002698996
transfusion-retrieval-v3,sha256:5fc6a9a0d5ff5721954fad8f2855c204301e59ef0b28a91d8d9bdbaf48cb659b,4,hybrid_rrf,TF020,temporal,True,False,5,5,fb4884e3-8fea-42fa-b996-7e9c333e7fef,0.015873015873015872,False,15.199900002698996
transfusion-retrieval-v3,sha256:5fc6a9a0d5ff5721954fad8f2855c204301e59ef0b28a91d8d9bdbaf48cb659b,4,hybrid_rrf,TF020,temporal,True,False,10,1,0a4f11c7-39e8-41fe-bd14-48456671f531,0.01639344262295082,True,15.199900002698996
transfusion-retrieval-v3,sha256:5fc6a9a0d5ff5721954fad8f2855c204301e59ef0b28a91d8d9bdbaf48cb659b,4,hybrid_rrf,TF020,temporal,True,False,10,2,63cb7040-3526-4f6f-9f88-e295bbe5edaf,0.01639344262295082,False,15.199900002698996
transfusion-retrieval-v3,sha256:5fc6a9a0d5ff5721954fad8f2855c204301e59ef0b28a91d8d9bdbaf48cb659b,4,hybrid_rrf,TF020,temporal,True,False,10,3,48b9789d-5088-4ba1-a82a-be3a6396ce85,0.016129032258064516,False,15.199900002698996
transfusion-retrieval-v3,sha256:5fc6a9a0d5ff5721954fad8f2855c204301e59ef0b28a91d8d9bdbaf48cb659b,4,hybrid_rrf,TF020,temporal,True,False,10,4,16efaa44-1554-4748-8407-48fac0bced94,0.016129032258064516,False,15.199900002698996
transfusion-retrieval-v3,sha256:5fc6a9a0d5ff5721954fad8f2855c204301e59ef0b28a91d8d9bdbaf48cb659b,4,hybrid_rrf,TF020,temporal,True,False,10,5,fb4884e3-8fea-42fa-b996-7e9c333e7fef,0.015873015873015872,False,15.199900002698996
transfusion-retrieval-v3,sha256:5fc6a9a0d5ff5721954fad8f2855c204301e59ef0b28a91d8d9bdbaf48cb659b,4,hybrid_rrf,TF020,temporal,True,False,10,6,d3b7d61b-50f0-4b96-a770-785a9f3c3886,0.015873015873015872,False,15.199900002698996
transfusion-retrieval-v3,sha256:5fc6a9a0d5ff5721954fad8f2855c204301e59ef0b28a91d8d9bdbaf48cb659b,4,hybrid_rrf,TF020,temporal,True,False,10,7,eeb8db46-f757-41f1-9ca5-c022f3d4ea3e,0.015625,False,15.199900002698996
transfusion-retrieval-v3,sha256:5fc6a9a0d5ff5721954fad8f2855c204301e59ef0b28a91d8d9bdbaf48cb659b,4,hybrid_rrf,TF020,temporal,True,False,10,8,cfff9bf0-05e4-4179-a793-f3c705d04812,0.015625,False,15.199900002698996
transfusion-retrieval-v3,sha256:5fc6a9a0d5ff5721954fad8f2855c204301e59ef0b28a91d8d9bdbaf48cb659b,4,hybrid_rrf,TF020,temporal,True,False,10,9,fbb0340e-b19d-43c3-a23a-5ee07899e8cd,0.015384615384615385,False,15.199900002698996
transfusion-retrieval-v3,sha256:5fc6a9a0d5ff5721954fad8f2855c204301e59ef0b28a91d8d9bdbaf48cb659b,4,hybrid_rrf,TF020,temporal,True,False,10,10,70b95f72-95ec-43b5-b76f-657518103256,0.015384615384615385,True,15.199900002698996
transfusion-retrieval-v3,sha256:5fc6a9a0d5ff5721954fad8f2855c204301e59ef0b28a91d8d9bdbaf48cb659b,4,hybrid_rrf,TF021,preparation,True,False,1,1,16efaa44-1554-4748-8407-48fac0bced94,0.031544957774465976,False,7.901499999206862
transfusion-retrieval-v3,sha256:5fc6a9a0d5ff5721954fad8f2855c204301e59ef0b28a91d8d9bdbaf48cb659b,4,hybrid_rrf,TF021,preparation,True,False,3,1,16efaa44-1554-4748-8407-48fac0bced94,0.031544957774465976,False,7.901499999206862
transfusion-retrieval-v3,sha256:5fc6a9a0d5ff5721954fad8f2855c204301e59ef0b28a91d8d9bdbaf48cb659b,4,hybrid_rrf,TF021,preparation,True,False,3,2,73735f01-c9d0-4dd5-8d46-c70045e4b334,0.01639344262295082,True,7.901499999206862
transfusion-retrieval-v3,sha256:5fc6a9a0d5ff5721954fad8f2855c204301e59ef0b28a91d8d9bdbaf48cb659b,4,hybrid_rrf,TF021,preparation,True,False,3,3,919e93ca-fed9-4dde-b9b8-f870e207a3f3,0.016129032258064516,False,7.901499999206862
transfusion-retrieval-v3,sha256:5fc6a9a0d5ff5721954fad8f2855c204301e59ef0b28a91d8d9bdbaf48cb659b,4,hybrid_rrf,TF021,preparation,True,False,5,1,16efaa44-1554-4748-8407-48fac0bced94,0.031544957774465976,False,7.901499999206862
transfusion-retrieval-v3,sha256:5fc6a9a0d5ff5721954fad8f2855c204301e59ef0b28a91d8d9bdbaf48cb659b,4,hybrid_rrf,TF021,preparation,True,False,5,2,73735f01-c9d0-4dd5-8d46-c70045e4b334,0.01639344262295082,True,7.901499999206862
transfusion-retrieval-v3,sha256:5fc6a9a0d5ff5721954fad8f2855c204301e59ef0b28a91d8d9bdbaf48cb659b,4,hybrid_rrf,TF021,preparation,True,False,5,3,919e93ca-fed9-4dde-b9b8-f870e207a3f3,0.016129032258064516,False,7.901499999206862
transfusion-retrieval-v3,sha256:5fc6a9a0d5ff5721954fad8f2855c204301e59ef0b28a91d8d9bdbaf48cb659b,4,hybrid_rrf,TF021,preparation,True,False,5,4,63cb7040-3526-4f6f-9f88-e295bbe5edaf,0.016129032258064516,False,7.901499999206862
transfusion-retrieval-v3,sha256:5fc6a9a0d5ff5721954fad8f2855c204301e59ef0b28a91d8d9bdbaf48cb659b,4,hybrid_rrf,TF021,preparation,True,False,5,5,761b9529-5b18-4262-8174-6062c35fb31c,0.015873015873015872,False,7.901499999206862
transfusion-retrieval-v3,sha256:5fc6a9a0d5ff5721954fad8f2855c204301e59ef0b28a91d8d9bdbaf48cb659b,4,hybrid_rrf,TF021,preparation,True,False,10,1,16efaa44-1554-4748-8407-48fac0bced94,0.031544957774465976,False,7.901499999206862
transfusion-retrieval-v3,sha256:5fc6a9a0d5ff5721954fad8f2855c204301e59ef0b28a91d8d9bdbaf48cb659b,4,hybrid_rrf,TF021,preparation,True,False,10,2,73735f01-c9d0-4dd5-8d46-c70045e4b334,0.01639344262295082,True,7.901499999206862
transfusion-retrieval-v3,sha256:5fc6a9a0d5ff5721954fad8f2855c204301e59ef0b28a91d8d9bdbaf48cb659b,4,hybrid_rrf,TF021,preparation,True,False,10,3,919e93ca-fed9-4dde-b9b8-f870e207a3f3,0.016129032258064516,False,7.901499999206862
transfusion-retrieval-v3,sha256:5fc6a9a0d5ff5721954fad8f2855c204301e59ef0b28a91d8d9bdbaf48cb659b,4,hybrid_rrf,TF021,preparation,True,False,10,4,63cb7040-3526-4f6f-9f88-e295bbe5edaf,0.016129032258064516,False,7.901499999206862
transfusion-retrieval-v3,sha256:5fc6a9a0d5ff5721954fad8f2855c204301e59ef0b28a91d8d9bdbaf48cb659b,4,hybrid_rrf,TF021,preparation,True,False,10,5,761b9529-5b18-4262-8174-6062c35fb31c,0.015873015873015872,False,7.901499999206862
transfusion-retrieval-v3,sha256:5fc6a9a0d5ff5721954fad8f2855c204301e59ef0b28a91d8d9bdbaf48cb659b,4,hybrid_rrf,TF021,preparation,True,False,10,6,e62b0c91-ff0c-43b2-9bd5-ff173d9f8bc0,0.015873015873015872,False,7.901499999206862
transfusion-retrieval-v3,sha256:5fc6a9a0d5ff5721954fad8f2855c204301e59ef0b28a91d8d9bdbaf48cb659b,4,hybrid_rrf,TF021,preparation,True,False,10,7,b7876bcb-b1d0-409a-831d-45e59e35a44e,0.015625,False,7.901499999206862
transfusion-retrieval-v3,sha256:5fc6a9a0d5ff5721954fad8f2855c204301e59ef0b28a91d8d9bdbaf48cb659b,4,hybrid_rrf,TF021,preparation,True,False,10,8,602c933f-0b8f-4533-87a5-f27ecd5f2af9,0.015625,False,7.901499999206862
transfusion-retrieval-v3,sha256:5fc6a9a0d5ff5721954fad8f2855c204301e59ef0b28a91d8d9bdbaf48cb659b,4,hybrid_rrf,TF021,preparation,True,False,10,9,fb4884e3-8fea-42fa-b996-7e9c333e7fef,0.015384615384615385,False,7.901499999206862
transfusion-retrieval-v3,sha256:5fc6a9a0d5ff5721954fad8f2855c204301e59ef0b28a91d8d9bdbaf48cb659b,4,hybrid_rrf,TF021,preparation,True,False,10,10,6ffcd319-e868-444b-b6fe-8d192a4de3ff,0.015384615384615385,False,7.901499999206862
transfusion-retrieval-v3,sha256:5fc6a9a0d5ff5721954fad8f2855c204301e59ef0b28a91d8d9bdbaf48cb659b,4,hybrid_rrf,TF022,preparation,True,False,1,1,9552a4ac-31b4-43a8-aa92-37bd3e89362a,0.01639344262295082,False,11.80229999772564
transfusion-retrieval-v3,sha256:5fc6a9a0d5ff5721954fad8f2855c204301e59ef0b28a91d8d9bdbaf48cb659b,4,hybrid_rrf,TF022,preparation,True,False,3,1,9552a4ac-31b4-43a8-aa92-37bd3e89362a,0.01639344262295082,False,11.80229999772564
transfusion-retrieval-v3,sha256:5fc6a9a0d5ff5721954fad8f2855c204301e59ef0b28a91d8d9bdbaf48cb659b,4,hybrid_rrf,TF022,preparation,True,False,3,2,63cb7040-3526-4f6f-9f88-e295bbe5edaf,0.01639344262295082,False,11.80229999772564
transfusion-retrieval-v3,sha256:5fc6a9a0d5ff5721954fad8f2855c204301e59ef0b28a91d8d9bdbaf48cb659b,4,hybrid_rrf,TF022,preparation,True,False,3,3,84c0a864-176f-4776-a15e-167fc2518e5d,0.016129032258064516,False,11.80229999772564
transfusion-retrieval-v3,sha256:5fc6a9a0d5ff5721954fad8f2855c204301e59ef0b28a91d8d9bdbaf48cb659b,4,hybrid_rrf,TF022,preparation,True,False,5,1,9552a4ac-31b4-43a8-aa92-37bd3e89362a,0.01639344262295082,False,11.80229999772564
transfusion-retrieval-v3,sha256:5fc6a9a0d5ff5721954fad8f2855c204301e59ef0b28a91d8d9bdbaf48cb659b,4,hybrid_rrf,TF022,preparation,True,False,5,2,63cb7040-3526-4f6f-9f88-e295bbe5edaf,0.01639344262295082,False,11.80229999772564
transfusion-retrieval-v3,sha256:5fc6a9a0d5ff5721954fad8f2855c204301e59ef0b28a91d8d9bdbaf48cb659b,4,hybrid_rrf,TF022,preparation,True,False,5,3,84c0a864-176f-4776-a15e-167fc2518e5d,0.016129032258064516,False,11.80229999772564
transfusion-retrieval-v3,sha256:5fc6a9a0d5ff5721954fad8f2855c204301e59ef0b28a91d8d9bdbaf48cb659b,4,hybrid_rrf,TF022,preparation,True,False,5,4,16efaa44-1554-4748-8407-48fac0bced94,0.016129032258064516,False,11.80229999772564
transfusion-retrieval-v3,sha256:5fc6a9a0d5ff5721954fad8f2855c204301e59ef0b28a91d8d9bdbaf48cb659b,4,hybrid_rrf,TF022,preparation,True,False,5,5,fb4884e3-8fea-42fa-b996-7e9c333e7fef,0.015873015873015872,False,11.80229999772564
transfusion-retrieval-v3,sha256:5fc6a9a0d5ff5721954fad8f2855c204301e59ef0b28a91d8d9bdbaf48cb659b,4,hybrid_rrf,TF022,preparation,True,False,10,1,9552a4ac-31b4-43a8-aa92-37bd3e89362a,0.01639344262295082,False,11.80229999772564
transfusion-retrieval-v3,sha256:5fc6a9a0d5ff5721954fad8f2855c204301e59ef0b28a91d8d9bdbaf48cb659b,4,hybrid_rrf,TF022,preparation,True,False,10,2,63cb7040-3526-4f6f-9f88-e295bbe5edaf,0.01639344262295082,False,11.80229999772564
transfusion-retrieval-v3,sha256:5fc6a9a0d5ff5721954fad8f2855c204301e59ef0b28a91d8d9bdbaf48cb659b,4,hybrid_rrf,TF022,preparation,True,False,10,3,84c0a864-176f-4776-a15e-167fc2518e5d,0.016129032258064516,False,11.80229999772564
transfusion-retrieval-v3,sha256:5fc6a9a0d5ff5721954fad8f2855c204301e59ef0b28a91d8d9bdbaf48cb659b,4,hybrid_rrf,TF022,preparation,True,False,10,4,16efaa44-1554-4748-8407-48fac0bced94,0.016129032258064516,False,11.80229999772564
transfusion-retrieval-v3,sha256:5fc6a9a0d5ff5721954fad8f2855c204301e59ef0b28a91d8d9bdbaf48cb659b,4,hybrid_rrf,TF022,preparation,True,False,10,5,fb4884e3-8fea-42fa-b996-7e9c333e7fef,0.015873015873015872,False,11.80229999772564
transfusion-retrieval-v3,sha256:5fc6a9a0d5ff5721954fad8f2855c204301e59ef0b28a91d8d9bdbaf48cb659b,4,hybrid_rrf,TF022,preparation,True,False,10,6,74c0eabe-77c7-4dbf-a321-27966a12fafb,0.015873015873015872,False,11.80229999772564
transfusion-retrieval-v3,sha256:5fc6a9a0d5ff5721954fad8f2855c204301e59ef0b28a91d8d9bdbaf48cb659b,4,hybrid_rrf,TF022,preparation,True,False,10,7,eeb8db46-f757-41f1-9ca5-c022f3d4ea3e,0.015625,False,11.80229999772564
transfusion-retrieval-v3,sha256:5fc6a9a0d5ff5721954fad8f2855c204301e59ef0b28a91d8d9bdbaf48cb659b,4,hybrid_rrf,TF022,preparation,True,False,10,8,36bac780-b1a2-42dc-8cca-3605f80c5521,0.015625,False,11.80229999772564
transfusion-retrieval-v3,sha256:5fc6a9a0d5ff5721954fad8f2855c204301e59ef0b28a91d8d9bdbaf48cb659b,4,hybrid_rrf,TF022,preparation,True,False,10,9,17e22a4e-78d9-4607-b75b-151e52cc4d20,0.015384615384615385,False,11.80229999772564
transfusion-retrieval-v3,sha256:5fc6a9a0d5ff5721954fad8f2855c204301e59ef0b28a91d8d9bdbaf48cb659b,4,hybrid_rrf,TF022,preparation,True,False,10,10,7e5199d4-e5c9-40ca-a69f-ea37f52c6ce3,0.015384615384615385,False,11.80229999772564
transfusion-retrieval-v3,sha256:5fc6a9a0d5ff5721954fad8f2855c204301e59ef0b28a91d8d9bdbaf48cb659b,4,hybrid_rrf,TF023,temporal,True,False,1,1,16efaa44-1554-4748-8407-48fac0bced94,0.031099324975891997,False,11.316399999486748
transfusion-retrieval-v3,sha256:5fc6a9a0d5ff5721954fad8f2855c204301e59ef0b28a91d8d9bdbaf48cb659b,4,hybrid_rrf,TF023,temporal,True,False,3,1,16efaa44-1554-4748-8407-48fac0bced94,0.031099324975891997,False,11.316399999486748
transfusion-retrieval-v3,sha256:5fc6a9a0d5ff5721954fad8f2855c204301e59ef0b28a91d8d9bdbaf48cb659b,4,hybrid_rrf,TF023,temporal,True,False,3,2,b66e5419-8a9c-47f4-866d-ebdb95b174b2,0.030621785881252923,False,11.316399999486748
transfusion-retrieval-v3,sha256:5fc6a9a0d5ff5721954fad8f2855c204301e59ef0b28a91d8d9bdbaf48cb659b,4,hybrid_rrf,TF023,temporal,True,False,3,3,919e93ca-fed9-4dde-b9b8-f870e207a3f3,0.030303030303030304,False,11.316399999486748
transfusion-retrieval-v3,sha256:5fc6a9a0d5ff5721954fad8f2855c204301e59ef0b28a91d8d9bdbaf48cb659b,4,hybrid_rrf,TF023,temporal,True,False,5,1,16efaa44-1554-4748-8407-48fac0bced94,0.031099324975891997,False,11.316399999486748
transfusion-retrieval-v3,sha256:5fc6a9a0d5ff5721954fad8f2855c204301e59ef0b28a91d8d9bdbaf48cb659b,4,hybrid_rrf,TF023,temporal,True,False,5,2,b66e5419-8a9c-47f4-866d-ebdb95b174b2,0.030621785881252923,False,11.316399999486748
transfusion-retrieval-v3,sha256:5fc6a9a0d5ff5721954fad8f2855c204301e59ef0b28a91d8d9bdbaf48cb659b,4,hybrid_rrf,TF023,temporal,True,False,5,3,919e93ca-fed9-4dde-b9b8-f870e207a3f3,0.030303030303030304,False,11.316399999486748
transfusion-retrieval-v3,sha256:5fc6a9a0d5ff5721954fad8f2855c204301e59ef0b28a91d8d9bdbaf48cb659b,4,hybrid_rrf,TF023,temporal,True,False,5,4,b0d368a1-d0fc-4b8b-8567-e190cf462986,0.030090497737556562,False,11.316399999486748
transfusion-retrieval-v3,sha256:5fc6a9a0d5ff5721954fad8f2855c204301e59ef0b28a91d8d9bdbaf48cb659b,4,hybrid_rrf,TF023,temporal,True,False,5,5,f7a9837d-f8db-4461-abd8-a3607db2276f,0.01639344262295082,False,11.316399999486748
transfusion-retrieval-v3,sha256:5fc6a9a0d5ff5721954fad8f2855c204301e59ef0b28a91d8d9bdbaf48cb659b,4,hybrid_rrf,TF023,temporal,True,False,10,1,16efaa44-1554-4748-8407-48fac0bced94,0.031099324975891997,False,11.316399999486748
transfusion-retrieval-v3,sha256:5fc6a9a0d5ff5721954fad8f2855c204301e59ef0b28a91d8d9bdbaf48cb659b,4,hybrid_rrf,TF023,temporal,True,False,10,2,b66e5419-8a9c-47f4-866d-ebdb95b174b2,0.030621785881252923,False,11.316399999486748
transfusion-retrieval-v3,sha256:5fc6a9a0d5ff5721954fad8f2855c204301e59ef0b28a91d8d9bdbaf48cb659b,4,hybrid_rrf,TF023,temporal,True,False,10,3,919e93ca-fed9-4dde-b9b8-f870e207a3f3,0.030303030303030304,False,11.316399999486748
transfusion-retrieval-v3,sha256:5fc6a9a0d5ff5721954fad8f2855c204301e59ef0b28a91d8d9bdbaf48cb659b,4,hybrid_rrf,TF023,temporal,True,False,10,4,b0d368a1-d0fc-4b8b-8567-e190cf462986,0.030090497737556562,False,11.316399999486748
transfusion-retrieval-v3,sha256:5fc6a9a0d5ff5721954fad8f2855c204301e59ef0b28a91d8d9bdbaf48cb659b,4,hybrid_rrf,TF023,temporal,True,False,10,5,f7a9837d-f8db-4461-abd8-a3607db2276f,0.01639344262295082,False,11.316399999486748
transfusion-retrieval-v3,sha256:5fc6a9a0d5ff5721954fad8f2855c204301e59ef0b28a91d8d9bdbaf48cb659b,4,hybrid_rrf,TF023,temporal,True,False,10,6,63cb7040-3526-4f6f-9f88-e295bbe5edaf,0.016129032258064516,False,11.316399999486748
transfusion-retrieval-v3,sha256:5fc6a9a0d5ff5721954fad8f2855c204301e59ef0b28a91d8d9bdbaf48cb659b,4,hybrid_rrf,TF023,temporal,True,False,10,7,c404e320-0bf2-4325-be92-7a0614f201ca,0.015873015873015872,True,11.316399999486748
transfusion-retrieval-v3,sha256:5fc6a9a0d5ff5721954fad8f2855c204301e59ef0b28a91d8d9bdbaf48cb659b,4,hybrid_rrf,TF023,temporal,True,False,10,8,59d57c8a-c9d7-4f8d-b9a1-a2816f1f01f7,0.015873015873015872,False,11.316399999486748
transfusion-retrieval-v3,sha256:5fc6a9a0d5ff5721954fad8f2855c204301e59ef0b28a91d8d9bdbaf48cb659b,4,hybrid_rrf,TF023,temporal,True,False,10,9,73735f01-c9d0-4dd5-8d46-c70045e4b334,0.015625,False,11.316399999486748
transfusion-retrieval-v3,sha256:5fc6a9a0d5ff5721954fad8f2855c204301e59ef0b28a91d8d9bdbaf48cb659b,4,hybrid_rrf,TF023,temporal,True,False,10,10,602c933f-0b8f-4533-87a5-f27ecd5f2af9,0.015625,False,11.316399999486748
transfusion-retrieval-v3,sha256:5fc6a9a0d5ff5721954fad8f2855c204301e59ef0b28a91d8d9bdbaf48cb659b,4,hybrid_rrf,TF024,temporal,True,False,1,1,16efaa44-1554-4748-8407-48fac0bced94,0.01639344262295082,False,9.561299997585593
transfusion-retrieval-v3,sha256:5fc6a9a0d5ff5721954fad8f2855c204301e59ef0b28a91d8d9bdbaf48cb659b,4,hybrid_rrf,TF024,temporal,True,False,3,1,16efaa44-1554-4748-8407-48fac0bced94,0.01639344262295082,False,9.561299997585593
transfusion-retrieval-v3,sha256:5fc6a9a0d5ff5721954fad8f2855c204301e59ef0b28a91d8d9bdbaf48cb659b,4,hybrid_rrf,TF024,temporal,True,False,3,2,b10b8f1c-ed17-44ca-8d7c-1a4f19a12c67,0.01639344262295082,False,9.561299997585593
transfusion-retrieval-v3,sha256:5fc6a9a0d5ff5721954fad8f2855c204301e59ef0b28a91d8d9bdbaf48cb659b,4,hybrid_rrf,TF024,temporal,True,False,3,3,63cb7040-3526-4f6f-9f88-e295bbe5edaf,0.016129032258064516,False,9.561299997585593
transfusion-retrieval-v3,sha256:5fc6a9a0d5ff5721954fad8f2855c204301e59ef0b28a91d8d9bdbaf48cb659b,4,hybrid_rrf,TF024,temporal,True,False,5,1,16efaa44-1554-4748-8407-48fac0bced94,0.01639344262295082,False,9.561299997585593
transfusion-retrieval-v3,sha256:5fc6a9a0d5ff5721954fad8f2855c204301e59ef0b28a91d8d9bdbaf48cb659b,4,hybrid_rrf,TF024,temporal,True,False,5,2,b10b8f1c-ed17-44ca-8d7c-1a4f19a12c67,0.01639344262295082,False,9.561299997585593
transfusion-retrieval-v3,sha256:5fc6a9a0d5ff5721954fad8f2855c204301e59ef0b28a91d8d9bdbaf48cb659b,4,hybrid_rrf,TF024,temporal,True,False,5,3,63cb7040-3526-4f6f-9f88-e295bbe5edaf,0.016129032258064516,False,9.561299997585593
transfusion-retrieval-v3,sha256:5fc6a9a0d5ff5721954fad8f2855c204301e59ef0b28a91d8d9bdbaf48cb659b,4,hybrid_rrf,TF024,temporal,True,False,5,4,a3d42ca5-54b5-4b8d-be4e-79337aaab880,0.016129032258064516,False,9.561299997585593
transfusion-retrieval-v3,sha256:5fc6a9a0d5ff5721954fad8f2855c204301e59ef0b28a91d8d9bdbaf48cb659b,4,hybrid_rrf,TF024,temporal,True,False,5,5,eeb8db46-f757-41f1-9ca5-c022f3d4ea3e,0.015873015873015872,False,9.561299997585593
transfusion-retrieval-v3,sha256:5fc6a9a0d5ff5721954fad8f2855c204301e59ef0b28a91d8d9bdbaf48cb659b,4,hybrid_rrf,TF024,temporal,True,False,10,1,16efaa44-1554-4748-8407-48fac0bced94,0.01639344262295082,False,9.561299997585593
transfusion-retrieval-v3,sha256:5fc6a9a0d5ff5721954fad8f2855c204301e59ef0b28a91d8d9bdbaf48cb659b,4,hybrid_rrf,TF024,temporal,True,False,10,2,b10b8f1c-ed17-44ca-8d7c-1a4f19a12c67,0.01639344262295082,False,9.561299997585593
transfusion-retrieval-v3,sha256:5fc6a9a0d5ff5721954fad8f2855c204301e59ef0b28a91d8d9bdbaf48cb659b,4,hybrid_rrf,TF024,temporal,True,False,10,3,63cb7040-3526-4f6f-9f88-e295bbe5edaf,0.016129032258064516,False,9.561299997585593
transfusion-retrieval-v3,sha256:5fc6a9a0d5ff5721954fad8f2855c204301e59ef0b28a91d8d9bdbaf48cb659b,4,hybrid_rrf,TF024,temporal,True,False,10,4,a3d42ca5-54b5-4b8d-be4e-79337aaab880,0.016129032258064516,False,9.561299997585593
transfusion-retrieval-v3,sha256:5fc6a9a0d5ff5721954fad8f2855c204301e59ef0b28a91d8d9bdbaf48cb659b,4,hybrid_rrf,TF024,temporal,True,False,10,5,eeb8db46-f757-41f1-9ca5-c022f3d4ea3e,0.015873015873015872,False,9.561299997585593
transfusion-retrieval-v3,sha256:5fc6a9a0d5ff5721954fad8f2855c204301e59ef0b28a91d8d9bdbaf48cb659b,4,hybrid_rrf,TF024,temporal,True,False,10,6,d3b7d61b-50f0-4b96-a770-785a9f3c3886,0.015873015873015872,False,9.561299997585593
transfusion-retrieval-v3,sha256:5fc6a9a0d5ff5721954fad8f2855c204301e59ef0b28a91d8d9bdbaf48cb659b,4,hybrid_rrf,TF024,temporal,True,False,10,7,17e22a4e-78d9-4607-b75b-151e52cc4d20,0.015625,False,9.561299997585593
transfusion-retrieval-v3,sha256:5fc6a9a0d5ff5721954fad8f2855c204301e59ef0b28a91d8d9bdbaf48cb659b,4,hybrid_rrf,TF024,temporal,True,False,10,8,b7876bcb-b1d0-409a-831d-45e59e35a44e,0.015625,False,9.561299997585593
transfusion-retrieval-v3,sha256:5fc6a9a0d5ff5721954fad8f2855c204301e59ef0b28a91d8d9bdbaf48cb659b,4,hybrid_rrf,TF024,temporal,True,False,10,9,fbb0340e-b19d-43c3-a23a-5ee07899e8cd,0.015384615384615385,False,9.561299997585593
transfusion-retrieval-v3,sha256:5fc6a9a0d5ff5721954fad8f2855c204301e59ef0b28a91d8d9bdbaf48cb659b,4,hybrid_rrf,TF024,temporal,True,False,10,10,919e93ca-fed9-4dde-b9b8-f870e207a3f3,0.015384615384615385,False,9.561299997585593
transfusion-retrieval-v3,sha256:5fc6a9a0d5ff5721954fad8f2855c204301e59ef0b28a91d8d9bdbaf48cb659b,4,hybrid_rrf,TF025,fact_specific,True,False,1,1,16efaa44-1554-4748-8407-48fac0bced94,0.030834914611005692,False,12.022600001728279
transfusion-retrieval-v3,sha256:5fc6a9a0d5ff5721954fad8f2855c204301e59ef0b28a91d8d9bdbaf48cb659b,4,hybrid_rrf,TF025,fact_specific,True,False,3,1,16efaa44-1554-4748-8407-48fac0bced94,0.030834914611005692,False,12.022600001728279
transfusion-retrieval-v3,sha256:5fc6a9a0d5ff5721954fad8f2855c204301e59ef0b28a91d8d9bdbaf48cb659b,4,hybrid_rrf,TF025,fact_specific,True,False,3,2,f7a9837d-f8db-4461-abd8-a3607db2276f,0.01639344262295082,False,12.022600001728279
transfusion-retrieval-v3,sha256:5fc6a9a0d5ff5721954fad8f2855c204301e59ef0b28a91d8d9bdbaf48cb659b,4,hybrid_rrf,TF025,fact_specific,True,False,3,3,63cb7040-3526-4f6f-9f88-e295bbe5edaf,0.01639344262295082,False,12.022600001728279
transfusion-retrieval-v3,sha256:5fc6a9a0d5ff5721954fad8f2855c204301e59ef0b28a91d8d9bdbaf48cb659b,4,hybrid_rrf,TF025,fact_specific,True,False,5,1,16efaa44-1554-4748-8407-48fac0bced94,0.030834914611005692,False,12.022600001728279
transfusion-retrieval-v3,sha256:5fc6a9a0d5ff5721954fad8f2855c204301e59ef0b28a91d8d9bdbaf48cb659b,4,hybrid_rrf,TF025,fact_specific,True,False,5,2,f7a9837d-f8db-4461-abd8-a3607db2276f,0.01639344262295082,False,12.022600001728279
transfusion-retrieval-v3,sha256:5fc6a9a0d5ff5721954fad8f2855c204301e59ef0b28a91d8d9bdbaf48cb659b,4,hybrid_rrf,TF025,fact_specific,True,False,5,3,63cb7040-3526-4f6f-9f88-e295bbe5edaf,0.01639344262295082,False,12.022600001728279
transfusion-retrieval-v3,sha256:5fc6a9a0d5ff5721954fad8f2855c204301e59ef0b28a91d8d9bdbaf48cb659b,4,hybrid_rrf,TF025,fact_specific,True,False,5,4,b0d368a1-d0fc-4b8b-8567-e190cf462986,0.016129032258064516,True,12.022600001728279
transfusion-retrieval-v3,sha256:5fc6a9a0d5ff5721954fad8f2855c204301e59ef0b28a91d8d9bdbaf48cb659b,4,hybrid_rrf,TF025,fact_specific,True,False,5,5,eeb8db46-f757-41f1-9ca5-c022f3d4ea3e,0.015873015873015872,False,12.022600001728279
transfusion-retrieval-v3,sha256:5fc6a9a0d5ff5721954fad8f2855c204301e59ef0b28a91d8d9bdbaf48cb659b,4,hybrid_rrf,TF025,fact_specific,True,False,10,1,16efaa44-1554-4748-8407-48fac0bced94,0.030834914611005692,False,12.022600001728279
transfusion-retrieval-v3,sha256:5fc6a9a0d5ff5721954fad8f2855c204301e59ef0b28a91d8d9bdbaf48cb659b,4,hybrid_rrf,TF025,fact_specific,True,False,10,2,f7a9837d-f8db-4461-abd8-a3607db2276f,0.01639344262295082,False,12.022600001728279
transfusion-retrieval-v3,sha256:5fc6a9a0d5ff5721954fad8f2855c204301e59ef0b28a91d8d9bdbaf48cb659b,4,hybrid_rrf,TF025,fact_specific,True,False,10,3,63cb7040-3526-4f6f-9f88-e295bbe5edaf,0.01639344262295082,False,12.022600001728279
transfusion-retrieval-v3,sha256:5fc6a9a0d5ff5721954fad8f2855c204301e59ef0b28a91d8d9bdbaf48cb659b,4,hybrid_rrf,TF025,fact_specific,True,False,10,4,b0d368a1-d0fc-4b8b-8567-e190cf462986,0.016129032258064516,True,12.022600001728279
transfusion-retrieval-v3,sha256:5fc6a9a0d5ff5721954fad8f2855c204301e59ef0b28a91d8d9bdbaf48cb659b,4,hybrid_rrf,TF025,fact_specific,True,False,10,5,eeb8db46-f757-41f1-9ca5-c022f3d4ea3e,0.015873015873015872,False,12.022600001728279
transfusion-retrieval-v3,sha256:5fc6a9a0d5ff5721954fad8f2855c204301e59ef0b28a91d8d9bdbaf48cb659b,4,hybrid_rrf,TF025,fact_specific,True,False,10,6,b7876bcb-b1d0-409a-831d-45e59e35a44e,0.015873015873015872,False,12.022600001728279
transfusion-retrieval-v3,sha256:5fc6a9a0d5ff5721954fad8f2855c204301e59ef0b28a91d8d9bdbaf48cb659b,4,hybrid_rrf,TF025,fact_specific,True,False,10,7,17e22a4e-78d9-4607-b75b-151e52cc4d20,0.015625,False,12.022600001728279
transfusion-retrieval-v3,sha256:5fc6a9a0d5ff5721954fad8f2855c204301e59ef0b28a91d8d9bdbaf48cb659b,4,hybrid_rrf,TF025,fact_specific,True,False,10,8,919e93ca-fed9-4dde-b9b8-f870e207a3f3,0.015625,True,12.022600001728279
transfusion-retrieval-v3,sha256:5fc6a9a0d5ff5721954fad8f2855c204301e59ef0b28a91d8d9bdbaf48cb659b,4,hybrid_rrf,TF025,fact_specific,True,False,10,9,fbb0340e-b19d-43c3-a23a-5ee07899e8cd,0.015384615384615385,False,12.022600001728279
transfusion-retrieval-v3,sha256:5fc6a9a0d5ff5721954fad8f2855c204301e59ef0b28a91d8d9bdbaf48cb659b,4,hybrid_rrf,TF025,fact_specific,True,False,10,10,73735f01-c9d0-4dd5-8d46-c70045e4b334,0.015384615384615385,False,12.022600001728279
transfusion-retrieval-v3,sha256:5fc6a9a0d5ff5721954fad8f2855c204301e59ef0b28a91d8d9bdbaf48cb659b,4,hybrid_rrf,TF026,fact_specific,True,False,1,1,16efaa44-1554-4748-8407-48fac0bced94,0.03200204813108039,False,9.79650000044785
transfusion-retrieval-v3,sha256:5fc6a9a0d5ff5721954fad8f2855c204301e59ef0b28a91d8d9bdbaf48cb659b,4,hybrid_rrf,TF026,fact_specific,True,False,3,1,16efaa44-1554-4748-8407-48fac0bced94,0.03200204813108039,False,9.79650000044785
transfusion-retrieval-v3,sha256:5fc6a9a0d5ff5721954fad8f2855c204301e59ef0b28a91d8d9bdbaf48cb659b,4,hybrid_rrf,TF026,fact_specific,True,False,3,2,b7876bcb-b1d0-409a-831d-45e59e35a44e,0.01639344262295082,True,9.79650000044785
transfusion-retrieval-v3,sha256:5fc6a9a0d5ff5721954fad8f2855c204301e59ef0b28a91d8d9bdbaf48cb659b,4,hybrid_rrf,TF026,fact_specific,True,False,3,3,63cb7040-3526-4f6f-9f88-e295bbe5edaf,0.01639344262295082,False,9.79650000044785
transfusion-retrieval-v3,sha256:5fc6a9a0d5ff5721954fad8f2855c204301e59ef0b28a91d8d9bdbaf48cb659b,4,hybrid_rrf,TF026,fact_specific,True,False,5,1,16efaa44-1554-4748-8407-48fac0bced94,0.03200204813108039,False,9.79650000044785
transfusion-retrieval-v3,sha256:5fc6a9a0d5ff5721954fad8f2855c204301e59ef0b28a91d8d9bdbaf48cb659b,4,hybrid_rrf,TF026,fact_specific,True,False,5,2,b7876bcb-b1d0-409a-831d-45e59e35a44e,0.01639344262295082,True,9.79650000044785
transfusion-retrieval-v3,sha256:5fc6a9a0d5ff5721954fad8f2855c204301e59ef0b28a91d8d9bdbaf48cb659b,4,hybrid_rrf,TF026,fact_specific,True,False,5,3,63cb7040-3526-4f6f-9f88-e295bbe5edaf,0.01639344262295082,False,9.79650000044785
transfusion-retrieval-v3,sha256:5fc6a9a0d5ff5721954fad8f2855c204301e59ef0b28a91d8d9bdbaf48cb659b,4,hybrid_rrf,TF026,fact_specific,True,False,5,4,919e93ca-fed9-4dde-b9b8-f870e207a3f3,0.016129032258064516,False,9.79650000044785
transfusion-retrieval-v3,sha256:5fc6a9a0d5ff5721954fad8f2855c204301e59ef0b28a91d8d9bdbaf48cb659b,4,hybrid_rrf,TF026,fact_specific,True,False,5,5,fb4884e3-8fea-42fa-b996-7e9c333e7fef,0.015873015873015872,False,9.79650000044785
transfusion-retrieval-v3,sha256:5fc6a9a0d5ff5721954fad8f2855c204301e59ef0b28a91d8d9bdbaf48cb659b,4,hybrid_rrf,TF026,fact_specific,True,False,10,1,16efaa44-1554-4748-8407-48fac0bced94,0.03200204813108039,False,9.79650000044785
transfusion-retrieval-v3,sha256:5fc6a9a0d5ff5721954fad8f2855c204301e59ef0b28a91d8d9bdbaf48cb659b,4,hybrid_rrf,TF026,fact_specific,True,False,10,2,b7876bcb-b1d0-409a-831d-45e59e35a44e,0.01639344262295082,True,9.79650000044785
transfusion-retrieval-v3,sha256:5fc6a9a0d5ff5721954fad8f2855c204301e59ef0b28a91d8d9bdbaf48cb659b,4,hybrid_rrf,TF026,fact_specific,True,False,10,3,63cb7040-3526-4f6f-9f88-e295bbe5edaf,0.01639344262295082,False,9.79650000044785
transfusion-retrieval-v3,sha256:5fc6a9a0d5ff5721954fad8f2855c204301e59ef0b28a91d8d9bdbaf48cb659b,4,hybrid_rrf,TF026,fact_specific,True,False,10,4,919e93ca-fed9-4dde-b9b8-f870e207a3f3,0.016129032258064516,False,9.79650000044785
transfusion-retrieval-v3,sha256:5fc6a9a0d5ff5721954fad8f2855c204301e59ef0b28a91d8d9bdbaf48cb659b,4,hybrid_rrf,TF026,fact_specific,True,False,10,5,fb4884e3-8fea-42fa-b996-7e9c333e7fef,0.015873015873015872,False,9.79650000044785
transfusion-retrieval-v3,sha256:5fc6a9a0d5ff5721954fad8f2855c204301e59ef0b28a91d8d9bdbaf48cb659b,4,hybrid_rrf,TF026,fact_specific,True,False,10,6,eeb8db46-f757-41f1-9ca5-c022f3d4ea3e,0.015625,False,9.79650000044785
transfusion-retrieval-v3,sha256:5fc6a9a0d5ff5721954fad8f2855c204301e59ef0b28a91d8d9bdbaf48cb659b,4,hybrid_rrf,TF026,fact_specific,True,False,10,7,74c0eabe-77c7-4dbf-a321-27966a12fafb,0.015625,False,9.79650000044785
transfusion-retrieval-v3,sha256:5fc6a9a0d5ff5721954fad8f2855c204301e59ef0b28a91d8d9bdbaf48cb659b,4,hybrid_rrf,TF026,fact_specific,True,False,10,8,17e22a4e-78d9-4607-b75b-151e52cc4d20,0.015384615384615385,False,9.79650000044785
transfusion-retrieval-v3,sha256:5fc6a9a0d5ff5721954fad8f2855c204301e59ef0b28a91d8d9bdbaf48cb659b,4,hybrid_rrf,TF026,fact_specific,True,False,10,9,b0d368a1-d0fc-4b8b-8567-e190cf462986,0.015384615384615385,False,9.79650000044785
transfusion-retrieval-v3,sha256:5fc6a9a0d5ff5721954fad8f2855c204301e59ef0b28a91d8d9bdbaf48cb659b,4,hybrid_rrf,TF026,fact_specific,True,False,10,10,fbb0340e-b19d-43c3-a23a-5ee07899e8cd,0.015151515151515152,False,9.79650000044785
transfusion-retrieval-v3,sha256:5fc6a9a0d5ff5721954fad8f2855c204301e59ef0b28a91d8d9bdbaf48cb659b,4,hybrid_rrf,TF027,procedure,True,True,1,1,16efaa44-1554-4748-8407-48fac0bced94,0.01639344262295082,False,17.484999996668193
transfusion-retrieval-v3,sha256:5fc6a9a0d5ff5721954fad8f2855c204301e59ef0b28a91d8d9bdbaf48cb659b,4,hybrid_rrf,TF027,procedure,True,True,3,1,16efaa44-1554-4748-8407-48fac0bced94,0.01639344262295082,False,17.484999996668193
transfusion-retrieval-v3,sha256:5fc6a9a0d5ff5721954fad8f2855c204301e59ef0b28a91d8d9bdbaf48cb659b,4,hybrid_rrf,TF027,procedure,True,True,3,2,3abbb958-eafe-4ffe-bcfc-dafa7349c15c,0.01639344262295082,False,17.484999996668193
transfusion-retrieval-v3,sha256:5fc6a9a0d5ff5721954fad8f2855c204301e59ef0b28a91d8d9bdbaf48cb659b,4,hybrid_rrf,TF027,procedure,True,True,3,3,eda54b74-cd2f-4808-8175-bcc5b916ce90,0.016129032258064516,False,17.484999996668193
transfusion-retrieval-v3,sha256:5fc6a9a0d5ff5721954fad8f2855c204301e59ef0b28a91d8d9bdbaf48cb659b,4,hybrid_rrf,TF027,procedure,True,True,5,1,16efaa44-1554-4748-8407-48fac0bced94,0.01639344262295082,False,17.484999996668193
transfusion-retrieval-v3,sha256:5fc6a9a0d5ff5721954fad8f2855c204301e59ef0b28a91d8d9bdbaf48cb659b,4,hybrid_rrf,TF027,procedure,True,True,5,2,3abbb958-eafe-4ffe-bcfc-dafa7349c15c,0.01639344262295082,False,17.484999996668193
transfusion-retrieval-v3,sha256:5fc6a9a0d5ff5721954fad8f2855c204301e59ef0b28a91d8d9bdbaf48cb659b,4,hybrid_rrf,TF027,procedure,True,True,5,3,eda54b74-cd2f-4808-8175-bcc5b916ce90,0.016129032258064516,False,17.484999996668193
transfusion-retrieval-v3,sha256:5fc6a9a0d5ff5721954fad8f2855c204301e59ef0b28a91d8d9bdbaf48cb659b,4,hybrid_rrf,TF027,procedure,True,True,5,4,63cb7040-3526-4f6f-9f88-e295bbe5edaf,0.016129032258064516,False,17.484999996668193
transfusion-retrieval-v3,sha256:5fc6a9a0d5ff5721954fad8f2855c204301e59ef0b28a91d8d9bdbaf48cb659b,4,hybrid_rrf,TF027,procedure,True,True,5,5,66dba192-bac5-4b3a-bd4d-77e9eacb4192,0.015873015873015872,False,17.484999996668193
transfusion-retrieval-v3,sha256:5fc6a9a0d5ff5721954fad8f2855c204301e59ef0b28a91d8d9bdbaf48cb659b,4,hybrid_rrf,TF027,procedure,True,True,10,1,16efaa44-1554-4748-8407-48fac0bced94,0.01639344262295082,False,17.484999996668193
transfusion-retrieval-v3,sha256:5fc6a9a0d5ff5721954fad8f2855c204301e59ef0b28a91d8d9bdbaf48cb659b,4,hybrid_rrf,TF027,procedure,True,True,10,2,3abbb958-eafe-4ffe-bcfc-dafa7349c15c,0.01639344262295082,False,17.484999996668193
transfusion-retrieval-v3,sha256:5fc6a9a0d5ff5721954fad8f2855c204301e59ef0b28a91d8d9bdbaf48cb659b,4,hybrid_rrf,TF027,procedure,True,True,10,3,eda54b74-cd2f-4808-8175-bcc5b916ce90,0.016129032258064516,False,17.484999996668193
transfusion-retrieval-v3,sha256:5fc6a9a0d5ff5721954fad8f2855c204301e59ef0b28a91d8d9bdbaf48cb659b,4,hybrid_rrf,TF027,procedure,True,True,10,4,63cb7040-3526-4f6f-9f88-e295bbe5edaf,0.016129032258064516,False,17.484999996668193
transfusion-retrieval-v3,sha256:5fc6a9a0d5ff5721954fad8f2855c204301e59ef0b28a91d8d9bdbaf48cb659b,4,hybrid_rrf,TF027,procedure,True,True,10,5,66dba192-bac5-4b3a-bd4d-77e9eacb4192,0.015873015873015872,False,17.484999996668193
transfusion-retrieval-v3,sha256:5fc6a9a0d5ff5721954fad8f2855c204301e59ef0b28a91d8d9bdbaf48cb659b,4,hybrid_rrf,TF027,procedure,True,True,10,6,7adacb8c-91c0-4ea7-8d82-7505eeac5042,0.015873015873015872,False,17.484999996668193
transfusion-retrieval-v3,sha256:5fc6a9a0d5ff5721954fad8f2855c204301e59ef0b28a91d8d9bdbaf48cb659b,4,hybrid_rrf,TF027,procedure,True,True,10,7,4797ba3b-c3d9-4d11-be5f-86db44dbda83,0.015625,False,17.484999996668193
transfusion-retrieval-v3,sha256:5fc6a9a0d5ff5721954fad8f2855c204301e59ef0b28a91d8d9bdbaf48cb659b,4,hybrid_rrf,TF027,procedure,True,True,10,8,dfb2693a-e821-4d6e-bbcc-0dbf3dc2a2ae,0.015625,False,17.484999996668193
transfusion-retrieval-v3,sha256:5fc6a9a0d5ff5721954fad8f2855c204301e59ef0b28a91d8d9bdbaf48cb659b,4,hybrid_rrf,TF027,procedure,True,True,10,9,761b9529-5b18-4262-8174-6062c35fb31c,0.015384615384615385,False,17.484999996668193
transfusion-retrieval-v3,sha256:5fc6a9a0d5ff5721954fad8f2855c204301e59ef0b28a91d8d9bdbaf48cb659b,4,hybrid_rrf,TF027,procedure,True,True,10,10,22e6c188-2e4c-4029-b200-7770a3f00e6e,0.015384615384615385,False,17.484999996668193
transfusion-retrieval-v3,sha256:5fc6a9a0d5ff5721954fad8f2855c204301e59ef0b28a91d8d9bdbaf48cb659b,4,hybrid_rrf,TF028,preparation,True,False,1,1,dfb2693a-e821-4d6e-bbcc-0dbf3dc2a2ae,0.01639344262295082,False,12.922399997478351
transfusion-retrieval-v3,sha256:5fc6a9a0d5ff5721954fad8f2855c204301e59ef0b28a91d8d9bdbaf48cb659b,4,hybrid_rrf,TF028,preparation,True,False,3,1,dfb2693a-e821-4d6e-bbcc-0dbf3dc2a2ae,0.01639344262295082,False,12.922399997478351
transfusion-retrieval-v3,sha256:5fc6a9a0d5ff5721954fad8f2855c204301e59ef0b28a91d8d9bdbaf48cb659b,4,hybrid_rrf,TF028,preparation,True,False,3,2,63cb7040-3526-4f6f-9f88-e295bbe5edaf,0.01639344262295082,False,12.922399997478351
transfusion-retrieval-v3,sha256:5fc6a9a0d5ff5721954fad8f2855c204301e59ef0b28a91d8d9bdbaf48cb659b,4,hybrid_rrf,TF028,preparation,True,False,3,3,2cea4ea7-7aaf-4c54-ac4e-b660de52065d,0.016129032258064516,False,12.922399997478351
transfusion-retrieval-v3,sha256:5fc6a9a0d5ff5721954fad8f2855c204301e59ef0b28a91d8d9bdbaf48cb659b,4,hybrid_rrf,TF028,preparation,True,False,5,1,dfb2693a-e821-4d6e-bbcc-0dbf3dc2a2ae,0.01639344262295082,False,12.922399997478351
transfusion-retrieval-v3,sha256:5fc6a9a0d5ff5721954fad8f2855c204301e59ef0b28a91d8d9bdbaf48cb659b,4,hybrid_rrf,TF028,preparation,True,False,5,2,63cb7040-3526-4f6f-9f88-e295bbe5edaf,0.01639344262295082,False,12.922399997478351
transfusion-retrieval-v3,sha256:5fc6a9a0d5ff5721954fad8f2855c204301e59ef0b28a91d8d9bdbaf48cb659b,4,hybrid_rrf,TF028,preparation,True,False,5,3,2cea4ea7-7aaf-4c54-ac4e-b660de52065d,0.016129032258064516,False,12.922399997478351
transfusion-retrieval-v3,sha256:5fc6a9a0d5ff5721954fad8f2855c204301e59ef0b28a91d8d9bdbaf48cb659b,4,hybrid_rrf,TF028,preparation,True,False,5,4,16efaa44-1554-4748-8407-48fac0bced94,0.016129032258064516,False,12.922399997478351
transfusion-retrieval-v3,sha256:5fc6a9a0d5ff5721954fad8f2855c204301e59ef0b28a91d8d9bdbaf48cb659b,4,hybrid_rrf,TF028,preparation,True,False,5,5,fb4884e3-8fea-42fa-b996-7e9c333e7fef,0.015873015873015872,False,12.922399997478351
transfusion-retrieval-v3,sha256:5fc6a9a0d5ff5721954fad8f2855c204301e59ef0b28a91d8d9bdbaf48cb659b,4,hybrid_rrf,TF028,preparation,True,False,10,1,dfb2693a-e821-4d6e-bbcc-0dbf3dc2a2ae,0.01639344262295082,False,12.922399997478351
transfusion-retrieval-v3,sha256:5fc6a9a0d5ff5721954fad8f2855c204301e59ef0b28a91d8d9bdbaf48cb659b,4,hybrid_rrf,TF028,preparation,True,False,10,2,63cb7040-3526-4f6f-9f88-e295bbe5edaf,0.01639344262295082,False,12.922399997478351
transfusion-retrieval-v3,sha256:5fc6a9a0d5ff5721954fad8f2855c204301e59ef0b28a91d8d9bdbaf48cb659b,4,hybrid_rrf,TF028,preparation,True,False,10,3,2cea4ea7-7aaf-4c54-ac4e-b660de52065d,0.016129032258064516,False,12.922399997478351
transfusion-retrieval-v3,sha256:5fc6a9a0d5ff5721954fad8f2855c204301e59ef0b28a91d8d9bdbaf48cb659b,4,hybrid_rrf,TF028,preparation,True,False,10,4,16efaa44-1554-4748-8407-48fac0bced94,0.016129032258064516,False,12.922399997478351
transfusion-retrieval-v3,sha256:5fc6a9a0d5ff5721954fad8f2855c204301e59ef0b28a91d8d9bdbaf48cb659b,4,hybrid_rrf,TF028,preparation,True,False,10,5,fb4884e3-8fea-42fa-b996-7e9c333e7fef,0.015873015873015872,False,12.922399997478351
transfusion-retrieval-v3,sha256:5fc6a9a0d5ff5721954fad8f2855c204301e59ef0b28a91d8d9bdbaf48cb659b,4,hybrid_rrf,TF028,preparation,True,False,10,6,fbf62ef9-25b7-437c-98d8-c4934fba0fe6,0.015873015873015872,False,12.922399997478351
transfusion-retrieval-v3,sha256:5fc6a9a0d5ff5721954fad8f2855c204301e59ef0b28a91d8d9bdbaf48cb659b,4,hybrid_rrf,TF028,preparation,True,False,10,7,eeb8db46-f757-41f1-9ca5-c022f3d4ea3e,0.015625,False,12.922399997478351
transfusion-retrieval-v3,sha256:5fc6a9a0d5ff5721954fad8f2855c204301e59ef0b28a91d8d9bdbaf48cb659b,4,hybrid_rrf,TF028,preparation,True,False,10,8,9131e9a9-eff3-4f4e-a20b-4bdd456c35bc,0.015625,False,12.922399997478351
transfusion-retrieval-v3,sha256:5fc6a9a0d5ff5721954fad8f2855c204301e59ef0b28a91d8d9bdbaf48cb659b,4,hybrid_rrf,TF028,preparation,True,False,10,9,fbb0340e-b19d-43c3-a23a-5ee07899e8cd,0.015384615384615385,False,12.922399997478351
transfusion-retrieval-v3,sha256:5fc6a9a0d5ff5721954fad8f2855c204301e59ef0b28a91d8d9bdbaf48cb659b,4,hybrid_rrf,TF028,preparation,True,False,10,10,3abbb958-eafe-4ffe-bcfc-dafa7349c15c,0.015384615384615385,False,12.922399997478351
transfusion-retrieval-v3,sha256:5fc6a9a0d5ff5721954fad8f2855c204301e59ef0b28a91d8d9bdbaf48cb659b,4,hybrid_rrf,TF029,preparation,True,False,1,1,7e5199d4-e5c9-40ca-a69f-ea37f52c6ce3,0.01639344262295082,False,9.754599999723723
transfusion-retrieval-v3,sha256:5fc6a9a0d5ff5721954fad8f2855c204301e59ef0b28a91d8d9bdbaf48cb659b,4,hybrid_rrf,TF029,preparation,True,False,3,1,7e5199d4-e5c9-40ca-a69f-ea37f52c6ce3,0.01639344262295082,False,9.754599999723723
transfusion-retrieval-v3,sha256:5fc6a9a0d5ff5721954fad8f2855c204301e59ef0b28a91d8d9bdbaf48cb659b,4,hybrid_rrf,TF029,preparation,True,False,3,2,63cb7040-3526-4f6f-9f88-e295bbe5edaf,0.01639344262295082,False,9.754599999723723
transfusion-retrieval-v3,sha256:5fc6a9a0d5ff5721954fad8f2855c204301e59ef0b28a91d8d9bdbaf48cb659b,4,hybrid_rrf,TF029,preparation,True,False,3,3,eeb8db46-f757-41f1-9ca5-c022f3d4ea3e,0.016129032258064516,False,9.754599999723723
transfusion-retrieval-v3,sha256:5fc6a9a0d5ff5721954fad8f2855c204301e59ef0b28a91d8d9bdbaf48cb659b,4,hybrid_rrf,TF029,preparation,True,False,5,1,7e5199d4-e5c9-40ca-a69f-ea37f52c6ce3,0.01639344262295082,False,9.754599999723723
transfusion-retrieval-v3,sha256:5fc6a9a0d5ff5721954fad8f2855c204301e59ef0b28a91d8d9bdbaf48cb659b,4,hybrid_rrf,TF029,preparation,True,False,5,2,63cb7040-3526-4f6f-9f88-e295bbe5edaf,0.01639344262295082,False,9.754599999723723
transfusion-retrieval-v3,sha256:5fc6a9a0d5ff5721954fad8f2855c204301e59ef0b28a91d8d9bdbaf48cb659b,4,hybrid_rrf,TF029,preparation,True,False,5,3,eeb8db46-f757-41f1-9ca5-c022f3d4ea3e,0.016129032258064516,False,9.754599999723723
transfusion-retrieval-v3,sha256:5fc6a9a0d5ff5721954fad8f2855c204301e59ef0b28a91d8d9bdbaf48cb659b,4,hybrid_rrf,TF029,preparation,True,False,5,4,9552a4ac-31b4-43a8-aa92-37bd3e89362a,0.016129032258064516,False,9.754599999723723
transfusion-retrieval-v3,sha256:5fc6a9a0d5ff5721954fad8f2855c204301e59ef0b28a91d8d9bdbaf48cb659b,4,hybrid_rrf,TF029,preparation,True,False,5,5,17e22a4e-78d9-4607-b75b-151e52cc4d20,0.015873015873015872,False,9.754599999723723
transfusion-retrieval-v3,sha256:5fc6a9a0d5ff5721954fad8f2855c204301e59ef0b28a91d8d9bdbaf48cb659b,4,hybrid_rrf,TF029,preparation,True,False,10,1,7e5199d4-e5c9-40ca-a69f-ea37f52c6ce3,0.01639344262295082,False,9.754599999723723
transfusion-retrieval-v3,sha256:5fc6a9a0d5ff5721954fad8f2855c204301e59ef0b28a91d8d9bdbaf48cb659b,4,hybrid_rrf,TF029,preparation,True,False,10,2,63cb7040-3526-4f6f-9f88-e295bbe5edaf,0.01639344262295082,False,9.754599999723723
transfusion-retrieval-v3,sha256:5fc6a9a0d5ff5721954fad8f2855c204301e59ef0b28a91d8d9bdbaf48cb659b,4,hybrid_rrf,TF029,preparation,True,False,10,3,eeb8db46-f757-41f1-9ca5-c022f3d4ea3e,0.016129032258064516,False,9.754599999723723
transfusion-retrieval-v3,sha256:5fc6a9a0d5ff5721954fad8f2855c204301e59ef0b28a91d8d9bdbaf48cb659b,4,hybrid_rrf,TF029,preparation,True,False,10,4,9552a4ac-31b4-43a8-aa92-37bd3e89362a,0.016129032258064516,False,9.754599999723723
transfusion-retrieval-v3,sha256:5fc6a9a0d5ff5721954fad8f2855c204301e59ef0b28a91d8d9bdbaf48cb659b,4,hybrid_rrf,TF029,preparation,True,False,10,5,17e22a4e-78d9-4607-b75b-151e52cc4d20,0.015873015873015872,False,9.754599999723723
transfusion-retrieval-v3,sha256:5fc6a9a0d5ff5721954fad8f2855c204301e59ef0b28a91d8d9bdbaf48cb659b,4,hybrid_rrf,TF029,preparation,True,False,10,6,36bac780-b1a2-42dc-8cca-3605f80c5521,0.015873015873015872,True,9.754599999723723
transfusion-retrieval-v3,sha256:5fc6a9a0d5ff5721954fad8f2855c204301e59ef0b28a91d8d9bdbaf48cb659b,4,hybrid_rrf,TF029,preparation,True,False,10,7,fbb0340e-b19d-43c3-a23a-5ee07899e8cd,0.015625,False,9.754599999723723
transfusion-retrieval-v3,sha256:5fc6a9a0d5ff5721954fad8f2855c204301e59ef0b28a91d8d9bdbaf48cb659b,4,hybrid_rrf,TF029,preparation,True,False,10,8,84c0a864-176f-4776-a15e-167fc2518e5d,0.015625,False,9.754599999723723
transfusion-retrieval-v3,sha256:5fc6a9a0d5ff5721954fad8f2855c204301e59ef0b28a91d8d9bdbaf48cb659b,4,hybrid_rrf,TF029,preparation,True,False,10,9,98d006ac-5212-4c8c-8a63-4cbd4d6caffc,0.015384615384615385,False,9.754599999723723
transfusion-retrieval-v3,sha256:5fc6a9a0d5ff5721954fad8f2855c204301e59ef0b28a91d8d9bdbaf48cb659b,4,hybrid_rrf,TF029,preparation,True,False,10,10,e4892114-b8eb-4f39-a7c4-427217039236,0.015384615384615385,False,9.754599999723723
transfusion-retrieval-v3,sha256:5fc6a9a0d5ff5721954fad8f2855c204301e59ef0b28a91d8d9bdbaf48cb659b,4,hybrid_rrf,TF030,temporal,True,False,1,1,d3b7d61b-50f0-4b96-a770-785a9f3c3886,0.01639344262295082,False,11.522200002218597
transfusion-retrieval-v3,sha256:5fc6a9a0d5ff5721954fad8f2855c204301e59ef0b28a91d8d9bdbaf48cb659b,4,hybrid_rrf,TF030,temporal,True,False,3,1,d3b7d61b-50f0-4b96-a770-785a9f3c3886,0.01639344262295082,False,11.522200002218597
transfusion-retrieval-v3,sha256:5fc6a9a0d5ff5721954fad8f2855c204301e59ef0b28a91d8d9bdbaf48cb659b,4,hybrid_rrf,TF030,temporal,True,False,3,2,63cb7040-3526-4f6f-9f88-e295bbe5edaf,0.01639344262295082,False,11.522200002218597
transfusion-retrieval-v3,sha256:5fc6a9a0d5ff5721954fad8f2855c204301e59ef0b28a91d8d9bdbaf48cb659b,4,hybrid_rrf,TF030,temporal,True,False,3,3,da79aa00-567d-434c-8441-915ac080f918,0.016129032258064516,False,11.522200002218597
transfusion-retrieval-v3,sha256:5fc6a9a0d5ff5721954fad8f2855c204301e59ef0b28a91d8d9bdbaf48cb659b,4,hybrid_rrf,TF030,temporal,True,False,5,1,d3b7d61b-50f0-4b96-a770-785a9f3c3886,0.01639344262295082,False,11.522200002218597
transfusion-retrieval-v3,sha256:5fc6a9a0d5ff5721954fad8f2855c204301e59ef0b28a91d8d9bdbaf48cb659b,4,hybrid_rrf,TF030,temporal,True,False,5,2,63cb7040-3526-4f6f-9f88-e295bbe5edaf,0.01639344262295082,False,11.522200002218597
transfusion-retrieval-v3,sha256:5fc6a9a0d5ff5721954fad8f2855c204301e59ef0b28a91d8d9bdbaf48cb659b,4,hybrid_rrf,TF030,temporal,True,False,5,3,da79aa00-567d-434c-8441-915ac080f918,0.016129032258064516,False,11.522200002218597
transfusion-retrieval-v3,sha256:5fc6a9a0d5ff5721954fad8f2855c204301e59ef0b28a91d8d9bdbaf48cb659b,4,hybrid_rrf,TF030,temporal,True,False,5,4,16efaa44-1554-4748-8407-48fac0bced94,0.016129032258064516,False,11.522200002218597
transfusion-retrieval-v3,sha256:5fc6a9a0d5ff5721954fad8f2855c204301e59ef0b28a91d8d9bdbaf48cb659b,4,hybrid_rrf,TF030,temporal,True,False,5,5,fb4884e3-8fea-42fa-b996-7e9c333e7fef,0.015873015873015872,False,11.522200002218597
transfusion-retrieval-v3,sha256:5fc6a9a0d5ff5721954fad8f2855c204301e59ef0b28a91d8d9bdbaf48cb659b,4,hybrid_rrf,TF030,temporal,True,False,10,1,d3b7d61b-50f0-4b96-a770-785a9f3c3886,0.01639344262295082,False,11.522200002218597
transfusion-retrieval-v3,sha256:5fc6a9a0d5ff5721954fad8f2855c204301e59ef0b28a91d8d9bdbaf48cb659b,4,hybrid_rrf,TF030,temporal,True,False,10,2,63cb7040-3526-4f6f-9f88-e295bbe5edaf,0.01639344262295082,False,11.522200002218597
transfusion-retrieval-v3,sha256:5fc6a9a0d5ff5721954fad8f2855c204301e59ef0b28a91d8d9bdbaf48cb659b,4,hybrid_rrf,TF030,temporal,True,False,10,3,da79aa00-567d-434c-8441-915ac080f918,0.016129032258064516,False,11.522200002218597
transfusion-retrieval-v3,sha256:5fc6a9a0d5ff5721954fad8f2855c204301e59ef0b28a91d8d9bdbaf48cb659b,4,hybrid_rrf,TF030,temporal,True,False,10,4,16efaa44-1554-4748-8407-48fac0bced94,0.016129032258064516,False,11.522200002218597
transfusion-retrieval-v3,sha256:5fc6a9a0d5ff5721954fad8f2855c204301e59ef0b28a91d8d9bdbaf48cb659b,4,hybrid_rrf,TF030,temporal,True,False,10,5,fb4884e3-8fea-42fa-b996-7e9c333e7fef,0.015873015873015872,False,11.522200002218597
transfusion-retrieval-v3,sha256:5fc6a9a0d5ff5721954fad8f2855c204301e59ef0b28a91d8d9bdbaf48cb659b,4,hybrid_rrf,TF030,temporal,True,False,10,6,324bc249-0e84-46e9-b77f-856c76cd5353,0.015873015873015872,False,11.522200002218597
transfusion-retrieval-v3,sha256:5fc6a9a0d5ff5721954fad8f2855c204301e59ef0b28a91d8d9bdbaf48cb659b,4,hybrid_rrf,TF030,temporal,True,False,10,7,17e22a4e-78d9-4607-b75b-151e52cc4d20,0.015625,False,11.522200002218597
transfusion-retrieval-v3,sha256:5fc6a9a0d5ff5721954fad8f2855c204301e59ef0b28a91d8d9bdbaf48cb659b,4,hybrid_rrf,TF030,temporal,True,False,10,8,73735f01-c9d0-4dd5-8d46-c70045e4b334,0.015625,False,11.522200002218597
transfusion-retrieval-v3,sha256:5fc6a9a0d5ff5721954fad8f2855c204301e59ef0b28a91d8d9bdbaf48cb659b,4,hybrid_rrf,TF030,temporal,True,False,10,9,b66e5419-8a9c-47f4-866d-ebdb95b174b2,0.015384615384615385,False,11.522200002218597
transfusion-retrieval-v3,sha256:5fc6a9a0d5ff5721954fad8f2855c204301e59ef0b28a91d8d9bdbaf48cb659b,4,hybrid_rrf,TF030,temporal,True,False,10,10,e4892114-b8eb-4f39-a7c4-427217039236,0.015384615384615385,False,11.522200002218597
transfusion-retrieval-v3,sha256:5fc6a9a0d5ff5721954fad8f2855c204301e59ef0b28a91d8d9bdbaf48cb659b,4,hybrid_rrf,TF031,procedure,True,False,1,1,b225ae64-72d2-4e59-81c0-57f5d8438666,0.029418126757516764,False,10.345399998186622
transfusion-retrieval-v3,sha256:5fc6a9a0d5ff5721954fad8f2855c204301e59ef0b28a91d8d9bdbaf48cb659b,4,hybrid_rrf,TF031,procedure,True,False,3,1,b225ae64-72d2-4e59-81c0-57f5d8438666,0.029418126757516764,False,10.345399998186622
transfusion-retrieval-v3,sha256:5fc6a9a0d5ff5721954fad8f2855c204301e59ef0b28a91d8d9bdbaf48cb659b,4,hybrid_rrf,TF031,procedure,True,False,3,2,9b6cc313-9a59-4387-a5ce-2ed14389a0a7,0.01639344262295082,False,10.345399998186622
transfusion-retrieval-v3,sha256:5fc6a9a0d5ff5721954fad8f2855c204301e59ef0b28a91d8d9bdbaf48cb659b,4,hybrid_rrf,TF031,procedure,True,False,3,3,16efaa44-1554-4748-8407-48fac0bced94,0.01639344262295082,False,10.345399998186622
transfusion-retrieval-v3,sha256:5fc6a9a0d5ff5721954fad8f2855c204301e59ef0b28a91d8d9bdbaf48cb659b,4,hybrid_rrf,TF031,procedure,True,False,5,1,b225ae64-72d2-4e59-81c0-57f5d8438666,0.029418126757516764,False,10.345399998186622
transfusion-retrieval-v3,sha256:5fc6a9a0d5ff5721954fad8f2855c204301e59ef0b28a91d8d9bdbaf48cb659b,4,hybrid_rrf,TF031,procedure,True,False,5,2,9b6cc313-9a59-4387-a5ce-2ed14389a0a7,0.01639344262295082,False,10.345399998186622
transfusion-retrieval-v3,sha256:5fc6a9a0d5ff5721954fad8f2855c204301e59ef0b28a91d8d9bdbaf48cb659b,4,hybrid_rrf,TF031,procedure,True,False,5,3,16efaa44-1554-4748-8407-48fac0bced94,0.01639344262295082,False,10.345399998186622
transfusion-retrieval-v3,sha256:5fc6a9a0d5ff5721954fad8f2855c204301e59ef0b28a91d8d9bdbaf48cb659b,4,hybrid_rrf,TF031,procedure,True,False,5,4,63cb7040-3526-4f6f-9f88-e295bbe5edaf,0.016129032258064516,False,10.345399998186622
transfusion-retrieval-v3,sha256:5fc6a9a0d5ff5721954fad8f2855c204301e59ef0b28a91d8d9bdbaf48cb659b,4,hybrid_rrf,TF031,procedure,True,False,5,5,f9cfc75b-a5e7-4633-a798-4b17ea462325,0.016129032258064516,False,10.345399998186622
transfusion-retrieval-v3,sha256:5fc6a9a0d5ff5721954fad8f2855c204301e59ef0b28a91d8d9bdbaf48cb659b,4,hybrid_rrf,TF031,procedure,True,False,10,1,b225ae64-72d2-4e59-81c0-57f5d8438666,0.029418126757516764,False,10.345399998186622
transfusion-retrieval-v3,sha256:5fc6a9a0d5ff5721954fad8f2855c204301e59ef0b28a91d8d9bdbaf48cb659b,4,hybrid_rrf,TF031,procedure,True,False,10,2,9b6cc313-9a59-4387-a5ce-2ed14389a0a7,0.01639344262295082,False,10.345399998186622
transfusion-retrieval-v3,sha256:5fc6a9a0d5ff5721954fad8f2855c204301e59ef0b28a91d8d9bdbaf48cb659b,4,hybrid_rrf,TF031,procedure,True,False,10,3,16efaa44-1554-4748-8407-48fac0bced94,0.01639344262295082,False,10.345399998186622
transfusion-retrieval-v3,sha256:5fc6a9a0d5ff5721954fad8f2855c204301e59ef0b28a91d8d9bdbaf48cb659b,4,hybrid_rrf,TF031,procedure,True,False,10,4,63cb7040-3526-4f6f-9f88-e295bbe5edaf,0.016129032258064516,False,10.345399998186622
transfusion-retrieval-v3,sha256:5fc6a9a0d5ff5721954fad8f2855c204301e59ef0b28a91d8d9bdbaf48cb659b,4,hybrid_rrf,TF031,procedure,True,False,10,5,f9cfc75b-a5e7-4633-a798-4b17ea462325,0.016129032258064516,False,10.345399998186622
transfusion-retrieval-v3,sha256:5fc6a9a0d5ff5721954fad8f2855c204301e59ef0b28a91d8d9bdbaf48cb659b,4,hybrid_rrf,TF031,procedure,True,False,10,6,d9a4a9c8-fbd4-41f2-bab6-6abd72575204,0.015873015873015872,False,10.345399998186622
transfusion-retrieval-v3,sha256:5fc6a9a0d5ff5721954fad8f2855c204301e59ef0b28a91d8d9bdbaf48cb659b,4,hybrid_rrf,TF031,procedure,True,False,10,7,5de4d74d-720e-4d86-a836-f946d70a2d32,0.015873015873015872,True,10.345399998186622
transfusion-retrieval-v3,sha256:5fc6a9a0d5ff5721954fad8f2855c204301e59ef0b28a91d8d9bdbaf48cb659b,4,hybrid_rrf,TF031,procedure,True,False,10,8,10537058-d160-4786-a6cf-95de46d7189c,0.015625,False,10.345399998186622
transfusion-retrieval-v3,sha256:5fc6a9a0d5ff5721954fad8f2855c204301e59ef0b28a91d8d9bdbaf48cb659b,4,hybrid_rrf,TF031,procedure,True,False,10,9,c404e320-0bf2-4325-be92-7a0614f201ca,0.015625,False,10.345399998186622
transfusion-retrieval-v3,sha256:5fc6a9a0d5ff5721954fad8f2855c204301e59ef0b28a91d8d9bdbaf48cb659b,4,hybrid_rrf,TF031,procedure,True,False,10,10,59d57c8a-c9d7-4f8d-b9a1-a2816f1f01f7,0.015384615384615385,False,10.345399998186622
transfusion-retrieval-v3,sha256:5fc6a9a0d5ff5721954fad8f2855c204301e59ef0b28a91d8d9bdbaf48cb659b,4,hybrid_rrf,TF032,fact_specific,True,False,1,1,5de4d74d-720e-4d86-a836-f946d70a2d32,0.01639344262295082,True,11.870700000145007
transfusion-retrieval-v3,sha256:5fc6a9a0d5ff5721954fad8f2855c204301e59ef0b28a91d8d9bdbaf48cb659b,4,hybrid_rrf,TF032,fact_specific,True,False,3,1,5de4d74d-720e-4d86-a836-f946d70a2d32,0.01639344262295082,True,11.870700000145007
transfusion-retrieval-v3,sha256:5fc6a9a0d5ff5721954fad8f2855c204301e59ef0b28a91d8d9bdbaf48cb659b,4,hybrid_rrf,TF032,fact_specific,True,False,3,2,63cb7040-3526-4f6f-9f88-e295bbe5edaf,0.01639344262295082,False,11.870700000145007
transfusion-retrieval-v3,sha256:5fc6a9a0d5ff5721954fad8f2855c204301e59ef0b28a91d8d9bdbaf48cb659b,4,hybrid_rrf,TF032,fact_specific,True,False,3,3,fb4884e3-8fea-42fa-b996-7e9c333e7fef,0.016129032258064516,False,11.870700000145007
transfusion-retrieval-v3,sha256:5fc6a9a0d5ff5721954fad8f2855c204301e59ef0b28a91d8d9bdbaf48cb659b,4,hybrid_rrf,TF032,fact_specific,True,False,5,1,5de4d74d-720e-4d86-a836-f946d70a2d32,0.01639344262295082,True,11.870700000145007
transfusion-retrieval-v3,sha256:5fc6a9a0d5ff5721954fad8f2855c204301e59ef0b28a91d8d9bdbaf48cb659b,4,hybrid_rrf,TF032,fact_specific,True,False,5,2,63cb7040-3526-4f6f-9f88-e295bbe5edaf,0.01639344262295082,False,11.870700000145007
transfusion-retrieval-v3,sha256:5fc6a9a0d5ff5721954fad8f2855c204301e59ef0b28a91d8d9bdbaf48cb659b,4,hybrid_rrf,TF032,fact_specific,True,False,5,3,fb4884e3-8fea-42fa-b996-7e9c333e7fef,0.016129032258064516,False,11.870700000145007
transfusion-retrieval-v3,sha256:5fc6a9a0d5ff5721954fad8f2855c204301e59ef0b28a91d8d9bdbaf48cb659b,4,hybrid_rrf,TF032,fact_specific,True,False,5,4,9552a4ac-31b4-43a8-aa92-37bd3e89362a,0.016129032258064516,False,11.870700000145007
transfusion-retrieval-v3,sha256:5fc6a9a0d5ff5721954fad8f2855c204301e59ef0b28a91d8d9bdbaf48cb659b,4,hybrid_rrf,TF032,fact_specific,True,False,5,5,eeb8db46-f757-41f1-9ca5-c022f3d4ea3e,0.015873015873015872,False,11.870700000145007
transfusion-retrieval-v3,sha256:5fc6a9a0d5ff5721954fad8f2855c204301e59ef0b28a91d8d9bdbaf48cb659b,4,hybrid_rrf,TF032,fact_specific,True,False,10,1,5de4d74d-720e-4d86-a836-f946d70a2d32,0.01639344262295082,True,11.870700000145007
transfusion-retrieval-v3,sha256:5fc6a9a0d5ff5721954fad8f2855c204301e59ef0b28a91d8d9bdbaf48cb659b,4,hybrid_rrf,TF032,fact_specific,True,False,10,2,63cb7040-3526-4f6f-9f88-e295bbe5edaf,0.01639344262295082,False,11.870700000145007
transfusion-retrieval-v3,sha256:5fc6a9a0d5ff5721954fad8f2855c204301e59ef0b28a91d8d9bdbaf48cb659b,4,hybrid_rrf,TF032,fact_specific,True,False,10,3,fb4884e3-8fea-42fa-b996-7e9c333e7fef,0.016129032258064516,False,11.870700000145007
transfusion-retrieval-v3,sha256:5fc6a9a0d5ff5721954fad8f2855c204301e59ef0b28a91d8d9bdbaf48cb659b,4,hybrid_rrf,TF032,fact_specific,True,False,10,4,9552a4ac-31b4-43a8-aa92-37bd3e89362a,0.016129032258064516,False,11.870700000145007
transfusion-retrieval-v3,sha256:5fc6a9a0d5ff5721954fad8f2855c204301e59ef0b28a91d8d9bdbaf48cb659b,4,hybrid_rrf,TF032,fact_specific,True,False,10,5,eeb8db46-f757-41f1-9ca5-c022f3d4ea3e,0.015873015873015872,False,11.870700000145007
transfusion-retrieval-v3,sha256:5fc6a9a0d5ff5721954fad8f2855c204301e59ef0b28a91d8d9bdbaf48cb659b,4,hybrid_rrf,TF032,fact_specific,True,False,10,6,84c0a864-176f-4776-a15e-167fc2518e5d,0.015873015873015872,False,11.870700000145007
transfusion-retrieval-v3,sha256:5fc6a9a0d5ff5721954fad8f2855c204301e59ef0b28a91d8d9bdbaf48cb659b,4,hybrid_rrf,TF032,fact_specific,True,False,10,7,17e22a4e-78d9-4607-b75b-151e52cc4d20,0.015625,False,11.870700000145007
transfusion-retrieval-v3,sha256:5fc6a9a0d5ff5721954fad8f2855c204301e59ef0b28a91d8d9bdbaf48cb659b,4,hybrid_rrf,TF032,fact_specific,True,False,10,8,df699ccc-6f51-4281-b4a4-f3d2a20631e0,0.015625,False,11.870700000145007
transfusion-retrieval-v3,sha256:5fc6a9a0d5ff5721954fad8f2855c204301e59ef0b28a91d8d9bdbaf48cb659b,4,hybrid_rrf,TF032,fact_specific,True,False,10,9,fbb0340e-b19d-43c3-a23a-5ee07899e8cd,0.015384615384615385,False,11.870700000145007
transfusion-retrieval-v3,sha256:5fc6a9a0d5ff5721954fad8f2855c204301e59ef0b28a91d8d9bdbaf48cb659b,4,hybrid_rrf,TF032,fact_specific,True,False,10,10,d3b7d61b-50f0-4b96-a770-785a9f3c3886,0.015384615384615385,False,11.870700000145007
transfusion-retrieval-v3,sha256:5fc6a9a0d5ff5721954fad8f2855c204301e59ef0b28a91d8d9bdbaf48cb659b,4,hybrid_rrf,TF033,fact_specific,True,False,1,1,e62b0c91-ff0c-43b2-9bd5-ff173d9f8bc0,0.032018442622950824,True,12.717300000076648
transfusion-retrieval-v3,sha256:5fc6a9a0d5ff5721954fad8f2855c204301e59ef0b28a91d8d9bdbaf48cb659b,4,hybrid_rrf,TF033,fact_specific,True,False,3,1,e62b0c91-ff0c-43b2-9bd5-ff173d9f8bc0,0.032018442622950824,True,12.717300000076648
transfusion-retrieval-v3,sha256:5fc6a9a0d5ff5721954fad8f2855c204301e59ef0b28a91d8d9bdbaf48cb659b,4,hybrid_rrf,TF033,fact_specific,True,False,3,2,9131e9a9-eff3-4f4e-a20b-4bdd456c35bc,0.03007688828584351,False,12.717300000076648
transfusion-retrieval-v3,sha256:5fc6a9a0d5ff5721954fad8f2855c204301e59ef0b28a91d8d9bdbaf48cb659b,4,hybrid_rrf,TF033,fact_specific,True,False,3,3,59d57c8a-c9d7-4f8d-b9a1-a2816f1f01f7,0.01639344262295082,False,12.717300000076648
transfusion-retrieval-v3,sha256:5fc6a9a0d5ff5721954fad8f2855c204301e59ef0b28a91d8d9bdbaf48cb659b,4,hybrid_rrf,TF033,fact_specific,True,False,5,1,e62b0c91-ff0c-43b2-9bd5-ff173d9f8bc0,0.032018442622950824,True,12.717300000076648
transfusion-retrieval-v3,sha256:5fc6a9a0d5ff5721954fad8f2855c204301e59ef0b28a91d8d9bdbaf48cb659b,4,hybrid_rrf,TF033,fact_specific,True,False,5,2,9131e9a9-eff3-4f4e-a20b-4bdd456c35bc,0.03007688828584351,False,12.717300000076648
transfusion-retrieval-v3,sha256:5fc6a9a0d5ff5721954fad8f2855c204301e59ef0b28a91d8d9bdbaf48cb659b,4,hybrid_rrf,TF033,fact_specific,True,False,5,3,59d57c8a-c9d7-4f8d-b9a1-a2816f1f01f7,0.01639344262295082,False,12.717300000076648
transfusion-retrieval-v3,sha256:5fc6a9a0d5ff5721954fad8f2855c204301e59ef0b28a91d8d9bdbaf48cb659b,4,hybrid_rrf,TF033,fact_specific,True,False,5,4,66dba192-bac5-4b3a-bd4d-77e9eacb4192,0.016129032258064516,False,12.717300000076648
transfusion-retrieval-v3,sha256:5fc6a9a0d5ff5721954fad8f2855c204301e59ef0b28a91d8d9bdbaf48cb659b,4,hybrid_rrf,TF033,fact_specific,True,False,5,5,df699ccc-6f51-4281-b4a4-f3d2a20631e0,0.016129032258064516,False,12.717300000076648
transfusion-retrieval-v3,sha256:5fc6a9a0d5ff5721954fad8f2855c204301e59ef0b28a91d8d9bdbaf48cb659b,4,hybrid_rrf,TF033,fact_specific,True,False,10,1,e62b0c91-ff0c-43b2-9bd5-ff173d9f8bc0,0.032018442622950824,True,12.717300000076648
transfusion-retrieval-v3,sha256:5fc6a9a0d5ff5721954fad8f2855c204301e59ef0b28a91d8d9bdbaf48cb659b,4,hybrid_rrf,TF033,fact_specific,True,False,10,2,9131e9a9-eff3-4f4e-a20b-4bdd456c35bc,0.03007688828584351,False,12.717300000076648
transfusion-retrieval-v3,sha256:5fc6a9a0d5ff5721954fad8f2855c204301e59ef0b28a91d8d9bdbaf48cb659b,4,hybrid_rrf,TF033,fact_specific,True,False,10,3,59d57c8a-c9d7-4f8d-b9a1-a2816f1f01f7,0.01639344262295082,False,12.717300000076648
transfusion-retrieval-v3,sha256:5fc6a9a0d5ff5721954fad8f2855c204301e59ef0b28a91d8d9bdbaf48cb659b,4,hybrid_rrf,TF033,fact_specific,True,False,10,4,66dba192-bac5-4b3a-bd4d-77e9eacb4192,0.016129032258064516,False,12.717300000076648
transfusion-retrieval-v3,sha256:5fc6a9a0d5ff5721954fad8f2855c204301e59ef0b28a91d8d9bdbaf48cb659b,4,hybrid_rrf,TF033,fact_specific,True,False,10,5,df699ccc-6f51-4281-b4a4-f3d2a20631e0,0.016129032258064516,False,12.717300000076648
transfusion-retrieval-v3,sha256:5fc6a9a0d5ff5721954fad8f2855c204301e59ef0b28a91d8d9bdbaf48cb659b,4,hybrid_rrf,TF033,fact_specific,True,False,10,6,10537058-d160-4786-a6cf-95de46d7189c,0.015873015873015872,False,12.717300000076648
transfusion-retrieval-v3,sha256:5fc6a9a0d5ff5721954fad8f2855c204301e59ef0b28a91d8d9bdbaf48cb659b,4,hybrid_rrf,TF033,fact_specific,True,False,10,7,23c6ca0d-04bf-4081-b90a-9819029dcd73,0.015873015873015872,False,12.717300000076648
transfusion-retrieval-v3,sha256:5fc6a9a0d5ff5721954fad8f2855c204301e59ef0b28a91d8d9bdbaf48cb659b,4,hybrid_rrf,TF033,fact_specific,True,False,10,8,9b6cc313-9a59-4387-a5ce-2ed14389a0a7,0.015625,False,12.717300000076648
transfusion-retrieval-v3,sha256:5fc6a9a0d5ff5721954fad8f2855c204301e59ef0b28a91d8d9bdbaf48cb659b,4,hybrid_rrf,TF033,fact_specific,True,False,10,9,d9a4a9c8-fbd4-41f2-bab6-6abd72575204,0.015384615384615385,False,12.717300000076648
transfusion-retrieval-v3,sha256:5fc6a9a0d5ff5721954fad8f2855c204301e59ef0b28a91d8d9bdbaf48cb659b,4,hybrid_rrf,TF033,fact_specific,True,False,10,10,3ecc27b9-634c-4026-b44e-e01123aa0467,0.015384615384615385,False,12.717300000076648
transfusion-retrieval-v3,sha256:5fc6a9a0d5ff5721954fad8f2855c204301e59ef0b28a91d8d9bdbaf48cb659b,4,hybrid_rrf,TF034,product_specific,True,False,1,1,59d57c8a-c9d7-4f8d-b9a1-a2816f1f01f7,0.03278688524590164,True,8.761600000070757
transfusion-retrieval-v3,sha256:5fc6a9a0d5ff5721954fad8f2855c204301e59ef0b28a91d8d9bdbaf48cb659b,4,hybrid_rrf,TF034,product_specific,True,False,3,1,59d57c8a-c9d7-4f8d-b9a1-a2816f1f01f7,0.03278688524590164,True,8.761600000070757
transfusion-retrieval-v3,sha256:5fc6a9a0d5ff5721954fad8f2855c204301e59ef0b28a91d8d9bdbaf48cb659b,4,hybrid_rrf,TF034,product_specific,True,False,3,2,e62b0c91-ff0c-43b2-9bd5-ff173d9f8bc0,0.03200204813108039,False,8.761600000070757
transfusion-retrieval-v3,sha256:5fc6a9a0d5ff5721954fad8f2855c204301e59ef0b28a91d8d9bdbaf48cb659b,4,hybrid_rrf,TF034,product_specific,True,False,3,3,7c33fbb7-e931-4f6b-9520-23875ec9ee5b,0.030330882352941176,False,8.761600000070757
transfusion-retrieval-v3,sha256:5fc6a9a0d5ff5721954fad8f2855c204301e59ef0b28a91d8d9bdbaf48cb659b,4,hybrid_rrf,TF034,product_specific,True,False,5,1,59d57c8a-c9d7-4f8d-b9a1-a2816f1f01f7,0.03278688524590164,True,8.761600000070757
transfusion-retrieval-v3,sha256:5fc6a9a0d5ff5721954fad8f2855c204301e59ef0b28a91d8d9bdbaf48cb659b,4,hybrid_rrf,TF034,product_specific,True,False,5,2,e62b0c91-ff0c-43b2-9bd5-ff173d9f8bc0,0.03200204813108039,False,8.761600000070757
transfusion-retrieval-v3,sha256:5fc6a9a0d5ff5721954fad8f2855c204301e59ef0b28a91d8d9bdbaf48cb659b,4,hybrid_rrf,TF034,product_specific,True,False,5,3,7c33fbb7-e931-4f6b-9520-23875ec9ee5b,0.030330882352941176,False,8.761600000070757
transfusion-retrieval-v3,sha256:5fc6a9a0d5ff5721954fad8f2855c204301e59ef0b28a91d8d9bdbaf48cb659b,4,hybrid_rrf,TF034,product_specific,True,False,5,4,9b6cc313-9a59-4387-a5ce-2ed14389a0a7,0.016129032258064516,False,8.761600000070757
transfusion-retrieval-v3,sha256:5fc6a9a0d5ff5721954fad8f2855c204301e59ef0b28a91d8d9bdbaf48cb659b,4,hybrid_rrf,TF034,product_specific,True,False,5,5,66dba192-bac5-4b3a-bd4d-77e9eacb4192,0.015873015873015872,False,8.761600000070757
transfusion-retrieval-v3,sha256:5fc6a9a0d5ff5721954fad8f2855c204301e59ef0b28a91d8d9bdbaf48cb659b,4,hybrid_rrf,TF034,product_specific,True,False,10,1,59d57c8a-c9d7-4f8d-b9a1-a2816f1f01f7,0.03278688524590164,True,8.761600000070757
transfusion-retrieval-v3,sha256:5fc6a9a0d5ff5721954fad8f2855c204301e59ef0b28a91d8d9bdbaf48cb659b,4,hybrid_rrf,TF034,product_specific,True,False,10,2,e62b0c91-ff0c-43b2-9bd5-ff173d9f8bc0,0.03200204813108039,False,8.761600000070757
transfusion-retrieval-v3,sha256:5fc6a9a0d5ff5721954fad8f2855c204301e59ef0b28a91d8d9bdbaf48cb659b,4,hybrid_rrf,TF034,product_specific,True,False,10,3,7c33fbb7-e931-4f6b-9520-23875ec9ee5b,0.030330882352941176,False,8.761600000070757
transfusion-retrieval-v3,sha256:5fc6a9a0d5ff5721954fad8f2855c204301e59ef0b28a91d8d9bdbaf48cb659b,4,hybrid_rrf,TF034,product_specific,True,False,10,4,9b6cc313-9a59-4387-a5ce-2ed14389a0a7,0.016129032258064516,False,8.761600000070757
transfusion-retrieval-v3,sha256:5fc6a9a0d5ff5721954fad8f2855c204301e59ef0b28a91d8d9bdbaf48cb659b,4,hybrid_rrf,TF034,product_specific,True,False,10,5,66dba192-bac5-4b3a-bd4d-77e9eacb4192,0.015873015873015872,False,8.761600000070757
transfusion-retrieval-v3,sha256:5fc6a9a0d5ff5721954fad8f2855c204301e59ef0b28a91d8d9bdbaf48cb659b,4,hybrid_rrf,TF034,product_specific,True,False,10,6,63cb7040-3526-4f6f-9f88-e295bbe5edaf,0.015625,False,8.761600000070757
transfusion-retrieval-v3,sha256:5fc6a9a0d5ff5721954fad8f2855c204301e59ef0b28a91d8d9bdbaf48cb659b,4,hybrid_rrf,TF034,product_specific,True,False,10,7,3ecc27b9-634c-4026-b44e-e01123aa0467,0.015384615384615385,False,8.761600000070757
transfusion-retrieval-v3,sha256:5fc6a9a0d5ff5721954fad8f2855c204301e59ef0b28a91d8d9bdbaf48cb659b,4,hybrid_rrf,TF034,product_specific,True,False,10,8,16efaa44-1554-4748-8407-48fac0bced94,0.015384615384615385,False,8.761600000070757
transfusion-retrieval-v3,sha256:5fc6a9a0d5ff5721954fad8f2855c204301e59ef0b28a91d8d9bdbaf48cb659b,4,hybrid_rrf,TF034,product_specific,True,False,10,9,4c0dde2a-0432-4cb2-ad33-987f5979ff76,0.015151515151515152,False,8.761600000070757
transfusion-retrieval-v3,sha256:5fc6a9a0d5ff5721954fad8f2855c204301e59ef0b28a91d8d9bdbaf48cb659b,4,hybrid_rrf,TF034,product_specific,True,False,10,10,4797ba3b-c3d9-4d11-be5f-86db44dbda83,0.015151515151515152,False,8.761600000070757
transfusion-retrieval-v3,sha256:5fc6a9a0d5ff5721954fad8f2855c204301e59ef0b28a91d8d9bdbaf48cb659b,4,hybrid_rrf,TF035,paraphrase,True,False,1,1,66dba192-bac5-4b3a-bd4d-77e9eacb4192,0.01639344262295082,False,12.602000002516434
transfusion-retrieval-v3,sha256:5fc6a9a0d5ff5721954fad8f2855c204301e59ef0b28a91d8d9bdbaf48cb659b,4,hybrid_rrf,TF035,paraphrase,True,False,3,1,66dba192-bac5-4b3a-bd4d-77e9eacb4192,0.01639344262295082,False,12.602000002516434
transfusion-retrieval-v3,sha256:5fc6a9a0d5ff5721954fad8f2855c204301e59ef0b28a91d8d9bdbaf48cb659b,4,hybrid_rrf,TF035,paraphrase,True,False,3,2,7c33fbb7-e931-4f6b-9520-23875ec9ee5b,0.01639344262295082,False,12.602000002516434
transfusion-retrieval-v3,sha256:5fc6a9a0d5ff5721954fad8f2855c204301e59ef0b28a91d8d9bdbaf48cb659b,4,hybrid_rrf,TF035,paraphrase,True,False,3,3,16efaa44-1554-4748-8407-48fac0bced94,0.016129032258064516,False,12.602000002516434
transfusion-retrieval-v3,sha256:5fc6a9a0d5ff5721954fad8f2855c204301e59ef0b28a91d8d9bdbaf48cb659b,4,hybrid_rrf,TF035,paraphrase,True,False,5,1,66dba192-bac5-4b3a-bd4d-77e9eacb4192,0.01639344262295082,False,12.602000002516434
transfusion-retrieval-v3,sha256:5fc6a9a0d5ff5721954fad8f2855c204301e59ef0b28a91d8d9bdbaf48cb659b,4,hybrid_rrf,TF035,paraphrase,True,False,5,2,7c33fbb7-e931-4f6b-9520-23875ec9ee5b,0.01639344262295082,False,12.602000002516434
transfusion-retrieval-v3,sha256:5fc6a9a0d5ff5721954fad8f2855c204301e59ef0b28a91d8d9bdbaf48cb659b,4,hybrid_rrf,TF035,paraphrase,True,False,5,3,16efaa44-1554-4748-8407-48fac0bced94,0.016129032258064516,False,12.602000002516434
transfusion-retrieval-v3,sha256:5fc6a9a0d5ff5721954fad8f2855c204301e59ef0b28a91d8d9bdbaf48cb659b,4,hybrid_rrf,TF035,paraphrase,True,False,5,4,b0b5bc4f-7d0b-4f56-8e37-84178d38637d,0.016129032258064516,True,12.602000002516434
transfusion-retrieval-v3,sha256:5fc6a9a0d5ff5721954fad8f2855c204301e59ef0b28a91d8d9bdbaf48cb659b,4,hybrid_rrf,TF035,paraphrase,True,False,5,5,4d18d11e-2a92-4690-8a64-46653931483e,0.015873015873015872,False,12.602000002516434
transfusion-retrieval-v3,sha256:5fc6a9a0d5ff5721954fad8f2855c204301e59ef0b28a91d8d9bdbaf48cb659b,4,hybrid_rrf,TF035,paraphrase,True,False,10,1,66dba192-bac5-4b3a-bd4d-77e9eacb4192,0.01639344262295082,False,12.602000002516434
transfusion-retrieval-v3,sha256:5fc6a9a0d5ff5721954fad8f2855c204301e59ef0b28a91d8d9bdbaf48cb659b,4,hybrid_rrf,TF035,paraphrase,True,False,10,2,7c33fbb7-e931-4f6b-9520-23875ec9ee5b,0.01639344262295082,False,12.602000002516434
transfusion-retrieval-v3,sha256:5fc6a9a0d5ff5721954fad8f2855c204301e59ef0b28a91d8d9bdbaf48cb659b,4,hybrid_rrf,TF035,paraphrase,True,False,10,3,16efaa44-1554-4748-8407-48fac0bced94,0.016129032258064516,False,12.602000002516434
transfusion-retrieval-v3,sha256:5fc6a9a0d5ff5721954fad8f2855c204301e59ef0b28a91d8d9bdbaf48cb659b,4,hybrid_rrf,TF035,paraphrase,True,False,10,4,b0b5bc4f-7d0b-4f56-8e37-84178d38637d,0.016129032258064516,True,12.602000002516434
transfusion-retrieval-v3,sha256:5fc6a9a0d5ff5721954fad8f2855c204301e59ef0b28a91d8d9bdbaf48cb659b,4,hybrid_rrf,TF035,paraphrase,True,False,10,5,4d18d11e-2a92-4690-8a64-46653931483e,0.015873015873015872,False,12.602000002516434
transfusion-retrieval-v3,sha256:5fc6a9a0d5ff5721954fad8f2855c204301e59ef0b28a91d8d9bdbaf48cb659b,4,hybrid_rrf,TF035,paraphrase,True,False,10,6,63cb7040-3526-4f6f-9f88-e295bbe5edaf,0.015873015873015872,False,12.602000002516434
transfusion-retrieval-v3,sha256:5fc6a9a0d5ff5721954fad8f2855c204301e59ef0b28a91d8d9bdbaf48cb659b,4,hybrid_rrf,TF035,paraphrase,True,False,10,7,da79aa00-567d-434c-8441-915ac080f918,0.015625,False,12.602000002516434
transfusion-retrieval-v3,sha256:5fc6a9a0d5ff5721954fad8f2855c204301e59ef0b28a91d8d9bdbaf48cb659b,4,hybrid_rrf,TF035,paraphrase,True,False,10,8,4797ba3b-c3d9-4d11-be5f-86db44dbda83,0.015625,False,12.602000002516434
transfusion-retrieval-v3,sha256:5fc6a9a0d5ff5721954fad8f2855c204301e59ef0b28a91d8d9bdbaf48cb659b,4,hybrid_rrf,TF035,paraphrase,True,False,10,9,1033ac46-dec8-493e-b577-7f5ad80f8e86,0.015384615384615385,False,12.602000002516434
transfusion-retrieval-v3,sha256:5fc6a9a0d5ff5721954fad8f2855c204301e59ef0b28a91d8d9bdbaf48cb659b,4,hybrid_rrf,TF035,paraphrase,True,False,10,10,59d57c8a-c9d7-4f8d-b9a1-a2816f1f01f7,0.015384615384615385,False,12.602000002516434
transfusion-retrieval-v3,sha256:5fc6a9a0d5ff5721954fad8f2855c204301e59ef0b28a91d8d9bdbaf48cb659b,4,hybrid_rrf,TF036,monitoring,True,False,1,1,a7cf71a5-8426-4d7c-8106-e0754e7cb4bf,0.031544957774465976,True,12.451400003556046
transfusion-retrieval-v3,sha256:5fc6a9a0d5ff5721954fad8f2855c204301e59ef0b28a91d8d9bdbaf48cb659b,4,hybrid_rrf,TF036,monitoring,True,False,3,1,a7cf71a5-8426-4d7c-8106-e0754e7cb4bf,0.031544957774465976,True,12.451400003556046
transfusion-retrieval-v3,sha256:5fc6a9a0d5ff5721954fad8f2855c204301e59ef0b28a91d8d9bdbaf48cb659b,4,hybrid_rrf,TF036,monitoring,True,False,3,2,8f3ed830-3a06-41c6-8b06-cfcf6d36a83c,0.031054405392392875,False,12.451400003556046
transfusion-retrieval-v3,sha256:5fc6a9a0d5ff5721954fad8f2855c204301e59ef0b28a91d8d9bdbaf48cb659b,4,hybrid_rrf,TF036,monitoring,True,False,3,3,7e5199d4-e5c9-40ca-a69f-ea37f52c6ce3,0.02877846790890269,False,12.451400003556046
transfusion-retrieval-v3,sha256:5fc6a9a0d5ff5721954fad8f2855c204301e59ef0b28a91d8d9bdbaf48cb659b,4,hybrid_rrf,TF036,monitoring,True,False,5,1,a7cf71a5-8426-4d7c-8106-e0754e7cb4bf,0.031544957774465976,True,12.451400003556046
transfusion-retrieval-v3,sha256:5fc6a9a0d5ff5721954fad8f2855c204301e59ef0b28a91d8d9bdbaf48cb659b,4,hybrid_rrf,TF036,monitoring,True,False,5,2,8f3ed830-3a06-41c6-8b06-cfcf6d36a83c,0.031054405392392875,False,12.451400003556046
transfusion-retrieval-v3,sha256:5fc6a9a0d5ff5721954fad8f2855c204301e59ef0b28a91d8d9bdbaf48cb659b,4,hybrid_rrf,TF036,monitoring,True,False,5,3,7e5199d4-e5c9-40ca-a69f-ea37f52c6ce3,0.02877846790890269,False,12.451400003556046
transfusion-retrieval-v3,sha256:5fc6a9a0d5ff5721954fad8f2855c204301e59ef0b28a91d8d9bdbaf48cb659b,4,hybrid_rrf,TF036,monitoring,True,False,5,4,16efaa44-1554-4748-8407-48fac0bced94,0.01639344262295082,False,12.451400003556046
transfusion-retrieval-v3,sha256:5fc6a9a0d5ff5721954fad8f2855c204301e59ef0b28a91d8d9bdbaf48cb659b,4,hybrid_rrf,TF036,monitoring,True,False,5,5,f9cfc75b-a5e7-4633-a798-4b17ea462325,0.016129032258064516,False,12.451400003556046
transfusion-retrieval-v3,sha256:5fc6a9a0d5ff5721954fad8f2855c204301e59ef0b28a91d8d9bdbaf48cb659b,4,hybrid_rrf,TF036,monitoring,True,False,10,1,a7cf71a5-8426-4d7c-8106-e0754e7cb4bf,0.031544957774465976,True,12.451400003556046
transfusion-retrieval-v3,sha256:5fc6a9a0d5ff5721954fad8f2855c204301e59ef0b28a91d8d9bdbaf48cb659b,4,hybrid_rrf,TF036,monitoring,True,False,10,2,8f3ed830-3a06-41c6-8b06-cfcf6d36a83c,0.031054405392392875,False,12.451400003556046
transfusion-retrieval-v3,sha256:5fc6a9a0d5ff5721954fad8f2855c204301e59ef0b28a91d8d9bdbaf48cb659b,4,hybrid_rrf,TF036,monitoring,True,False,10,3,7e5199d4-e5c9-40ca-a69f-ea37f52c6ce3,0.02877846790890269,False,12.451400003556046
transfusion-retrieval-v3,sha256:5fc6a9a0d5ff5721954fad8f2855c204301e59ef0b28a91d8d9bdbaf48cb659b,4,hybrid_rrf,TF036,monitoring,True,False,10,4,16efaa44-1554-4748-8407-48fac0bced94,0.01639344262295082,False,12.451400003556046
transfusion-retrieval-v3,sha256:5fc6a9a0d5ff5721954fad8f2855c204301e59ef0b28a91d8d9bdbaf48cb659b,4,hybrid_rrf,TF036,monitoring,True,False,10,5,f9cfc75b-a5e7-4633-a798-4b17ea462325,0.016129032258064516,False,12.451400003556046
transfusion-retrieval-v3,sha256:5fc6a9a0d5ff5721954fad8f2855c204301e59ef0b28a91d8d9bdbaf48cb659b,4,hybrid_rrf,TF036,monitoring,True,False,10,6,30ce28cb-f702-4cce-8105-137e2f73af0d,0.015873015873015872,False,12.451400003556046
transfusion-retrieval-v3,sha256:5fc6a9a0d5ff5721954fad8f2855c204301e59ef0b28a91d8d9bdbaf48cb659b,4,hybrid_rrf,TF036,monitoring,True,False,10,7,eda54b74-cd2f-4808-8175-bcc5b916ce90,0.015873015873015872,False,12.451400003556046
transfusion-retrieval-v3,sha256:5fc6a9a0d5ff5721954fad8f2855c204301e59ef0b28a91d8d9bdbaf48cb659b,4,hybrid_rrf,TF036,monitoring,True,False,10,8,22e6c188-2e4c-4029-b200-7770a3f00e6e,0.015625,False,12.451400003556046
transfusion-retrieval-v3,sha256:5fc6a9a0d5ff5721954fad8f2855c204301e59ef0b28a91d8d9bdbaf48cb659b,4,hybrid_rrf,TF036,monitoring,True,False,10,9,9b6cc313-9a59-4387-a5ce-2ed14389a0a7,0.015625,False,12.451400003556046
transfusion-retrieval-v3,sha256:5fc6a9a0d5ff5721954fad8f2855c204301e59ef0b28a91d8d9bdbaf48cb659b,4,hybrid_rrf,TF036,monitoring,True,False,10,10,7adacb8c-91c0-4ea7-8d82-7505eeac5042,0.015384615384615385,False,12.451400003556046
transfusion-retrieval-v3,sha256:5fc6a9a0d5ff5721954fad8f2855c204301e59ef0b28a91d8d9bdbaf48cb659b,4,hybrid_rrf,TF037,adverse_reaction,True,False,1,1,391ad5dc-0d1c-4350-85ba-5aa601d9ac0d,0.031009615384615385,False,11.688099999446422
transfusion-retrieval-v3,sha256:5fc6a9a0d5ff5721954fad8f2855c204301e59ef0b28a91d8d9bdbaf48cb659b,4,hybrid_rrf,TF037,adverse_reaction,True,False,3,1,391ad5dc-0d1c-4350-85ba-5aa601d9ac0d,0.031009615384615385,False,11.688099999446422
transfusion-retrieval-v3,sha256:5fc6a9a0d5ff5721954fad8f2855c204301e59ef0b28a91d8d9bdbaf48cb659b,4,hybrid_rrf,TF037,adverse_reaction,True,False,3,2,602c933f-0b8f-4533-87a5-f27ecd5f2af9,0.01639344262295082,False,11.688099999446422
transfusion-retrieval-v3,sha256:5fc6a9a0d5ff5721954fad8f2855c204301e59ef0b28a91d8d9bdbaf48cb659b,4,hybrid_rrf,TF037,adverse_reaction,True,False,3,3,15e829a9-a475-429d-b0e3-5c34bfbd3ab7,0.01639344262295082,True,11.688099999446422
transfusion-retrieval-v3,sha256:5fc6a9a0d5ff5721954fad8f2855c204301e59ef0b28a91d8d9bdbaf48cb659b,4,hybrid_rrf,TF037,adverse_reaction,True,False,5,1,391ad5dc-0d1c-4350-85ba-5aa601d9ac0d,0.031009615384615385,False,11.688099999446422
transfusion-retrieval-v3,sha256:5fc6a9a0d5ff5721954fad8f2855c204301e59ef0b28a91d8d9bdbaf48cb659b,4,hybrid_rrf,TF037,adverse_reaction,True,False,5,2,602c933f-0b8f-4533-87a5-f27ecd5f2af9,0.01639344262295082,False,11.688099999446422
transfusion-retrieval-v3,sha256:5fc6a9a0d5ff5721954fad8f2855c204301e59ef0b28a91d8d9bdbaf48cb659b,4,hybrid_rrf,TF037,adverse_reaction,True,False,5,3,15e829a9-a475-429d-b0e3-5c34bfbd3ab7,0.01639344262295082,True,11.688099999446422
transfusion-retrieval-v3,sha256:5fc6a9a0d5ff5721954fad8f2855c204301e59ef0b28a91d8d9bdbaf48cb659b,4,hybrid_rrf,TF037,adverse_reaction,True,False,5,4,324bc249-0e84-46e9-b77f-856c76cd5353,0.016129032258064516,False,11.688099999446422
transfusion-retrieval-v3,sha256:5fc6a9a0d5ff5721954fad8f2855c204301e59ef0b28a91d8d9bdbaf48cb659b,4,hybrid_rrf,TF037,adverse_reaction,True,False,5,5,63cb7040-3526-4f6f-9f88-e295bbe5edaf,0.016129032258064516,False,11.688099999446422
transfusion-retrieval-v3,sha256:5fc6a9a0d5ff5721954fad8f2855c204301e59ef0b28a91d8d9bdbaf48cb659b,4,hybrid_rrf,TF037,adverse_reaction,True,False,10,1,391ad5dc-0d1c-4350-85ba-5aa601d9ac0d,0.031009615384615385,False,11.688099999446422
transfusion-retrieval-v3,sha256:5fc6a9a0d5ff5721954fad8f2855c204301e59ef0b28a91d8d9bdbaf48cb659b,4,hybrid_rrf,TF037,adverse_reaction,True,False,10,2,602c933f-0b8f-4533-87a5-f27ecd5f2af9,0.01639344262295082,False,11.688099999446422
transfusion-retrieval-v3,sha256:5fc6a9a0d5ff5721954fad8f2855c204301e59ef0b28a91d8d9bdbaf48cb659b,4,hybrid_rrf,TF037,adverse_reaction,True,False,10,3,15e829a9-a475-429d-b0e3-5c34bfbd3ab7,0.01639344262295082,True,11.688099999446422
transfusion-retrieval-v3,sha256:5fc6a9a0d5ff5721954fad8f2855c204301e59ef0b28a91d8d9bdbaf48cb659b,4,hybrid_rrf,TF037,adverse_reaction,True,False,10,4,324bc249-0e84-46e9-b77f-856c76cd5353,0.016129032258064516,False,11.688099999446422
transfusion-retrieval-v3,sha256:5fc6a9a0d5ff5721954fad8f2855c204301e59ef0b28a91d8d9bdbaf48cb659b,4,hybrid_rrf,TF037,adverse_reaction,True,False,10,5,63cb7040-3526-4f6f-9f88-e295bbe5edaf,0.016129032258064516,False,11.688099999446422
transfusion-retrieval-v3,sha256:5fc6a9a0d5ff5721954fad8f2855c204301e59ef0b28a91d8d9bdbaf48cb659b,4,hybrid_rrf,TF037,adverse_reaction,True,False,10,6,16efaa44-1554-4748-8407-48fac0bced94,0.015873015873015872,False,11.688099999446422
transfusion-retrieval-v3,sha256:5fc6a9a0d5ff5721954fad8f2855c204301e59ef0b28a91d8d9bdbaf48cb659b,4,hybrid_rrf,TF037,adverse_reaction,True,False,10,7,8939253d-3272-4915-8c2b-c60062aeb818,0.015873015873015872,True,11.688099999446422
transfusion-retrieval-v3,sha256:5fc6a9a0d5ff5721954fad8f2855c204301e59ef0b28a91d8d9bdbaf48cb659b,4,hybrid_rrf,TF037,adverse_reaction,True,False,10,8,7abe62fa-6fdb-4466-a16b-73e1770f0c57,0.015625,False,11.688099999446422
transfusion-retrieval-v3,sha256:5fc6a9a0d5ff5721954fad8f2855c204301e59ef0b28a91d8d9bdbaf48cb659b,4,hybrid_rrf,TF037,adverse_reaction,True,False,10,9,761b9529-5b18-4262-8174-6062c35fb31c,0.015384615384615385,False,11.688099999446422
transfusion-retrieval-v3,sha256:5fc6a9a0d5ff5721954fad8f2855c204301e59ef0b28a91d8d9bdbaf48cb659b,4,hybrid_rrf,TF037,adverse_reaction,True,False,10,10,843aa4c8-3ffd-4747-97eb-8699b0a0eeaf,0.015151515151515152,False,11.688099999446422
transfusion-retrieval-v3,sha256:5fc6a9a0d5ff5721954fad8f2855c204301e59ef0b28a91d8d9bdbaf48cb659b,4,hybrid_rrf,TF038,adverse_reaction,True,False,1,1,391ad5dc-0d1c-4350-85ba-5aa601d9ac0d,0.0315136476426799,False,10.782600002130494
transfusion-retrieval-v3,sha256:5fc6a9a0d5ff5721954fad8f2855c204301e59ef0b28a91d8d9bdbaf48cb659b,4,hybrid_rrf,TF038,adverse_reaction,True,False,3,1,391ad5dc-0d1c-4350-85ba-5aa601d9ac0d,0.0315136476426799,False,10.782600002130494
transfusion-retrieval-v3,sha256:5fc6a9a0d5ff5721954fad8f2855c204301e59ef0b28a91d8d9bdbaf48cb659b,4,hybrid_rrf,TF038,adverse_reaction,True,False,3,2,8939253d-3272-4915-8c2b-c60062aeb818,0.0304147465437788,True,10.782600002130494
transfusion-retrieval-v3,sha256:5fc6a9a0d5ff5721954fad8f2855c204301e59ef0b28a91d8d9bdbaf48cb659b,4,hybrid_rrf,TF038,adverse_reaction,True,False,3,3,324bc249-0e84-46e9-b77f-856c76cd5353,0.01639344262295082,False,10.782600002130494
transfusion-retrieval-v3,sha256:5fc6a9a0d5ff5721954fad8f2855c204301e59ef0b28a91d8d9bdbaf48cb659b,4,hybrid_rrf,TF038,adverse_reaction,True,False,5,1,391ad5dc-0d1c-4350-85ba-5aa601d9ac0d,0.0315136476426799,False,10.782600002130494
transfusion-retrieval-v3,sha256:5fc6a9a0d5ff5721954fad8f2855c204301e59ef0b28a91d8d9bdbaf48cb659b,4,hybrid_rrf,TF038,adverse_reaction,True,False,5,2,8939253d-3272-4915-8c2b-c60062aeb818,0.0304147465437788,True,10.782600002130494
transfusion-retrieval-v3,sha256:5fc6a9a0d5ff5721954fad8f2855c204301e59ef0b28a91d8d9bdbaf48cb659b,4,hybrid_rrf,TF038,adverse_reaction,True,False,5,3,324bc249-0e84-46e9-b77f-856c76cd5353,0.01639344262295082,False,10.782600002130494
transfusion-retrieval-v3,sha256:5fc6a9a0d5ff5721954fad8f2855c204301e59ef0b28a91d8d9bdbaf48cb659b,4,hybrid_rrf,TF038,adverse_reaction,True,False,5,4,602c933f-0b8f-4533-87a5-f27ecd5f2af9,0.01639344262295082,False,10.782600002130494
transfusion-retrieval-v3,sha256:5fc6a9a0d5ff5721954fad8f2855c204301e59ef0b28a91d8d9bdbaf48cb659b,4,hybrid_rrf,TF038,adverse_reaction,True,False,5,5,843aa4c8-3ffd-4747-97eb-8699b0a0eeaf,0.015873015873015872,False,10.782600002130494
transfusion-retrieval-v3,sha256:5fc6a9a0d5ff5721954fad8f2855c204301e59ef0b28a91d8d9bdbaf48cb659b,4,hybrid_rrf,TF038,adverse_reaction,True,False,10,1,391ad5dc-0d1c-4350-85ba-5aa601d9ac0d,0.0315136476426799,False,10.782600002130494
transfusion-retrieval-v3,sha256:5fc6a9a0d5ff5721954fad8f2855c204301e59ef0b28a91d8d9bdbaf48cb659b,4,hybrid_rrf,TF038,adverse_reaction,True,False,10,2,8939253d-3272-4915-8c2b-c60062aeb818,0.0304147465437788,True,10.782600002130494
transfusion-retrieval-v3,sha256:5fc6a9a0d5ff5721954fad8f2855c204301e59ef0b28a91d8d9bdbaf48cb659b,4,hybrid_rrf,TF038,adverse_reaction,True,False,10,3,324bc249-0e84-46e9-b77f-856c76cd5353,0.01639344262295082,False,10.782600002130494
transfusion-retrieval-v3,sha256:5fc6a9a0d5ff5721954fad8f2855c204301e59ef0b28a91d8d9bdbaf48cb659b,4,hybrid_rrf,TF038,adverse_reaction,True,False,10,4,602c933f-0b8f-4533-87a5-f27ecd5f2af9,0.01639344262295082,False,10.782600002130494
transfusion-retrieval-v3,sha256:5fc6a9a0d5ff5721954fad8f2855c204301e59ef0b28a91d8d9bdbaf48cb659b,4,hybrid_rrf,TF038,adverse_reaction,True,False,10,5,843aa4c8-3ffd-4747-97eb-8699b0a0eeaf,0.015873015873015872,False,10.782600002130494
transfusion-retrieval-v3,sha256:5fc6a9a0d5ff5721954fad8f2855c204301e59ef0b28a91d8d9bdbaf48cb659b,4,hybrid_rrf,TF038,adverse_reaction,True,False,10,6,15e829a9-a475-429d-b0e3-5c34bfbd3ab7,0.015873015873015872,False,10.782600002130494
transfusion-retrieval-v3,sha256:5fc6a9a0d5ff5721954fad8f2855c204301e59ef0b28a91d8d9bdbaf48cb659b,4,hybrid_rrf,TF038,adverse_reaction,True,False,10,7,7abe62fa-6fdb-4466-a16b-73e1770f0c57,0.015625,True,10.782600002130494
transfusion-retrieval-v3,sha256:5fc6a9a0d5ff5721954fad8f2855c204301e59ef0b28a91d8d9bdbaf48cb659b,4,hybrid_rrf,TF038,adverse_reaction,True,False,10,8,4797ba3b-c3d9-4d11-be5f-86db44dbda83,0.015625,False,10.782600002130494
transfusion-retrieval-v3,sha256:5fc6a9a0d5ff5721954fad8f2855c204301e59ef0b28a91d8d9bdbaf48cb659b,4,hybrid_rrf,TF038,adverse_reaction,True,False,10,9,ee8c2027-ad6d-4bb7-8077-5e4c42be1cc3,0.015384615384615385,False,10.782600002130494
transfusion-retrieval-v3,sha256:5fc6a9a0d5ff5721954fad8f2855c204301e59ef0b28a91d8d9bdbaf48cb659b,4,hybrid_rrf,TF038,adverse_reaction,True,False,10,10,edd76252-eb29-4acf-9a31-735463528b7d,0.015151515151515152,False,10.782600002130494
transfusion-retrieval-v3,sha256:5fc6a9a0d5ff5721954fad8f2855c204301e59ef0b28a91d8d9bdbaf48cb659b,4,hybrid_rrf,TF039,adverse_reaction,True,False,1,1,7abe62fa-6fdb-4466-a16b-73e1770f0c57,0.03252247488101534,True,10.944500001642155
transfusion-retrieval-v3,sha256:5fc6a9a0d5ff5721954fad8f2855c204301e59ef0b28a91d8d9bdbaf48cb659b,4,hybrid_rrf,TF039,adverse_reaction,True,False,3,1,7abe62fa-6fdb-4466-a16b-73e1770f0c57,0.03252247488101534,True,10.944500001642155
transfusion-retrieval-v3,sha256:5fc6a9a0d5ff5721954fad8f2855c204301e59ef0b28a91d8d9bdbaf48cb659b,4,hybrid_rrf,TF039,adverse_reaction,True,False,3,2,2e55093d-0a0f-4fd9-954b-4fc72df9eac0,0.03200204813108039,True,10.944500001642155
transfusion-retrieval-v3,sha256:5fc6a9a0d5ff5721954fad8f2855c204301e59ef0b28a91d8d9bdbaf48cb659b,4,hybrid_rrf,TF039,adverse_reaction,True,False,3,3,391ad5dc-0d1c-4350-85ba-5aa601d9ac0d,0.030776515151515152,False,10.944500001642155
transfusion-retrieval-v3,sha256:5fc6a9a0d5ff5721954fad8f2855c204301e59ef0b28a91d8d9bdbaf48cb659b,4,hybrid_rrf,TF039,adverse_reaction,True,False,5,1,7abe62fa-6fdb-4466-a16b-73e1770f0c57,0.03252247488101534,True,10.944500001642155
transfusion-retrieval-v3,sha256:5fc6a9a0d5ff5721954fad8f2855c204301e59ef0b28a91d8d9bdbaf48cb659b,4,hybrid_rrf,TF039,adverse_reaction,True,False,5,2,2e55093d-0a0f-4fd9-954b-4fc72df9eac0,0.03200204813108039,True,10.944500001642155
transfusion-retrieval-v3,sha256:5fc6a9a0d5ff5721954fad8f2855c204301e59ef0b28a91d8d9bdbaf48cb659b,4,hybrid_rrf,TF039,adverse_reaction,True,False,5,3,391ad5dc-0d1c-4350-85ba-5aa601d9ac0d,0.030776515151515152,False,10.944500001642155
transfusion-retrieval-v3,sha256:5fc6a9a0d5ff5721954fad8f2855c204301e59ef0b28a91d8d9bdbaf48cb659b,4,hybrid_rrf,TF039,adverse_reaction,True,False,5,4,324bc249-0e84-46e9-b77f-856c76cd5353,0.01639344262295082,False,10.944500001642155
transfusion-retrieval-v3,sha256:5fc6a9a0d5ff5721954fad8f2855c204301e59ef0b28a91d8d9bdbaf48cb659b,4,hybrid_rrf,TF039,adverse_reaction,True,False,5,5,63cb7040-3526-4f6f-9f88-e295bbe5edaf,0.015873015873015872,False,10.944500001642155
transfusion-retrieval-v3,sha256:5fc6a9a0d5ff5721954fad8f2855c204301e59ef0b28a91d8d9bdbaf48cb659b,4,hybrid_rrf,TF039,adverse_reaction,True,False,10,1,7abe62fa-6fdb-4466-a16b-73e1770f0c57,0.03252247488101534,True,10.944500001642155
transfusion-retrieval-v3,sha256:5fc6a9a0d5ff5721954fad8f2855c204301e59ef0b28a91d8d9bdbaf48cb659b,4,hybrid_rrf,TF039,adverse_reaction,True,False,10,2,2e55093d-0a0f-4fd9-954b-4fc72df9eac0,0.03200204813108039,True,10.944500001642155
transfusion-retrieval-v3,sha256:5fc6a9a0d5ff5721954fad8f2855c204301e59ef0b28a91d8d9bdbaf48cb659b,4,hybrid_rrf,TF039,adverse_reaction,True,False,10,3,391ad5dc-0d1c-4350-85ba-5aa601d9ac0d,0.030776515151515152,False,10.944500001642155
transfusion-retrieval-v3,sha256:5fc6a9a0d5ff5721954fad8f2855c204301e59ef0b28a91d8d9bdbaf48cb659b,4,hybrid_rrf,TF039,adverse_reaction,True,False,10,4,324bc249-0e84-46e9-b77f-856c76cd5353,0.01639344262295082,False,10.944500001642155
transfusion-retrieval-v3,sha256:5fc6a9a0d5ff5721954fad8f2855c204301e59ef0b28a91d8d9bdbaf48cb659b,4,hybrid_rrf,TF039,adverse_reaction,True,False,10,5,63cb7040-3526-4f6f-9f88-e295bbe5edaf,0.015873015873015872,False,10.944500001642155
transfusion-retrieval-v3,sha256:5fc6a9a0d5ff5721954fad8f2855c204301e59ef0b28a91d8d9bdbaf48cb659b,4,hybrid_rrf,TF039,adverse_reaction,True,False,10,6,602c933f-0b8f-4533-87a5-f27ecd5f2af9,0.015625,False,10.944500001642155
transfusion-retrieval-v3,sha256:5fc6a9a0d5ff5721954fad8f2855c204301e59ef0b28a91d8d9bdbaf48cb659b,4,hybrid_rrf,TF039,adverse_reaction,True,False,10,7,da79aa00-567d-434c-8441-915ac080f918,0.015384615384615385,False,10.944500001642155
transfusion-retrieval-v3,sha256:5fc6a9a0d5ff5721954fad8f2855c204301e59ef0b28a91d8d9bdbaf48cb659b,4,hybrid_rrf,TF039,adverse_reaction,True,False,10,8,16efaa44-1554-4748-8407-48fac0bced94,0.015384615384615385,False,10.944500001642155
transfusion-retrieval-v3,sha256:5fc6a9a0d5ff5721954fad8f2855c204301e59ef0b28a91d8d9bdbaf48cb659b,4,hybrid_rrf,TF039,adverse_reaction,True,False,10,9,15e829a9-a475-429d-b0e3-5c34bfbd3ab7,0.015151515151515152,False,10.944500001642155
transfusion-retrieval-v3,sha256:5fc6a9a0d5ff5721954fad8f2855c204301e59ef0b28a91d8d9bdbaf48cb659b,4,hybrid_rrf,TF039,adverse_reaction,True,False,10,10,d4c1a9ca-23c5-4ae0-9a51-c56675b2e6d1,0.014925373134328358,False,10.944500001642155
transfusion-retrieval-v3,sha256:5fc6a9a0d5ff5721954fad8f2855c204301e59ef0b28a91d8d9bdbaf48cb659b,4,hybrid_rrf,TF040,adverse_reaction,True,False,1,1,391ad5dc-0d1c-4350-85ba-5aa601d9ac0d,0.031024531024531024,False,10.922900000878144
transfusion-retrieval-v3,sha256:5fc6a9a0d5ff5721954fad8f2855c204301e59ef0b28a91d8d9bdbaf48cb659b,4,hybrid_rrf,TF040,adverse_reaction,True,False,3,1,391ad5dc-0d1c-4350-85ba-5aa601d9ac0d,0.031024531024531024,False,10.922900000878144
transfusion-retrieval-v3,sha256:5fc6a9a0d5ff5721954fad8f2855c204301e59ef0b28a91d8d9bdbaf48cb659b,4,hybrid_rrf,TF040,adverse_reaction,True,False,3,2,16efaa44-1554-4748-8407-48fac0bced94,0.029211087420042643,False,10.922900000878144
transfusion-retrieval-v3,sha256:5fc6a9a0d5ff5721954fad8f2855c204301e59ef0b28a91d8d9bdbaf48cb659b,4,hybrid_rrf,TF040,adverse_reaction,True,False,3,3,602c933f-0b8f-4533-87a5-f27ecd5f2af9,0.01639344262295082,False,10.922900000878144
transfusion-retrieval-v3,sha256:5fc6a9a0d5ff5721954fad8f2855c204301e59ef0b28a91d8d9bdbaf48cb659b,4,hybrid_rrf,TF040,adverse_reaction,True,False,5,1,391ad5dc-0d1c-4350-85ba-5aa601d9ac0d,0.031024531024531024,False,10.922900000878144
transfusion-retrieval-v3,sha256:5fc6a9a0d5ff5721954fad8f2855c204301e59ef0b28a91d8d9bdbaf48cb659b,4,hybrid_rrf,TF040,adverse_reaction,True,False,5,2,16efaa44-1554-4748-8407-48fac0bced94,0.029211087420042643,False,10.922900000878144
transfusion-retrieval-v3,sha256:5fc6a9a0d5ff5721954fad8f2855c204301e59ef0b28a91d8d9bdbaf48cb659b,4,hybrid_rrf,TF040,adverse_reaction,True,False,5,3,602c933f-0b8f-4533-87a5-f27ecd5f2af9,0.01639344262295082,False,10.922900000878144
transfusion-retrieval-v3,sha256:5fc6a9a0d5ff5721954fad8f2855c204301e59ef0b28a91d8d9bdbaf48cb659b,4,hybrid_rrf,TF040,adverse_reaction,True,False,5,4,f4580736-a09e-471f-93d2-8089c695eb67,0.01639344262295082,True,10.922900000878144
transfusion-retrieval-v3,sha256:5fc6a9a0d5ff5721954fad8f2855c204301e59ef0b28a91d8d9bdbaf48cb659b,4,hybrid_rrf,TF040,adverse_reaction,True,False,5,5,843aa4c8-3ffd-4747-97eb-8699b0a0eeaf,0.016129032258064516,False,10.922900000878144
transfusion-retrieval-v3,sha256:5fc6a9a0d5ff5721954fad8f2855c204301e59ef0b28a91d8d9bdbaf48cb659b,4,hybrid_rrf,TF040,adverse_reaction,True,False,10,1,391ad5dc-0d1c-4350-85ba-5aa601d9ac0d,0.031024531024531024,False,10.922900000878144
transfusion-retrieval-v3,sha256:5fc6a9a0d5ff5721954fad8f2855c204301e59ef0b28a91d8d9bdbaf48cb659b,4,hybrid_rrf,TF040,adverse_reaction,True,False,10,2,16efaa44-1554-4748-8407-48fac0bced94,0.029211087420042643,False,10.922900000878144
transfusion-retrieval-v3,sha256:5fc6a9a0d5ff5721954fad8f2855c204301e59ef0b28a91d8d9bdbaf48cb659b,4,hybrid_rrf,TF040,adverse_reaction,True,False,10,3,602c933f-0b8f-4533-87a5-f27ecd5f2af9,0.01639344262295082,False,10.922900000878144
transfusion-retrieval-v3,sha256:5fc6a9a0d5ff5721954fad8f2855c204301e59ef0b28a91d8d9bdbaf48cb659b,4,hybrid_rrf,TF040,adverse_reaction,True,False,10,4,f4580736-a09e-471f-93d2-8089c695eb67,0.01639344262295082,True,10.922900000878144
transfusion-retrieval-v3,sha256:5fc6a9a0d5ff5721954fad8f2855c204301e59ef0b28a91d8d9bdbaf48cb659b,4,hybrid_rrf,TF040,adverse_reaction,True,False,10,5,843aa4c8-3ffd-4747-97eb-8699b0a0eeaf,0.016129032258064516,False,10.922900000878144
transfusion-retrieval-v3,sha256:5fc6a9a0d5ff5721954fad8f2855c204301e59ef0b28a91d8d9bdbaf48cb659b,4,hybrid_rrf,TF040,adverse_reaction,True,False,10,6,2e55093d-0a0f-4fd9-954b-4fc72df9eac0,0.016129032258064516,True,10.922900000878144
transfusion-retrieval-v3,sha256:5fc6a9a0d5ff5721954fad8f2855c204301e59ef0b28a91d8d9bdbaf48cb659b,4,hybrid_rrf,TF040,adverse_reaction,True,False,10,7,66dba192-bac5-4b3a-bd4d-77e9eacb4192,0.015873015873015872,False,10.922900000878144
transfusion-retrieval-v3,sha256:5fc6a9a0d5ff5721954fad8f2855c204301e59ef0b28a91d8d9bdbaf48cb659b,4,hybrid_rrf,TF040,adverse_reaction,True,False,10,8,ee8c2027-ad6d-4bb7-8077-5e4c42be1cc3,0.015625,False,10.922900000878144
transfusion-retrieval-v3,sha256:5fc6a9a0d5ff5721954fad8f2855c204301e59ef0b28a91d8d9bdbaf48cb659b,4,hybrid_rrf,TF040,adverse_reaction,True,False,10,9,b0d368a1-d0fc-4b8b-8567-e190cf462986,0.015625,False,10.922900000878144
transfusion-retrieval-v3,sha256:5fc6a9a0d5ff5721954fad8f2855c204301e59ef0b28a91d8d9bdbaf48cb659b,4,hybrid_rrf,TF040,adverse_reaction,True,False,10,10,edd76252-eb29-4acf-9a31-735463528b7d,0.015384615384615385,False,10.922900000878144
transfusion-retrieval-v3,sha256:5fc6a9a0d5ff5721954fad8f2855c204301e59ef0b28a91d8d9bdbaf48cb659b,4,hybrid_rrf,TF041,adverse_reaction,True,False,1,1,5e7838ae-0b80-4d05-b266-deb52de7b401,0.01639344262295082,True,11.76090000444674
transfusion-retrieval-v3,sha256:5fc6a9a0d5ff5721954fad8f2855c204301e59ef0b28a91d8d9bdbaf48cb659b,4,hybrid_rrf,TF041,adverse_reaction,True,False,3,1,5e7838ae-0b80-4d05-b266-deb52de7b401,0.01639344262295082,True,11.76090000444674
transfusion-retrieval-v3,sha256:5fc6a9a0d5ff5721954fad8f2855c204301e59ef0b28a91d8d9bdbaf48cb659b,4,hybrid_rrf,TF041,adverse_reaction,True,False,3,2,63cb7040-3526-4f6f-9f88-e295bbe5edaf,0.01639344262295082,False,11.76090000444674
transfusion-retrieval-v3,sha256:5fc6a9a0d5ff5721954fad8f2855c204301e59ef0b28a91d8d9bdbaf48cb659b,4,hybrid_rrf,TF041,adverse_reaction,True,False,3,3,16efaa44-1554-4748-8407-48fac0bced94,0.016129032258064516,False,11.76090000444674
transfusion-retrieval-v3,sha256:5fc6a9a0d5ff5721954fad8f2855c204301e59ef0b28a91d8d9bdbaf48cb659b,4,hybrid_rrf,TF041,adverse_reaction,True,False,5,1,5e7838ae-0b80-4d05-b266-deb52de7b401,0.01639344262295082,True,11.76090000444674
transfusion-retrieval-v3,sha256:5fc6a9a0d5ff5721954fad8f2855c204301e59ef0b28a91d8d9bdbaf48cb659b,4,hybrid_rrf,TF041,adverse_reaction,True,False,5,2,63cb7040-3526-4f6f-9f88-e295bbe5edaf,0.01639344262295082,False,11.76090000444674
transfusion-retrieval-v3,sha256:5fc6a9a0d5ff5721954fad8f2855c204301e59ef0b28a91d8d9bdbaf48cb659b,4,hybrid_rrf,TF041,adverse_reaction,True,False,5,3,16efaa44-1554-4748-8407-48fac0bced94,0.016129032258064516,False,11.76090000444674
transfusion-retrieval-v3,sha256:5fc6a9a0d5ff5721954fad8f2855c204301e59ef0b28a91d8d9bdbaf48cb659b,4,hybrid_rrf,TF041,adverse_reaction,True,False,5,4,7abe62fa-6fdb-4466-a16b-73e1770f0c57,0.016129032258064516,False,11.76090000444674
transfusion-retrieval-v3,sha256:5fc6a9a0d5ff5721954fad8f2855c204301e59ef0b28a91d8d9bdbaf48cb659b,4,hybrid_rrf,TF041,adverse_reaction,True,False,5,5,602c933f-0b8f-4533-87a5-f27ecd5f2af9,0.015873015873015872,False,11.76090000444674
transfusion-retrieval-v3,sha256:5fc6a9a0d5ff5721954fad8f2855c204301e59ef0b28a91d8d9bdbaf48cb659b,4,hybrid_rrf,TF041,adverse_reaction,True,False,10,1,5e7838ae-0b80-4d05-b266-deb52de7b401,0.01639344262295082,True,11.76090000444674
transfusion-retrieval-v3,sha256:5fc6a9a0d5ff5721954fad8f2855c204301e59ef0b28a91d8d9bdbaf48cb659b,4,hybrid_rrf,TF041,adverse_reaction,True,False,10,2,63cb7040-3526-4f6f-9f88-e295bbe5edaf,0.01639344262295082,False,11.76090000444674
transfusion-retrieval-v3,sha256:5fc6a9a0d5ff5721954fad8f2855c204301e59ef0b28a91d8d9bdbaf48cb659b,4,hybrid_rrf,TF041,adverse_reaction,True,False,10,3,16efaa44-1554-4748-8407-48fac0bced94,0.016129032258064516,False,11.76090000444674
transfusion-retrieval-v3,sha256:5fc6a9a0d5ff5721954fad8f2855c204301e59ef0b28a91d8d9bdbaf48cb659b,4,hybrid_rrf,TF041,adverse_reaction,True,False,10,4,7abe62fa-6fdb-4466-a16b-73e1770f0c57,0.016129032258064516,False,11.76090000444674
transfusion-retrieval-v3,sha256:5fc6a9a0d5ff5721954fad8f2855c204301e59ef0b28a91d8d9bdbaf48cb659b,4,hybrid_rrf,TF041,adverse_reaction,True,False,10,5,602c933f-0b8f-4533-87a5-f27ecd5f2af9,0.015873015873015872,False,11.76090000444674
transfusion-retrieval-v3,sha256:5fc6a9a0d5ff5721954fad8f2855c204301e59ef0b28a91d8d9bdbaf48cb659b,4,hybrid_rrf,TF041,adverse_reaction,True,False,10,6,f4580736-a09e-471f-93d2-8089c695eb67,0.015873015873015872,True,11.76090000444674
transfusion-retrieval-v3,sha256:5fc6a9a0d5ff5721954fad8f2855c204301e59ef0b28a91d8d9bdbaf48cb659b,4,hybrid_rrf,TF041,adverse_reaction,True,False,10,7,761b9529-5b18-4262-8174-6062c35fb31c,0.015625,False,11.76090000444674
transfusion-retrieval-v3,sha256:5fc6a9a0d5ff5721954fad8f2855c204301e59ef0b28a91d8d9bdbaf48cb659b,4,hybrid_rrf,TF041,adverse_reaction,True,False,10,8,324bc249-0e84-46e9-b77f-856c76cd5353,0.015625,False,11.76090000444674
transfusion-retrieval-v3,sha256:5fc6a9a0d5ff5721954fad8f2855c204301e59ef0b28a91d8d9bdbaf48cb659b,4,hybrid_rrf,TF041,adverse_reaction,True,False,10,9,eeb8db46-f757-41f1-9ca5-c022f3d4ea3e,0.015384615384615385,False,11.76090000444674
transfusion-retrieval-v3,sha256:5fc6a9a0d5ff5721954fad8f2855c204301e59ef0b28a91d8d9bdbaf48cb659b,4,hybrid_rrf,TF041,adverse_reaction,True,False,10,10,391ad5dc-0d1c-4350-85ba-5aa601d9ac0d,0.015384615384615385,False,11.76090000444674
transfusion-retrieval-v3,sha256:5fc6a9a0d5ff5721954fad8f2855c204301e59ef0b28a91d8d9bdbaf48cb659b,4,hybrid_rrf,TF042,procedure,True,False,1,1,fbf62ef9-25b7-437c-98d8-c4934fba0fe6,0.01639344262295082,False,11.194199996680254
transfusion-retrieval-v3,sha256:5fc6a9a0d5ff5721954fad8f2855c204301e59ef0b28a91d8d9bdbaf48cb659b,4,hybrid_rrf,TF042,procedure,True,False,3,1,fbf62ef9-25b7-437c-98d8-c4934fba0fe6,0.01639344262295082,False,11.194199996680254
transfusion-retrieval-v3,sha256:5fc6a9a0d5ff5721954fad8f2855c204301e59ef0b28a91d8d9bdbaf48cb659b,4,hybrid_rrf,TF042,procedure,True,False,3,2,63cb7040-3526-4f6f-9f88-e295bbe5edaf,0.01639344262295082,False,11.194199996680254
transfusion-retrieval-v3,sha256:5fc6a9a0d5ff5721954fad8f2855c204301e59ef0b28a91d8d9bdbaf48cb659b,4,hybrid_rrf,TF042,procedure,True,False,3,3,9552a4ac-31b4-43a8-aa92-37bd3e89362a,0.016129032258064516,False,11.194199996680254
transfusion-retrieval-v3,sha256:5fc6a9a0d5ff5721954fad8f2855c204301e59ef0b28a91d8d9bdbaf48cb659b,4,hybrid_rrf,TF042,procedure,True,False,5,1,fbf62ef9-25b7-437c-98d8-c4934fba0fe6,0.01639344262295082,False,11.194199996680254
transfusion-retrieval-v3,sha256:5fc6a9a0d5ff5721954fad8f2855c204301e59ef0b28a91d8d9bdbaf48cb659b,4,hybrid_rrf,TF042,procedure,True,False,5,2,63cb7040-3526-4f6f-9f88-e295bbe5edaf,0.01639344262295082,False,11.194199996680254
transfusion-retrieval-v3,sha256:5fc6a9a0d5ff5721954fad8f2855c204301e59ef0b28a91d8d9bdbaf48cb659b,4,hybrid_rrf,TF042,procedure,True,False,5,3,9552a4ac-31b4-43a8-aa92-37bd3e89362a,0.016129032258064516,False,11.194199996680254
transfusion-retrieval-v3,sha256:5fc6a9a0d5ff5721954fad8f2855c204301e59ef0b28a91d8d9bdbaf48cb659b,4,hybrid_rrf,TF042,procedure,True,False,5,4,16efaa44-1554-4748-8407-48fac0bced94,0.016129032258064516,False,11.194199996680254
transfusion-retrieval-v3,sha256:5fc6a9a0d5ff5721954fad8f2855c204301e59ef0b28a91d8d9bdbaf48cb659b,4,hybrid_rrf,TF042,procedure,True,False,5,5,2cea4ea7-7aaf-4c54-ac4e-b660de52065d,0.015873015873015872,False,11.194199996680254
transfusion-retrieval-v3,sha256:5fc6a9a0d5ff5721954fad8f2855c204301e59ef0b28a91d8d9bdbaf48cb659b,4,hybrid_rrf,TF042,procedure,True,False,10,1,fbf62ef9-25b7-437c-98d8-c4934fba0fe6,0.01639344262295082,False,11.194199996680254
transfusion-retrieval-v3,sha256:5fc6a9a0d5ff5721954fad8f2855c204301e59ef0b28a91d8d9bdbaf48cb659b,4,hybrid_rrf,TF042,procedure,True,False,10,2,63cb7040-3526-4f6f-9f88-e295bbe5edaf,0.01639344262295082,False,11.194199996680254
transfusion-retrieval-v3,sha256:5fc6a9a0d5ff5721954fad8f2855c204301e59ef0b28a91d8d9bdbaf48cb659b,4,hybrid_rrf,TF042,procedure,True,False,10,3,9552a4ac-31b4-43a8-aa92-37bd3e89362a,0.016129032258064516,False,11.194199996680254
transfusion-retrieval-v3,sha256:5fc6a9a0d5ff5721954fad8f2855c204301e59ef0b28a91d8d9bdbaf48cb659b,4,hybrid_rrf,TF042,procedure,True,False,10,4,16efaa44-1554-4748-8407-48fac0bced94,0.016129032258064516,False,11.194199996680254
transfusion-retrieval-v3,sha256:5fc6a9a0d5ff5721954fad8f2855c204301e59ef0b28a91d8d9bdbaf48cb659b,4,hybrid_rrf,TF042,procedure,True,False,10,5,2cea4ea7-7aaf-4c54-ac4e-b660de52065d,0.015873015873015872,False,11.194199996680254
transfusion-retrieval-v3,sha256:5fc6a9a0d5ff5721954fad8f2855c204301e59ef0b28a91d8d9bdbaf48cb659b,4,hybrid_rrf,TF042,procedure,True,False,10,6,4797ba3b-c3d9-4d11-be5f-86db44dbda83,0.015873015873015872,False,11.194199996680254
transfusion-retrieval-v3,sha256:5fc6a9a0d5ff5721954fad8f2855c204301e59ef0b28a91d8d9bdbaf48cb659b,4,hybrid_rrf,TF042,procedure,True,False,10,7,eeb8db46-f757-41f1-9ca5-c022f3d4ea3e,0.015625,False,11.194199996680254
transfusion-retrieval-v3,sha256:5fc6a9a0d5ff5721954fad8f2855c204301e59ef0b28a91d8d9bdbaf48cb659b,4,hybrid_rrf,TF042,procedure,True,False,10,8,dfb2693a-e821-4d6e-bbcc-0dbf3dc2a2ae,0.015625,True,11.194199996680254
transfusion-retrieval-v3,sha256:5fc6a9a0d5ff5721954fad8f2855c204301e59ef0b28a91d8d9bdbaf48cb659b,4,hybrid_rrf,TF042,procedure,True,False,10,9,17e22a4e-78d9-4607-b75b-151e52cc4d20,0.015384615384615385,False,11.194199996680254
transfusion-retrieval-v3,sha256:5fc6a9a0d5ff5721954fad8f2855c204301e59ef0b28a91d8d9bdbaf48cb659b,4,hybrid_rrf,TF042,procedure,True,False,10,10,84c0a864-176f-4776-a15e-167fc2518e5d,0.015384615384615385,False,11.194199996680254
transfusion-retrieval-v3,sha256:5fc6a9a0d5ff5721954fad8f2855c204301e59ef0b28a91d8d9bdbaf48cb659b,4,hybrid_rrf,TF043,procedure,True,False,1,1,9552a4ac-31b4-43a8-aa92-37bd3e89362a,0.01639344262295082,False,11.41069999721367
transfusion-retrieval-v3,sha256:5fc6a9a0d5ff5721954fad8f2855c204301e59ef0b28a91d8d9bdbaf48cb659b,4,hybrid_rrf,TF043,procedure,True,False,3,1,9552a4ac-31b4-43a8-aa92-37bd3e89362a,0.01639344262295082,False,11.41069999721367
transfusion-retrieval-v3,sha256:5fc6a9a0d5ff5721954fad8f2855c204301e59ef0b28a91d8d9bdbaf48cb659b,4,hybrid_rrf,TF043,procedure,True,False,3,2,63cb7040-3526-4f6f-9f88-e295bbe5edaf,0.01639344262295082,False,11.41069999721367
transfusion-retrieval-v3,sha256:5fc6a9a0d5ff5721954fad8f2855c204301e59ef0b28a91d8d9bdbaf48cb659b,4,hybrid_rrf,TF043,procedure,True,False,3,3,84c0a864-176f-4776-a15e-167fc2518e5d,0.016129032258064516,False,11.41069999721367
transfusion-retrieval-v3,sha256:5fc6a9a0d5ff5721954fad8f2855c204301e59ef0b28a91d8d9bdbaf48cb659b,4,hybrid_rrf,TF043,procedure,True,False,5,1,9552a4ac-31b4-43a8-aa92-37bd3e89362a,0.01639344262295082,False,11.41069999721367
transfusion-retrieval-v3,sha256:5fc6a9a0d5ff5721954fad8f2855c204301e59ef0b28a91d8d9bdbaf48cb659b,4,hybrid_rrf,TF043,procedure,True,False,5,2,63cb7040-3526-4f6f-9f88-e295bbe5edaf,0.01639344262295082,False,11.41069999721367
transfusion-retrieval-v3,sha256:5fc6a9a0d5ff5721954fad8f2855c204301e59ef0b28a91d8d9bdbaf48cb659b,4,hybrid_rrf,TF043,procedure,True,False,5,3,84c0a864-176f-4776-a15e-167fc2518e5d,0.016129032258064516,False,11.41069999721367
transfusion-retrieval-v3,sha256:5fc6a9a0d5ff5721954fad8f2855c204301e59ef0b28a91d8d9bdbaf48cb659b,4,hybrid_rrf,TF043,procedure,True,False,5,4,16efaa44-1554-4748-8407-48fac0bced94,0.016129032258064516,False,11.41069999721367
transfusion-retrieval-v3,sha256:5fc6a9a0d5ff5721954fad8f2855c204301e59ef0b28a91d8d9bdbaf48cb659b,4,hybrid_rrf,TF043,procedure,True,False,5,5,eeb8db46-f757-41f1-9ca5-c022f3d4ea3e,0.015873015873015872,False,11.41069999721367
transfusion-retrieval-v3,sha256:5fc6a9a0d5ff5721954fad8f2855c204301e59ef0b28a91d8d9bdbaf48cb659b,4,hybrid_rrf,TF043,procedure,True,False,10,1,9552a4ac-31b4-43a8-aa92-37bd3e89362a,0.01639344262295082,False,11.41069999721367
transfusion-retrieval-v3,sha256:5fc6a9a0d5ff5721954fad8f2855c204301e59ef0b28a91d8d9bdbaf48cb659b,4,hybrid_rrf,TF043,procedure,True,False,10,2,63cb7040-3526-4f6f-9f88-e295bbe5edaf,0.01639344262295082,False,11.41069999721367
transfusion-retrieval-v3,sha256:5fc6a9a0d5ff5721954fad8f2855c204301e59ef0b28a91d8d9bdbaf48cb659b,4,hybrid_rrf,TF043,procedure,True,False,10,3,84c0a864-176f-4776-a15e-167fc2518e5d,0.016129032258064516,False,11.41069999721367
transfusion-retrieval-v3,sha256:5fc6a9a0d5ff5721954fad8f2855c204301e59ef0b28a91d8d9bdbaf48cb659b,4,hybrid_rrf,TF043,procedure,True,False,10,4,16efaa44-1554-4748-8407-48fac0bced94,0.016129032258064516,False,11.41069999721367
transfusion-retrieval-v3,sha256:5fc6a9a0d5ff5721954fad8f2855c204301e59ef0b28a91d8d9bdbaf48cb659b,4,hybrid_rrf,TF043,procedure,True,False,10,5,eeb8db46-f757-41f1-9ca5-c022f3d4ea3e,0.015873015873015872,False,11.41069999721367
transfusion-retrieval-v3,sha256:5fc6a9a0d5ff5721954fad8f2855c204301e59ef0b28a91d8d9bdbaf48cb659b,4,hybrid_rrf,TF043,procedure,True,False,10,6,59d57c8a-c9d7-4f8d-b9a1-a2816f1f01f7,0.015873015873015872,False,11.41069999721367
transfusion-retrieval-v3,sha256:5fc6a9a0d5ff5721954fad8f2855c204301e59ef0b28a91d8d9bdbaf48cb659b,4,hybrid_rrf,TF043,procedure,True,False,10,7,17e22a4e-78d9-4607-b75b-151e52cc4d20,0.015625,False,11.41069999721367
transfusion-retrieval-v3,sha256:5fc6a9a0d5ff5721954fad8f2855c204301e59ef0b28a91d8d9bdbaf48cb659b,4,hybrid_rrf,TF043,procedure,True,False,10,8,f9cfc75b-a5e7-4633-a798-4b17ea462325,0.015625,False,11.41069999721367
transfusion-retrieval-v3,sha256:5fc6a9a0d5ff5721954fad8f2855c204301e59ef0b28a91d8d9bdbaf48cb659b,4,hybrid_rrf,TF043,procedure,True,False,10,9,e4892114-b8eb-4f39-a7c4-427217039236,0.015384615384615385,False,11.41069999721367
transfusion-retrieval-v3,sha256:5fc6a9a0d5ff5721954fad8f2855c204301e59ef0b28a91d8d9bdbaf48cb659b,4,hybrid_rrf,TF043,procedure,True,False,10,10,e62b0c91-ff0c-43b2-9bd5-ff173d9f8bc0,0.015384615384615385,False,11.41069999721367
transfusion-retrieval-v3,sha256:5fc6a9a0d5ff5721954fad8f2855c204301e59ef0b28a91d8d9bdbaf48cb659b,4,hybrid_rrf,TF044,fact_specific,True,False,1,1,3abbb958-eafe-4ffe-bcfc-dafa7349c15c,0.029910714285714284,False,11.787900000854279
transfusion-retrieval-v3,sha256:5fc6a9a0d5ff5721954fad8f2855c204301e59ef0b28a91d8d9bdbaf48cb659b,4,hybrid_rrf,TF044,fact_specific,True,False,3,1,3abbb958-eafe-4ffe-bcfc-dafa7349c15c,0.029910714285714284,False,11.787900000854279
transfusion-retrieval-v3,sha256:5fc6a9a0d5ff5721954fad8f2855c204301e59ef0b28a91d8d9bdbaf48cb659b,4,hybrid_rrf,TF044,fact_specific,True,False,3,2,09f3c6d5-9e0c-4545-960f-b16c69abbeb1,0.01639344262295082,False,11.787900000854279
transfusion-retrieval-v3,sha256:5fc6a9a0d5ff5721954fad8f2855c204301e59ef0b28a91d8d9bdbaf48cb659b,4,hybrid_rrf,TF044,fact_specific,True,False,3,3,4797ba3b-c3d9-4d11-be5f-86db44dbda83,0.01639344262295082,False,11.787900000854279
transfusion-retrieval-v3,sha256:5fc6a9a0d5ff5721954fad8f2855c204301e59ef0b28a91d8d9bdbaf48cb659b,4,hybrid_rrf,TF044,fact_specific,True,False,5,1,3abbb958-eafe-4ffe-bcfc-dafa7349c15c,0.029910714285714284,False,11.787900000854279
transfusion-retrieval-v3,sha256:5fc6a9a0d5ff5721954fad8f2855c204301e59ef0b28a91d8d9bdbaf48cb659b,4,hybrid_rrf,TF044,fact_specific,True,False,5,2,09f3c6d5-9e0c-4545-960f-b16c69abbeb1,0.01639344262295082,False,11.787900000854279
transfusion-retrieval-v3,sha256:5fc6a9a0d5ff5721954fad8f2855c204301e59ef0b28a91d8d9bdbaf48cb659b,4,hybrid_rrf,TF044,fact_specific,True,False,5,3,4797ba3b-c3d9-4d11-be5f-86db44dbda83,0.01639344262295082,False,11.787900000854279
transfusion-retrieval-v3,sha256:5fc6a9a0d5ff5721954fad8f2855c204301e59ef0b28a91d8d9bdbaf48cb659b,4,hybrid_rrf,TF044,fact_specific,True,False,5,4,dfb2693a-e821-4d6e-bbcc-0dbf3dc2a2ae,0.016129032258064516,False,11.787900000854279
transfusion-retrieval-v3,sha256:5fc6a9a0d5ff5721954fad8f2855c204301e59ef0b28a91d8d9bdbaf48cb659b,4,hybrid_rrf,TF044,fact_specific,True,False,5,5,63cb7040-3526-4f6f-9f88-e295bbe5edaf,0.016129032258064516,False,11.787900000854279
transfusion-retrieval-v3,sha256:5fc6a9a0d5ff5721954fad8f2855c204301e59ef0b28a91d8d9bdbaf48cb659b,4,hybrid_rrf,TF044,fact_specific,True,False,10,1,3abbb958-eafe-4ffe-bcfc-dafa7349c15c,0.029910714285714284,False,11.787900000854279
transfusion-retrieval-v3,sha256:5fc6a9a0d5ff5721954fad8f2855c204301e59ef0b28a91d8d9bdbaf48cb659b,4,hybrid_rrf,TF044,fact_specific,True,False,10,2,09f3c6d5-9e0c-4545-960f-b16c69abbeb1,0.01639344262295082,False,11.787900000854279
transfusion-retrieval-v3,sha256:5fc6a9a0d5ff5721954fad8f2855c204301e59ef0b28a91d8d9bdbaf48cb659b,4,hybrid_rrf,TF044,fact_specific,True,False,10,3,4797ba3b-c3d9-4d11-be5f-86db44dbda83,0.01639344262295082,False,11.787900000854279
transfusion-retrieval-v3,sha256:5fc6a9a0d5ff5721954fad8f2855c204301e59ef0b28a91d8d9bdbaf48cb659b,4,hybrid_rrf,TF044,fact_specific,True,False,10,4,dfb2693a-e821-4d6e-bbcc-0dbf3dc2a2ae,0.016129032258064516,False,11.787900000854279
transfusion-retrieval-v3,sha256:5fc6a9a0d5ff5721954fad8f2855c204301e59ef0b28a91d8d9bdbaf48cb659b,4,hybrid_rrf,TF044,fact_specific,True,False,10,5,63cb7040-3526-4f6f-9f88-e295bbe5edaf,0.016129032258064516,False,11.787900000854279
transfusion-retrieval-v3,sha256:5fc6a9a0d5ff5721954fad8f2855c204301e59ef0b28a91d8d9bdbaf48cb659b,4,hybrid_rrf,TF044,fact_specific,True,False,10,6,919e93ca-fed9-4dde-b9b8-f870e207a3f3,0.015873015873015872,False,11.787900000854279
transfusion-retrieval-v3,sha256:5fc6a9a0d5ff5721954fad8f2855c204301e59ef0b28a91d8d9bdbaf48cb659b,4,hybrid_rrf,TF044,fact_specific,True,False,10,7,fd678588-5ac2-400d-95c5-3309537781ec,0.015873015873015872,False,11.787900000854279
transfusion-retrieval-v3,sha256:5fc6a9a0d5ff5721954fad8f2855c204301e59ef0b28a91d8d9bdbaf48cb659b,4,hybrid_rrf,TF044,fact_specific,True,False,10,8,66dba192-bac5-4b3a-bd4d-77e9eacb4192,0.015625,False,11.787900000854279
transfusion-retrieval-v3,sha256:5fc6a9a0d5ff5721954fad8f2855c204301e59ef0b28a91d8d9bdbaf48cb659b,4,hybrid_rrf,TF044,fact_specific,True,False,10,9,3ecc27b9-634c-4026-b44e-e01123aa0467,0.015384615384615385,False,11.787900000854279
transfusion-retrieval-v3,sha256:5fc6a9a0d5ff5721954fad8f2855c204301e59ef0b28a91d8d9bdbaf48cb659b,4,hybrid_rrf,TF044,fact_specific,True,False,10,10,16efaa44-1554-4748-8407-48fac0bced94,0.015384615384615385,False,11.787900000854279
transfusion-retrieval-v3,sha256:5fc6a9a0d5ff5721954fad8f2855c204301e59ef0b28a91d8d9bdbaf48cb659b,4,hybrid_rrf,TF045,paraphrase,True,False,1,1,fd678588-5ac2-400d-95c5-3309537781ec,0.028991596638655463,True,7.906099997853744
transfusion-retrieval-v3,sha256:5fc6a9a0d5ff5721954fad8f2855c204301e59ef0b28a91d8d9bdbaf48cb659b,4,hybrid_rrf,TF045,paraphrase,True,False,3,1,fd678588-5ac2-400d-95c5-3309537781ec,0.028991596638655463,True,7.906099997853744
transfusion-retrieval-v3,sha256:5fc6a9a0d5ff5721954fad8f2855c204301e59ef0b28a91d8d9bdbaf48cb659b,4,hybrid_rrf,TF045,paraphrase,True,False,3,2,3abbb958-eafe-4ffe-bcfc-dafa7349c15c,0.01639344262295082,False,7.906099997853744
transfusion-retrieval-v3,sha256:5fc6a9a0d5ff5721954fad8f2855c204301e59ef0b28a91d8d9bdbaf48cb659b,4,hybrid_rrf,TF045,paraphrase,True,False,3,3,63cb7040-3526-4f6f-9f88-e295bbe5edaf,0.01639344262295082,False,7.906099997853744
transfusion-retrieval-v3,sha256:5fc6a9a0d5ff5721954fad8f2855c204301e59ef0b28a91d8d9bdbaf48cb659b,4,hybrid_rrf,TF045,paraphrase,True,False,5,1,fd678588-5ac2-400d-95c5-3309537781ec,0.028991596638655463,True,7.906099997853744
transfusion-retrieval-v3,sha256:5fc6a9a0d5ff5721954fad8f2855c204301e59ef0b28a91d8d9bdbaf48cb659b,4,hybrid_rrf,TF045,paraphrase,True,False,5,2,3abbb958-eafe-4ffe-bcfc-dafa7349c15c,0.01639344262295082,False,7.906099997853744
transfusion-retrieval-v3,sha256:5fc6a9a0d5ff5721954fad8f2855c204301e59ef0b28a91d8d9bdbaf48cb659b,4,hybrid_rrf,TF045,paraphrase,True,False,5,3,63cb7040-3526-4f6f-9f88-e295bbe5edaf,0.01639344262295082,False,7.906099997853744
transfusion-retrieval-v3,sha256:5fc6a9a0d5ff5721954fad8f2855c204301e59ef0b28a91d8d9bdbaf48cb659b,4,hybrid_rrf,TF045,paraphrase,True,False,5,4,eda54b74-cd2f-4808-8175-bcc5b916ce90,0.016129032258064516,False,7.906099997853744
transfusion-retrieval-v3,sha256:5fc6a9a0d5ff5721954fad8f2855c204301e59ef0b28a91d8d9bdbaf48cb659b,4,hybrid_rrf,TF045,paraphrase,True,False,5,5,4797ba3b-c3d9-4d11-be5f-86db44dbda83,0.016129032258064516,False,7.906099997853744
transfusion-retrieval-v3,sha256:5fc6a9a0d5ff5721954fad8f2855c204301e59ef0b28a91d8d9bdbaf48cb659b,4,hybrid_rrf,TF045,paraphrase,True,False,10,1,fd678588-5ac2-400d-95c5-3309537781ec,0.028991596638655463,True,7.906099997853744
transfusion-retrieval-v3,sha256:5fc6a9a0d5ff5721954fad8f2855c204301e59ef0b28a91d8d9bdbaf48cb659b,4,hybrid_rrf,TF045,paraphrase,True,False,10,2,3abbb958-eafe-4ffe-bcfc-dafa7349c15c,0.01639344262295082,False,7.906099997853744
transfusion-retrieval-v3,sha256:5fc6a9a0d5ff5721954fad8f2855c204301e59ef0b28a91d8d9bdbaf48cb659b,4,hybrid_rrf,TF045,paraphrase,True,False,10,3,63cb7040-3526-4f6f-9f88-e295bbe5edaf,0.01639344262295082,False,7.906099997853744
transfusion-retrieval-v3,sha256:5fc6a9a0d5ff5721954fad8f2855c204301e59ef0b28a91d8d9bdbaf48cb659b,4,hybrid_rrf,TF045,paraphrase,True,False,10,4,eda54b74-cd2f-4808-8175-bcc5b916ce90,0.016129032258064516,False,7.906099997853744
transfusion-retrieval-v3,sha256:5fc6a9a0d5ff5721954fad8f2855c204301e59ef0b28a91d8d9bdbaf48cb659b,4,hybrid_rrf,TF045,paraphrase,True,False,10,5,4797ba3b-c3d9-4d11-be5f-86db44dbda83,0.016129032258064516,False,7.906099997853744
transfusion-retrieval-v3,sha256:5fc6a9a0d5ff5721954fad8f2855c204301e59ef0b28a91d8d9bdbaf48cb659b,4,hybrid_rrf,TF045,paraphrase,True,False,10,6,7adacb8c-91c0-4ea7-8d82-7505eeac5042,0.015873015873015872,False,7.906099997853744
transfusion-retrieval-v3,sha256:5fc6a9a0d5ff5721954fad8f2855c204301e59ef0b28a91d8d9bdbaf48cb659b,4,hybrid_rrf,TF045,paraphrase,True,False,10,7,16efaa44-1554-4748-8407-48fac0bced94,0.015873015873015872,False,7.906099997853744
transfusion-retrieval-v3,sha256:5fc6a9a0d5ff5721954fad8f2855c204301e59ef0b28a91d8d9bdbaf48cb659b,4,hybrid_rrf,TF045,paraphrase,True,False,10,8,602c933f-0b8f-4533-87a5-f27ecd5f2af9,0.015625,False,7.906099997853744
transfusion-retrieval-v3,sha256:5fc6a9a0d5ff5721954fad8f2855c204301e59ef0b28a91d8d9bdbaf48cb659b,4,hybrid_rrf,TF045,paraphrase,True,False,10,9,dfb2693a-e821-4d6e-bbcc-0dbf3dc2a2ae,0.015625,False,7.906099997853744
transfusion-retrieval-v3,sha256:5fc6a9a0d5ff5721954fad8f2855c204301e59ef0b28a91d8d9bdbaf48cb659b,4,hybrid_rrf,TF045,paraphrase,True,False,10,10,66dba192-bac5-4b3a-bd4d-77e9eacb4192,0.015384615384615385,False,7.906099997853744
transfusion-retrieval-v3,sha256:5fc6a9a0d5ff5721954fad8f2855c204301e59ef0b28a91d8d9bdbaf48cb659b,4,hybrid_rrf,TN001,negative_out_of_scope,False,False,1,1,fb4884e3-8fea-42fa-b996-7e9c333e7fef,0.01639344262295082,False,25.189999996655388
transfusion-retrieval-v3,sha256:5fc6a9a0d5ff5721954fad8f2855c204301e59ef0b28a91d8d9bdbaf48cb659b,4,hybrid_rrf,TN001,negative_out_of_scope,False,False,3,1,fb4884e3-8fea-42fa-b996-7e9c333e7fef,0.01639344262295082,False,25.189999996655388
transfusion-retrieval-v3,sha256:5fc6a9a0d5ff5721954fad8f2855c204301e59ef0b28a91d8d9bdbaf48cb659b,4,hybrid_rrf,TN001,negative_out_of_scope,False,False,3,2,64fa07b8-63c3-43c8-899e-5bd6282225ed,0.01639344262295082,False,25.189999996655388
transfusion-retrieval-v3,sha256:5fc6a9a0d5ff5721954fad8f2855c204301e59ef0b28a91d8d9bdbaf48cb659b,4,hybrid_rrf,TN001,negative_out_of_scope,False,False,3,3,761b9529-5b18-4262-8174-6062c35fb31c,0.016129032258064516,False,25.189999996655388
transfusion-retrieval-v3,sha256:5fc6a9a0d5ff5721954fad8f2855c204301e59ef0b28a91d8d9bdbaf48cb659b,4,hybrid_rrf,TN001,negative_out_of_scope,False,False,5,1,fb4884e3-8fea-42fa-b996-7e9c333e7fef,0.01639344262295082,False,25.189999996655388
transfusion-retrieval-v3,sha256:5fc6a9a0d5ff5721954fad8f2855c204301e59ef0b28a91d8d9bdbaf48cb659b,4,hybrid_rrf,TN001,negative_out_of_scope,False,False,5,2,64fa07b8-63c3-43c8-899e-5bd6282225ed,0.01639344262295082,False,25.189999996655388
transfusion-retrieval-v3,sha256:5fc6a9a0d5ff5721954fad8f2855c204301e59ef0b28a91d8d9bdbaf48cb659b,4,hybrid_rrf,TN001,negative_out_of_scope,False,False,5,3,761b9529-5b18-4262-8174-6062c35fb31c,0.016129032258064516,False,25.189999996655388
transfusion-retrieval-v3,sha256:5fc6a9a0d5ff5721954fad8f2855c204301e59ef0b28a91d8d9bdbaf48cb659b,4,hybrid_rrf,TN001,negative_out_of_scope,False,False,5,4,f1611d72-8c47-41f8-bfee-99d5ffdfe12a,0.016129032258064516,False,25.189999996655388
transfusion-retrieval-v3,sha256:5fc6a9a0d5ff5721954fad8f2855c204301e59ef0b28a91d8d9bdbaf48cb659b,4,hybrid_rrf,TN001,negative_out_of_scope,False,False,5,5,c78ff32d-ea17-41fd-98ef-2e8872f01df3,0.015873015873015872,False,25.189999996655388
transfusion-retrieval-v3,sha256:5fc6a9a0d5ff5721954fad8f2855c204301e59ef0b28a91d8d9bdbaf48cb659b,4,hybrid_rrf,TN001,negative_out_of_scope,False,False,10,1,fb4884e3-8fea-42fa-b996-7e9c333e7fef,0.01639344262295082,False,25.189999996655388
transfusion-retrieval-v3,sha256:5fc6a9a0d5ff5721954fad8f2855c204301e59ef0b28a91d8d9bdbaf48cb659b,4,hybrid_rrf,TN001,negative_out_of_scope,False,False,10,2,64fa07b8-63c3-43c8-899e-5bd6282225ed,0.01639344262295082,False,25.189999996655388
transfusion-retrieval-v3,sha256:5fc6a9a0d5ff5721954fad8f2855c204301e59ef0b28a91d8d9bdbaf48cb659b,4,hybrid_rrf,TN001,negative_out_of_scope,False,False,10,3,761b9529-5b18-4262-8174-6062c35fb31c,0.016129032258064516,False,25.189999996655388
transfusion-retrieval-v3,sha256:5fc6a9a0d5ff5721954fad8f2855c204301e59ef0b28a91d8d9bdbaf48cb659b,4,hybrid_rrf,TN001,negative_out_of_scope,False,False,10,4,f1611d72-8c47-41f8-bfee-99d5ffdfe12a,0.016129032258064516,False,25.189999996655388
transfusion-retrieval-v3,sha256:5fc6a9a0d5ff5721954fad8f2855c204301e59ef0b28a91d8d9bdbaf48cb659b,4,hybrid_rrf,TN001,negative_out_of_scope,False,False,10,5,c78ff32d-ea17-41fd-98ef-2e8872f01df3,0.015873015873015872,False,25.189999996655388
transfusion-retrieval-v3,sha256:5fc6a9a0d5ff5721954fad8f2855c204301e59ef0b28a91d8d9bdbaf48cb659b,4,hybrid_rrf,TN001,negative_out_of_scope,False,False,10,6,16efaa44-1554-4748-8407-48fac0bced94,0.015873015873015872,False,25.189999996655388
transfusion-retrieval-v3,sha256:5fc6a9a0d5ff5721954fad8f2855c204301e59ef0b28a91d8d9bdbaf48cb659b,4,hybrid_rrf,TN001,negative_out_of_scope,False,False,10,7,d9a4a9c8-fbd4-41f2-bab6-6abd72575204,0.015625,False,25.189999996655388
transfusion-retrieval-v3,sha256:5fc6a9a0d5ff5721954fad8f2855c204301e59ef0b28a91d8d9bdbaf48cb659b,4,hybrid_rrf,TN001,negative_out_of_scope,False,False,10,8,63cb7040-3526-4f6f-9f88-e295bbe5edaf,0.015625,False,25.189999996655388
transfusion-retrieval-v3,sha256:5fc6a9a0d5ff5721954fad8f2855c204301e59ef0b28a91d8d9bdbaf48cb659b,4,hybrid_rrf,TN001,negative_out_of_scope,False,False,10,9,ee8c2027-ad6d-4bb7-8077-5e4c42be1cc3,0.015384615384615385,False,25.189999996655388
transfusion-retrieval-v3,sha256:5fc6a9a0d5ff5721954fad8f2855c204301e59ef0b28a91d8d9bdbaf48cb659b,4,hybrid_rrf,TN001,negative_out_of_scope,False,False,10,10,2cea4ea7-7aaf-4c54-ac4e-b660de52065d,0.015384615384615385,False,25.189999996655388
transfusion-retrieval-v3,sha256:5fc6a9a0d5ff5721954fad8f2855c204301e59ef0b28a91d8d9bdbaf48cb659b,4,hybrid_rrf,TN002,negative_out_of_scope,False,False,1,1,fb4884e3-8fea-42fa-b996-7e9c333e7fef,0.03252247488101534,False,12.170699999842327
transfusion-retrieval-v3,sha256:5fc6a9a0d5ff5721954fad8f2855c204301e59ef0b28a91d8d9bdbaf48cb659b,4,hybrid_rrf,TN002,negative_out_of_scope,False,False,3,1,fb4884e3-8fea-42fa-b996-7e9c333e7fef,0.03252247488101534,False,12.170699999842327
transfusion-retrieval-v3,sha256:5fc6a9a0d5ff5721954fad8f2855c204301e59ef0b28a91d8d9bdbaf48cb659b,4,hybrid_rrf,TN002,negative_out_of_scope,False,False,3,2,c78ff32d-ea17-41fd-98ef-2e8872f01df3,0.01639344262295082,False,12.170699999842327
transfusion-retrieval-v3,sha256:5fc6a9a0d5ff5721954fad8f2855c204301e59ef0b28a91d8d9bdbaf48cb659b,4,hybrid_rrf,TN002,negative_out_of_scope,False,False,3,3,17e22a4e-78d9-4607-b75b-151e52cc4d20,0.016129032258064516,False,12.170699999842327
transfusion-retrieval-v3,sha256:5fc6a9a0d5ff5721954fad8f2855c204301e59ef0b28a91d8d9bdbaf48cb659b,4,hybrid_rrf,TN002,negative_out_of_scope,False,False,5,1,fb4884e3-8fea-42fa-b996-7e9c333e7fef,0.03252247488101534,False,12.170699999842327
transfusion-retrieval-v3,sha256:5fc6a9a0d5ff5721954fad8f2855c204301e59ef0b28a91d8d9bdbaf48cb659b,4,hybrid_rrf,TN002,negative_out_of_scope,False,False,5,2,c78ff32d-ea17-41fd-98ef-2e8872f01df3,0.01639344262295082,False,12.170699999842327
transfusion-retrieval-v3,sha256:5fc6a9a0d5ff5721954fad8f2855c204301e59ef0b28a91d8d9bdbaf48cb659b,4,hybrid_rrf,TN002,negative_out_of_scope,False,False,5,3,17e22a4e-78d9-4607-b75b-151e52cc4d20,0.016129032258064516,False,12.170699999842327
transfusion-retrieval-v3,sha256:5fc6a9a0d5ff5721954fad8f2855c204301e59ef0b28a91d8d9bdbaf48cb659b,4,hybrid_rrf,TN002,negative_out_of_scope,False,False,5,4,761b9529-5b18-4262-8174-6062c35fb31c,0.015873015873015872,False,12.170699999842327
transfusion-retrieval-v3,sha256:5fc6a9a0d5ff5721954fad8f2855c204301e59ef0b28a91d8d9bdbaf48cb659b,4,hybrid_rrf,TN002,negative_out_of_scope,False,False,5,5,fbb0340e-b19d-43c3-a23a-5ee07899e8cd,0.015873015873015872,False,12.170699999842327
transfusion-retrieval-v3,sha256:5fc6a9a0d5ff5721954fad8f2855c204301e59ef0b28a91d8d9bdbaf48cb659b,4,hybrid_rrf,TN002,negative_out_of_scope,False,False,10,1,fb4884e3-8fea-42fa-b996-7e9c333e7fef,0.03252247488101534,False,12.170699999842327
transfusion-retrieval-v3,sha256:5fc6a9a0d5ff5721954fad8f2855c204301e59ef0b28a91d8d9bdbaf48cb659b,4,hybrid_rrf,TN002,negative_out_of_scope,False,False,10,2,c78ff32d-ea17-41fd-98ef-2e8872f01df3,0.01639344262295082,False,12.170699999842327
transfusion-retrieval-v3,sha256:5fc6a9a0d5ff5721954fad8f2855c204301e59ef0b28a91d8d9bdbaf48cb659b,4,hybrid_rrf,TN002,negative_out_of_scope,False,False,10,3,17e22a4e-78d9-4607-b75b-151e52cc4d20,0.016129032258064516,False,12.170699999842327
transfusion-retrieval-v3,sha256:5fc6a9a0d5ff5721954fad8f2855c204301e59ef0b28a91d8d9bdbaf48cb659b,4,hybrid_rrf,TN002,negative_out_of_scope,False,False,10,4,761b9529-5b18-4262-8174-6062c35fb31c,0.015873015873015872,False,12.170699999842327
transfusion-retrieval-v3,sha256:5fc6a9a0d5ff5721954fad8f2855c204301e59ef0b28a91d8d9bdbaf48cb659b,4,hybrid_rrf,TN002,negative_out_of_scope,False,False,10,5,fbb0340e-b19d-43c3-a23a-5ee07899e8cd,0.015873015873015872,False,12.170699999842327
transfusion-retrieval-v3,sha256:5fc6a9a0d5ff5721954fad8f2855c204301e59ef0b28a91d8d9bdbaf48cb659b,4,hybrid_rrf,TN002,negative_out_of_scope,False,False,10,6,d9a4a9c8-fbd4-41f2-bab6-6abd72575204,0.015625,False,12.170699999842327
transfusion-retrieval-v3,sha256:5fc6a9a0d5ff5721954fad8f2855c204301e59ef0b28a91d8d9bdbaf48cb659b,4,hybrid_rrf,TN002,negative_out_of_scope,False,False,10,7,e4892114-b8eb-4f39-a7c4-427217039236,0.015625,False,12.170699999842327
transfusion-retrieval-v3,sha256:5fc6a9a0d5ff5721954fad8f2855c204301e59ef0b28a91d8d9bdbaf48cb659b,4,hybrid_rrf,TN002,negative_out_of_scope,False,False,10,8,ee8c2027-ad6d-4bb7-8077-5e4c42be1cc3,0.015384615384615385,False,12.170699999842327
transfusion-retrieval-v3,sha256:5fc6a9a0d5ff5721954fad8f2855c204301e59ef0b28a91d8d9bdbaf48cb659b,4,hybrid_rrf,TN002,negative_out_of_scope,False,False,10,9,9c5f18b5-9491-4cb2-9eba-9a0d2462f8bb,0.015384615384615385,False,12.170699999842327
transfusion-retrieval-v3,sha256:5fc6a9a0d5ff5721954fad8f2855c204301e59ef0b28a91d8d9bdbaf48cb659b,4,hybrid_rrf,TN002,negative_out_of_scope,False,False,10,10,66dba192-bac5-4b3a-bd4d-77e9eacb4192,0.015151515151515152,False,12.170699999842327
transfusion-retrieval-v3,sha256:5fc6a9a0d5ff5721954fad8f2855c204301e59ef0b28a91d8d9bdbaf48cb659b,4,hybrid_rrf,TN003,negative_out_of_scope,False,False,1,1,fb4884e3-8fea-42fa-b996-7e9c333e7fef,0.031754032258064516,False,9.238500002538785
transfusion-retrieval-v3,sha256:5fc6a9a0d5ff5721954fad8f2855c204301e59ef0b28a91d8d9bdbaf48cb659b,4,hybrid_rrf,TN003,negative_out_of_scope,False,False,3,1,fb4884e3-8fea-42fa-b996-7e9c333e7fef,0.031754032258064516,False,9.238500002538785
transfusion-retrieval-v3,sha256:5fc6a9a0d5ff5721954fad8f2855c204301e59ef0b28a91d8d9bdbaf48cb659b,4,hybrid_rrf,TN003,negative_out_of_scope,False,False,3,2,f1611d72-8c47-41f8-bfee-99d5ffdfe12a,0.01639344262295082,False,9.238500002538785
transfusion-retrieval-v3,sha256:5fc6a9a0d5ff5721954fad8f2855c204301e59ef0b28a91d8d9bdbaf48cb659b,4,hybrid_rrf,TN003,negative_out_of_scope,False,False,3,3,6ffcd319-e868-444b-b6fe-8d192a4de3ff,0.01639344262295082,False,9.238500002538785
transfusion-retrieval-v3,sha256:5fc6a9a0d5ff5721954fad8f2855c204301e59ef0b28a91d8d9bdbaf48cb659b,4,hybrid_rrf,TN003,negative_out_of_scope,False,False,5,1,fb4884e3-8fea-42fa-b996-7e9c333e7fef,0.031754032258064516,False,9.238500002538785
transfusion-retrieval-v3,sha256:5fc6a9a0d5ff5721954fad8f2855c204301e59ef0b28a91d8d9bdbaf48cb659b,4,hybrid_rrf,TN003,negative_out_of_scope,False,False,5,2,f1611d72-8c47-41f8-bfee-99d5ffdfe12a,0.01639344262295082,False,9.238500002538785
transfusion-retrieval-v3,sha256:5fc6a9a0d5ff5721954fad8f2855c204301e59ef0b28a91d8d9bdbaf48cb659b,4,hybrid_rrf,TN003,negative_out_of_scope,False,False,5,3,6ffcd319-e868-444b-b6fe-8d192a4de3ff,0.01639344262295082,False,9.238500002538785
transfusion-retrieval-v3,sha256:5fc6a9a0d5ff5721954fad8f2855c204301e59ef0b28a91d8d9bdbaf48cb659b,4,hybrid_rrf,TN003,negative_out_of_scope,False,False,5,4,f7a9837d-f8db-4461-abd8-a3607db2276f,0.016129032258064516,False,9.238500002538785
transfusion-retrieval-v3,sha256:5fc6a9a0d5ff5721954fad8f2855c204301e59ef0b28a91d8d9bdbaf48cb659b,4,hybrid_rrf,TN003,negative_out_of_scope,False,False,5,5,eeb8db46-f757-41f1-9ca5-c022f3d4ea3e,0.015873015873015872,False,9.238500002538785
transfusion-retrieval-v3,sha256:5fc6a9a0d5ff5721954fad8f2855c204301e59ef0b28a91d8d9bdbaf48cb659b,4,hybrid_rrf,TN003,negative_out_of_scope,False,False,10,1,fb4884e3-8fea-42fa-b996-7e9c333e7fef,0.031754032258064516,False,9.238500002538785
transfusion-retrieval-v3,sha256:5fc6a9a0d5ff5721954fad8f2855c204301e59ef0b28a91d8d9bdbaf48cb659b,4,hybrid_rrf,TN003,negative_out_of_scope,False,False,10,2,f1611d72-8c47-41f8-bfee-99d5ffdfe12a,0.01639344262295082,False,9.238500002538785
transfusion-retrieval-v3,sha256:5fc6a9a0d5ff5721954fad8f2855c204301e59ef0b28a91d8d9bdbaf48cb659b,4,hybrid_rrf,TN003,negative_out_of_scope,False,False,10,3,6ffcd319-e868-444b-b6fe-8d192a4de3ff,0.01639344262295082,False,9.238500002538785
transfusion-retrieval-v3,sha256:5fc6a9a0d5ff5721954fad8f2855c204301e59ef0b28a91d8d9bdbaf48cb659b,4,hybrid_rrf,TN003,negative_out_of_scope,False,False,10,4,f7a9837d-f8db-4461-abd8-a3607db2276f,0.016129032258064516,False,9.238500002538785
transfusion-retrieval-v3,sha256:5fc6a9a0d5ff5721954fad8f2855c204301e59ef0b28a91d8d9bdbaf48cb659b,4,hybrid_rrf,TN003,negative_out_of_scope,False,False,10,5,eeb8db46-f757-41f1-9ca5-c022f3d4ea3e,0.015873015873015872,False,9.238500002538785
transfusion-retrieval-v3,sha256:5fc6a9a0d5ff5721954fad8f2855c204301e59ef0b28a91d8d9bdbaf48cb659b,4,hybrid_rrf,TN003,negative_out_of_scope,False,False,10,6,fbf62ef9-25b7-437c-98d8-c4934fba0fe6,0.015873015873015872,False,9.238500002538785
transfusion-retrieval-v3,sha256:5fc6a9a0d5ff5721954fad8f2855c204301e59ef0b28a91d8d9bdbaf48cb659b,4,hybrid_rrf,TN003,negative_out_of_scope,False,False,10,7,17e22a4e-78d9-4607-b75b-151e52cc4d20,0.015625,False,9.238500002538785
transfusion-retrieval-v3,sha256:5fc6a9a0d5ff5721954fad8f2855c204301e59ef0b28a91d8d9bdbaf48cb659b,4,hybrid_rrf,TN003,negative_out_of_scope,False,False,10,8,761b9529-5b18-4262-8174-6062c35fb31c,0.015384615384615385,False,9.238500002538785
transfusion-retrieval-v3,sha256:5fc6a9a0d5ff5721954fad8f2855c204301e59ef0b28a91d8d9bdbaf48cb659b,4,hybrid_rrf,TN003,negative_out_of_scope,False,False,10,9,e4892114-b8eb-4f39-a7c4-427217039236,0.015384615384615385,False,9.238500002538785
transfusion-retrieval-v3,sha256:5fc6a9a0d5ff5721954fad8f2855c204301e59ef0b28a91d8d9bdbaf48cb659b,4,hybrid_rrf,TN003,negative_out_of_scope,False,False,10,10,c78ff32d-ea17-41fd-98ef-2e8872f01df3,0.015151515151515152,False,9.238500002538785
transfusion-retrieval-v3,sha256:5fc6a9a0d5ff5721954fad8f2855c204301e59ef0b28a91d8d9bdbaf48cb659b,4,hybrid_rrf,TN004,negative_out_of_scope,False,False,1,1,fb4884e3-8fea-42fa-b996-7e9c333e7fef,0.03252247488101534,False,8.167899999534711
transfusion-retrieval-v3,sha256:5fc6a9a0d5ff5721954fad8f2855c204301e59ef0b28a91d8d9bdbaf48cb659b,4,hybrid_rrf,TN004,negative_out_of_scope,False,False,3,1,fb4884e3-8fea-42fa-b996-7e9c333e7fef,0.03252247488101534,False,8.167899999534711
transfusion-retrieval-v3,sha256:5fc6a9a0d5ff5721954fad8f2855c204301e59ef0b28a91d8d9bdbaf48cb659b,4,hybrid_rrf,TN004,negative_out_of_scope,False,False,3,2,63cb7040-3526-4f6f-9f88-e295bbe5edaf,0.01639344262295082,False,8.167899999534711
transfusion-retrieval-v3,sha256:5fc6a9a0d5ff5721954fad8f2855c204301e59ef0b28a91d8d9bdbaf48cb659b,4,hybrid_rrf,TN004,negative_out_of_scope,False,False,3,3,761b9529-5b18-4262-8174-6062c35fb31c,0.016129032258064516,False,8.167899999534711
transfusion-retrieval-v3,sha256:5fc6a9a0d5ff5721954fad8f2855c204301e59ef0b28a91d8d9bdbaf48cb659b,4,hybrid_rrf,TN004,negative_out_of_scope,False,False,5,1,fb4884e3-8fea-42fa-b996-7e9c333e7fef,0.03252247488101534,False,8.167899999534711
transfusion-retrieval-v3,sha256:5fc6a9a0d5ff5721954fad8f2855c204301e59ef0b28a91d8d9bdbaf48cb659b,4,hybrid_rrf,TN004,negative_out_of_scope,False,False,5,2,63cb7040-3526-4f6f-9f88-e295bbe5edaf,0.01639344262295082,False,8.167899999534711
transfusion-retrieval-v3,sha256:5fc6a9a0d5ff5721954fad8f2855c204301e59ef0b28a91d8d9bdbaf48cb659b,4,hybrid_rrf,TN004,negative_out_of_scope,False,False,5,3,761b9529-5b18-4262-8174-6062c35fb31c,0.016129032258064516,False,8.167899999534711
transfusion-retrieval-v3,sha256:5fc6a9a0d5ff5721954fad8f2855c204301e59ef0b28a91d8d9bdbaf48cb659b,4,hybrid_rrf,TN004,negative_out_of_scope,False,False,5,4,c78ff32d-ea17-41fd-98ef-2e8872f01df3,0.015873015873015872,False,8.167899999534711
transfusion-retrieval-v3,sha256:5fc6a9a0d5ff5721954fad8f2855c204301e59ef0b28a91d8d9bdbaf48cb659b,4,hybrid_rrf,TN004,negative_out_of_scope,False,False,5,5,eeb8db46-f757-41f1-9ca5-c022f3d4ea3e,0.015873015873015872,False,8.167899999534711
transfusion-retrieval-v3,sha256:5fc6a9a0d5ff5721954fad8f2855c204301e59ef0b28a91d8d9bdbaf48cb659b,4,hybrid_rrf,TN004,negative_out_of_scope,False,False,10,1,fb4884e3-8fea-42fa-b996-7e9c333e7fef,0.03252247488101534,False,8.167899999534711
transfusion-retrieval-v3,sha256:5fc6a9a0d5ff5721954fad8f2855c204301e59ef0b28a91d8d9bdbaf48cb659b,4,hybrid_rrf,TN004,negative_out_of_scope,False,False,10,2,63cb7040-3526-4f6f-9f88-e295bbe5edaf,0.01639344262295082,False,8.167899999534711
transfusion-retrieval-v3,sha256:5fc6a9a0d5ff5721954fad8f2855c204301e59ef0b28a91d8d9bdbaf48cb659b,4,hybrid_rrf,TN004,negative_out_of_scope,False,False,10,3,761b9529-5b18-4262-8174-6062c35fb31c,0.016129032258064516,False,8.167899999534711
transfusion-retrieval-v3,sha256:5fc6a9a0d5ff5721954fad8f2855c204301e59ef0b28a91d8d9bdbaf48cb659b,4,hybrid_rrf,TN004,negative_out_of_scope,False,False,10,4,c78ff32d-ea17-41fd-98ef-2e8872f01df3,0.015873015873015872,False,8.167899999534711
transfusion-retrieval-v3,sha256:5fc6a9a0d5ff5721954fad8f2855c204301e59ef0b28a91d8d9bdbaf48cb659b,4,hybrid_rrf,TN004,negative_out_of_scope,False,False,10,5,eeb8db46-f757-41f1-9ca5-c022f3d4ea3e,0.015873015873015872,False,8.167899999534711
transfusion-retrieval-v3,sha256:5fc6a9a0d5ff5721954fad8f2855c204301e59ef0b28a91d8d9bdbaf48cb659b,4,hybrid_rrf,TN004,negative_out_of_scope,False,False,10,6,d9a4a9c8-fbd4-41f2-bab6-6abd72575204,0.015625,False,8.167899999534711
transfusion-retrieval-v3,sha256:5fc6a9a0d5ff5721954fad8f2855c204301e59ef0b28a91d8d9bdbaf48cb659b,4,hybrid_rrf,TN004,negative_out_of_scope,False,False,10,7,17e22a4e-78d9-4607-b75b-151e52cc4d20,0.015625,False,8.167899999534711
transfusion-retrieval-v3,sha256:5fc6a9a0d5ff5721954fad8f2855c204301e59ef0b28a91d8d9bdbaf48cb659b,4,hybrid_rrf,TN004,negative_out_of_scope,False,False,10,8,ee8c2027-ad6d-4bb7-8077-5e4c42be1cc3,0.015384615384615385,False,8.167899999534711
transfusion-retrieval-v3,sha256:5fc6a9a0d5ff5721954fad8f2855c204301e59ef0b28a91d8d9bdbaf48cb659b,4,hybrid_rrf,TN004,negative_out_of_scope,False,False,10,9,fbb0340e-b19d-43c3-a23a-5ee07899e8cd,0.015384615384615385,False,8.167899999534711
transfusion-retrieval-v3,sha256:5fc6a9a0d5ff5721954fad8f2855c204301e59ef0b28a91d8d9bdbaf48cb659b,4,hybrid_rrf,TN004,negative_out_of_scope,False,False,10,10,66dba192-bac5-4b3a-bd4d-77e9eacb4192,0.015151515151515152,False,8.167899999534711
transfusion-retrieval-v3,sha256:5fc6a9a0d5ff5721954fad8f2855c204301e59ef0b28a91d8d9bdbaf48cb659b,4,hybrid_rrf,TN005,negative_out_of_scope,False,False,1,1,3abbb958-eafe-4ffe-bcfc-dafa7349c15c,0.03177805800756621,False,12.036200001602992
transfusion-retrieval-v3,sha256:5fc6a9a0d5ff5721954fad8f2855c204301e59ef0b28a91d8d9bdbaf48cb659b,4,hybrid_rrf,TN005,negative_out_of_scope,False,False,3,1,3abbb958-eafe-4ffe-bcfc-dafa7349c15c,0.03177805800756621,False,12.036200001602992
transfusion-retrieval-v3,sha256:5fc6a9a0d5ff5721954fad8f2855c204301e59ef0b28a91d8d9bdbaf48cb659b,4,hybrid_rrf,TN005,negative_out_of_scope,False,False,3,2,fd678588-5ac2-400d-95c5-3309537781ec,0.031024531024531024,False,12.036200001602992
transfusion-retrieval-v3,sha256:5fc6a9a0d5ff5721954fad8f2855c204301e59ef0b28a91d8d9bdbaf48cb659b,4,hybrid_rrf,TN005,negative_out_of_scope,False,False,3,3,b225ae64-72d2-4e59-81c0-57f5d8438666,0.01639344262295082,False,12.036200001602992
transfusion-retrieval-v3,sha256:5fc6a9a0d5ff5721954fad8f2855c204301e59ef0b28a91d8d9bdbaf48cb659b,4,hybrid_rrf,TN005,negative_out_of_scope,False,False,5,1,3abbb958-eafe-4ffe-bcfc-dafa7349c15c,0.03177805800756621,False,12.036200001602992
transfusion-retrieval-v3,sha256:5fc6a9a0d5ff5721954fad8f2855c204301e59ef0b28a91d8d9bdbaf48cb659b,4,hybrid_rrf,TN005,negative_out_of_scope,False,False,5,2,fd678588-5ac2-400d-95c5-3309537781ec,0.031024531024531024,False,12.036200001602992
transfusion-retrieval-v3,sha256:5fc6a9a0d5ff5721954fad8f2855c204301e59ef0b28a91d8d9bdbaf48cb659b,4,hybrid_rrf,TN005,negative_out_of_scope,False,False,5,3,b225ae64-72d2-4e59-81c0-57f5d8438666,0.01639344262295082,False,12.036200001602992
transfusion-retrieval-v3,sha256:5fc6a9a0d5ff5721954fad8f2855c204301e59ef0b28a91d8d9bdbaf48cb659b,4,hybrid_rrf,TN005,negative_out_of_scope,False,False,5,4,70b95f72-95ec-43b5-b76f-657518103256,0.016129032258064516,False,12.036200001602992
transfusion-retrieval-v3,sha256:5fc6a9a0d5ff5721954fad8f2855c204301e59ef0b28a91d8d9bdbaf48cb659b,4,hybrid_rrf,TN005,negative_out_of_scope,False,False,5,5,eda54b74-cd2f-4808-8175-bcc5b916ce90,0.016129032258064516,False,12.036200001602992
transfusion-retrieval-v3,sha256:5fc6a9a0d5ff5721954fad8f2855c204301e59ef0b28a91d8d9bdbaf48cb659b,4,hybrid_rrf,TN005,negative_out_of_scope,False,False,10,1,3abbb958-eafe-4ffe-bcfc-dafa7349c15c,0.03177805800756621,False,12.036200001602992
transfusion-retrieval-v3,sha256:5fc6a9a0d5ff5721954fad8f2855c204301e59ef0b28a91d8d9bdbaf48cb659b,4,hybrid_rrf,TN005,negative_out_of_scope,False,False,10,2,fd678588-5ac2-400d-95c5-3309537781ec,0.031024531024531024,False,12.036200001602992
transfusion-retrieval-v3,sha256:5fc6a9a0d5ff5721954fad8f2855c204301e59ef0b28a91d8d9bdbaf48cb659b,4,hybrid_rrf,TN005,negative_out_of_scope,False,False,10,3,b225ae64-72d2-4e59-81c0-57f5d8438666,0.01639344262295082,False,12.036200001602992
transfusion-retrieval-v3,sha256:5fc6a9a0d5ff5721954fad8f2855c204301e59ef0b28a91d8d9bdbaf48cb659b,4,hybrid_rrf,TN005,negative_out_of_scope,False,False,10,4,70b95f72-95ec-43b5-b76f-657518103256,0.016129032258064516,False,12.036200001602992
transfusion-retrieval-v3,sha256:5fc6a9a0d5ff5721954fad8f2855c204301e59ef0b28a91d8d9bdbaf48cb659b,4,hybrid_rrf,TN005,negative_out_of_scope,False,False,10,5,eda54b74-cd2f-4808-8175-bcc5b916ce90,0.016129032258064516,False,12.036200001602992
transfusion-retrieval-v3,sha256:5fc6a9a0d5ff5721954fad8f2855c204301e59ef0b28a91d8d9bdbaf48cb659b,4,hybrid_rrf,TN005,negative_out_of_scope,False,False,10,6,7adacb8c-91c0-4ea7-8d82-7505eeac5042,0.015873015873015872,False,12.036200001602992
transfusion-retrieval-v3,sha256:5fc6a9a0d5ff5721954fad8f2855c204301e59ef0b28a91d8d9bdbaf48cb659b,4,hybrid_rrf,TN005,negative_out_of_scope,False,False,10,7,22e6c188-2e4c-4029-b200-7770a3f00e6e,0.015625,False,12.036200001602992
transfusion-retrieval-v3,sha256:5fc6a9a0d5ff5721954fad8f2855c204301e59ef0b28a91d8d9bdbaf48cb659b,4,hybrid_rrf,TN005,negative_out_of_scope,False,False,10,8,cfff9bf0-05e4-4179-a793-f3c705d04812,0.015625,False,12.036200001602992
transfusion-retrieval-v3,sha256:5fc6a9a0d5ff5721954fad8f2855c204301e59ef0b28a91d8d9bdbaf48cb659b,4,hybrid_rrf,TN005,negative_out_of_scope,False,False,10,9,a3d42ca5-54b5-4b8d-be4e-79337aaab880,0.015384615384615385,False,12.036200001602992
transfusion-retrieval-v3,sha256:5fc6a9a0d5ff5721954fad8f2855c204301e59ef0b28a91d8d9bdbaf48cb659b,4,hybrid_rrf,TN005,negative_out_of_scope,False,False,10,10,8f3ed830-3a06-41c6-8b06-cfcf6d36a83c,0.015151515151515152,False,12.036200001602992
transfusion-retrieval-v3,sha256:5fc6a9a0d5ff5721954fad8f2855c204301e59ef0b28a91d8d9bdbaf48cb659b,4,hybrid_rrf,TP001,product_specific,True,False,1,1,fb4884e3-8fea-42fa-b996-7e9c333e7fef,0.031024531024531024,False,14.71789999777684
transfusion-retrieval-v3,sha256:5fc6a9a0d5ff5721954fad8f2855c204301e59ef0b28a91d8d9bdbaf48cb659b,4,hybrid_rrf,TP001,product_specific,True,False,3,1,fb4884e3-8fea-42fa-b996-7e9c333e7fef,0.031024531024531024,False,14.71789999777684
transfusion-retrieval-v3,sha256:5fc6a9a0d5ff5721954fad8f2855c204301e59ef0b28a91d8d9bdbaf48cb659b,4,hybrid_rrf,TP001,product_specific,True,False,3,2,0f6b0fc1-9d70-479f-a87d-a26e954e2adb,0.01639344262295082,False,14.71789999777684
transfusion-retrieval-v3,sha256:5fc6a9a0d5ff5721954fad8f2855c204301e59ef0b28a91d8d9bdbaf48cb659b,4,hybrid_rrf,TP001,product_specific,True,False,3,3,f1611d72-8c47-41f8-bfee-99d5ffdfe12a,0.01639344262295082,False,14.71789999777684
transfusion-retrieval-v3,sha256:5fc6a9a0d5ff5721954fad8f2855c204301e59ef0b28a91d8d9bdbaf48cb659b,4,hybrid_rrf,TP001,product_specific,True,False,5,1,fb4884e3-8fea-42fa-b996-7e9c333e7fef,0.031024531024531024,False,14.71789999777684
transfusion-retrieval-v3,sha256:5fc6a9a0d5ff5721954fad8f2855c204301e59ef0b28a91d8d9bdbaf48cb659b,4,hybrid_rrf,TP001,product_specific,True,False,5,2,0f6b0fc1-9d70-479f-a87d-a26e954e2adb,0.01639344262295082,False,14.71789999777684
transfusion-retrieval-v3,sha256:5fc6a9a0d5ff5721954fad8f2855c204301e59ef0b28a91d8d9bdbaf48cb659b,4,hybrid_rrf,TP001,product_specific,True,False,5,3,f1611d72-8c47-41f8-bfee-99d5ffdfe12a,0.01639344262295082,False,14.71789999777684
transfusion-retrieval-v3,sha256:5fc6a9a0d5ff5721954fad8f2855c204301e59ef0b28a91d8d9bdbaf48cb659b,4,hybrid_rrf,TP001,product_specific,True,False,5,4,9552a4ac-31b4-43a8-aa92-37bd3e89362a,0.016129032258064516,False,14.71789999777684
transfusion-retrieval-v3,sha256:5fc6a9a0d5ff5721954fad8f2855c204301e59ef0b28a91d8d9bdbaf48cb659b,4,hybrid_rrf,TP001,product_specific,True,False,5,5,63cb7040-3526-4f6f-9f88-e295bbe5edaf,0.016129032258064516,False,14.71789999777684
transfusion-retrieval-v3,sha256:5fc6a9a0d5ff5721954fad8f2855c204301e59ef0b28a91d8d9bdbaf48cb659b,4,hybrid_rrf,TP001,product_specific,True,False,10,1,fb4884e3-8fea-42fa-b996-7e9c333e7fef,0.031024531024531024,False,14.71789999777684
transfusion-retrieval-v3,sha256:5fc6a9a0d5ff5721954fad8f2855c204301e59ef0b28a91d8d9bdbaf48cb659b,4,hybrid_rrf,TP001,product_specific,True,False,10,2,0f6b0fc1-9d70-479f-a87d-a26e954e2adb,0.01639344262295082,False,14.71789999777684
transfusion-retrieval-v3,sha256:5fc6a9a0d5ff5721954fad8f2855c204301e59ef0b28a91d8d9bdbaf48cb659b,4,hybrid_rrf,TP001,product_specific,True,False,10,3,f1611d72-8c47-41f8-bfee-99d5ffdfe12a,0.01639344262295082,False,14.71789999777684
transfusion-retrieval-v3,sha256:5fc6a9a0d5ff5721954fad8f2855c204301e59ef0b28a91d8d9bdbaf48cb659b,4,hybrid_rrf,TP001,product_specific,True,False,10,4,9552a4ac-31b4-43a8-aa92-37bd3e89362a,0.016129032258064516,False,14.71789999777684
transfusion-retrieval-v3,sha256:5fc6a9a0d5ff5721954fad8f2855c204301e59ef0b28a91d8d9bdbaf48cb659b,4,hybrid_rrf,TP001,product_specific,True,False,10,5,63cb7040-3526-4f6f-9f88-e295bbe5edaf,0.016129032258064516,False,14.71789999777684
transfusion-retrieval-v3,sha256:5fc6a9a0d5ff5721954fad8f2855c204301e59ef0b28a91d8d9bdbaf48cb659b,4,hybrid_rrf,TP001,product_specific,True,False,10,6,54fdf811-dedd-4016-b144-3e4bfdcd67c8,0.015873015873015872,False,14.71789999777684
transfusion-retrieval-v3,sha256:5fc6a9a0d5ff5721954fad8f2855c204301e59ef0b28a91d8d9bdbaf48cb659b,4,hybrid_rrf,TP001,product_specific,True,False,10,7,ba3d1d87-0c2d-4b67-a0c2-4615c8249c2a,0.015625,True,14.71789999777684
transfusion-retrieval-v3,sha256:5fc6a9a0d5ff5721954fad8f2855c204301e59ef0b28a91d8d9bdbaf48cb659b,4,hybrid_rrf,TP001,product_specific,True,False,10,8,17e22a4e-78d9-4607-b75b-151e52cc4d20,0.015625,False,14.71789999777684
transfusion-retrieval-v3,sha256:5fc6a9a0d5ff5721954fad8f2855c204301e59ef0b28a91d8d9bdbaf48cb659b,4,hybrid_rrf,TP001,product_specific,True,False,10,9,fbb0340e-b19d-43c3-a23a-5ee07899e8cd,0.015384615384615385,False,14.71789999777684
transfusion-retrieval-v3,sha256:5fc6a9a0d5ff5721954fad8f2855c204301e59ef0b28a91d8d9bdbaf48cb659b,4,hybrid_rrf,TP001,product_specific,True,False,10,10,84c0a864-176f-4776-a15e-167fc2518e5d,0.015384615384615385,False,14.71789999777684
transfusion-retrieval-v3,sha256:5fc6a9a0d5ff5721954fad8f2855c204301e59ef0b28a91d8d9bdbaf48cb659b,4,hybrid_rrf,TP002,product_specific,True,False,1,1,4c0dde2a-0432-4cb2-ad33-987f5979ff76,0.01639344262295082,False,8.838699999614619
transfusion-retrieval-v3,sha256:5fc6a9a0d5ff5721954fad8f2855c204301e59ef0b28a91d8d9bdbaf48cb659b,4,hybrid_rrf,TP002,product_specific,True,False,3,1,4c0dde2a-0432-4cb2-ad33-987f5979ff76,0.01639344262295082,False,8.838699999614619
transfusion-retrieval-v3,sha256:5fc6a9a0d5ff5721954fad8f2855c204301e59ef0b28a91d8d9bdbaf48cb659b,4,hybrid_rrf,TP002,product_specific,True,False,3,2,63cb7040-3526-4f6f-9f88-e295bbe5edaf,0.01639344262295082,False,8.838699999614619
transfusion-retrieval-v3,sha256:5fc6a9a0d5ff5721954fad8f2855c204301e59ef0b28a91d8d9bdbaf48cb659b,4,hybrid_rrf,TP002,product_specific,True,False,3,3,fb4884e3-8fea-42fa-b996-7e9c333e7fef,0.016129032258064516,False,8.838699999614619
transfusion-retrieval-v3,sha256:5fc6a9a0d5ff5721954fad8f2855c204301e59ef0b28a91d8d9bdbaf48cb659b,4,hybrid_rrf,TP002,product_specific,True,False,5,1,4c0dde2a-0432-4cb2-ad33-987f5979ff76,0.01639344262295082,False,8.838699999614619
transfusion-retrieval-v3,sha256:5fc6a9a0d5ff5721954fad8f2855c204301e59ef0b28a91d8d9bdbaf48cb659b,4,hybrid_rrf,TP002,product_specific,True,False,5,2,63cb7040-3526-4f6f-9f88-e295bbe5edaf,0.01639344262295082,False,8.838699999614619
transfusion-retrieval-v3,sha256:5fc6a9a0d5ff5721954fad8f2855c204301e59ef0b28a91d8d9bdbaf48cb659b,4,hybrid_rrf,TP002,product_specific,True,False,5,3,fb4884e3-8fea-42fa-b996-7e9c333e7fef,0.016129032258064516,False,8.838699999614619
transfusion-retrieval-v3,sha256:5fc6a9a0d5ff5721954fad8f2855c204301e59ef0b28a91d8d9bdbaf48cb659b,4,hybrid_rrf,TP002,product_specific,True,False,5,4,f7a9837d-f8db-4461-abd8-a3607db2276f,0.016129032258064516,False,8.838699999614619
transfusion-retrieval-v3,sha256:5fc6a9a0d5ff5721954fad8f2855c204301e59ef0b28a91d8d9bdbaf48cb659b,4,hybrid_rrf,TP002,product_specific,True,False,5,5,17e22a4e-78d9-4607-b75b-151e52cc4d20,0.015873015873015872,False,8.838699999614619
transfusion-retrieval-v3,sha256:5fc6a9a0d5ff5721954fad8f2855c204301e59ef0b28a91d8d9bdbaf48cb659b,4,hybrid_rrf,TP002,product_specific,True,False,10,1,4c0dde2a-0432-4cb2-ad33-987f5979ff76,0.01639344262295082,False,8.838699999614619
transfusion-retrieval-v3,sha256:5fc6a9a0d5ff5721954fad8f2855c204301e59ef0b28a91d8d9bdbaf48cb659b,4,hybrid_rrf,TP002,product_specific,True,False,10,2,63cb7040-3526-4f6f-9f88-e295bbe5edaf,0.01639344262295082,False,8.838699999614619
transfusion-retrieval-v3,sha256:5fc6a9a0d5ff5721954fad8f2855c204301e59ef0b28a91d8d9bdbaf48cb659b,4,hybrid_rrf,TP002,product_specific,True,False,10,3,fb4884e3-8fea-42fa-b996-7e9c333e7fef,0.016129032258064516,False,8.838699999614619
transfusion-retrieval-v3,sha256:5fc6a9a0d5ff5721954fad8f2855c204301e59ef0b28a91d8d9bdbaf48cb659b,4,hybrid_rrf,TP002,product_specific,True,False,10,4,f7a9837d-f8db-4461-abd8-a3607db2276f,0.016129032258064516,False,8.838699999614619
transfusion-retrieval-v3,sha256:5fc6a9a0d5ff5721954fad8f2855c204301e59ef0b28a91d8d9bdbaf48cb659b,4,hybrid_rrf,TP002,product_specific,True,False,10,5,17e22a4e-78d9-4607-b75b-151e52cc4d20,0.015873015873015872,False,8.838699999614619
transfusion-retrieval-v3,sha256:5fc6a9a0d5ff5721954fad8f2855c204301e59ef0b28a91d8d9bdbaf48cb659b,4,hybrid_rrf,TP002,product_specific,True,False,10,6,b0b5bc4f-7d0b-4f56-8e37-84178d38637d,0.015873015873015872,False,8.838699999614619
transfusion-retrieval-v3,sha256:5fc6a9a0d5ff5721954fad8f2855c204301e59ef0b28a91d8d9bdbaf48cb659b,4,hybrid_rrf,TP002,product_specific,True,False,10,7,fbb0340e-b19d-43c3-a23a-5ee07899e8cd,0.015625,False,8.838699999614619
transfusion-retrieval-v3,sha256:5fc6a9a0d5ff5721954fad8f2855c204301e59ef0b28a91d8d9bdbaf48cb659b,4,hybrid_rrf,TP002,product_specific,True,False,10,8,c404e320-0bf2-4325-be92-7a0614f201ca,0.015625,False,8.838699999614619
transfusion-retrieval-v3,sha256:5fc6a9a0d5ff5721954fad8f2855c204301e59ef0b28a91d8d9bdbaf48cb659b,4,hybrid_rrf,TP002,product_specific,True,False,10,9,e4892114-b8eb-4f39-a7c4-427217039236,0.015384615384615385,False,8.838699999614619
transfusion-retrieval-v3,sha256:5fc6a9a0d5ff5721954fad8f2855c204301e59ef0b28a91d8d9bdbaf48cb659b,4,hybrid_rrf,TP002,product_specific,True,False,10,10,a3d42ca5-54b5-4b8d-be4e-79337aaab880,0.015384615384615385,False,8.838699999614619
transfusion-retrieval-v3,sha256:5fc6a9a0d5ff5721954fad8f2855c204301e59ef0b28a91d8d9bdbaf48cb659b,4,hybrid_rrf,TP003,temporal,True,False,1,1,c404e320-0bf2-4325-be92-7a0614f201ca,0.03200204813108039,False,13.029400000959868
transfusion-retrieval-v3,sha256:5fc6a9a0d5ff5721954fad8f2855c204301e59ef0b28a91d8d9bdbaf48cb659b,4,hybrid_rrf,TP003,temporal,True,False,3,1,c404e320-0bf2-4325-be92-7a0614f201ca,0.03200204813108039,False,13.029400000959868
transfusion-retrieval-v3,sha256:5fc6a9a0d5ff5721954fad8f2855c204301e59ef0b28a91d8d9bdbaf48cb659b,4,hybrid_rrf,TP003,temporal,True,False,3,2,63b53156-440d-40c1-bc88-5c07c23ae77f,0.03177805800756621,True,13.029400000959868
transfusion-retrieval-v3,sha256:5fc6a9a0d5ff5721954fad8f2855c204301e59ef0b28a91d8d9bdbaf48cb659b,4,hybrid_rrf,TP003,temporal,True,False,3,3,9131e9a9-eff3-4f4e-a20b-4bdd456c35bc,0.03149801587301587,False,13.029400000959868
transfusion-retrieval-v3,sha256:5fc6a9a0d5ff5721954fad8f2855c204301e59ef0b28a91d8d9bdbaf48cb659b,4,hybrid_rrf,TP003,temporal,True,False,5,1,c404e320-0bf2-4325-be92-7a0614f201ca,0.03200204813108039,False,13.029400000959868
transfusion-retrieval-v3,sha256:5fc6a9a0d5ff5721954fad8f2855c204301e59ef0b28a91d8d9bdbaf48cb659b,4,hybrid_rrf,TP003,temporal,True,False,5,2,63b53156-440d-40c1-bc88-5c07c23ae77f,0.03177805800756621,True,13.029400000959868
transfusion-retrieval-v3,sha256:5fc6a9a0d5ff5721954fad8f2855c204301e59ef0b28a91d8d9bdbaf48cb659b,4,hybrid_rrf,TP003,temporal,True,False,5,3,9131e9a9-eff3-4f4e-a20b-4bdd456c35bc,0.03149801587301587,False,13.029400000959868
transfusion-retrieval-v3,sha256:5fc6a9a0d5ff5721954fad8f2855c204301e59ef0b28a91d8d9bdbaf48cb659b,4,hybrid_rrf,TP003,temporal,True,False,5,4,21efe016-3004-45f3-a070-29ce2ecb0019,0.031054405392392875,False,13.029400000959868
transfusion-retrieval-v3,sha256:5fc6a9a0d5ff5721954fad8f2855c204301e59ef0b28a91d8d9bdbaf48cb659b,4,hybrid_rrf,TP003,temporal,True,False,5,5,59d57c8a-c9d7-4f8d-b9a1-a2816f1f01f7,0.03055037313432836,False,13.029400000959868
transfusion-retrieval-v3,sha256:5fc6a9a0d5ff5721954fad8f2855c204301e59ef0b28a91d8d9bdbaf48cb659b,4,hybrid_rrf,TP003,temporal,True,False,10,1,c404e320-0bf2-4325-be92-7a0614f201ca,0.03200204813108039,False,13.029400000959868
transfusion-retrieval-v3,sha256:5fc6a9a0d5ff5721954fad8f2855c204301e59ef0b28a91d8d9bdbaf48cb659b,4,hybrid_rrf,TP003,temporal,True,False,10,2,63b53156-440d-40c1-bc88-5c07c23ae77f,0.03177805800756621,True,13.029400000959868
transfusion-retrieval-v3,sha256:5fc6a9a0d5ff5721954fad8f2855c204301e59ef0b28a91d8d9bdbaf48cb659b,4,hybrid_rrf,TP003,temporal,True,False,10,3,9131e9a9-eff3-4f4e-a20b-4bdd456c35bc,0.03149801587301587,False,13.029400000959868
transfusion-retrieval-v3,sha256:5fc6a9a0d5ff5721954fad8f2855c204301e59ef0b28a91d8d9bdbaf48cb659b,4,hybrid_rrf,TP003,temporal,True,False,10,4,21efe016-3004-45f3-a070-29ce2ecb0019,0.031054405392392875,False,13.029400000959868
transfusion-retrieval-v3,sha256:5fc6a9a0d5ff5721954fad8f2855c204301e59ef0b28a91d8d9bdbaf48cb659b,4,hybrid_rrf,TP003,temporal,True,False,10,5,59d57c8a-c9d7-4f8d-b9a1-a2816f1f01f7,0.03055037313432836,False,13.029400000959868
transfusion-retrieval-v3,sha256:5fc6a9a0d5ff5721954fad8f2855c204301e59ef0b28a91d8d9bdbaf48cb659b,4,hybrid_rrf,TP003,temporal,True,False,10,6,a7cf71a5-8426-4d7c-8106-e0754e7cb4bf,0.01639344262295082,False,13.029400000959868
transfusion-retrieval-v3,sha256:5fc6a9a0d5ff5721954fad8f2855c204301e59ef0b28a91d8d9bdbaf48cb659b,4,hybrid_rrf,TP003,temporal,True,False,10,7,ffcf7308-6e83-47bc-a519-0b4b7ba44562,0.015384615384615385,False,13.029400000959868
transfusion-retrieval-v3,sha256:5fc6a9a0d5ff5721954fad8f2855c204301e59ef0b28a91d8d9bdbaf48cb659b,4,hybrid_rrf,TP003,temporal,True,False,10,8,a3d42ca5-54b5-4b8d-be4e-79337aaab880,0.015151515151515152,False,13.029400000959868
transfusion-retrieval-v3,sha256:5fc6a9a0d5ff5721954fad8f2855c204301e59ef0b28a91d8d9bdbaf48cb659b,4,hybrid_rrf,TP003,temporal,True,False,10,9,d2e0fc0a-bf0e-4226-abbf-e9f3dea2fce8,0.015151515151515152,False,13.029400000959868
transfusion-retrieval-v3,sha256:5fc6a9a0d5ff5721954fad8f2855c204301e59ef0b28a91d8d9bdbaf48cb659b,4,hybrid_rrf,TP003,temporal,True,False,10,10,b66e5419-8a9c-47f4-866d-ebdb95b174b2,0.014705882352941176,False,13.029400000959868
transfusion-retrieval-v3,sha256:5fc6a9a0d5ff5721954fad8f2855c204301e59ef0b28a91d8d9bdbaf48cb659b,4,hybrid_rrf,TP004,temporal,True,False,1,1,63b53156-440d-40c1-bc88-5c07c23ae77f,0.01639344262295082,True,13.526700000511482
transfusion-retrieval-v3,sha256:5fc6a9a0d5ff5721954fad8f2855c204301e59ef0b28a91d8d9bdbaf48cb659b,4,hybrid_rrf,TP004,temporal,True,False,3,1,63b53156-440d-40c1-bc88-5c07c23ae77f,0.01639344262295082,True,13.526700000511482
transfusion-retrieval-v3,sha256:5fc6a9a0d5ff5721954fad8f2855c204301e59ef0b28a91d8d9bdbaf48cb659b,4,hybrid_rrf,TP004,temporal,True,False,3,2,63cb7040-3526-4f6f-9f88-e295bbe5edaf,0.01639344262295082,False,13.526700000511482
transfusion-retrieval-v3,sha256:5fc6a9a0d5ff5721954fad8f2855c204301e59ef0b28a91d8d9bdbaf48cb659b,4,hybrid_rrf,TP004,temporal,True,False,3,3,17e22a4e-78d9-4607-b75b-151e52cc4d20,0.016129032258064516,False,13.526700000511482
transfusion-retrieval-v3,sha256:5fc6a9a0d5ff5721954fad8f2855c204301e59ef0b28a91d8d9bdbaf48cb659b,4,hybrid_rrf,TP004,temporal,True,False,5,1,63b53156-440d-40c1-bc88-5c07c23ae77f,0.01639344262295082,True,13.526700000511482
transfusion-retrieval-v3,sha256:5fc6a9a0d5ff5721954fad8f2855c204301e59ef0b28a91d8d9bdbaf48cb659b,4,hybrid_rrf,TP004,temporal,True,False,5,2,63cb7040-3526-4f6f-9f88-e295bbe5edaf,0.01639344262295082,False,13.526700000511482
transfusion-retrieval-v3,sha256:5fc6a9a0d5ff5721954fad8f2855c204301e59ef0b28a91d8d9bdbaf48cb659b,4,hybrid_rrf,TP004,temporal,True,False,5,3,17e22a4e-78d9-4607-b75b-151e52cc4d20,0.016129032258064516,False,13.526700000511482
transfusion-retrieval-v3,sha256:5fc6a9a0d5ff5721954fad8f2855c204301e59ef0b28a91d8d9bdbaf48cb659b,4,hybrid_rrf,TP004,temporal,True,False,5,4,f7a9837d-f8db-4461-abd8-a3607db2276f,0.016129032258064516,False,13.526700000511482
transfusion-retrieval-v3,sha256:5fc6a9a0d5ff5721954fad8f2855c204301e59ef0b28a91d8d9bdbaf48cb659b,4,hybrid_rrf,TP004,temporal,True,False,5,5,23c6ca0d-04bf-4081-b90a-9819029dcd73,0.015873015873015872,False,13.526700000511482
transfusion-retrieval-v3,sha256:5fc6a9a0d5ff5721954fad8f2855c204301e59ef0b28a91d8d9bdbaf48cb659b,4,hybrid_rrf,TP004,temporal,True,False,10,1,63b53156-440d-40c1-bc88-5c07c23ae77f,0.01639344262295082,True,13.526700000511482
transfusion-retrieval-v3,sha256:5fc6a9a0d5ff5721954fad8f2855c204301e59ef0b28a91d8d9bdbaf48cb659b,4,hybrid_rrf,TP004,temporal,True,False,10,2,63cb7040-3526-4f6f-9f88-e295bbe5edaf,0.01639344262295082,False,13.526700000511482
transfusion-retrieval-v3,sha256:5fc6a9a0d5ff5721954fad8f2855c204301e59ef0b28a91d8d9bdbaf48cb659b,4,hybrid_rrf,TP004,temporal,True,False,10,3,17e22a4e-78d9-4607-b75b-151e52cc4d20,0.016129032258064516,False,13.526700000511482
transfusion-retrieval-v3,sha256:5fc6a9a0d5ff5721954fad8f2855c204301e59ef0b28a91d8d9bdbaf48cb659b,4,hybrid_rrf,TP004,temporal,True,False,10,4,f7a9837d-f8db-4461-abd8-a3607db2276f,0.016129032258064516,False,13.526700000511482
transfusion-retrieval-v3,sha256:5fc6a9a0d5ff5721954fad8f2855c204301e59ef0b28a91d8d9bdbaf48cb659b,4,hybrid_rrf,TP004,temporal,True,False,10,5,23c6ca0d-04bf-4081-b90a-9819029dcd73,0.015873015873015872,False,13.526700000511482
transfusion-retrieval-v3,sha256:5fc6a9a0d5ff5721954fad8f2855c204301e59ef0b28a91d8d9bdbaf48cb659b,4,hybrid_rrf,TP004,temporal,True,False,10,6,fbb0340e-b19d-43c3-a23a-5ee07899e8cd,0.015873015873015872,False,13.526700000511482
transfusion-retrieval-v3,sha256:5fc6a9a0d5ff5721954fad8f2855c204301e59ef0b28a91d8d9bdbaf48cb659b,4,hybrid_rrf,TP004,temporal,True,False,10,7,e4892114-b8eb-4f39-a7c4-427217039236,0.015625,False,13.526700000511482
transfusion-retrieval-v3,sha256:5fc6a9a0d5ff5721954fad8f2855c204301e59ef0b28a91d8d9bdbaf48cb659b,4,hybrid_rrf,TP004,temporal,True,False,10,8,c404e320-0bf2-4325-be92-7a0614f201ca,0.015625,False,13.526700000511482
transfusion-retrieval-v3,sha256:5fc6a9a0d5ff5721954fad8f2855c204301e59ef0b28a91d8d9bdbaf48cb659b,4,hybrid_rrf,TP004,temporal,True,False,10,9,21efe016-3004-45f3-a070-29ce2ecb0019,0.015384615384615385,False,13.526700000511482
transfusion-retrieval-v3,sha256:5fc6a9a0d5ff5721954fad8f2855c204301e59ef0b28a91d8d9bdbaf48cb659b,4,hybrid_rrf,TP004,temporal,True,False,10,10,9c5f18b5-9491-4cb2-9eba-9a0d2462f8bb,0.015384615384615385,False,13.526700000511482
transfusion-retrieval-v3,sha256:5fc6a9a0d5ff5721954fad8f2855c204301e59ef0b28a91d8d9bdbaf48cb659b,4,hybrid_rrf,TP005,temporal,True,False,1,1,da79aa00-567d-434c-8441-915ac080f918,0.01639344262295082,True,10.030699995695613
transfusion-retrieval-v3,sha256:5fc6a9a0d5ff5721954fad8f2855c204301e59ef0b28a91d8d9bdbaf48cb659b,4,hybrid_rrf,TP005,temporal,True,False,3,1,da79aa00-567d-434c-8441-915ac080f918,0.01639344262295082,True,10.030699995695613
transfusion-retrieval-v3,sha256:5fc6a9a0d5ff5721954fad8f2855c204301e59ef0b28a91d8d9bdbaf48cb659b,4,hybrid_rrf,TP005,temporal,True,False,3,2,63cb7040-3526-4f6f-9f88-e295bbe5edaf,0.01639344262295082,False,10.030699995695613
transfusion-retrieval-v3,sha256:5fc6a9a0d5ff5721954fad8f2855c204301e59ef0b28a91d8d9bdbaf48cb659b,4,hybrid_rrf,TP005,temporal,True,False,3,3,ba3d1d87-0c2d-4b67-a0c2-4615c8249c2a,0.016129032258064516,False,10.030699995695613
transfusion-retrieval-v3,sha256:5fc6a9a0d5ff5721954fad8f2855c204301e59ef0b28a91d8d9bdbaf48cb659b,4,hybrid_rrf,TP005,temporal,True,False,5,1,da79aa00-567d-434c-8441-915ac080f918,0.01639344262295082,True,10.030699995695613
transfusion-retrieval-v3,sha256:5fc6a9a0d5ff5721954fad8f2855c204301e59ef0b28a91d8d9bdbaf48cb659b,4,hybrid_rrf,TP005,temporal,True,False,5,2,63cb7040-3526-4f6f-9f88-e295bbe5edaf,0.01639344262295082,False,10.030699995695613
transfusion-retrieval-v3,sha256:5fc6a9a0d5ff5721954fad8f2855c204301e59ef0b28a91d8d9bdbaf48cb659b,4,hybrid_rrf,TP005,temporal,True,False,5,3,ba3d1d87-0c2d-4b67-a0c2-4615c8249c2a,0.016129032258064516,False,10.030699995695613
transfusion-retrieval-v3,sha256:5fc6a9a0d5ff5721954fad8f2855c204301e59ef0b28a91d8d9bdbaf48cb659b,4,hybrid_rrf,TP005,temporal,True,False,5,4,16efaa44-1554-4748-8407-48fac0bced94,0.016129032258064516,False,10.030699995695613
transfusion-retrieval-v3,sha256:5fc6a9a0d5ff5721954fad8f2855c204301e59ef0b28a91d8d9bdbaf48cb659b,4,hybrid_rrf,TP005,temporal,True,False,5,5,fb4884e3-8fea-42fa-b996-7e9c333e7fef,0.015873015873015872,False,10.030699995695613
transfusion-retrieval-v3,sha256:5fc6a9a0d5ff5721954fad8f2855c204301e59ef0b28a91d8d9bdbaf48cb659b,4,hybrid_rrf,TP005,temporal,True,False,10,1,da79aa00-567d-434c-8441-915ac080f918,0.01639344262295082,True,10.030699995695613
transfusion-retrieval-v3,sha256:5fc6a9a0d5ff5721954fad8f2855c204301e59ef0b28a91d8d9bdbaf48cb659b,4,hybrid_rrf,TP005,temporal,True,False,10,2,63cb7040-3526-4f6f-9f88-e295bbe5edaf,0.01639344262295082,False,10.030699995695613
transfusion-retrieval-v3,sha256:5fc6a9a0d5ff5721954fad8f2855c204301e59ef0b28a91d8d9bdbaf48cb659b,4,hybrid_rrf,TP005,temporal,True,False,10,3,ba3d1d87-0c2d-4b67-a0c2-4615c8249c2a,0.016129032258064516,False,10.030699995695613
transfusion-retrieval-v3,sha256:5fc6a9a0d5ff5721954fad8f2855c204301e59ef0b28a91d8d9bdbaf48cb659b,4,hybrid_rrf,TP005,temporal,True,False,10,4,16efaa44-1554-4748-8407-48fac0bced94,0.016129032258064516,False,10.030699995695613
transfusion-retrieval-v3,sha256:5fc6a9a0d5ff5721954fad8f2855c204301e59ef0b28a91d8d9bdbaf48cb659b,4,hybrid_rrf,TP005,temporal,True,False,10,5,fb4884e3-8fea-42fa-b996-7e9c333e7fef,0.015873015873015872,False,10.030699995695613
transfusion-retrieval-v3,sha256:5fc6a9a0d5ff5721954fad8f2855c204301e59ef0b28a91d8d9bdbaf48cb659b,4,hybrid_rrf,TP005,temporal,True,False,10,6,0f6b0fc1-9d70-479f-a87d-a26e954e2adb,0.015873015873015872,False,10.030699995695613
transfusion-retrieval-v3,sha256:5fc6a9a0d5ff5721954fad8f2855c204301e59ef0b28a91d8d9bdbaf48cb659b,4,hybrid_rrf,TP005,temporal,True,False,10,7,eeb8db46-f757-41f1-9ca5-c022f3d4ea3e,0.015625,False,10.030699995695613
transfusion-retrieval-v3,sha256:5fc6a9a0d5ff5721954fad8f2855c204301e59ef0b28a91d8d9bdbaf48cb659b,4,hybrid_rrf,TP005,temporal,True,False,10,8,54fdf811-dedd-4016-b144-3e4bfdcd67c8,0.015625,False,10.030699995695613
transfusion-retrieval-v3,sha256:5fc6a9a0d5ff5721954fad8f2855c204301e59ef0b28a91d8d9bdbaf48cb659b,4,hybrid_rrf,TP005,temporal,True,False,10,9,e96acbc9-66b4-4df4-953b-3f7b0a846bbc,0.015384615384615385,False,10.030699995695613
transfusion-retrieval-v3,sha256:5fc6a9a0d5ff5721954fad8f2855c204301e59ef0b28a91d8d9bdbaf48cb659b,4,hybrid_rrf,TP005,temporal,True,False,10,10,17e22a4e-78d9-4607-b75b-151e52cc4d20,0.015384615384615385,False,10.030699995695613
transfusion-retrieval-v3,sha256:5fc6a9a0d5ff5721954fad8f2855c204301e59ef0b28a91d8d9bdbaf48cb659b,4,hybrid_rrf,TP006,product_specific,True,False,1,1,e96acbc9-66b4-4df4-953b-3f7b0a846bbc,0.01639344262295082,True,15.142600001126993
transfusion-retrieval-v3,sha256:5fc6a9a0d5ff5721954fad8f2855c204301e59ef0b28a91d8d9bdbaf48cb659b,4,hybrid_rrf,TP006,product_specific,True,False,3,1,e96acbc9-66b4-4df4-953b-3f7b0a846bbc,0.01639344262295082,True,15.142600001126993
transfusion-retrieval-v3,sha256:5fc6a9a0d5ff5721954fad8f2855c204301e59ef0b28a91d8d9bdbaf48cb659b,4,hybrid_rrf,TP006,product_specific,True,False,3,2,63cb7040-3526-4f6f-9f88-e295bbe5edaf,0.01639344262295082,False,15.142600001126993
transfusion-retrieval-v3,sha256:5fc6a9a0d5ff5721954fad8f2855c204301e59ef0b28a91d8d9bdbaf48cb659b,4,hybrid_rrf,TP006,product_specific,True,False,3,3,9131e9a9-eff3-4f4e-a20b-4bdd456c35bc,0.016129032258064516,False,15.142600001126993
transfusion-retrieval-v3,sha256:5fc6a9a0d5ff5721954fad8f2855c204301e59ef0b28a91d8d9bdbaf48cb659b,4,hybrid_rrf,TP006,product_specific,True,False,5,1,e96acbc9-66b4-4df4-953b-3f7b0a846bbc,0.01639344262295082,True,15.142600001126993
transfusion-retrieval-v3,sha256:5fc6a9a0d5ff5721954fad8f2855c204301e59ef0b28a91d8d9bdbaf48cb659b,4,hybrid_rrf,TP006,product_specific,True,False,5,2,63cb7040-3526-4f6f-9f88-e295bbe5edaf,0.01639344262295082,False,15.142600001126993
transfusion-retrieval-v3,sha256:5fc6a9a0d5ff5721954fad8f2855c204301e59ef0b28a91d8d9bdbaf48cb659b,4,hybrid_rrf,TP006,product_specific,True,False,5,3,9131e9a9-eff3-4f4e-a20b-4bdd456c35bc,0.016129032258064516,False,15.142600001126993
transfusion-retrieval-v3,sha256:5fc6a9a0d5ff5721954fad8f2855c204301e59ef0b28a91d8d9bdbaf48cb659b,4,hybrid_rrf,TP006,product_specific,True,False,5,4,16efaa44-1554-4748-8407-48fac0bced94,0.016129032258064516,False,15.142600001126993
transfusion-retrieval-v3,sha256:5fc6a9a0d5ff5721954fad8f2855c204301e59ef0b28a91d8d9bdbaf48cb659b,4,hybrid_rrf,TP006,product_specific,True,False,5,5,54fdf811-dedd-4016-b144-3e4bfdcd67c8,0.015873015873015872,False,15.142600001126993
transfusion-retrieval-v3,sha256:5fc6a9a0d5ff5721954fad8f2855c204301e59ef0b28a91d8d9bdbaf48cb659b,4,hybrid_rrf,TP006,product_specific,True,False,10,1,e96acbc9-66b4-4df4-953b-3f7b0a846bbc,0.01639344262295082,True,15.142600001126993
transfusion-retrieval-v3,sha256:5fc6a9a0d5ff5721954fad8f2855c204301e59ef0b28a91d8d9bdbaf48cb659b,4,hybrid_rrf,TP006,product_specific,True,False,10,2,63cb7040-3526-4f6f-9f88-e295bbe5edaf,0.01639344262295082,False,15.142600001126993
transfusion-retrieval-v3,sha256:5fc6a9a0d5ff5721954fad8f2855c204301e59ef0b28a91d8d9bdbaf48cb659b,4,hybrid_rrf,TP006,product_specific,True,False,10,3,9131e9a9-eff3-4f4e-a20b-4bdd456c35bc,0.016129032258064516,False,15.142600001126993
transfusion-retrieval-v3,sha256:5fc6a9a0d5ff5721954fad8f2855c204301e59ef0b28a91d8d9bdbaf48cb659b,4,hybrid_rrf,TP006,product_specific,True,False,10,4,16efaa44-1554-4748-8407-48fac0bced94,0.016129032258064516,False,15.142600001126993
transfusion-retrieval-v3,sha256:5fc6a9a0d5ff5721954fad8f2855c204301e59ef0b28a91d8d9bdbaf48cb659b,4,hybrid_rrf,TP006,product_specific,True,False,10,5,54fdf811-dedd-4016-b144-3e4bfdcd67c8,0.015873015873015872,False,15.142600001126993
transfusion-retrieval-v3,sha256:5fc6a9a0d5ff5721954fad8f2855c204301e59ef0b28a91d8d9bdbaf48cb659b,4,hybrid_rrf,TP006,product_specific,True,False,10,6,4797ba3b-c3d9-4d11-be5f-86db44dbda83,0.015873015873015872,False,15.142600001126993
transfusion-retrieval-v3,sha256:5fc6a9a0d5ff5721954fad8f2855c204301e59ef0b28a91d8d9bdbaf48cb659b,4,hybrid_rrf,TP006,product_specific,True,False,10,7,10537058-d160-4786-a6cf-95de46d7189c,0.015625,False,15.142600001126993
transfusion-retrieval-v3,sha256:5fc6a9a0d5ff5721954fad8f2855c204301e59ef0b28a91d8d9bdbaf48cb659b,4,hybrid_rrf,TP006,product_specific,True,False,10,8,d4c1a9ca-23c5-4ae0-9a51-c56675b2e6d1,0.015625,False,15.142600001126993
transfusion-retrieval-v3,sha256:5fc6a9a0d5ff5721954fad8f2855c204301e59ef0b28a91d8d9bdbaf48cb659b,4,hybrid_rrf,TP006,product_specific,True,False,10,9,e62b0c91-ff0c-43b2-9bd5-ff173d9f8bc0,0.015384615384615385,False,15.142600001126993
transfusion-retrieval-v3,sha256:5fc6a9a0d5ff5721954fad8f2855c204301e59ef0b28a91d8d9bdbaf48cb659b,4,hybrid_rrf,TP006,product_specific,True,False,10,10,59d57c8a-c9d7-4f8d-b9a1-a2816f1f01f7,0.015384615384615385,False,15.142600001126993
transfusion-retrieval-v3,sha256:5fc6a9a0d5ff5721954fad8f2855c204301e59ef0b28a91d8d9bdbaf48cb659b,4,hybrid_rrf,TP007,product_specific,True,False,1,1,e62b0c91-ff0c-43b2-9bd5-ff173d9f8bc0,0.01639344262295082,False,11.167000000568805
transfusion-retrieval-v3,sha256:5fc6a9a0d5ff5721954fad8f2855c204301e59ef0b28a91d8d9bdbaf48cb659b,4,hybrid_rrf,TP007,product_specific,True,False,3,1,e62b0c91-ff0c-43b2-9bd5-ff173d9f8bc0,0.01639344262295082,False,11.167000000568805
transfusion-retrieval-v3,sha256:5fc6a9a0d5ff5721954fad8f2855c204301e59ef0b28a91d8d9bdbaf48cb659b,4,hybrid_rrf,TP007,product_specific,True,False,3,2,63cb7040-3526-4f6f-9f88-e295bbe5edaf,0.01639344262295082,False,11.167000000568805
transfusion-retrieval-v3,sha256:5fc6a9a0d5ff5721954fad8f2855c204301e59ef0b28a91d8d9bdbaf48cb659b,4,hybrid_rrf,TP007,product_specific,True,False,3,3,16efaa44-1554-4748-8407-48fac0bced94,0.016129032258064516,False,11.167000000568805
transfusion-retrieval-v3,sha256:5fc6a9a0d5ff5721954fad8f2855c204301e59ef0b28a91d8d9bdbaf48cb659b,4,hybrid_rrf,TP007,product_specific,True,False,5,1,e62b0c91-ff0c-43b2-9bd5-ff173d9f8bc0,0.01639344262295082,False,11.167000000568805
transfusion-retrieval-v3,sha256:5fc6a9a0d5ff5721954fad8f2855c204301e59ef0b28a91d8d9bdbaf48cb659b,4,hybrid_rrf,TP007,product_specific,True,False,5,2,63cb7040-3526-4f6f-9f88-e295bbe5edaf,0.01639344262295082,False,11.167000000568805
transfusion-retrieval-v3,sha256:5fc6a9a0d5ff5721954fad8f2855c204301e59ef0b28a91d8d9bdbaf48cb659b,4,hybrid_rrf,TP007,product_specific,True,False,5,3,16efaa44-1554-4748-8407-48fac0bced94,0.016129032258064516,False,11.167000000568805
transfusion-retrieval-v3,sha256:5fc6a9a0d5ff5721954fad8f2855c204301e59ef0b28a91d8d9bdbaf48cb659b,4,hybrid_rrf,TP007,product_specific,True,False,5,4,7c33fbb7-e931-4f6b-9520-23875ec9ee5b,0.016129032258064516,False,11.167000000568805
transfusion-retrieval-v3,sha256:5fc6a9a0d5ff5721954fad8f2855c204301e59ef0b28a91d8d9bdbaf48cb659b,4,hybrid_rrf,TP007,product_specific,True,False,5,5,fb4884e3-8fea-42fa-b996-7e9c333e7fef,0.015873015873015872,False,11.167000000568805
transfusion-retrieval-v3,sha256:5fc6a9a0d5ff5721954fad8f2855c204301e59ef0b28a91d8d9bdbaf48cb659b,4,hybrid_rrf,TP007,product_specific,True,False,10,1,e62b0c91-ff0c-43b2-9bd5-ff173d9f8bc0,0.01639344262295082,False,11.167000000568805
transfusion-retrieval-v3,sha256:5fc6a9a0d5ff5721954fad8f2855c204301e59ef0b28a91d8d9bdbaf48cb659b,4,hybrid_rrf,TP007,product_specific,True,False,10,2,63cb7040-3526-4f6f-9f88-e295bbe5edaf,0.01639344262295082,False,11.167000000568805
transfusion-retrieval-v3,sha256:5fc6a9a0d5ff5721954fad8f2855c204301e59ef0b28a91d8d9bdbaf48cb659b,4,hybrid_rrf,TP007,product_specific,True,False,10,3,16efaa44-1554-4748-8407-48fac0bced94,0.016129032258064516,False,11.167000000568805
transfusion-retrieval-v3,sha256:5fc6a9a0d5ff5721954fad8f2855c204301e59ef0b28a91d8d9bdbaf48cb659b,4,hybrid_rrf,TP007,product_specific,True,False,10,4,7c33fbb7-e931-4f6b-9520-23875ec9ee5b,0.016129032258064516,False,11.167000000568805
transfusion-retrieval-v3,sha256:5fc6a9a0d5ff5721954fad8f2855c204301e59ef0b28a91d8d9bdbaf48cb659b,4,hybrid_rrf,TP007,product_specific,True,False,10,5,fb4884e3-8fea-42fa-b996-7e9c333e7fef,0.015873015873015872,False,11.167000000568805
transfusion-retrieval-v3,sha256:5fc6a9a0d5ff5721954fad8f2855c204301e59ef0b28a91d8d9bdbaf48cb659b,4,hybrid_rrf,TP007,product_specific,True,False,10,6,4c0dde2a-0432-4cb2-ad33-987f5979ff76,0.015873015873015872,False,11.167000000568805
transfusion-retrieval-v3,sha256:5fc6a9a0d5ff5721954fad8f2855c204301e59ef0b28a91d8d9bdbaf48cb659b,4,hybrid_rrf,TP007,product_specific,True,False,10,7,eeb8db46-f757-41f1-9ca5-c022f3d4ea3e,0.015625,False,11.167000000568805
transfusion-retrieval-v3,sha256:5fc6a9a0d5ff5721954fad8f2855c204301e59ef0b28a91d8d9bdbaf48cb659b,4,hybrid_rrf,TP007,product_specific,True,False,10,8,e96acbc9-66b4-4df4-953b-3f7b0a846bbc,0.015625,False,11.167000000568805
transfusion-retrieval-v3,sha256:5fc6a9a0d5ff5721954fad8f2855c204301e59ef0b28a91d8d9bdbaf48cb659b,4,hybrid_rrf,TP007,product_specific,True,False,10,9,3ecc27b9-634c-4026-b44e-e01123aa0467,0.015384615384615385,False,11.167000000568805
transfusion-retrieval-v3,sha256:5fc6a9a0d5ff5721954fad8f2855c204301e59ef0b28a91d8d9bdbaf48cb659b,4,hybrid_rrf,TP007,product_specific,True,False,10,10,17e22a4e-78d9-4607-b75b-151e52cc4d20,0.015384615384615385,False,11.167000000568805
transfusion-retrieval-v3,sha256:5fc6a9a0d5ff5721954fad8f2855c204301e59ef0b28a91d8d9bdbaf48cb659b,4,hybrid_rrf,TP008,product_specific,True,False,1,1,7c33fbb7-e931-4f6b-9520-23875ec9ee5b,0.03252247488101534,False,10.754100003396161
transfusion-retrieval-v3,sha256:5fc6a9a0d5ff5721954fad8f2855c204301e59ef0b28a91d8d9bdbaf48cb659b,4,hybrid_rrf,TP008,product_specific,True,False,3,1,7c33fbb7-e931-4f6b-9520-23875ec9ee5b,0.03252247488101534,False,10.754100003396161
transfusion-retrieval-v3,sha256:5fc6a9a0d5ff5721954fad8f2855c204301e59ef0b28a91d8d9bdbaf48cb659b,4,hybrid_rrf,TP008,product_specific,True,False,3,2,e62b0c91-ff0c-43b2-9bd5-ff173d9f8bc0,0.03149801587301587,False,10.754100003396161
transfusion-retrieval-v3,sha256:5fc6a9a0d5ff5721954fad8f2855c204301e59ef0b28a91d8d9bdbaf48cb659b,4,hybrid_rrf,TP008,product_specific,True,False,3,3,9131e9a9-eff3-4f4e-a20b-4bdd456c35bc,0.03128054740957967,True,10.754100003396161
transfusion-retrieval-v3,sha256:5fc6a9a0d5ff5721954fad8f2855c204301e59ef0b28a91d8d9bdbaf48cb659b,4,hybrid_rrf,TP008,product_specific,True,False,5,1,7c33fbb7-e931-4f6b-9520-23875ec9ee5b,0.03252247488101534,False,10.754100003396161
transfusion-retrieval-v3,sha256:5fc6a9a0d5ff5721954fad8f2855c204301e59ef0b28a91d8d9bdbaf48cb659b,4,hybrid_rrf,TP008,product_specific,True,False,5,2,e62b0c91-ff0c-43b2-9bd5-ff173d9f8bc0,0.03149801587301587,False,10.754100003396161
transfusion-retrieval-v3,sha256:5fc6a9a0d5ff5721954fad8f2855c204301e59ef0b28a91d8d9bdbaf48cb659b,4,hybrid_rrf,TP008,product_specific,True,False,5,3,9131e9a9-eff3-4f4e-a20b-4bdd456c35bc,0.03128054740957967,True,10.754100003396161
transfusion-retrieval-v3,sha256:5fc6a9a0d5ff5721954fad8f2855c204301e59ef0b28a91d8d9bdbaf48cb659b,4,hybrid_rrf,TP008,product_specific,True,False,5,4,3ecc27b9-634c-4026-b44e-e01123aa0467,0.028991596638655463,False,10.754100003396161
transfusion-retrieval-v3,sha256:5fc6a9a0d5ff5721954fad8f2855c204301e59ef0b28a91d8d9bdbaf48cb659b,4,hybrid_rrf,TP008,product_specific,True,False,5,5,df699ccc-6f51-4281-b4a4-f3d2a20631e0,0.01639344262295082,False,10.754100003396161
transfusion-retrieval-v3,sha256:5fc6a9a0d5ff5721954fad8f2855c204301e59ef0b28a91d8d9bdbaf48cb659b,4,hybrid_rrf,TP008,product_specific,True,False,10,1,7c33fbb7-e931-4f6b-9520-23875ec9ee5b,0.03252247488101534,False,10.754100003396161
transfusion-retrieval-v3,sha256:5fc6a9a0d5ff5721954fad8f2855c204301e59ef0b28a91d8d9bdbaf48cb659b,4,hybrid_rrf,TP008,product_specific,True,False,10,2,e62b0c91-ff0c-43b2-9bd5-ff173d9f8bc0,0.03149801587301587,False,10.754100003396161
transfusion-retrieval-v3,sha256:5fc6a9a0d5ff5721954fad8f2855c204301e59ef0b28a91d8d9bdbaf48cb659b,4,hybrid_rrf,TP008,product_specific,True,False,10,3,9131e9a9-eff3-4f4e-a20b-4bdd456c35bc,0.03128054740957967,True,10.754100003396161
transfusion-retrieval-v3,sha256:5fc6a9a0d5ff5721954fad8f2855c204301e59ef0b28a91d8d9bdbaf48cb659b,4,hybrid_rrf,TP008,product_specific,True,False,10,4,3ecc27b9-634c-4026-b44e-e01123aa0467,0.028991596638655463,False,10.754100003396161
transfusion-retrieval-v3,sha256:5fc6a9a0d5ff5721954fad8f2855c204301e59ef0b28a91d8d9bdbaf48cb659b,4,hybrid_rrf,TP008,product_specific,True,False,10,5,df699ccc-6f51-4281-b4a4-f3d2a20631e0,0.01639344262295082,False,10.754100003396161
transfusion-retrieval-v3,sha256:5fc6a9a0d5ff5721954fad8f2855c204301e59ef0b28a91d8d9bdbaf48cb659b,4,hybrid_rrf,TP008,product_specific,True,False,10,6,a3d42ca5-54b5-4b8d-be4e-79337aaab880,0.015873015873015872,False,10.754100003396161
transfusion-retrieval-v3,sha256:5fc6a9a0d5ff5721954fad8f2855c204301e59ef0b28a91d8d9bdbaf48cb659b,4,hybrid_rrf,TP008,product_specific,True,False,10,7,63cb7040-3526-4f6f-9f88-e295bbe5edaf,0.015625,False,10.754100003396161
transfusion-retrieval-v3,sha256:5fc6a9a0d5ff5721954fad8f2855c204301e59ef0b28a91d8d9bdbaf48cb659b,4,hybrid_rrf,TP008,product_specific,True,False,10,8,09f3c6d5-9e0c-4545-960f-b16c69abbeb1,0.015384615384615385,False,10.754100003396161
transfusion-retrieval-v3,sha256:5fc6a9a0d5ff5721954fad8f2855c204301e59ef0b28a91d8d9bdbaf48cb659b,4,hybrid_rrf,TP008,product_specific,True,False,10,9,4797ba3b-c3d9-4d11-be5f-86db44dbda83,0.015384615384615385,False,10.754100003396161
transfusion-retrieval-v3,sha256:5fc6a9a0d5ff5721954fad8f2855c204301e59ef0b28a91d8d9bdbaf48cb659b,4,hybrid_rrf,TP008,product_specific,True,False,10,10,59d57c8a-c9d7-4f8d-b9a1-a2816f1f01f7,0.015151515151515152,False,10.754100003396161
transfusion-retrieval-v3,sha256:5fc6a9a0d5ff5721954fad8f2855c204301e59ef0b28a91d8d9bdbaf48cb659b,4,hybrid_rrf,TP009,product_specific,True,False,1,1,2cea4ea7-7aaf-4c54-ac4e-b660de52065d,0.01639344262295082,False,8.80259999394184
transfusion-retrieval-v3,sha256:5fc6a9a0d5ff5721954fad8f2855c204301e59ef0b28a91d8d9bdbaf48cb659b,4,hybrid_rrf,TP009,product_specific,True,False,3,1,2cea4ea7-7aaf-4c54-ac4e-b660de52065d,0.01639344262295082,False,8.80259999394184
transfusion-retrieval-v3,sha256:5fc6a9a0d5ff5721954fad8f2855c204301e59ef0b28a91d8d9bdbaf48cb659b,4,hybrid_rrf,TP009,product_specific,True,False,3,2,63cb7040-3526-4f6f-9f88-e295bbe5edaf,0.01639344262295082,False,8.80259999394184
transfusion-retrieval-v3,sha256:5fc6a9a0d5ff5721954fad8f2855c204301e59ef0b28a91d8d9bdbaf48cb659b,4,hybrid_rrf,TP009,product_specific,True,False,3,3,21efe016-3004-45f3-a070-29ce2ecb0019,0.016129032258064516,False,8.80259999394184
transfusion-retrieval-v3,sha256:5fc6a9a0d5ff5721954fad8f2855c204301e59ef0b28a91d8d9bdbaf48cb659b,4,hybrid_rrf,TP009,product_specific,True,False,5,1,2cea4ea7-7aaf-4c54-ac4e-b660de52065d,0.01639344262295082,False,8.80259999394184
transfusion-retrieval-v3,sha256:5fc6a9a0d5ff5721954fad8f2855c204301e59ef0b28a91d8d9bdbaf48cb659b,4,hybrid_rrf,TP009,product_specific,True,False,5,2,63cb7040-3526-4f6f-9f88-e295bbe5edaf,0.01639344262295082,False,8.80259999394184
transfusion-retrieval-v3,sha256:5fc6a9a0d5ff5721954fad8f2855c204301e59ef0b28a91d8d9bdbaf48cb659b,4,hybrid_rrf,TP009,product_specific,True,False,5,3,21efe016-3004-45f3-a070-29ce2ecb0019,0.016129032258064516,False,8.80259999394184
transfusion-retrieval-v3,sha256:5fc6a9a0d5ff5721954fad8f2855c204301e59ef0b28a91d8d9bdbaf48cb659b,4,hybrid_rrf,TP009,product_specific,True,False,5,4,16efaa44-1554-4748-8407-48fac0bced94,0.016129032258064516,False,8.80259999394184
transfusion-retrieval-v3,sha256:5fc6a9a0d5ff5721954fad8f2855c204301e59ef0b28a91d8d9bdbaf48cb659b,4,hybrid_rrf,TP009,product_specific,True,False,5,5,fb4884e3-8fea-42fa-b996-7e9c333e7fef,0.015873015873015872,False,8.80259999394184
transfusion-retrieval-v3,sha256:5fc6a9a0d5ff5721954fad8f2855c204301e59ef0b28a91d8d9bdbaf48cb659b,4,hybrid_rrf,TP009,product_specific,True,False,10,1,2cea4ea7-7aaf-4c54-ac4e-b660de52065d,0.01639344262295082,False,8.80259999394184
transfusion-retrieval-v3,sha256:5fc6a9a0d5ff5721954fad8f2855c204301e59ef0b28a91d8d9bdbaf48cb659b,4,hybrid_rrf,TP009,product_specific,True,False,10,2,63cb7040-3526-4f6f-9f88-e295bbe5edaf,0.01639344262295082,False,8.80259999394184
transfusion-retrieval-v3,sha256:5fc6a9a0d5ff5721954fad8f2855c204301e59ef0b28a91d8d9bdbaf48cb659b,4,hybrid_rrf,TP009,product_specific,True,False,10,3,21efe016-3004-45f3-a070-29ce2ecb0019,0.016129032258064516,False,8.80259999394184
transfusion-retrieval-v3,sha256:5fc6a9a0d5ff5721954fad8f2855c204301e59ef0b28a91d8d9bdbaf48cb659b,4,hybrid_rrf,TP009,product_specific,True,False,10,4,16efaa44-1554-4748-8407-48fac0bced94,0.016129032258064516,False,8.80259999394184
transfusion-retrieval-v3,sha256:5fc6a9a0d5ff5721954fad8f2855c204301e59ef0b28a91d8d9bdbaf48cb659b,4,hybrid_rrf,TP009,product_specific,True,False,10,5,fb4884e3-8fea-42fa-b996-7e9c333e7fef,0.015873015873015872,False,8.80259999394184
transfusion-retrieval-v3,sha256:5fc6a9a0d5ff5721954fad8f2855c204301e59ef0b28a91d8d9bdbaf48cb659b,4,hybrid_rrf,TP009,product_specific,True,False,10,6,b66e5419-8a9c-47f4-866d-ebdb95b174b2,0.015873015873015872,False,8.80259999394184
transfusion-retrieval-v3,sha256:5fc6a9a0d5ff5721954fad8f2855c204301e59ef0b28a91d8d9bdbaf48cb659b,4,hybrid_rrf,TP009,product_specific,True,False,10,7,bc88f538-e881-4c81-85e9-fca20614315d,0.015625,True,8.80259999394184
transfusion-retrieval-v3,sha256:5fc6a9a0d5ff5721954fad8f2855c204301e59ef0b28a91d8d9bdbaf48cb659b,4,hybrid_rrf,TP009,product_specific,True,False,10,8,fbb0340e-b19d-43c3-a23a-5ee07899e8cd,0.015625,False,8.80259999394184
transfusion-retrieval-v3,sha256:5fc6a9a0d5ff5721954fad8f2855c204301e59ef0b28a91d8d9bdbaf48cb659b,4,hybrid_rrf,TP009,product_specific,True,False,10,9,e4892114-b8eb-4f39-a7c4-427217039236,0.015384615384615385,False,8.80259999394184
transfusion-retrieval-v3,sha256:5fc6a9a0d5ff5721954fad8f2855c204301e59ef0b28a91d8d9bdbaf48cb659b,4,hybrid_rrf,TP009,product_specific,True,False,10,10,59d57c8a-c9d7-4f8d-b9a1-a2816f1f01f7,0.015384615384615385,False,8.80259999394184
transfusion-retrieval-v3,sha256:5fc6a9a0d5ff5721954fad8f2855c204301e59ef0b28a91d8d9bdbaf48cb659b,4,hybrid_rrf,TP010,product_specific,True,False,1,1,2cea4ea7-7aaf-4c54-ac4e-b660de52065d,0.01639344262295082,False,15.53319999948144
transfusion-retrieval-v3,sha256:5fc6a9a0d5ff5721954fad8f2855c204301e59ef0b28a91d8d9bdbaf48cb659b,4,hybrid_rrf,TP010,product_specific,True,False,3,1,2cea4ea7-7aaf-4c54-ac4e-b660de52065d,0.01639344262295082,False,15.53319999948144
transfusion-retrieval-v3,sha256:5fc6a9a0d5ff5721954fad8f2855c204301e59ef0b28a91d8d9bdbaf48cb659b,4,hybrid_rrf,TP010,product_specific,True,False,3,2,63cb7040-3526-4f6f-9f88-e295bbe5edaf,0.01639344262295082,False,15.53319999948144
transfusion-retrieval-v3,sha256:5fc6a9a0d5ff5721954fad8f2855c204301e59ef0b28a91d8d9bdbaf48cb659b,4,hybrid_rrf,TP010,product_specific,True,False,3,3,21efe016-3004-45f3-a070-29ce2ecb0019,0.016129032258064516,False,15.53319999948144
transfusion-retrieval-v3,sha256:5fc6a9a0d5ff5721954fad8f2855c204301e59ef0b28a91d8d9bdbaf48cb659b,4,hybrid_rrf,TP010,product_specific,True,False,5,1,2cea4ea7-7aaf-4c54-ac4e-b660de52065d,0.01639344262295082,False,15.53319999948144
transfusion-retrieval-v3,sha256:5fc6a9a0d5ff5721954fad8f2855c204301e59ef0b28a91d8d9bdbaf48cb659b,4,hybrid_rrf,TP010,product_specific,True,False,5,2,63cb7040-3526-4f6f-9f88-e295bbe5edaf,0.01639344262295082,False,15.53319999948144
transfusion-retrieval-v3,sha256:5fc6a9a0d5ff5721954fad8f2855c204301e59ef0b28a91d8d9bdbaf48cb659b,4,hybrid_rrf,TP010,product_specific,True,False,5,3,21efe016-3004-45f3-a070-29ce2ecb0019,0.016129032258064516,False,15.53319999948144
transfusion-retrieval-v3,sha256:5fc6a9a0d5ff5721954fad8f2855c204301e59ef0b28a91d8d9bdbaf48cb659b,4,hybrid_rrf,TP010,product_specific,True,False,5,4,16efaa44-1554-4748-8407-48fac0bced94,0.016129032258064516,False,15.53319999948144
transfusion-retrieval-v3,sha256:5fc6a9a0d5ff5721954fad8f2855c204301e59ef0b28a91d8d9bdbaf48cb659b,4,hybrid_rrf,TP010,product_specific,True,False,5,5,fb4884e3-8fea-42fa-b996-7e9c333e7fef,0.015873015873015872,False,15.53319999948144
transfusion-retrieval-v3,sha256:5fc6a9a0d5ff5721954fad8f2855c204301e59ef0b28a91d8d9bdbaf48cb659b,4,hybrid_rrf,TP010,product_specific,True,False,10,1,2cea4ea7-7aaf-4c54-ac4e-b660de52065d,0.01639344262295082,False,15.53319999948144
transfusion-retrieval-v3,sha256:5fc6a9a0d5ff5721954fad8f2855c204301e59ef0b28a91d8d9bdbaf48cb659b,4,hybrid_rrf,TP010,product_specific,True,False,10,2,63cb7040-3526-4f6f-9f88-e295bbe5edaf,0.01639344262295082,False,15.53319999948144
transfusion-retrieval-v3,sha256:5fc6a9a0d5ff5721954fad8f2855c204301e59ef0b28a91d8d9bdbaf48cb659b,4,hybrid_rrf,TP010,product_specific,True,False,10,3,21efe016-3004-45f3-a070-29ce2ecb0019,0.016129032258064516,False,15.53319999948144
transfusion-retrieval-v3,sha256:5fc6a9a0d5ff5721954fad8f2855c204301e59ef0b28a91d8d9bdbaf48cb659b,4,hybrid_rrf,TP010,product_specific,True,False,10,4,16efaa44-1554-4748-8407-48fac0bced94,0.016129032258064516,False,15.53319999948144
transfusion-retrieval-v3,sha256:5fc6a9a0d5ff5721954fad8f2855c204301e59ef0b28a91d8d9bdbaf48cb659b,4,hybrid_rrf,TP010,product_specific,True,False,10,5,fb4884e3-8fea-42fa-b996-7e9c333e7fef,0.015873015873015872,False,15.53319999948144
transfusion-retrieval-v3,sha256:5fc6a9a0d5ff5721954fad8f2855c204301e59ef0b28a91d8d9bdbaf48cb659b,4,hybrid_rrf,TP010,product_specific,True,False,10,6,b66e5419-8a9c-47f4-866d-ebdb95b174b2,0.015873015873015872,True,15.53319999948144
transfusion-retrieval-v3,sha256:5fc6a9a0d5ff5721954fad8f2855c204301e59ef0b28a91d8d9bdbaf48cb659b,4,hybrid_rrf,TP010,product_specific,True,False,10,7,17e22a4e-78d9-4607-b75b-151e52cc4d20,0.015625,False,15.53319999948144
transfusion-retrieval-v3,sha256:5fc6a9a0d5ff5721954fad8f2855c204301e59ef0b28a91d8d9bdbaf48cb659b,4,hybrid_rrf,TP010,product_specific,True,False,10,8,9b6cc313-9a59-4387-a5ce-2ed14389a0a7,0.015625,False,15.53319999948144
transfusion-retrieval-v3,sha256:5fc6a9a0d5ff5721954fad8f2855c204301e59ef0b28a91d8d9bdbaf48cb659b,4,hybrid_rrf,TP010,product_specific,True,False,10,9,fbb0340e-b19d-43c3-a23a-5ee07899e8cd,0.015384615384615385,False,15.53319999948144
transfusion-retrieval-v3,sha256:5fc6a9a0d5ff5721954fad8f2855c204301e59ef0b28a91d8d9bdbaf48cb659b,4,hybrid_rrf,TP010,product_specific,True,False,10,10,5de4d74d-720e-4d86-a836-f946d70a2d32,0.015384615384615385,False,15.53319999948144
transfusion-retrieval-v3,sha256:5fc6a9a0d5ff5721954fad8f2855c204301e59ef0b28a91d8d9bdbaf48cb659b,4,hybrid_rrf,TP011,temporal,True,False,1,1,b66e5419-8a9c-47f4-866d-ebdb95b174b2,0.032018442622950824,True,10.045399998489302
transfusion-retrieval-v3,sha256:5fc6a9a0d5ff5721954fad8f2855c204301e59ef0b28a91d8d9bdbaf48cb659b,4,hybrid_rrf,TP011,temporal,True,False,3,1,b66e5419-8a9c-47f4-866d-ebdb95b174b2,0.032018442622950824,True,10.045399998489302
transfusion-retrieval-v3,sha256:5fc6a9a0d5ff5721954fad8f2855c204301e59ef0b28a91d8d9bdbaf48cb659b,4,hybrid_rrf,TP011,temporal,True,False,3,2,ee8c2027-ad6d-4bb7-8077-5e4c42be1cc3,0.028985507246376812,False,10.045399998489302
transfusion-retrieval-v3,sha256:5fc6a9a0d5ff5721954fad8f2855c204301e59ef0b28a91d8d9bdbaf48cb659b,4,hybrid_rrf,TP011,temporal,True,False,3,3,2cea4ea7-7aaf-4c54-ac4e-b660de52065d,0.01639344262295082,False,10.045399998489302
transfusion-retrieval-v3,sha256:5fc6a9a0d5ff5721954fad8f2855c204301e59ef0b28a91d8d9bdbaf48cb659b,4,hybrid_rrf,TP011,temporal,True,False,5,1,b66e5419-8a9c-47f4-866d-ebdb95b174b2,0.032018442622950824,True,10.045399998489302
transfusion-retrieval-v3,sha256:5fc6a9a0d5ff5721954fad8f2855c204301e59ef0b28a91d8d9bdbaf48cb659b,4,hybrid_rrf,TP011,temporal,True,False,5,2,ee8c2027-ad6d-4bb7-8077-5e4c42be1cc3,0.028985507246376812,False,10.045399998489302
transfusion-retrieval-v3,sha256:5fc6a9a0d5ff5721954fad8f2855c204301e59ef0b28a91d8d9bdbaf48cb659b,4,hybrid_rrf,TP011,temporal,True,False,5,3,2cea4ea7-7aaf-4c54-ac4e-b660de52065d,0.01639344262295082,False,10.045399998489302
transfusion-retrieval-v3,sha256:5fc6a9a0d5ff5721954fad8f2855c204301e59ef0b28a91d8d9bdbaf48cb659b,4,hybrid_rrf,TP011,temporal,True,False,5,4,23c6ca0d-04bf-4081-b90a-9819029dcd73,0.016129032258064516,False,10.045399998489302
transfusion-retrieval-v3,sha256:5fc6a9a0d5ff5721954fad8f2855c204301e59ef0b28a91d8d9bdbaf48cb659b,4,hybrid_rrf,TP011,temporal,True,False,5,5,bc88f538-e881-4c81-85e9-fca20614315d,0.016129032258064516,False,10.045399998489302
transfusion-retrieval-v3,sha256:5fc6a9a0d5ff5721954fad8f2855c204301e59ef0b28a91d8d9bdbaf48cb659b,4,hybrid_rrf,TP011,temporal,True,False,10,1,b66e5419-8a9c-47f4-866d-ebdb95b174b2,0.032018442622950824,True,10.045399998489302
transfusion-retrieval-v3,sha256:5fc6a9a0d5ff5721954fad8f2855c204301e59ef0b28a91d8d9bdbaf48cb659b,4,hybrid_rrf,TP011,temporal,True,False,10,2,ee8c2027-ad6d-4bb7-8077-5e4c42be1cc3,0.028985507246376812,False,10.045399998489302
transfusion-retrieval-v3,sha256:5fc6a9a0d5ff5721954fad8f2855c204301e59ef0b28a91d8d9bdbaf48cb659b,4,hybrid_rrf,TP011,temporal,True,False,10,3,2cea4ea7-7aaf-4c54-ac4e-b660de52065d,0.01639344262295082,False,10.045399998489302
transfusion-retrieval-v3,sha256:5fc6a9a0d5ff5721954fad8f2855c204301e59ef0b28a91d8d9bdbaf48cb659b,4,hybrid_rrf,TP011,temporal,True,False,10,4,23c6ca0d-04bf-4081-b90a-9819029dcd73,0.016129032258064516,False,10.045399998489302
transfusion-retrieval-v3,sha256:5fc6a9a0d5ff5721954fad8f2855c204301e59ef0b28a91d8d9bdbaf48cb659b,4,hybrid_rrf,TP011,temporal,True,False,10,5,bc88f538-e881-4c81-85e9-fca20614315d,0.016129032258064516,False,10.045399998489302
transfusion-retrieval-v3,sha256:5fc6a9a0d5ff5721954fad8f2855c204301e59ef0b28a91d8d9bdbaf48cb659b,4,hybrid_rrf,TP011,temporal,True,False,10,6,21efe016-3004-45f3-a070-29ce2ecb0019,0.015873015873015872,True,10.045399998489302
transfusion-retrieval-v3,sha256:5fc6a9a0d5ff5721954fad8f2855c204301e59ef0b28a91d8d9bdbaf48cb659b,4,hybrid_rrf,TP011,temporal,True,False,10,7,c404e320-0bf2-4325-be92-7a0614f201ca,0.015873015873015872,False,10.045399998489302
transfusion-retrieval-v3,sha256:5fc6a9a0d5ff5721954fad8f2855c204301e59ef0b28a91d8d9bdbaf48cb659b,4,hybrid_rrf,TP011,temporal,True,False,10,8,d3b7d61b-50f0-4b96-a770-785a9f3c3886,0.015625,False,10.045399998489302
transfusion-retrieval-v3,sha256:5fc6a9a0d5ff5721954fad8f2855c204301e59ef0b28a91d8d9bdbaf48cb659b,4,hybrid_rrf,TP011,temporal,True,False,10,9,fb4884e3-8fea-42fa-b996-7e9c333e7fef,0.015384615384615385,False,10.045399998489302
transfusion-retrieval-v3,sha256:5fc6a9a0d5ff5721954fad8f2855c204301e59ef0b28a91d8d9bdbaf48cb659b,4,hybrid_rrf,TP011,temporal,True,False,10,10,edd76252-eb29-4acf-9a31-735463528b7d,0.015384615384615385,False,10.045399998489302
transfusion-retrieval-v3,sha256:5fc6a9a0d5ff5721954fad8f2855c204301e59ef0b28a91d8d9bdbaf48cb659b,4,hybrid_rrf,TP012,product_specific,True,False,1,1,21efe016-3004-45f3-a070-29ce2ecb0019,0.01639344262295082,True,10.857500001293374
transfusion-retrieval-v3,sha256:5fc6a9a0d5ff5721954fad8f2855c204301e59ef0b28a91d8d9bdbaf48cb659b,4,hybrid_rrf,TP012,product_specific,True,False,3,1,21efe016-3004-45f3-a070-29ce2ecb0019,0.01639344262295082,True,10.857500001293374
transfusion-retrieval-v3,sha256:5fc6a9a0d5ff5721954fad8f2855c204301e59ef0b28a91d8d9bdbaf48cb659b,4,hybrid_rrf,TP012,product_specific,True,False,3,2,63cb7040-3526-4f6f-9f88-e295bbe5edaf,0.01639344262295082,False,10.857500001293374
transfusion-retrieval-v3,sha256:5fc6a9a0d5ff5721954fad8f2855c204301e59ef0b28a91d8d9bdbaf48cb659b,4,hybrid_rrf,TP012,product_specific,True,False,3,3,2cea4ea7-7aaf-4c54-ac4e-b660de52065d,0.016129032258064516,False,10.857500001293374
transfusion-retrieval-v3,sha256:5fc6a9a0d5ff5721954fad8f2855c204301e59ef0b28a91d8d9bdbaf48cb659b,4,hybrid_rrf,TP012,product_specific,True,False,5,1,21efe016-3004-45f3-a070-29ce2ecb0019,0.01639344262295082,True,10.857500001293374
transfusion-retrieval-v3,sha256:5fc6a9a0d5ff5721954fad8f2855c204301e59ef0b28a91d8d9bdbaf48cb659b,4,hybrid_rrf,TP012,product_specific,True,False,5,2,63cb7040-3526-4f6f-9f88-e295bbe5edaf,0.01639344262295082,False,10.857500001293374
transfusion-retrieval-v3,sha256:5fc6a9a0d5ff5721954fad8f2855c204301e59ef0b28a91d8d9bdbaf48cb659b,4,hybrid_rrf,TP012,product_specific,True,False,5,3,2cea4ea7-7aaf-4c54-ac4e-b660de52065d,0.016129032258064516,False,10.857500001293374
transfusion-retrieval-v3,sha256:5fc6a9a0d5ff5721954fad8f2855c204301e59ef0b28a91d8d9bdbaf48cb659b,4,hybrid_rrf,TP012,product_specific,True,False,5,4,16efaa44-1554-4748-8407-48fac0bced94,0.016129032258064516,False,10.857500001293374
transfusion-retrieval-v3,sha256:5fc6a9a0d5ff5721954fad8f2855c204301e59ef0b28a91d8d9bdbaf48cb659b,4,hybrid_rrf,TP012,product_specific,True,False,5,5,eeb8db46-f757-41f1-9ca5-c022f3d4ea3e,0.015873015873015872,False,10.857500001293374
transfusion-retrieval-v3,sha256:5fc6a9a0d5ff5721954fad8f2855c204301e59ef0b28a91d8d9bdbaf48cb659b,4,hybrid_rrf,TP012,product_specific,True,False,10,1,21efe016-3004-45f3-a070-29ce2ecb0019,0.01639344262295082,True,10.857500001293374
transfusion-retrieval-v3,sha256:5fc6a9a0d5ff5721954fad8f2855c204301e59ef0b28a91d8d9bdbaf48cb659b,4,hybrid_rrf,TP012,product_specific,True,False,10,2,63cb7040-3526-4f6f-9f88-e295bbe5edaf,0.01639344262295082,False,10.857500001293374
transfusion-retrieval-v3,sha256:5fc6a9a0d5ff5721954fad8f2855c204301e59ef0b28a91d8d9bdbaf48cb659b,4,hybrid_rrf,TP012,product_specific,True,False,10,3,2cea4ea7-7aaf-4c54-ac4e-b660de52065d,0.016129032258064516,False,10.857500001293374
transfusion-retrieval-v3,sha256:5fc6a9a0d5ff5721954fad8f2855c204301e59ef0b28a91d8d9bdbaf48cb659b,4,hybrid_rrf,TP012,product_specific,True,False,10,4,16efaa44-1554-4748-8407-48fac0bced94,0.016129032258064516,False,10.857500001293374
transfusion-retrieval-v3,sha256:5fc6a9a0d5ff5721954fad8f2855c204301e59ef0b28a91d8d9bdbaf48cb659b,4,hybrid_rrf,TP012,product_specific,True,False,10,5,eeb8db46-f757-41f1-9ca5-c022f3d4ea3e,0.015873015873015872,False,10.857500001293374
transfusion-retrieval-v3,sha256:5fc6a9a0d5ff5721954fad8f2855c204301e59ef0b28a91d8d9bdbaf48cb659b,4,hybrid_rrf,TP012,product_specific,True,False,10,6,d3b7d61b-50f0-4b96-a770-785a9f3c3886,0.015873015873015872,False,10.857500001293374
transfusion-retrieval-v3,sha256:5fc6a9a0d5ff5721954fad8f2855c204301e59ef0b28a91d8d9bdbaf48cb659b,4,hybrid_rrf,TP012,product_specific,True,False,10,7,17e22a4e-78d9-4607-b75b-151e52cc4d20,0.015625,False,10.857500001293374
transfusion-retrieval-v3,sha256:5fc6a9a0d5ff5721954fad8f2855c204301e59ef0b28a91d8d9bdbaf48cb659b,4,hybrid_rrf,TP012,product_specific,True,False,10,8,b66e5419-8a9c-47f4-866d-ebdb95b174b2,0.015625,False,10.857500001293374
transfusion-retrieval-v3,sha256:5fc6a9a0d5ff5721954fad8f2855c204301e59ef0b28a91d8d9bdbaf48cb659b,4,hybrid_rrf,TP012,product_specific,True,False,10,9,fbb0340e-b19d-43c3-a23a-5ee07899e8cd,0.015384615384615385,False,10.857500001293374
transfusion-retrieval-v3,sha256:5fc6a9a0d5ff5721954fad8f2855c204301e59ef0b28a91d8d9bdbaf48cb659b,4,hybrid_rrf,TP012,product_specific,True,False,10,10,f7a9837d-f8db-4461-abd8-a3607db2276f,0.015384615384615385,False,10.857500001293374
transfusion-retrieval-v3,sha256:5fc6a9a0d5ff5721954fad8f2855c204301e59ef0b28a91d8d9bdbaf48cb659b,4,hybrid_rrf,TP013,procedure,True,False,1,1,d4c1a9ca-23c5-4ae0-9a51-c56675b2e6d1,0.01639344262295082,False,12.160899997979868
transfusion-retrieval-v3,sha256:5fc6a9a0d5ff5721954fad8f2855c204301e59ef0b28a91d8d9bdbaf48cb659b,4,hybrid_rrf,TP013,procedure,True,False,3,1,d4c1a9ca-23c5-4ae0-9a51-c56675b2e6d1,0.01639344262295082,False,12.160899997979868
transfusion-retrieval-v3,sha256:5fc6a9a0d5ff5721954fad8f2855c204301e59ef0b28a91d8d9bdbaf48cb659b,4,hybrid_rrf,TP013,procedure,True,False,3,2,63cb7040-3526-4f6f-9f88-e295bbe5edaf,0.01639344262295082,False,12.160899997979868
transfusion-retrieval-v3,sha256:5fc6a9a0d5ff5721954fad8f2855c204301e59ef0b28a91d8d9bdbaf48cb659b,4,hybrid_rrf,TP013,procedure,True,False,3,3,a7cf71a5-8426-4d7c-8106-e0754e7cb4bf,0.016129032258064516,False,12.160899997979868
transfusion-retrieval-v3,sha256:5fc6a9a0d5ff5721954fad8f2855c204301e59ef0b28a91d8d9bdbaf48cb659b,4,hybrid_rrf,TP013,procedure,True,False,5,1,d4c1a9ca-23c5-4ae0-9a51-c56675b2e6d1,0.01639344262295082,False,12.160899997979868
transfusion-retrieval-v3,sha256:5fc6a9a0d5ff5721954fad8f2855c204301e59ef0b28a91d8d9bdbaf48cb659b,4,hybrid_rrf,TP013,procedure,True,False,5,2,63cb7040-3526-4f6f-9f88-e295bbe5edaf,0.01639344262295082,False,12.160899997979868
transfusion-retrieval-v3,sha256:5fc6a9a0d5ff5721954fad8f2855c204301e59ef0b28a91d8d9bdbaf48cb659b,4,hybrid_rrf,TP013,procedure,True,False,5,3,a7cf71a5-8426-4d7c-8106-e0754e7cb4bf,0.016129032258064516,False,12.160899997979868
transfusion-retrieval-v3,sha256:5fc6a9a0d5ff5721954fad8f2855c204301e59ef0b28a91d8d9bdbaf48cb659b,4,hybrid_rrf,TP013,procedure,True,False,5,4,16efaa44-1554-4748-8407-48fac0bced94,0.016129032258064516,False,12.160899997979868
transfusion-retrieval-v3,sha256:5fc6a9a0d5ff5721954fad8f2855c204301e59ef0b28a91d8d9bdbaf48cb659b,4,hybrid_rrf,TP013,procedure,True,False,5,5,fb4884e3-8fea-42fa-b996-7e9c333e7fef,0.015873015873015872,False,12.160899997979868
transfusion-retrieval-v3,sha256:5fc6a9a0d5ff5721954fad8f2855c204301e59ef0b28a91d8d9bdbaf48cb659b,4,hybrid_rrf,TP013,procedure,True,False,10,1,d4c1a9ca-23c5-4ae0-9a51-c56675b2e6d1,0.01639344262295082,False,12.160899997979868
transfusion-retrieval-v3,sha256:5fc6a9a0d5ff5721954fad8f2855c204301e59ef0b28a91d8d9bdbaf48cb659b,4,hybrid_rrf,TP013,procedure,True,False,10,2,63cb7040-3526-4f6f-9f88-e295bbe5edaf,0.01639344262295082,False,12.160899997979868
transfusion-retrieval-v3,sha256:5fc6a9a0d5ff5721954fad8f2855c204301e59ef0b28a91d8d9bdbaf48cb659b,4,hybrid_rrf,TP013,procedure,True,False,10,3,a7cf71a5-8426-4d7c-8106-e0754e7cb4bf,0.016129032258064516,False,12.160899997979868
transfusion-retrieval-v3,sha256:5fc6a9a0d5ff5721954fad8f2855c204301e59ef0b28a91d8d9bdbaf48cb659b,4,hybrid_rrf,TP013,procedure,True,False,10,4,16efaa44-1554-4748-8407-48fac0bced94,0.016129032258064516,False,12.160899997979868
transfusion-retrieval-v3,sha256:5fc6a9a0d5ff5721954fad8f2855c204301e59ef0b28a91d8d9bdbaf48cb659b,4,hybrid_rrf,TP013,procedure,True,False,10,5,fb4884e3-8fea-42fa-b996-7e9c333e7fef,0.015873015873015872,False,12.160899997979868
transfusion-retrieval-v3,sha256:5fc6a9a0d5ff5721954fad8f2855c204301e59ef0b28a91d8d9bdbaf48cb659b,4,hybrid_rrf,TP013,procedure,True,False,10,6,5de4d74d-720e-4d86-a836-f946d70a2d32,0.015873015873015872,False,12.160899997979868
transfusion-retrieval-v3,sha256:5fc6a9a0d5ff5721954fad8f2855c204301e59ef0b28a91d8d9bdbaf48cb659b,4,hybrid_rrf,TP013,procedure,True,False,10,7,fbb0340e-b19d-43c3-a23a-5ee07899e8cd,0.015625,False,12.160899997979868
transfusion-retrieval-v3,sha256:5fc6a9a0d5ff5721954fad8f2855c204301e59ef0b28a91d8d9bdbaf48cb659b,4,hybrid_rrf,TP013,procedure,True,False,10,8,9b6cc313-9a59-4387-a5ce-2ed14389a0a7,0.015625,True,12.160899997979868
transfusion-retrieval-v3,sha256:5fc6a9a0d5ff5721954fad8f2855c204301e59ef0b28a91d8d9bdbaf48cb659b,4,hybrid_rrf,TP013,procedure,True,False,10,9,e4892114-b8eb-4f39-a7c4-427217039236,0.015384615384615385,False,12.160899997979868
transfusion-retrieval-v3,sha256:5fc6a9a0d5ff5721954fad8f2855c204301e59ef0b28a91d8d9bdbaf48cb659b,4,hybrid_rrf,TP013,procedure,True,False,10,10,d3b7d61b-50f0-4b96-a770-785a9f3c3886,0.015384615384615385,False,12.160899997979868
transfusion-retrieval-v3,sha256:5fc6a9a0d5ff5721954fad8f2855c204301e59ef0b28a91d8d9bdbaf48cb659b,4,hybrid_rrf,TP014,temporal,True,False,1,1,6ffcd319-e868-444b-b6fe-8d192a4de3ff,0.01639344262295082,False,10.746699997980613
transfusion-retrieval-v3,sha256:5fc6a9a0d5ff5721954fad8f2855c204301e59ef0b28a91d8d9bdbaf48cb659b,4,hybrid_rrf,TP014,temporal,True,False,3,1,6ffcd319-e868-444b-b6fe-8d192a4de3ff,0.01639344262295082,False,10.746699997980613
transfusion-retrieval-v3,sha256:5fc6a9a0d5ff5721954fad8f2855c204301e59ef0b28a91d8d9bdbaf48cb659b,4,hybrid_rrf,TP014,temporal,True,False,3,2,63cb7040-3526-4f6f-9f88-e295bbe5edaf,0.01639344262295082,False,10.746699997980613
transfusion-retrieval-v3,sha256:5fc6a9a0d5ff5721954fad8f2855c204301e59ef0b28a91d8d9bdbaf48cb659b,4,hybrid_rrf,TP014,temporal,True,False,3,3,16efaa44-1554-4748-8407-48fac0bced94,0.016129032258064516,False,10.746699997980613
transfusion-retrieval-v3,sha256:5fc6a9a0d5ff5721954fad8f2855c204301e59ef0b28a91d8d9bdbaf48cb659b,4,hybrid_rrf,TP014,temporal,True,False,5,1,6ffcd319-e868-444b-b6fe-8d192a4de3ff,0.01639344262295082,False,10.746699997980613
transfusion-retrieval-v3,sha256:5fc6a9a0d5ff5721954fad8f2855c204301e59ef0b28a91d8d9bdbaf48cb659b,4,hybrid_rrf,TP014,temporal,True,False,5,2,63cb7040-3526-4f6f-9f88-e295bbe5edaf,0.01639344262295082,False,10.746699997980613
transfusion-retrieval-v3,sha256:5fc6a9a0d5ff5721954fad8f2855c204301e59ef0b28a91d8d9bdbaf48cb659b,4,hybrid_rrf,TP014,temporal,True,False,5,3,16efaa44-1554-4748-8407-48fac0bced94,0.016129032258064516,False,10.746699997980613
transfusion-retrieval-v3,sha256:5fc6a9a0d5ff5721954fad8f2855c204301e59ef0b28a91d8d9bdbaf48cb659b,4,hybrid_rrf,TP014,temporal,True,False,5,4,b0d368a1-d0fc-4b8b-8567-e190cf462986,0.016129032258064516,False,10.746699997980613
transfusion-retrieval-v3,sha256:5fc6a9a0d5ff5721954fad8f2855c204301e59ef0b28a91d8d9bdbaf48cb659b,4,hybrid_rrf,TP014,temporal,True,False,5,5,fb4884e3-8fea-42fa-b996-7e9c333e7fef,0.015873015873015872,False,10.746699997980613
transfusion-retrieval-v3,sha256:5fc6a9a0d5ff5721954fad8f2855c204301e59ef0b28a91d8d9bdbaf48cb659b,4,hybrid_rrf,TP014,temporal,True,False,10,1,6ffcd319-e868-444b-b6fe-8d192a4de3ff,0.01639344262295082,False,10.746699997980613
transfusion-retrieval-v3,sha256:5fc6a9a0d5ff5721954fad8f2855c204301e59ef0b28a91d8d9bdbaf48cb659b,4,hybrid_rrf,TP014,temporal,True,False,10,2,63cb7040-3526-4f6f-9f88-e295bbe5edaf,0.01639344262295082,False,10.746699997980613
transfusion-retrieval-v3,sha256:5fc6a9a0d5ff5721954fad8f2855c204301e59ef0b28a91d8d9bdbaf48cb659b,4,hybrid_rrf,TP014,temporal,True,False,10,3,16efaa44-1554-4748-8407-48fac0bced94,0.016129032258064516,False,10.746699997980613
transfusion-retrieval-v3,sha256:5fc6a9a0d5ff5721954fad8f2855c204301e59ef0b28a91d8d9bdbaf48cb659b,4,hybrid_rrf,TP014,temporal,True,False,10,4,b0d368a1-d0fc-4b8b-8567-e190cf462986,0.016129032258064516,False,10.746699997980613
transfusion-retrieval-v3,sha256:5fc6a9a0d5ff5721954fad8f2855c204301e59ef0b28a91d8d9bdbaf48cb659b,4,hybrid_rrf,TP014,temporal,True,False,10,5,fb4884e3-8fea-42fa-b996-7e9c333e7fef,0.015873015873015872,False,10.746699997980613
transfusion-retrieval-v3,sha256:5fc6a9a0d5ff5721954fad8f2855c204301e59ef0b28a91d8d9bdbaf48cb659b,4,hybrid_rrf,TP014,temporal,True,False,10,6,30ce28cb-f702-4cce-8105-137e2f73af0d,0.015873015873015872,True,10.746699997980613
transfusion-retrieval-v3,sha256:5fc6a9a0d5ff5721954fad8f2855c204301e59ef0b28a91d8d9bdbaf48cb659b,4,hybrid_rrf,TP014,temporal,True,False,10,7,17e22a4e-78d9-4607-b75b-151e52cc4d20,0.015625,False,10.746699997980613
transfusion-retrieval-v3,sha256:5fc6a9a0d5ff5721954fad8f2855c204301e59ef0b28a91d8d9bdbaf48cb659b,4,hybrid_rrf,TP014,temporal,True,False,10,8,22e6c188-2e4c-4029-b200-7770a3f00e6e,0.015625,False,10.746699997980613
transfusion-retrieval-v3,sha256:5fc6a9a0d5ff5721954fad8f2855c204301e59ef0b28a91d8d9bdbaf48cb659b,4,hybrid_rrf,TP014,temporal,True,False,10,9,e4892114-b8eb-4f39-a7c4-427217039236,0.015384615384615385,False,10.746699997980613
transfusion-retrieval-v3,sha256:5fc6a9a0d5ff5721954fad8f2855c204301e59ef0b28a91d8d9bdbaf48cb659b,4,hybrid_rrf,TP014,temporal,True,False,10,10,0a4f11c7-39e8-41fe-bd14-48456671f531,0.015384615384615385,False,10.746699997980613
transfusion-retrieval-v3,sha256:5fc6a9a0d5ff5721954fad8f2855c204301e59ef0b28a91d8d9bdbaf48cb659b,4,hybrid_rrf,TP015,preparation,True,False,1,1,30ce28cb-f702-4cce-8105-137e2f73af0d,0.01639344262295082,False,9.047400002600625
transfusion-retrieval-v3,sha256:5fc6a9a0d5ff5721954fad8f2855c204301e59ef0b28a91d8d9bdbaf48cb659b,4,hybrid_rrf,TP015,preparation,True,False,3,1,30ce28cb-f702-4cce-8105-137e2f73af0d,0.01639344262295082,False,9.047400002600625
transfusion-retrieval-v3,sha256:5fc6a9a0d5ff5721954fad8f2855c204301e59ef0b28a91d8d9bdbaf48cb659b,4,hybrid_rrf,TP015,preparation,True,False,3,2,63cb7040-3526-4f6f-9f88-e295bbe5edaf,0.01639344262295082,False,9.047400002600625
transfusion-retrieval-v3,sha256:5fc6a9a0d5ff5721954fad8f2855c204301e59ef0b28a91d8d9bdbaf48cb659b,4,hybrid_rrf,TP015,preparation,True,False,3,3,fb4884e3-8fea-42fa-b996-7e9c333e7fef,0.016129032258064516,False,9.047400002600625
transfusion-retrieval-v3,sha256:5fc6a9a0d5ff5721954fad8f2855c204301e59ef0b28a91d8d9bdbaf48cb659b,4,hybrid_rrf,TP015,preparation,True,False,5,1,30ce28cb-f702-4cce-8105-137e2f73af0d,0.01639344262295082,False,9.047400002600625
transfusion-retrieval-v3,sha256:5fc6a9a0d5ff5721954fad8f2855c204301e59ef0b28a91d8d9bdbaf48cb659b,4,hybrid_rrf,TP015,preparation,True,False,5,2,63cb7040-3526-4f6f-9f88-e295bbe5edaf,0.01639344262295082,False,9.047400002600625
transfusion-retrieval-v3,sha256:5fc6a9a0d5ff5721954fad8f2855c204301e59ef0b28a91d8d9bdbaf48cb659b,4,hybrid_rrf,TP015,preparation,True,False,5,3,fb4884e3-8fea-42fa-b996-7e9c333e7fef,0.016129032258064516,False,9.047400002600625
transfusion-retrieval-v3,sha256:5fc6a9a0d5ff5721954fad8f2855c204301e59ef0b28a91d8d9bdbaf48cb659b,4,hybrid_rrf,TP015,preparation,True,False,5,4,70b95f72-95ec-43b5-b76f-657518103256,0.016129032258064516,False,9.047400002600625
transfusion-retrieval-v3,sha256:5fc6a9a0d5ff5721954fad8f2855c204301e59ef0b28a91d8d9bdbaf48cb659b,4,hybrid_rrf,TP015,preparation,True,False,5,5,eeb8db46-f757-41f1-9ca5-c022f3d4ea3e,0.015873015873015872,False,9.047400002600625
transfusion-retrieval-v3,sha256:5fc6a9a0d5ff5721954fad8f2855c204301e59ef0b28a91d8d9bdbaf48cb659b,4,hybrid_rrf,TP015,preparation,True,False,10,1,30ce28cb-f702-4cce-8105-137e2f73af0d,0.01639344262295082,False,9.047400002600625
transfusion-retrieval-v3,sha256:5fc6a9a0d5ff5721954fad8f2855c204301e59ef0b28a91d8d9bdbaf48cb659b,4,hybrid_rrf,TP015,preparation,True,False,10,2,63cb7040-3526-4f6f-9f88-e295bbe5edaf,0.01639344262295082,False,9.047400002600625
transfusion-retrieval-v3,sha256:5fc6a9a0d5ff5721954fad8f2855c204301e59ef0b28a91d8d9bdbaf48cb659b,4,hybrid_rrf,TP015,preparation,True,False,10,3,fb4884e3-8fea-42fa-b996-7e9c333e7fef,0.016129032258064516,False,9.047400002600625
transfusion-retrieval-v3,sha256:5fc6a9a0d5ff5721954fad8f2855c204301e59ef0b28a91d8d9bdbaf48cb659b,4,hybrid_rrf,TP015,preparation,True,False,10,4,70b95f72-95ec-43b5-b76f-657518103256,0.016129032258064516,False,9.047400002600625
transfusion-retrieval-v3,sha256:5fc6a9a0d5ff5721954fad8f2855c204301e59ef0b28a91d8d9bdbaf48cb659b,4,hybrid_rrf,TP015,preparation,True,False,10,5,eeb8db46-f757-41f1-9ca5-c022f3d4ea3e,0.015873015873015872,False,9.047400002600625
transfusion-retrieval-v3,sha256:5fc6a9a0d5ff5721954fad8f2855c204301e59ef0b28a91d8d9bdbaf48cb659b,4,hybrid_rrf,TP015,preparation,True,False,10,6,22e6c188-2e4c-4029-b200-7770a3f00e6e,0.015873015873015872,False,9.047400002600625
transfusion-retrieval-v3,sha256:5fc6a9a0d5ff5721954fad8f2855c204301e59ef0b28a91d8d9bdbaf48cb659b,4,hybrid_rrf,TP015,preparation,True,False,10,7,fbb0340e-b19d-43c3-a23a-5ee07899e8cd,0.015625,False,9.047400002600625
transfusion-retrieval-v3,sha256:5fc6a9a0d5ff5721954fad8f2855c204301e59ef0b28a91d8d9bdbaf48cb659b,4,hybrid_rrf,TP015,preparation,True,False,10,8,0a4f11c7-39e8-41fe-bd14-48456671f531,0.015625,False,9.047400002600625
transfusion-retrieval-v3,sha256:5fc6a9a0d5ff5721954fad8f2855c204301e59ef0b28a91d8d9bdbaf48cb659b,4,hybrid_rrf,TP015,preparation,True,False,10,9,e4892114-b8eb-4f39-a7c4-427217039236,0.015384615384615385,False,9.047400002600625
transfusion-retrieval-v3,sha256:5fc6a9a0d5ff5721954fad8f2855c204301e59ef0b28a91d8d9bdbaf48cb659b,4,hybrid_rrf,TP015,preparation,True,False,10,10,48b9789d-5088-4ba1-a82a-be3a6396ce85,0.015384615384615385,False,9.047400002600625
transfusion-retrieval-v3,sha256:5fc6a9a0d5ff5721954fad8f2855c204301e59ef0b28a91d8d9bdbaf48cb659b,4,hybrid_rrf,TP016,temporal,True,False,1,1,0a4f11c7-39e8-41fe-bd14-48456671f531,0.01639344262295082,True,14.973999997891951
transfusion-retrieval-v3,sha256:5fc6a9a0d5ff5721954fad8f2855c204301e59ef0b28a91d8d9bdbaf48cb659b,4,hybrid_rrf,TP016,temporal,True,False,3,1,0a4f11c7-39e8-41fe-bd14-48456671f531,0.01639344262295082,True,14.973999997891951
transfusion-retrieval-v3,sha256:5fc6a9a0d5ff5721954fad8f2855c204301e59ef0b28a91d8d9bdbaf48cb659b,4,hybrid_rrf,TP016,temporal,True,False,3,2,63cb7040-3526-4f6f-9f88-e295bbe5edaf,0.01639344262295082,False,14.973999997891951
transfusion-retrieval-v3,sha256:5fc6a9a0d5ff5721954fad8f2855c204301e59ef0b28a91d8d9bdbaf48cb659b,4,hybrid_rrf,TP016,temporal,True,False,3,3,48b9789d-5088-4ba1-a82a-be3a6396ce85,0.016129032258064516,False,14.973999997891951
transfusion-retrieval-v3,sha256:5fc6a9a0d5ff5721954fad8f2855c204301e59ef0b28a91d8d9bdbaf48cb659b,4,hybrid_rrf,TP016,temporal,True,False,5,1,0a4f11c7-39e8-41fe-bd14-48456671f531,0.01639344262295082,True,14.973999997891951
transfusion-retrieval-v3,sha256:5fc6a9a0d5ff5721954fad8f2855c204301e59ef0b28a91d8d9bdbaf48cb659b,4,hybrid_rrf,TP016,temporal,True,False,5,2,63cb7040-3526-4f6f-9f88-e295bbe5edaf,0.01639344262295082,False,14.973999997891951
transfusion-retrieval-v3,sha256:5fc6a9a0d5ff5721954fad8f2855c204301e59ef0b28a91d8d9bdbaf48cb659b,4,hybrid_rrf,TP016,temporal,True,False,5,3,48b9789d-5088-4ba1-a82a-be3a6396ce85,0.016129032258064516,False,14.973999997891951
transfusion-retrieval-v3,sha256:5fc6a9a0d5ff5721954fad8f2855c204301e59ef0b28a91d8d9bdbaf48cb659b,4,hybrid_rrf,TP016,temporal,True,False,5,4,16efaa44-1554-4748-8407-48fac0bced94,0.016129032258064516,False,14.973999997891951
transfusion-retrieval-v3,sha256:5fc6a9a0d5ff5721954fad8f2855c204301e59ef0b28a91d8d9bdbaf48cb659b,4,hybrid_rrf,TP016,temporal,True,False,5,5,eeb8db46-f757-41f1-9ca5-c022f3d4ea3e,0.015873015873015872,False,14.973999997891951
transfusion-retrieval-v3,sha256:5fc6a9a0d5ff5721954fad8f2855c204301e59ef0b28a91d8d9bdbaf48cb659b,4,hybrid_rrf,TP016,temporal,True,False,10,1,0a4f11c7-39e8-41fe-bd14-48456671f531,0.01639344262295082,True,14.973999997891951
transfusion-retrieval-v3,sha256:5fc6a9a0d5ff5721954fad8f2855c204301e59ef0b28a91d8d9bdbaf48cb659b,4,hybrid_rrf,TP016,temporal,True,False,10,2,63cb7040-3526-4f6f-9f88-e295bbe5edaf,0.01639344262295082,False,14.973999997891951
transfusion-retrieval-v3,sha256:5fc6a9a0d5ff5721954fad8f2855c204301e59ef0b28a91d8d9bdbaf48cb659b,4,hybrid_rrf,TP016,temporal,True,False,10,3,48b9789d-5088-4ba1-a82a-be3a6396ce85,0.016129032258064516,False,14.973999997891951
transfusion-retrieval-v3,sha256:5fc6a9a0d5ff5721954fad8f2855c204301e59ef0b28a91d8d9bdbaf48cb659b,4,hybrid_rrf,TP016,temporal,True,False,10,4,16efaa44-1554-4748-8407-48fac0bced94,0.016129032258064516,False,14.973999997891951
transfusion-retrieval-v3,sha256:5fc6a9a0d5ff5721954fad8f2855c204301e59ef0b28a91d8d9bdbaf48cb659b,4,hybrid_rrf,TP016,temporal,True,False,10,5,eeb8db46-f757-41f1-9ca5-c022f3d4ea3e,0.015873015873015872,False,14.973999997891951
transfusion-retrieval-v3,sha256:5fc6a9a0d5ff5721954fad8f2855c204301e59ef0b28a91d8d9bdbaf48cb659b,4,hybrid_rrf,TP016,temporal,True,False,10,6,b8c70ff9-e1b2-40ce-9a0a-f65a53899d13,0.015873015873015872,False,14.973999997891951
transfusion-retrieval-v3,sha256:5fc6a9a0d5ff5721954fad8f2855c204301e59ef0b28a91d8d9bdbaf48cb659b,4,hybrid_rrf,TP016,temporal,True,False,10,7,17e22a4e-78d9-4607-b75b-151e52cc4d20,0.015625,False,14.973999997891951
transfusion-retrieval-v3,sha256:5fc6a9a0d5ff5721954fad8f2855c204301e59ef0b28a91d8d9bdbaf48cb659b,4,hybrid_rrf,TP016,temporal,True,False,10,8,d3b7d61b-50f0-4b96-a770-785a9f3c3886,0.015625,False,14.973999997891951
transfusion-retrieval-v3,sha256:5fc6a9a0d5ff5721954fad8f2855c204301e59ef0b28a91d8d9bdbaf48cb659b,4,hybrid_rrf,TP016,temporal,True,False,10,9,e4892114-b8eb-4f39-a7c4-427217039236,0.015384615384615385,False,14.973999997891951
transfusion-retrieval-v3,sha256:5fc6a9a0d5ff5721954fad8f2855c204301e59ef0b28a91d8d9bdbaf48cb659b,4,hybrid_rrf,TP016,temporal,True,False,10,10,cfff9bf0-05e4-4179-a793-f3c705d04812,0.015384615384615385,False,14.973999997891951
transfusion-retrieval-v3,sha256:5fc6a9a0d5ff5721954fad8f2855c204301e59ef0b28a91d8d9bdbaf48cb659b,4,hybrid_rrf,TP017,preparation,True,False,1,1,16efaa44-1554-4748-8407-48fac0bced94,0.030834914611005692,False,7.4377000019012485
transfusion-retrieval-v3,sha256:5fc6a9a0d5ff5721954fad8f2855c204301e59ef0b28a91d8d9bdbaf48cb659b,4,hybrid_rrf,TP017,preparation,True,False,3,1,16efaa44-1554-4748-8407-48fac0bced94,0.030834914611005692,False,7.4377000019012485
transfusion-retrieval-v3,sha256:5fc6a9a0d5ff5721954fad8f2855c204301e59ef0b28a91d8d9bdbaf48cb659b,4,hybrid_rrf,TP017,preparation,True,False,3,2,b7876bcb-b1d0-409a-831d-45e59e35a44e,0.01639344262295082,False,7.4377000019012485
transfusion-retrieval-v3,sha256:5fc6a9a0d5ff5721954fad8f2855c204301e59ef0b28a91d8d9bdbaf48cb659b,4,hybrid_rrf,TP017,preparation,True,False,3,3,63cb7040-3526-4f6f-9f88-e295bbe5edaf,0.01639344262295082,False,7.4377000019012485
transfusion-retrieval-v3,sha256:5fc6a9a0d5ff5721954fad8f2855c204301e59ef0b28a91d8d9bdbaf48cb659b,4,hybrid_rrf,TP017,preparation,True,False,5,1,16efaa44-1554-4748-8407-48fac0bced94,0.030834914611005692,False,7.4377000019012485
transfusion-retrieval-v3,sha256:5fc6a9a0d5ff5721954fad8f2855c204301e59ef0b28a91d8d9bdbaf48cb659b,4,hybrid_rrf,TP017,preparation,True,False,5,2,b7876bcb-b1d0-409a-831d-45e59e35a44e,0.01639344262295082,False,7.4377000019012485
transfusion-retrieval-v3,sha256:5fc6a9a0d5ff5721954fad8f2855c204301e59ef0b28a91d8d9bdbaf48cb659b,4,hybrid_rrf,TP017,preparation,True,False,5,3,63cb7040-3526-4f6f-9f88-e295bbe5edaf,0.01639344262295082,False,7.4377000019012485
transfusion-retrieval-v3,sha256:5fc6a9a0d5ff5721954fad8f2855c204301e59ef0b28a91d8d9bdbaf48cb659b,4,hybrid_rrf,TP017,preparation,True,False,5,4,73735f01-c9d0-4dd5-8d46-c70045e4b334,0.016129032258064516,True,7.4377000019012485
transfusion-retrieval-v3,sha256:5fc6a9a0d5ff5721954fad8f2855c204301e59ef0b28a91d8d9bdbaf48cb659b,4,hybrid_rrf,TP017,preparation,True,False,5,5,eeb8db46-f757-41f1-9ca5-c022f3d4ea3e,0.015873015873015872,False,7.4377000019012485
transfusion-retrieval-v3,sha256:5fc6a9a0d5ff5721954fad8f2855c204301e59ef0b28a91d8d9bdbaf48cb659b,4,hybrid_rrf,TP017,preparation,True,False,10,1,16efaa44-1554-4748-8407-48fac0bced94,0.030834914611005692,False,7.4377000019012485
transfusion-retrieval-v3,sha256:5fc6a9a0d5ff5721954fad8f2855c204301e59ef0b28a91d8d9bdbaf48cb659b,4,hybrid_rrf,TP017,preparation,True,False,10,2,b7876bcb-b1d0-409a-831d-45e59e35a44e,0.01639344262295082,False,7.4377000019012485
transfusion-retrieval-v3,sha256:5fc6a9a0d5ff5721954fad8f2855c204301e59ef0b28a91d8d9bdbaf48cb659b,4,hybrid_rrf,TP017,preparation,True,False,10,3,63cb7040-3526-4f6f-9f88-e295bbe5edaf,0.01639344262295082,False,7.4377000019012485
transfusion-retrieval-v3,sha256:5fc6a9a0d5ff5721954fad8f2855c204301e59ef0b28a91d8d9bdbaf48cb659b,4,hybrid_rrf,TP017,preparation,True,False,10,4,73735f01-c9d0-4dd5-8d46-c70045e4b334,0.016129032258064516,True,7.4377000019012485
transfusion-retrieval-v3,sha256:5fc6a9a0d5ff5721954fad8f2855c204301e59ef0b28a91d8d9bdbaf48cb659b,4,hybrid_rrf,TP017,preparation,True,False,10,5,eeb8db46-f757-41f1-9ca5-c022f3d4ea3e,0.015873015873015872,False,7.4377000019012485
transfusion-retrieval-v3,sha256:5fc6a9a0d5ff5721954fad8f2855c204301e59ef0b28a91d8d9bdbaf48cb659b,4,hybrid_rrf,TP017,preparation,True,False,10,6,e96acbc9-66b4-4df4-953b-3f7b0a846bbc,0.015873015873015872,False,7.4377000019012485
transfusion-retrieval-v3,sha256:5fc6a9a0d5ff5721954fad8f2855c204301e59ef0b28a91d8d9bdbaf48cb659b,4,hybrid_rrf,TP017,preparation,True,False,10,7,74c0eabe-77c7-4dbf-a321-27966a12fafb,0.015625,False,7.4377000019012485
transfusion-retrieval-v3,sha256:5fc6a9a0d5ff5721954fad8f2855c204301e59ef0b28a91d8d9bdbaf48cb659b,4,hybrid_rrf,TP017,preparation,True,False,10,8,e4892114-b8eb-4f39-a7c4-427217039236,0.015625,False,7.4377000019012485
transfusion-retrieval-v3,sha256:5fc6a9a0d5ff5721954fad8f2855c204301e59ef0b28a91d8d9bdbaf48cb659b,4,hybrid_rrf,TP017,preparation,True,False,10,9,9c5f18b5-9491-4cb2-9eba-9a0d2462f8bb,0.015384615384615385,False,7.4377000019012485
transfusion-retrieval-v3,sha256:5fc6a9a0d5ff5721954fad8f2855c204301e59ef0b28a91d8d9bdbaf48cb659b,4,hybrid_rrf,TP017,preparation,True,False,10,10,b0d368a1-d0fc-4b8b-8567-e190cf462986,0.015384615384615385,False,7.4377000019012485
transfusion-retrieval-v3,sha256:5fc6a9a0d5ff5721954fad8f2855c204301e59ef0b28a91d8d9bdbaf48cb659b,4,hybrid_rrf,TP018,preparation,True,False,1,1,9552a4ac-31b4-43a8-aa92-37bd3e89362a,0.01639344262295082,False,9.279800000513205
transfusion-retrieval-v3,sha256:5fc6a9a0d5ff5721954fad8f2855c204301e59ef0b28a91d8d9bdbaf48cb659b,4,hybrid_rrf,TP018,preparation,True,False,3,1,9552a4ac-31b4-43a8-aa92-37bd3e89362a,0.01639344262295082,False,9.279800000513205
transfusion-retrieval-v3,sha256:5fc6a9a0d5ff5721954fad8f2855c204301e59ef0b28a91d8d9bdbaf48cb659b,4,hybrid_rrf,TP018,preparation,True,False,3,2,63cb7040-3526-4f6f-9f88-e295bbe5edaf,0.01639344262295082,False,9.279800000513205
transfusion-retrieval-v3,sha256:5fc6a9a0d5ff5721954fad8f2855c204301e59ef0b28a91d8d9bdbaf48cb659b,4,hybrid_rrf,TP018,preparation,True,False,3,3,6ffcd319-e868-444b-b6fe-8d192a4de3ff,0.016129032258064516,True,9.279800000513205
transfusion-retrieval-v3,sha256:5fc6a9a0d5ff5721954fad8f2855c204301e59ef0b28a91d8d9bdbaf48cb659b,4,hybrid_rrf,TP018,preparation,True,False,5,1,9552a4ac-31b4-43a8-aa92-37bd3e89362a,0.01639344262295082,False,9.279800000513205
transfusion-retrieval-v3,sha256:5fc6a9a0d5ff5721954fad8f2855c204301e59ef0b28a91d8d9bdbaf48cb659b,4,hybrid_rrf,TP018,preparation,True,False,5,2,63cb7040-3526-4f6f-9f88-e295bbe5edaf,0.01639344262295082,False,9.279800000513205
transfusion-retrieval-v3,sha256:5fc6a9a0d5ff5721954fad8f2855c204301e59ef0b28a91d8d9bdbaf48cb659b,4,hybrid_rrf,TP018,preparation,True,False,5,3,6ffcd319-e868-444b-b6fe-8d192a4de3ff,0.016129032258064516,True,9.279800000513205
transfusion-retrieval-v3,sha256:5fc6a9a0d5ff5721954fad8f2855c204301e59ef0b28a91d8d9bdbaf48cb659b,4,hybrid_rrf,TP018,preparation,True,False,5,4,16efaa44-1554-4748-8407-48fac0bced94,0.016129032258064516,False,9.279800000513205
transfusion-retrieval-v3,sha256:5fc6a9a0d5ff5721954fad8f2855c204301e59ef0b28a91d8d9bdbaf48cb659b,4,hybrid_rrf,TP018,preparation,True,False,5,5,fb4884e3-8fea-42fa-b996-7e9c333e7fef,0.015873015873015872,False,9.279800000513205
transfusion-retrieval-v3,sha256:5fc6a9a0d5ff5721954fad8f2855c204301e59ef0b28a91d8d9bdbaf48cb659b,4,hybrid_rrf,TP018,preparation,True,False,10,1,9552a4ac-31b4-43a8-aa92-37bd3e89362a,0.01639344262295082,False,9.279800000513205
transfusion-retrieval-v3,sha256:5fc6a9a0d5ff5721954fad8f2855c204301e59ef0b28a91d8d9bdbaf48cb659b,4,hybrid_rrf,TP018,preparation,True,False,10,2,63cb7040-3526-4f6f-9f88-e295bbe5edaf,0.01639344262295082,False,9.279800000513205
transfusion-retrieval-v3,sha256:5fc6a9a0d5ff5721954fad8f2855c204301e59ef0b28a91d8d9bdbaf48cb659b,4,hybrid_rrf,TP018,preparation,True,False,10,3,6ffcd319-e868-444b-b6fe-8d192a4de3ff,0.016129032258064516,True,9.279800000513205
transfusion-retrieval-v3,sha256:5fc6a9a0d5ff5721954fad8f2855c204301e59ef0b28a91d8d9bdbaf48cb659b,4,hybrid_rrf,TP018,preparation,True,False,10,4,16efaa44-1554-4748-8407-48fac0bced94,0.016129032258064516,False,9.279800000513205
transfusion-retrieval-v3,sha256:5fc6a9a0d5ff5721954fad8f2855c204301e59ef0b28a91d8d9bdbaf48cb659b,4,hybrid_rrf,TP018,preparation,True,False,10,5,fb4884e3-8fea-42fa-b996-7e9c333e7fef,0.015873015873015872,False,9.279800000513205
transfusion-retrieval-v3,sha256:5fc6a9a0d5ff5721954fad8f2855c204301e59ef0b28a91d8d9bdbaf48cb659b,4,hybrid_rrf,TP018,preparation,True,False,10,6,84c0a864-176f-4776-a15e-167fc2518e5d,0.015873015873015872,False,9.279800000513205
transfusion-retrieval-v3,sha256:5fc6a9a0d5ff5721954fad8f2855c204301e59ef0b28a91d8d9bdbaf48cb659b,4,hybrid_rrf,TP018,preparation,True,False,10,7,eeb8db46-f757-41f1-9ca5-c022f3d4ea3e,0.015625,False,9.279800000513205
transfusion-retrieval-v3,sha256:5fc6a9a0d5ff5721954fad8f2855c204301e59ef0b28a91d8d9bdbaf48cb659b,4,hybrid_rrf,TP018,preparation,True,False,10,8,73735f01-c9d0-4dd5-8d46-c70045e4b334,0.015625,True,9.279800000513205
transfusion-retrieval-v3,sha256:5fc6a9a0d5ff5721954fad8f2855c204301e59ef0b28a91d8d9bdbaf48cb659b,4,hybrid_rrf,TP018,preparation,True,False,10,9,17e22a4e-78d9-4607-b75b-151e52cc4d20,0.015384615384615385,False,9.279800000513205
transfusion-retrieval-v3,sha256:5fc6a9a0d5ff5721954fad8f2855c204301e59ef0b28a91d8d9bdbaf48cb659b,4,hybrid_rrf,TP018,preparation,True,False,10,10,36bac780-b1a2-42dc-8cca-3605f80c5521,0.015384615384615385,False,9.279800000513205
transfusion-retrieval-v3,sha256:5fc6a9a0d5ff5721954fad8f2855c204301e59ef0b28a91d8d9bdbaf48cb659b,4,hybrid_rrf,TP019,temporal,True,False,1,1,16efaa44-1554-4748-8407-48fac0bced94,0.032018442622950824,False,14.225799997802824
transfusion-retrieval-v3,sha256:5fc6a9a0d5ff5721954fad8f2855c204301e59ef0b28a91d8d9bdbaf48cb659b,4,hybrid_rrf,TP019,temporal,True,False,3,1,16efaa44-1554-4748-8407-48fac0bced94,0.032018442622950824,False,14.225799997802824
transfusion-retrieval-v3,sha256:5fc6a9a0d5ff5721954fad8f2855c204301e59ef0b28a91d8d9bdbaf48cb659b,4,hybrid_rrf,TP019,temporal,True,False,3,2,b0d368a1-d0fc-4b8b-8567-e190cf462986,0.03177805800756621,False,14.225799997802824
transfusion-retrieval-v3,sha256:5fc6a9a0d5ff5721954fad8f2855c204301e59ef0b28a91d8d9bdbaf48cb659b,4,hybrid_rrf,TP019,temporal,True,False,3,3,919e93ca-fed9-4dde-b9b8-f870e207a3f3,0.03149801587301587,False,14.225799997802824
transfusion-retrieval-v3,sha256:5fc6a9a0d5ff5721954fad8f2855c204301e59ef0b28a91d8d9bdbaf48cb659b,4,hybrid_rrf,TP019,temporal,True,False,5,1,16efaa44-1554-4748-8407-48fac0bced94,0.032018442622950824,False,14.225799997802824
transfusion-retrieval-v3,sha256:5fc6a9a0d5ff5721954fad8f2855c204301e59ef0b28a91d8d9bdbaf48cb659b,4,hybrid_rrf,TP019,temporal,True,False,5,2,b0d368a1-d0fc-4b8b-8567-e190cf462986,0.03177805800756621,False,14.225799997802824
transfusion-retrieval-v3,sha256:5fc6a9a0d5ff5721954fad8f2855c204301e59ef0b28a91d8d9bdbaf48cb659b,4,hybrid_rrf,TP019,temporal,True,False,5,3,919e93ca-fed9-4dde-b9b8-f870e207a3f3,0.03149801587301587,False,14.225799997802824
transfusion-retrieval-v3,sha256:5fc6a9a0d5ff5721954fad8f2855c204301e59ef0b28a91d8d9bdbaf48cb659b,4,hybrid_rrf,TP019,temporal,True,False,5,4,c404e320-0bf2-4325-be92-7a0614f201ca,0.031054405392392875,True,14.225799997802824
transfusion-retrieval-v3,sha256:5fc6a9a0d5ff5721954fad8f2855c204301e59ef0b28a91d8d9bdbaf48cb659b,4,hybrid_rrf,TP019,temporal,True,False,5,5,63cb7040-3526-4f6f-9f88-e295bbe5edaf,0.016129032258064516,False,14.225799997802824
transfusion-retrieval-v3,sha256:5fc6a9a0d5ff5721954fad8f2855c204301e59ef0b28a91d8d9bdbaf48cb659b,4,hybrid_rrf,TP019,temporal,True,False,10,1,16efaa44-1554-4748-8407-48fac0bced94,0.032018442622950824,False,14.225799997802824
transfusion-retrieval-v3,sha256:5fc6a9a0d5ff5721954fad8f2855c204301e59ef0b28a91d8d9bdbaf48cb659b,4,hybrid_rrf,TP019,temporal,True,False,10,2,b0d368a1-d0fc-4b8b-8567-e190cf462986,0.03177805800756621,False,14.225799997802824
transfusion-retrieval-v3,sha256:5fc6a9a0d5ff5721954fad8f2855c204301e59ef0b28a91d8d9bdbaf48cb659b,4,hybrid_rrf,TP019,temporal,True,False,10,3,919e93ca-fed9-4dde-b9b8-f870e207a3f3,0.03149801587301587,False,14.225799997802824
transfusion-retrieval-v3,sha256:5fc6a9a0d5ff5721954fad8f2855c204301e59ef0b28a91d8d9bdbaf48cb659b,4,hybrid_rrf,TP019,temporal,True,False,10,4,c404e320-0bf2-4325-be92-7a0614f201ca,0.031054405392392875,True,14.225799997802824
transfusion-retrieval-v3,sha256:5fc6a9a0d5ff5721954fad8f2855c204301e59ef0b28a91d8d9bdbaf48cb659b,4,hybrid_rrf,TP019,temporal,True,False,10,5,63cb7040-3526-4f6f-9f88-e295bbe5edaf,0.016129032258064516,False,14.225799997802824
transfusion-retrieval-v3,sha256:5fc6a9a0d5ff5721954fad8f2855c204301e59ef0b28a91d8d9bdbaf48cb659b,4,hybrid_rrf,TP019,temporal,True,False,10,6,59d57c8a-c9d7-4f8d-b9a1-a2816f1f01f7,0.015873015873015872,False,14.225799997802824
transfusion-retrieval-v3,sha256:5fc6a9a0d5ff5721954fad8f2855c204301e59ef0b28a91d8d9bdbaf48cb659b,4,hybrid_rrf,TP019,temporal,True,False,10,7,b7876bcb-b1d0-409a-831d-45e59e35a44e,0.015384615384615385,False,14.225799997802824
transfusion-retrieval-v3,sha256:5fc6a9a0d5ff5721954fad8f2855c204301e59ef0b28a91d8d9bdbaf48cb659b,4,hybrid_rrf,TP019,temporal,True,False,10,8,10537058-d160-4786-a6cf-95de46d7189c,0.015151515151515152,False,14.225799997802824
transfusion-retrieval-v3,sha256:5fc6a9a0d5ff5721954fad8f2855c204301e59ef0b28a91d8d9bdbaf48cb659b,4,hybrid_rrf,TP019,temporal,True,False,10,9,74c0eabe-77c7-4dbf-a321-27966a12fafb,0.015151515151515152,False,14.225799997802824
transfusion-retrieval-v3,sha256:5fc6a9a0d5ff5721954fad8f2855c204301e59ef0b28a91d8d9bdbaf48cb659b,4,hybrid_rrf,TP019,temporal,True,False,10,10,b66e5419-8a9c-47f4-866d-ebdb95b174b2,0.014925373134328358,False,14.225799997802824
transfusion-retrieval-v3,sha256:5fc6a9a0d5ff5721954fad8f2855c204301e59ef0b28a91d8d9bdbaf48cb659b,4,hybrid_rrf,TP020,temporal,True,False,1,1,6ffcd319-e868-444b-b6fe-8d192a4de3ff,0.03200204813108039,False,11.17139999405481
transfusion-retrieval-v3,sha256:5fc6a9a0d5ff5721954fad8f2855c204301e59ef0b28a91d8d9bdbaf48cb659b,4,hybrid_rrf,TP020,temporal,True,False,3,1,6ffcd319-e868-444b-b6fe-8d192a4de3ff,0.03200204813108039,False,11.17139999405481
transfusion-retrieval-v3,sha256:5fc6a9a0d5ff5721954fad8f2855c204301e59ef0b28a91d8d9bdbaf48cb659b,4,hybrid_rrf,TP020,temporal,True,False,3,2,919e93ca-fed9-4dde-b9b8-f870e207a3f3,0.030117753623188408,False,11.17139999405481
transfusion-retrieval-v3,sha256:5fc6a9a0d5ff5721954fad8f2855c204301e59ef0b28a91d8d9bdbaf48cb659b,4,hybrid_rrf,TP020,temporal,True,False,3,3,8f3ed830-3a06-41c6-8b06-cfcf6d36a83c,0.029211087420042643,False,11.17139999405481
transfusion-retrieval-v3,sha256:5fc6a9a0d5ff5721954fad8f2855c204301e59ef0b28a91d8d9bdbaf48cb659b,4,hybrid_rrf,TP020,temporal,True,False,5,1,6ffcd319-e868-444b-b6fe-8d192a4de3ff,0.03200204813108039,False,11.17139999405481
transfusion-retrieval-v3,sha256:5fc6a9a0d5ff5721954fad8f2855c204301e59ef0b28a91d8d9bdbaf48cb659b,4,hybrid_rrf,TP020,temporal,True,False,5,2,919e93ca-fed9-4dde-b9b8-f870e207a3f3,0.030117753623188408,False,11.17139999405481
transfusion-retrieval-v3,sha256:5fc6a9a0d5ff5721954fad8f2855c204301e59ef0b28a91d8d9bdbaf48cb659b,4,hybrid_rrf,TP020,temporal,True,False,5,3,8f3ed830-3a06-41c6-8b06-cfcf6d36a83c,0.029211087420042643,False,11.17139999405481
transfusion-retrieval-v3,sha256:5fc6a9a0d5ff5721954fad8f2855c204301e59ef0b28a91d8d9bdbaf48cb659b,4,hybrid_rrf,TP020,temporal,True,False,5,4,c404e320-0bf2-4325-be92-7a0614f201ca,0.01639344262295082,True,11.17139999405481
transfusion-retrieval-v3,sha256:5fc6a9a0d5ff5721954fad8f2855c204301e59ef0b28a91d8d9bdbaf48cb659b,4,hybrid_rrf,TP020,temporal,True,False,5,5,16efaa44-1554-4748-8407-48fac0bced94,0.01639344262295082,False,11.17139999405481
transfusion-retrieval-v3,sha256:5fc6a9a0d5ff5721954fad8f2855c204301e59ef0b28a91d8d9bdbaf48cb659b,4,hybrid_rrf,TP020,temporal,True,False,10,1,6ffcd319-e868-444b-b6fe-8d192a4de3ff,0.03200204813108039,False,11.17139999405481
transfusion-retrieval-v3,sha256:5fc6a9a0d5ff5721954fad8f2855c204301e59ef0b28a91d8d9bdbaf48cb659b,4,hybrid_rrf,TP020,temporal,True,False,10,2,919e93ca-fed9-4dde-b9b8-f870e207a3f3,0.030117753623188408,False,11.17139999405481
transfusion-retrieval-v3,sha256:5fc6a9a0d5ff5721954fad8f2855c204301e59ef0b28a91d8d9bdbaf48cb659b,4,hybrid_rrf,TP020,temporal,True,False,10,3,8f3ed830-3a06-41c6-8b06-cfcf6d36a83c,0.029211087420042643,False,11.17139999405481
transfusion-retrieval-v3,sha256:5fc6a9a0d5ff5721954fad8f2855c204301e59ef0b28a91d8d9bdbaf48cb659b,4,hybrid_rrf,TP020,temporal,True,False,10,4,c404e320-0bf2-4325-be92-7a0614f201ca,0.01639344262295082,True,11.17139999405481
transfusion-retrieval-v3,sha256:5fc6a9a0d5ff5721954fad8f2855c204301e59ef0b28a91d8d9bdbaf48cb659b,4,hybrid_rrf,TP020,temporal,True,False,10,5,16efaa44-1554-4748-8407-48fac0bced94,0.01639344262295082,False,11.17139999405481
transfusion-retrieval-v3,sha256:5fc6a9a0d5ff5721954fad8f2855c204301e59ef0b28a91d8d9bdbaf48cb659b,4,hybrid_rrf,TP020,temporal,True,False,10,6,63cb7040-3526-4f6f-9f88-e295bbe5edaf,0.016129032258064516,False,11.17139999405481
transfusion-retrieval-v3,sha256:5fc6a9a0d5ff5721954fad8f2855c204301e59ef0b28a91d8d9bdbaf48cb659b,4,hybrid_rrf,TP020,temporal,True,False,10,7,b0d368a1-d0fc-4b8b-8567-e190cf462986,0.015873015873015872,False,11.17139999405481
transfusion-retrieval-v3,sha256:5fc6a9a0d5ff5721954fad8f2855c204301e59ef0b28a91d8d9bdbaf48cb659b,4,hybrid_rrf,TP020,temporal,True,False,10,8,10537058-d160-4786-a6cf-95de46d7189c,0.015625,False,11.17139999405481
transfusion-retrieval-v3,sha256:5fc6a9a0d5ff5721954fad8f2855c204301e59ef0b28a91d8d9bdbaf48cb659b,4,hybrid_rrf,TP020,temporal,True,False,10,9,74c0eabe-77c7-4dbf-a321-27966a12fafb,0.015384615384615385,False,11.17139999405481
transfusion-retrieval-v3,sha256:5fc6a9a0d5ff5721954fad8f2855c204301e59ef0b28a91d8d9bdbaf48cb659b,4,hybrid_rrf,TP020,temporal,True,False,10,10,a7cf71a5-8426-4d7c-8106-e0754e7cb4bf,0.015384615384615385,False,11.17139999405481
transfusion-retrieval-v3,sha256:5fc6a9a0d5ff5721954fad8f2855c204301e59ef0b28a91d8d9bdbaf48cb659b,4,hybrid_rrf,TP021,fact_specific,True,False,1,1,16efaa44-1554-4748-8407-48fac0bced94,0.030834914611005692,False,13.069500000710832
transfusion-retrieval-v3,sha256:5fc6a9a0d5ff5721954fad8f2855c204301e59ef0b28a91d8d9bdbaf48cb659b,4,hybrid_rrf,TP021,fact_specific,True,False,3,1,16efaa44-1554-4748-8407-48fac0bced94,0.030834914611005692,False,13.069500000710832
transfusion-retrieval-v3,sha256:5fc6a9a0d5ff5721954fad8f2855c204301e59ef0b28a91d8d9bdbaf48cb659b,4,hybrid_rrf,TP021,fact_specific,True,False,3,2,f7a9837d-f8db-4461-abd8-a3607db2276f,0.01639344262295082,False,13.069500000710832
transfusion-retrieval-v3,sha256:5fc6a9a0d5ff5721954fad8f2855c204301e59ef0b28a91d8d9bdbaf48cb659b,4,hybrid_rrf,TP021,fact_specific,True,False,3,3,63cb7040-3526-4f6f-9f88-e295bbe5edaf,0.01639344262295082,False,13.069500000710832
transfusion-retrieval-v3,sha256:5fc6a9a0d5ff5721954fad8f2855c204301e59ef0b28a91d8d9bdbaf48cb659b,4,hybrid_rrf,TP021,fact_specific,True,False,5,1,16efaa44-1554-4748-8407-48fac0bced94,0.030834914611005692,False,13.069500000710832
transfusion-retrieval-v3,sha256:5fc6a9a0d5ff5721954fad8f2855c204301e59ef0b28a91d8d9bdbaf48cb659b,4,hybrid_rrf,TP021,fact_specific,True,False,5,2,f7a9837d-f8db-4461-abd8-a3607db2276f,0.01639344262295082,False,13.069500000710832
transfusion-retrieval-v3,sha256:5fc6a9a0d5ff5721954fad8f2855c204301e59ef0b28a91d8d9bdbaf48cb659b,4,hybrid_rrf,TP021,fact_specific,True,False,5,3,63cb7040-3526-4f6f-9f88-e295bbe5edaf,0.01639344262295082,False,13.069500000710832
transfusion-retrieval-v3,sha256:5fc6a9a0d5ff5721954fad8f2855c204301e59ef0b28a91d8d9bdbaf48cb659b,4,hybrid_rrf,TP021,fact_specific,True,False,5,4,919e93ca-fed9-4dde-b9b8-f870e207a3f3,0.016129032258064516,True,13.069500000710832
transfusion-retrieval-v3,sha256:5fc6a9a0d5ff5721954fad8f2855c204301e59ef0b28a91d8d9bdbaf48cb659b,4,hybrid_rrf,TP021,fact_specific,True,False,5,5,17e22a4e-78d9-4607-b75b-151e52cc4d20,0.015873015873015872,False,13.069500000710832
transfusion-retrieval-v3,sha256:5fc6a9a0d5ff5721954fad8f2855c204301e59ef0b28a91d8d9bdbaf48cb659b,4,hybrid_rrf,TP021,fact_specific,True,False,10,1,16efaa44-1554-4748-8407-48fac0bced94,0.030834914611005692,False,13.069500000710832
transfusion-retrieval-v3,sha256:5fc6a9a0d5ff5721954fad8f2855c204301e59ef0b28a91d8d9bdbaf48cb659b,4,hybrid_rrf,TP021,fact_specific,True,False,10,2,f7a9837d-f8db-4461-abd8-a3607db2276f,0.01639344262295082,False,13.069500000710832
transfusion-retrieval-v3,sha256:5fc6a9a0d5ff5721954fad8f2855c204301e59ef0b28a91d8d9bdbaf48cb659b,4,hybrid_rrf,TP021,fact_specific,True,False,10,3,63cb7040-3526-4f6f-9f88-e295bbe5edaf,0.01639344262295082,False,13.069500000710832
transfusion-retrieval-v3,sha256:5fc6a9a0d5ff5721954fad8f2855c204301e59ef0b28a91d8d9bdbaf48cb659b,4,hybrid_rrf,TP021,fact_specific,True,False,10,4,919e93ca-fed9-4dde-b9b8-f870e207a3f3,0.016129032258064516,True,13.069500000710832
transfusion-retrieval-v3,sha256:5fc6a9a0d5ff5721954fad8f2855c204301e59ef0b28a91d8d9bdbaf48cb659b,4,hybrid_rrf,TP021,fact_specific,True,False,10,5,17e22a4e-78d9-4607-b75b-151e52cc4d20,0.015873015873015872,False,13.069500000710832
transfusion-retrieval-v3,sha256:5fc6a9a0d5ff5721954fad8f2855c204301e59ef0b28a91d8d9bdbaf48cb659b,4,hybrid_rrf,TP021,fact_specific,True,False,10,6,b0d368a1-d0fc-4b8b-8567-e190cf462986,0.015873015873015872,True,13.069500000710832
transfusion-retrieval-v3,sha256:5fc6a9a0d5ff5721954fad8f2855c204301e59ef0b28a91d8d9bdbaf48cb659b,4,hybrid_rrf,TP021,fact_specific,True,False,10,7,fbb0340e-b19d-43c3-a23a-5ee07899e8cd,0.015625,False,13.069500000710832
transfusion-retrieval-v3,sha256:5fc6a9a0d5ff5721954fad8f2855c204301e59ef0b28a91d8d9bdbaf48cb659b,4,hybrid_rrf,TP021,fact_specific,True,False,10,8,74c0eabe-77c7-4dbf-a321-27966a12fafb,0.015625,False,13.069500000710832
transfusion-retrieval-v3,sha256:5fc6a9a0d5ff5721954fad8f2855c204301e59ef0b28a91d8d9bdbaf48cb659b,4,hybrid_rrf,TP021,fact_specific,True,False,10,9,e4892114-b8eb-4f39-a7c4-427217039236,0.015384615384615385,False,13.069500000710832
transfusion-retrieval-v3,sha256:5fc6a9a0d5ff5721954fad8f2855c204301e59ef0b28a91d8d9bdbaf48cb659b,4,hybrid_rrf,TP021,fact_specific,True,False,10,10,6ffcd319-e868-444b-b6fe-8d192a4de3ff,0.015384615384615385,False,13.069500000710832
transfusion-retrieval-v3,sha256:5fc6a9a0d5ff5721954fad8f2855c204301e59ef0b28a91d8d9bdbaf48cb659b,4,hybrid_rrf,TP022,fact_specific,True,False,1,1,16efaa44-1554-4748-8407-48fac0bced94,0.032266458495966696,False,9.108700000069803
transfusion-retrieval-v3,sha256:5fc6a9a0d5ff5721954fad8f2855c204301e59ef0b28a91d8d9bdbaf48cb659b,4,hybrid_rrf,TP022,fact_specific,True,False,3,1,16efaa44-1554-4748-8407-48fac0bced94,0.032266458495966696,False,9.108700000069803
transfusion-retrieval-v3,sha256:5fc6a9a0d5ff5721954fad8f2855c204301e59ef0b28a91d8d9bdbaf48cb659b,4,hybrid_rrf,TP022,fact_specific,True,False,3,2,b7876bcb-b1d0-409a-831d-45e59e35a44e,0.032266458495966696,True,9.108700000069803
transfusion-retrieval-v3,sha256:5fc6a9a0d5ff5721954fad8f2855c204301e59ef0b28a91d8d9bdbaf48cb659b,4,hybrid_rrf,TP022,fact_specific,True,False,3,3,919e93ca-fed9-4dde-b9b8-f870e207a3f3,0.03225806451612903,False,9.108700000069803
transfusion-retrieval-v3,sha256:5fc6a9a0d5ff5721954fad8f2855c204301e59ef0b28a91d8d9bdbaf48cb659b,4,hybrid_rrf,TP022,fact_specific,True,False,5,1,16efaa44-1554-4748-8407-48fac0bced94,0.032266458495966696,False,9.108700000069803
transfusion-retrieval-v3,sha256:5fc6a9a0d5ff5721954fad8f2855c204301e59ef0b28a91d8d9bdbaf48cb659b,4,hybrid_rrf,TP022,fact_specific,True,False,5,2,b7876bcb-b1d0-409a-831d-45e59e35a44e,0.032266458495966696,True,9.108700000069803
transfusion-retrieval-v3,sha256:5fc6a9a0d5ff5721954fad8f2855c204301e59ef0b28a91d8d9bdbaf48cb659b,4,hybrid_rrf,TP022,fact_specific,True,False,5,3,919e93ca-fed9-4dde-b9b8-f870e207a3f3,0.03225806451612903,False,9.108700000069803
transfusion-retrieval-v3,sha256:5fc6a9a0d5ff5721954fad8f2855c204301e59ef0b28a91d8d9bdbaf48cb659b,4,hybrid_rrf,TP022,fact_specific,True,False,5,4,6ffcd319-e868-444b-b6fe-8d192a4de3ff,0.030303030303030304,False,9.108700000069803
transfusion-retrieval-v3,sha256:5fc6a9a0d5ff5721954fad8f2855c204301e59ef0b28a91d8d9bdbaf48cb659b,4,hybrid_rrf,TP022,fact_specific,True,False,5,5,15e829a9-a475-429d-b0e3-5c34bfbd3ab7,0.030090497737556562,False,9.108700000069803
transfusion-retrieval-v3,sha256:5fc6a9a0d5ff5721954fad8f2855c204301e59ef0b28a91d8d9bdbaf48cb659b,4,hybrid_rrf,TP022,fact_specific,True,False,10,1,16efaa44-1554-4748-8407-48fac0bced94,0.032266458495966696,False,9.108700000069803
transfusion-retrieval-v3,sha256:5fc6a9a0d5ff5721954fad8f2855c204301e59ef0b28a91d8d9bdbaf48cb659b,4,hybrid_rrf,TP022,fact_specific,True,False,10,2,b7876bcb-b1d0-409a-831d-45e59e35a44e,0.032266458495966696,True,9.108700000069803
transfusion-retrieval-v3,sha256:5fc6a9a0d5ff5721954fad8f2855c204301e59ef0b28a91d8d9bdbaf48cb659b,4,hybrid_rrf,TP022,fact_specific,True,False,10,3,919e93ca-fed9-4dde-b9b8-f870e207a3f3,0.03225806451612903,False,9.108700000069803
transfusion-retrieval-v3,sha256:5fc6a9a0d5ff5721954fad8f2855c204301e59ef0b28a91d8d9bdbaf48cb659b,4,hybrid_rrf,TP022,fact_specific,True,False,10,4,6ffcd319-e868-444b-b6fe-8d192a4de3ff,0.030303030303030304,False,9.108700000069803
transfusion-retrieval-v3,sha256:5fc6a9a0d5ff5721954fad8f2855c204301e59ef0b28a91d8d9bdbaf48cb659b,4,hybrid_rrf,TP022,fact_specific,True,False,10,5,15e829a9-a475-429d-b0e3-5c34bfbd3ab7,0.030090497737556562,False,9.108700000069803
transfusion-retrieval-v3,sha256:5fc6a9a0d5ff5721954fad8f2855c204301e59ef0b28a91d8d9bdbaf48cb659b,4,hybrid_rrf,TP022,fact_specific,True,False,10,6,74c0eabe-77c7-4dbf-a321-27966a12fafb,0.015625,False,9.108700000069803
transfusion-retrieval-v3,sha256:5fc6a9a0d5ff5721954fad8f2855c204301e59ef0b28a91d8d9bdbaf48cb659b,4,hybrid_rrf,TP022,fact_specific,True,False,10,7,63cb7040-3526-4f6f-9f88-e295bbe5edaf,0.015625,False,9.108700000069803
transfusion-retrieval-v3,sha256:5fc6a9a0d5ff5721954fad8f2855c204301e59ef0b28a91d8d9bdbaf48cb659b,4,hybrid_rrf,TP022,fact_specific,True,False,10,8,b0d368a1-d0fc-4b8b-8567-e190cf462986,0.015384615384615385,False,9.108700000069803
transfusion-retrieval-v3,sha256:5fc6a9a0d5ff5721954fad8f2855c204301e59ef0b28a91d8d9bdbaf48cb659b,4,hybrid_rrf,TP022,fact_specific,True,False,10,9,66dba192-bac5-4b3a-bd4d-77e9eacb4192,0.014925373134328358,False,9.108700000069803
transfusion-retrieval-v3,sha256:5fc6a9a0d5ff5721954fad8f2855c204301e59ef0b28a91d8d9bdbaf48cb659b,4,hybrid_rrf,TP022,fact_specific,True,False,10,10,f7a9837d-f8db-4461-abd8-a3607db2276f,0.014925373134328358,False,9.108700000069803
transfusion-retrieval-v3,sha256:5fc6a9a0d5ff5721954fad8f2855c204301e59ef0b28a91d8d9bdbaf48cb659b,4,hybrid_rrf,TP023,preparation,True,False,1,1,eda54b74-cd2f-4808-8175-bcc5b916ce90,0.01639344262295082,True,11.837999998533633
transfusion-retrieval-v3,sha256:5fc6a9a0d5ff5721954fad8f2855c204301e59ef0b28a91d8d9bdbaf48cb659b,4,hybrid_rrf,TP023,preparation,True,False,3,1,eda54b74-cd2f-4808-8175-bcc5b916ce90,0.01639344262295082,True,11.837999998533633
transfusion-retrieval-v3,sha256:5fc6a9a0d5ff5721954fad8f2855c204301e59ef0b28a91d8d9bdbaf48cb659b,4,hybrid_rrf,TP023,preparation,True,False,3,2,63cb7040-3526-4f6f-9f88-e295bbe5edaf,0.01639344262295082,False,11.837999998533633
transfusion-retrieval-v3,sha256:5fc6a9a0d5ff5721954fad8f2855c204301e59ef0b28a91d8d9bdbaf48cb659b,4,hybrid_rrf,TP023,preparation,True,False,3,3,16efaa44-1554-4748-8407-48fac0bced94,0.016129032258064516,False,11.837999998533633
transfusion-retrieval-v3,sha256:5fc6a9a0d5ff5721954fad8f2855c204301e59ef0b28a91d8d9bdbaf48cb659b,4,hybrid_rrf,TP023,preparation,True,False,5,1,eda54b74-cd2f-4808-8175-bcc5b916ce90,0.01639344262295082,True,11.837999998533633
transfusion-retrieval-v3,sha256:5fc6a9a0d5ff5721954fad8f2855c204301e59ef0b28a91d8d9bdbaf48cb659b,4,hybrid_rrf,TP023,preparation,True,False,5,2,63cb7040-3526-4f6f-9f88-e295bbe5edaf,0.01639344262295082,False,11.837999998533633
transfusion-retrieval-v3,sha256:5fc6a9a0d5ff5721954fad8f2855c204301e59ef0b28a91d8d9bdbaf48cb659b,4,hybrid_rrf,TP023,preparation,True,False,5,3,16efaa44-1554-4748-8407-48fac0bced94,0.016129032258064516,False,11.837999998533633
transfusion-retrieval-v3,sha256:5fc6a9a0d5ff5721954fad8f2855c204301e59ef0b28a91d8d9bdbaf48cb659b,4,hybrid_rrf,TP023,preparation,True,False,5,4,fd678588-5ac2-400d-95c5-3309537781ec,0.016129032258064516,False,11.837999998533633
transfusion-retrieval-v3,sha256:5fc6a9a0d5ff5721954fad8f2855c204301e59ef0b28a91d8d9bdbaf48cb659b,4,hybrid_rrf,TP023,preparation,True,False,5,5,10537058-d160-4786-a6cf-95de46d7189c,0.015873015873015872,False,11.837999998533633
transfusion-retrieval-v3,sha256:5fc6a9a0d5ff5721954fad8f2855c204301e59ef0b28a91d8d9bdbaf48cb659b,4,hybrid_rrf,TP023,preparation,True,False,10,1,eda54b74-cd2f-4808-8175-bcc5b916ce90,0.01639344262295082,True,11.837999998533633
transfusion-retrieval-v3,sha256:5fc6a9a0d5ff5721954fad8f2855c204301e59ef0b28a91d8d9bdbaf48cb659b,4,hybrid_rrf,TP023,preparation,True,False,10,2,63cb7040-3526-4f6f-9f88-e295bbe5edaf,0.01639344262295082,False,11.837999998533633
transfusion-retrieval-v3,sha256:5fc6a9a0d5ff5721954fad8f2855c204301e59ef0b28a91d8d9bdbaf48cb659b,4,hybrid_rrf,TP023,preparation,True,False,10,3,16efaa44-1554-4748-8407-48fac0bced94,0.016129032258064516,False,11.837999998533633
transfusion-retrieval-v3,sha256:5fc6a9a0d5ff5721954fad8f2855c204301e59ef0b28a91d8d9bdbaf48cb659b,4,hybrid_rrf,TP023,preparation,True,False,10,4,fd678588-5ac2-400d-95c5-3309537781ec,0.016129032258064516,False,11.837999998533633
transfusion-retrieval-v3,sha256:5fc6a9a0d5ff5721954fad8f2855c204301e59ef0b28a91d8d9bdbaf48cb659b,4,hybrid_rrf,TP023,preparation,True,False,10,5,10537058-d160-4786-a6cf-95de46d7189c,0.015873015873015872,False,11.837999998533633
transfusion-retrieval-v3,sha256:5fc6a9a0d5ff5721954fad8f2855c204301e59ef0b28a91d8d9bdbaf48cb659b,4,hybrid_rrf,TP023,preparation,True,False,10,6,21d38039-895b-46a4-8902-96e380ce41aa,0.015873015873015872,False,11.837999998533633
transfusion-retrieval-v3,sha256:5fc6a9a0d5ff5721954fad8f2855c204301e59ef0b28a91d8d9bdbaf48cb659b,4,hybrid_rrf,TP023,preparation,True,False,10,7,b0d368a1-d0fc-4b8b-8567-e190cf462986,0.015625,False,11.837999998533633
transfusion-retrieval-v3,sha256:5fc6a9a0d5ff5721954fad8f2855c204301e59ef0b28a91d8d9bdbaf48cb659b,4,hybrid_rrf,TP023,preparation,True,False,10,8,4797ba3b-c3d9-4d11-be5f-86db44dbda83,0.015625,False,11.837999998533633
transfusion-retrieval-v3,sha256:5fc6a9a0d5ff5721954fad8f2855c204301e59ef0b28a91d8d9bdbaf48cb659b,4,hybrid_rrf,TP023,preparation,True,False,10,9,eeb8db46-f757-41f1-9ca5-c022f3d4ea3e,0.015384615384615385,False,11.837999998533633
transfusion-retrieval-v3,sha256:5fc6a9a0d5ff5721954fad8f2855c204301e59ef0b28a91d8d9bdbaf48cb659b,4,hybrid_rrf,TP023,preparation,True,False,10,10,b8c70ff9-e1b2-40ce-9a0a-f65a53899d13,0.015384615384615385,False,11.837999998533633
transfusion-retrieval-v3,sha256:5fc6a9a0d5ff5721954fad8f2855c204301e59ef0b28a91d8d9bdbaf48cb659b,4,hybrid_rrf,TP024,preparation,True,False,1,1,eda54b74-cd2f-4808-8175-bcc5b916ce90,0.03278688524590164,False,11.014899999281624
transfusion-retrieval-v3,sha256:5fc6a9a0d5ff5721954fad8f2855c204301e59ef0b28a91d8d9bdbaf48cb659b,4,hybrid_rrf,TP024,preparation,True,False,3,1,eda54b74-cd2f-4808-8175-bcc5b916ce90,0.03278688524590164,False,11.014899999281624
transfusion-retrieval-v3,sha256:5fc6a9a0d5ff5721954fad8f2855c204301e59ef0b28a91d8d9bdbaf48cb659b,4,hybrid_rrf,TP024,preparation,True,False,3,2,b225ae64-72d2-4e59-81c0-57f5d8438666,0.030776515151515152,False,11.014899999281624
transfusion-retrieval-v3,sha256:5fc6a9a0d5ff5721954fad8f2855c204301e59ef0b28a91d8d9bdbaf48cb659b,4,hybrid_rrf,TP024,preparation,True,False,3,3,7adacb8c-91c0-4ea7-8d82-7505eeac5042,0.02967032967032967,False,11.014899999281624
transfusion-retrieval-v3,sha256:5fc6a9a0d5ff5721954fad8f2855c204301e59ef0b28a91d8d9bdbaf48cb659b,4,hybrid_rrf,TP024,preparation,True,False,5,1,eda54b74-cd2f-4808-8175-bcc5b916ce90,0.03278688524590164,False,11.014899999281624
transfusion-retrieval-v3,sha256:5fc6a9a0d5ff5721954fad8f2855c204301e59ef0b28a91d8d9bdbaf48cb659b,4,hybrid_rrf,TP024,preparation,True,False,5,2,b225ae64-72d2-4e59-81c0-57f5d8438666,0.030776515151515152,False,11.014899999281624
transfusion-retrieval-v3,sha256:5fc6a9a0d5ff5721954fad8f2855c204301e59ef0b28a91d8d9bdbaf48cb659b,4,hybrid_rrf,TP024,preparation,True,False,5,3,7adacb8c-91c0-4ea7-8d82-7505eeac5042,0.02967032967032967,False,11.014899999281624
transfusion-retrieval-v3,sha256:5fc6a9a0d5ff5721954fad8f2855c204301e59ef0b28a91d8d9bdbaf48cb659b,4,hybrid_rrf,TP024,preparation,True,False,5,4,98d006ac-5212-4c8c-8a63-4cbd4d6caffc,0.028991596638655463,False,11.014899999281624
transfusion-retrieval-v3,sha256:5fc6a9a0d5ff5721954fad8f2855c204301e59ef0b28a91d8d9bdbaf48cb659b,4,hybrid_rrf,TP024,preparation,True,False,5,5,84c0a864-176f-4776-a15e-167fc2518e5d,0.016129032258064516,False,11.014899999281624
transfusion-retrieval-v3,sha256:5fc6a9a0d5ff5721954fad8f2855c204301e59ef0b28a91d8d9bdbaf48cb659b,4,hybrid_rrf,TP024,preparation,True,False,10,1,eda54b74-cd2f-4808-8175-bcc5b916ce90,0.03278688524590164,False,11.014899999281624
transfusion-retrieval-v3,sha256:5fc6a9a0d5ff5721954fad8f2855c204301e59ef0b28a91d8d9bdbaf48cb659b,4,hybrid_rrf,TP024,preparation,True,False,10,2,b225ae64-72d2-4e59-81c0-57f5d8438666,0.030776515151515152,False,11.014899999281624
transfusion-retrieval-v3,sha256:5fc6a9a0d5ff5721954fad8f2855c204301e59ef0b28a91d8d9bdbaf48cb659b,4,hybrid_rrf,TP024,preparation,True,False,10,3,7adacb8c-91c0-4ea7-8d82-7505eeac5042,0.02967032967032967,False,11.014899999281624
transfusion-retrieval-v3,sha256:5fc6a9a0d5ff5721954fad8f2855c204301e59ef0b28a91d8d9bdbaf48cb659b,4,hybrid_rrf,TP024,preparation,True,False,10,4,98d006ac-5212-4c8c-8a63-4cbd4d6caffc,0.028991596638655463,False,11.014899999281624
transfusion-retrieval-v3,sha256:5fc6a9a0d5ff5721954fad8f2855c204301e59ef0b28a91d8d9bdbaf48cb659b,4,hybrid_rrf,TP024,preparation,True,False,10,5,84c0a864-176f-4776-a15e-167fc2518e5d,0.016129032258064516,False,11.014899999281624
transfusion-retrieval-v3,sha256:5fc6a9a0d5ff5721954fad8f2855c204301e59ef0b28a91d8d9bdbaf48cb659b,4,hybrid_rrf,TP024,preparation,True,False,10,6,8f3ed830-3a06-41c6-8b06-cfcf6d36a83c,0.016129032258064516,False,11.014899999281624
transfusion-retrieval-v3,sha256:5fc6a9a0d5ff5721954fad8f2855c204301e59ef0b28a91d8d9bdbaf48cb659b,4,hybrid_rrf,TP024,preparation,True,False,10,7,9552a4ac-31b4-43a8-aa92-37bd3e89362a,0.015873015873015872,False,11.014899999281624
transfusion-retrieval-v3,sha256:5fc6a9a0d5ff5721954fad8f2855c204301e59ef0b28a91d8d9bdbaf48cb659b,4,hybrid_rrf,TP024,preparation,True,False,10,8,f9eb1471-4566-4c09-a18e-9f3d84a47e9c,0.015873015873015872,False,11.014899999281624
transfusion-retrieval-v3,sha256:5fc6a9a0d5ff5721954fad8f2855c204301e59ef0b28a91d8d9bdbaf48cb659b,4,hybrid_rrf,TP024,preparation,True,False,10,9,63b53156-440d-40c1-bc88-5c07c23ae77f,0.015625,False,11.014899999281624
transfusion-retrieval-v3,sha256:5fc6a9a0d5ff5721954fad8f2855c204301e59ef0b28a91d8d9bdbaf48cb659b,4,hybrid_rrf,TP024,preparation,True,False,10,10,36bac780-b1a2-42dc-8cca-3605f80c5521,0.015384615384615385,True,11.014899999281624
transfusion-retrieval-v3,sha256:5fc6a9a0d5ff5721954fad8f2855c204301e59ef0b28a91d8d9bdbaf48cb659b,4,hybrid_rrf,TP025,temporal,True,False,1,1,fb4884e3-8fea-42fa-b996-7e9c333e7fef,0.03036576949620428,False,8.213799999793991
transfusion-retrieval-v3,sha256:5fc6a9a0d5ff5721954fad8f2855c204301e59ef0b28a91d8d9bdbaf48cb659b,4,hybrid_rrf,TP025,temporal,True,False,3,1,fb4884e3-8fea-42fa-b996-7e9c333e7fef,0.03036576949620428,False,8.213799999793991
transfusion-retrieval-v3,sha256:5fc6a9a0d5ff5721954fad8f2855c204301e59ef0b28a91d8d9bdbaf48cb659b,4,hybrid_rrf,TP025,temporal,True,False,3,2,63cb7040-3526-4f6f-9f88-e295bbe5edaf,0.01639344262295082,False,8.213799999793991
transfusion-retrieval-v3,sha256:5fc6a9a0d5ff5721954fad8f2855c204301e59ef0b28a91d8d9bdbaf48cb659b,4,hybrid_rrf,TP025,temporal,True,False,3,3,f9cfc75b-a5e7-4633-a798-4b17ea462325,0.01639344262295082,False,8.213799999793991
transfusion-retrieval-v3,sha256:5fc6a9a0d5ff5721954fad8f2855c204301e59ef0b28a91d8d9bdbaf48cb659b,4,hybrid_rrf,TP025,temporal,True,False,5,1,fb4884e3-8fea-42fa-b996-7e9c333e7fef,0.03036576949620428,False,8.213799999793991
transfusion-retrieval-v3,sha256:5fc6a9a0d5ff5721954fad8f2855c204301e59ef0b28a91d8d9bdbaf48cb659b,4,hybrid_rrf,TP025,temporal,True,False,5,2,63cb7040-3526-4f6f-9f88-e295bbe5edaf,0.01639344262295082,False,8.213799999793991
transfusion-retrieval-v3,sha256:5fc6a9a0d5ff5721954fad8f2855c204301e59ef0b28a91d8d9bdbaf48cb659b,4,hybrid_rrf,TP025,temporal,True,False,5,3,f9cfc75b-a5e7-4633-a798-4b17ea462325,0.01639344262295082,False,8.213799999793991
transfusion-retrieval-v3,sha256:5fc6a9a0d5ff5721954fad8f2855c204301e59ef0b28a91d8d9bdbaf48cb659b,4,hybrid_rrf,TP025,temporal,True,False,5,4,54fdf811-dedd-4016-b144-3e4bfdcd67c8,0.016129032258064516,False,8.213799999793991
transfusion-retrieval-v3,sha256:5fc6a9a0d5ff5721954fad8f2855c204301e59ef0b28a91d8d9bdbaf48cb659b,4,hybrid_rrf,TP025,temporal,True,False,5,5,16efaa44-1554-4748-8407-48fac0bced94,0.016129032258064516,False,8.213799999793991
transfusion-retrieval-v3,sha256:5fc6a9a0d5ff5721954fad8f2855c204301e59ef0b28a91d8d9bdbaf48cb659b,4,hybrid_rrf,TP025,temporal,True,False,10,1,fb4884e3-8fea-42fa-b996-7e9c333e7fef,0.03036576949620428,False,8.213799999793991
transfusion-retrieval-v3,sha256:5fc6a9a0d5ff5721954fad8f2855c204301e59ef0b28a91d8d9bdbaf48cb659b,4,hybrid_rrf,TP025,temporal,True,False,10,2,63cb7040-3526-4f6f-9f88-e295bbe5edaf,0.01639344262295082,False,8.213799999793991
transfusion-retrieval-v3,sha256:5fc6a9a0d5ff5721954fad8f2855c204301e59ef0b28a91d8d9bdbaf48cb659b,4,hybrid_rrf,TP025,temporal,True,False,10,3,f9cfc75b-a5e7-4633-a798-4b17ea462325,0.01639344262295082,False,8.213799999793991
transfusion-retrieval-v3,sha256:5fc6a9a0d5ff5721954fad8f2855c204301e59ef0b28a91d8d9bdbaf48cb659b,4,hybrid_rrf,TP025,temporal,True,False,10,4,54fdf811-dedd-4016-b144-3e4bfdcd67c8,0.016129032258064516,False,8.213799999793991
transfusion-retrieval-v3,sha256:5fc6a9a0d5ff5721954fad8f2855c204301e59ef0b28a91d8d9bdbaf48cb659b,4,hybrid_rrf,TP025,temporal,True,False,10,5,16efaa44-1554-4748-8407-48fac0bced94,0.016129032258064516,False,8.213799999793991
transfusion-retrieval-v3,sha256:5fc6a9a0d5ff5721954fad8f2855c204301e59ef0b28a91d8d9bdbaf48cb659b,4,hybrid_rrf,TP025,temporal,True,False,10,6,f4580736-a09e-471f-93d2-8089c695eb67,0.015873015873015872,False,8.213799999793991
transfusion-retrieval-v3,sha256:5fc6a9a0d5ff5721954fad8f2855c204301e59ef0b28a91d8d9bdbaf48cb659b,4,hybrid_rrf,TP025,temporal,True,False,10,7,eeb8db46-f757-41f1-9ca5-c022f3d4ea3e,0.015625,False,8.213799999793991
transfusion-retrieval-v3,sha256:5fc6a9a0d5ff5721954fad8f2855c204301e59ef0b28a91d8d9bdbaf48cb659b,4,hybrid_rrf,TP025,temporal,True,False,10,8,5e7838ae-0b80-4d05-b266-deb52de7b401,0.015625,False,8.213799999793991
transfusion-retrieval-v3,sha256:5fc6a9a0d5ff5721954fad8f2855c204301e59ef0b28a91d8d9bdbaf48cb659b,4,hybrid_rrf,TP025,temporal,True,False,10,9,fbb0340e-b19d-43c3-a23a-5ee07899e8cd,0.015384615384615385,False,8.213799999793991
transfusion-retrieval-v3,sha256:5fc6a9a0d5ff5721954fad8f2855c204301e59ef0b28a91d8d9bdbaf48cb659b,4,hybrid_rrf,TP025,temporal,True,False,10,10,2e55093d-0a0f-4fd9-954b-4fc72df9eac0,0.015384615384615385,False,8.213799999793991
transfusion-retrieval-v3,sha256:5fc6a9a0d5ff5721954fad8f2855c204301e59ef0b28a91d8d9bdbaf48cb659b,4,hybrid_rrf,TP026,procedure,True,False,1,1,59d57c8a-c9d7-4f8d-b9a1-a2816f1f01f7,0.03055037313432836,False,11.181400001078146
transfusion-retrieval-v3,sha256:5fc6a9a0d5ff5721954fad8f2855c204301e59ef0b28a91d8d9bdbaf48cb659b,4,hybrid_rrf,TP026,procedure,True,False,3,1,59d57c8a-c9d7-4f8d-b9a1-a2816f1f01f7,0.03055037313432836,False,11.181400001078146
transfusion-retrieval-v3,sha256:5fc6a9a0d5ff5721954fad8f2855c204301e59ef0b28a91d8d9bdbaf48cb659b,4,hybrid_rrf,TP026,procedure,True,False,3,2,9b6cc313-9a59-4387-a5ce-2ed14389a0a7,0.01639344262295082,False,11.181400001078146
transfusion-retrieval-v3,sha256:5fc6a9a0d5ff5721954fad8f2855c204301e59ef0b28a91d8d9bdbaf48cb659b,4,hybrid_rrf,TP026,procedure,True,False,3,3,63cb7040-3526-4f6f-9f88-e295bbe5edaf,0.01639344262295082,False,11.181400001078146
transfusion-retrieval-v3,sha256:5fc6a9a0d5ff5721954fad8f2855c204301e59ef0b28a91d8d9bdbaf48cb659b,4,hybrid_rrf,TP026,procedure,True,False,5,1,59d57c8a-c9d7-4f8d-b9a1-a2816f1f01f7,0.03055037313432836,False,11.181400001078146
transfusion-retrieval-v3,sha256:5fc6a9a0d5ff5721954fad8f2855c204301e59ef0b28a91d8d9bdbaf48cb659b,4,hybrid_rrf,TP026,procedure,True,False,5,2,9b6cc313-9a59-4387-a5ce-2ed14389a0a7,0.01639344262295082,False,11.181400001078146
transfusion-retrieval-v3,sha256:5fc6a9a0d5ff5721954fad8f2855c204301e59ef0b28a91d8d9bdbaf48cb659b,4,hybrid_rrf,TP026,procedure,True,False,5,3,63cb7040-3526-4f6f-9f88-e295bbe5edaf,0.01639344262295082,False,11.181400001078146
transfusion-retrieval-v3,sha256:5fc6a9a0d5ff5721954fad8f2855c204301e59ef0b28a91d8d9bdbaf48cb659b,4,hybrid_rrf,TP026,procedure,True,False,5,4,16efaa44-1554-4748-8407-48fac0bced94,0.016129032258064516,False,11.181400001078146
transfusion-retrieval-v3,sha256:5fc6a9a0d5ff5721954fad8f2855c204301e59ef0b28a91d8d9bdbaf48cb659b,4,hybrid_rrf,TP026,procedure,True,False,5,5,f9cfc75b-a5e7-4633-a798-4b17ea462325,0.016129032258064516,False,11.181400001078146
transfusion-retrieval-v3,sha256:5fc6a9a0d5ff5721954fad8f2855c204301e59ef0b28a91d8d9bdbaf48cb659b,4,hybrid_rrf,TP026,procedure,True,False,10,1,59d57c8a-c9d7-4f8d-b9a1-a2816f1f01f7,0.03055037313432836,False,11.181400001078146
transfusion-retrieval-v3,sha256:5fc6a9a0d5ff5721954fad8f2855c204301e59ef0b28a91d8d9bdbaf48cb659b,4,hybrid_rrf,TP026,procedure,True,False,10,2,9b6cc313-9a59-4387-a5ce-2ed14389a0a7,0.01639344262295082,False,11.181400001078146
transfusion-retrieval-v3,sha256:5fc6a9a0d5ff5721954fad8f2855c204301e59ef0b28a91d8d9bdbaf48cb659b,4,hybrid_rrf,TP026,procedure,True,False,10,3,63cb7040-3526-4f6f-9f88-e295bbe5edaf,0.01639344262295082,False,11.181400001078146
transfusion-retrieval-v3,sha256:5fc6a9a0d5ff5721954fad8f2855c204301e59ef0b28a91d8d9bdbaf48cb659b,4,hybrid_rrf,TP026,procedure,True,False,10,4,16efaa44-1554-4748-8407-48fac0bced94,0.016129032258064516,False,11.181400001078146
transfusion-retrieval-v3,sha256:5fc6a9a0d5ff5721954fad8f2855c204301e59ef0b28a91d8d9bdbaf48cb659b,4,hybrid_rrf,TP026,procedure,True,False,10,5,f9cfc75b-a5e7-4633-a798-4b17ea462325,0.016129032258064516,False,11.181400001078146
transfusion-retrieval-v3,sha256:5fc6a9a0d5ff5721954fad8f2855c204301e59ef0b28a91d8d9bdbaf48cb659b,4,hybrid_rrf,TP026,procedure,True,False,10,6,761b9529-5b18-4262-8174-6062c35fb31c,0.015873015873015872,False,11.181400001078146
transfusion-retrieval-v3,sha256:5fc6a9a0d5ff5721954fad8f2855c204301e59ef0b28a91d8d9bdbaf48cb659b,4,hybrid_rrf,TP026,procedure,True,False,10,7,f4580736-a09e-471f-93d2-8089c695eb67,0.015873015873015872,False,11.181400001078146
transfusion-retrieval-v3,sha256:5fc6a9a0d5ff5721954fad8f2855c204301e59ef0b28a91d8d9bdbaf48cb659b,4,hybrid_rrf,TP026,procedure,True,False,10,8,5de4d74d-720e-4d86-a836-f946d70a2d32,0.015625,True,11.181400001078146
transfusion-retrieval-v3,sha256:5fc6a9a0d5ff5721954fad8f2855c204301e59ef0b28a91d8d9bdbaf48cb659b,4,hybrid_rrf,TP026,procedure,True,False,10,9,fb4884e3-8fea-42fa-b996-7e9c333e7fef,0.015384615384615385,False,11.181400001078146
transfusion-retrieval-v3,sha256:5fc6a9a0d5ff5721954fad8f2855c204301e59ef0b28a91d8d9bdbaf48cb659b,4,hybrid_rrf,TP026,procedure,True,False,10,10,c78ff32d-ea17-41fd-98ef-2e8872f01df3,0.015384615384615385,False,11.181400001078146
transfusion-retrieval-v3,sha256:5fc6a9a0d5ff5721954fad8f2855c204301e59ef0b28a91d8d9bdbaf48cb659b,4,hybrid_rrf,TP027,fact_specific,True,False,1,1,16efaa44-1554-4748-8407-48fac0bced94,0.031054405392392875,False,9.916900002281182
transfusion-retrieval-v3,sha256:5fc6a9a0d5ff5721954fad8f2855c204301e59ef0b28a91d8d9bdbaf48cb659b,4,hybrid_rrf,TP027,fact_specific,True,False,3,1,16efaa44-1554-4748-8407-48fac0bced94,0.031054405392392875,False,9.916900002281182
transfusion-retrieval-v3,sha256:5fc6a9a0d5ff5721954fad8f2855c204301e59ef0b28a91d8d9bdbaf48cb659b,4,hybrid_rrf,TP027,fact_specific,True,False,3,2,63e9db23-9c0a-4e6a-a272-3d118d242ca2,0.01639344262295082,False,9.916900002281182
transfusion-retrieval-v3,sha256:5fc6a9a0d5ff5721954fad8f2855c204301e59ef0b28a91d8d9bdbaf48cb659b,4,hybrid_rrf,TP027,fact_specific,True,False,3,3,63cb7040-3526-4f6f-9f88-e295bbe5edaf,0.01639344262295082,False,9.916900002281182
transfusion-retrieval-v3,sha256:5fc6a9a0d5ff5721954fad8f2855c204301e59ef0b28a91d8d9bdbaf48cb659b,4,hybrid_rrf,TP027,fact_specific,True,False,5,1,16efaa44-1554-4748-8407-48fac0bced94,0.031054405392392875,False,9.916900002281182
transfusion-retrieval-v3,sha256:5fc6a9a0d5ff5721954fad8f2855c204301e59ef0b28a91d8d9bdbaf48cb659b,4,hybrid_rrf,TP027,fact_specific,True,False,5,2,63e9db23-9c0a-4e6a-a272-3d118d242ca2,0.01639344262295082,False,9.916900002281182
transfusion-retrieval-v3,sha256:5fc6a9a0d5ff5721954fad8f2855c204301e59ef0b28a91d8d9bdbaf48cb659b,4,hybrid_rrf,TP027,fact_specific,True,False,5,3,63cb7040-3526-4f6f-9f88-e295bbe5edaf,0.01639344262295082,False,9.916900002281182
transfusion-retrieval-v3,sha256:5fc6a9a0d5ff5721954fad8f2855c204301e59ef0b28a91d8d9bdbaf48cb659b,4,hybrid_rrf,TP027,fact_specific,True,False,5,4,5de4d74d-720e-4d86-a836-f946d70a2d32,0.016129032258064516,True,9.916900002281182
transfusion-retrieval-v3,sha256:5fc6a9a0d5ff5721954fad8f2855c204301e59ef0b28a91d8d9bdbaf48cb659b,4,hybrid_rrf,TP027,fact_specific,True,False,5,5,fb4884e3-8fea-42fa-b996-7e9c333e7fef,0.015873015873015872,False,9.916900002281182
transfusion-retrieval-v3,sha256:5fc6a9a0d5ff5721954fad8f2855c204301e59ef0b28a91d8d9bdbaf48cb659b,4,hybrid_rrf,TP027,fact_specific,True,False,10,1,16efaa44-1554-4748-8407-48fac0bced94,0.031054405392392875,False,9.916900002281182
transfusion-retrieval-v3,sha256:5fc6a9a0d5ff5721954fad8f2855c204301e59ef0b28a91d8d9bdbaf48cb659b,4,hybrid_rrf,TP027,fact_specific,True,False,10,2,63e9db23-9c0a-4e6a-a272-3d118d242ca2,0.01639344262295082,False,9.916900002281182
transfusion-retrieval-v3,sha256:5fc6a9a0d5ff5721954fad8f2855c204301e59ef0b28a91d8d9bdbaf48cb659b,4,hybrid_rrf,TP027,fact_specific,True,False,10,3,63cb7040-3526-4f6f-9f88-e295bbe5edaf,0.01639344262295082,False,9.916900002281182
transfusion-retrieval-v3,sha256:5fc6a9a0d5ff5721954fad8f2855c204301e59ef0b28a91d8d9bdbaf48cb659b,4,hybrid_rrf,TP027,fact_specific,True,False,10,4,5de4d74d-720e-4d86-a836-f946d70a2d32,0.016129032258064516,True,9.916900002281182
transfusion-retrieval-v3,sha256:5fc6a9a0d5ff5721954fad8f2855c204301e59ef0b28a91d8d9bdbaf48cb659b,4,hybrid_rrf,TP027,fact_specific,True,False,10,5,fb4884e3-8fea-42fa-b996-7e9c333e7fef,0.015873015873015872,False,9.916900002281182
transfusion-retrieval-v3,sha256:5fc6a9a0d5ff5721954fad8f2855c204301e59ef0b28a91d8d9bdbaf48cb659b,4,hybrid_rrf,TP027,fact_specific,True,False,10,6,7e5199d4-e5c9-40ca-a69f-ea37f52c6ce3,0.015873015873015872,False,9.916900002281182
transfusion-retrieval-v3,sha256:5fc6a9a0d5ff5721954fad8f2855c204301e59ef0b28a91d8d9bdbaf48cb659b,4,hybrid_rrf,TP027,fact_specific,True,False,10,7,eeb8db46-f757-41f1-9ca5-c022f3d4ea3e,0.015625,False,9.916900002281182
transfusion-retrieval-v3,sha256:5fc6a9a0d5ff5721954fad8f2855c204301e59ef0b28a91d8d9bdbaf48cb659b,4,hybrid_rrf,TP027,fact_specific,True,False,10,8,a7cf71a5-8426-4d7c-8106-e0754e7cb4bf,0.015625,False,9.916900002281182
transfusion-retrieval-v3,sha256:5fc6a9a0d5ff5721954fad8f2855c204301e59ef0b28a91d8d9bdbaf48cb659b,4,hybrid_rrf,TP027,fact_specific,True,False,10,9,17e22a4e-78d9-4607-b75b-151e52cc4d20,0.015384615384615385,False,9.916900002281182
transfusion-retrieval-v3,sha256:5fc6a9a0d5ff5721954fad8f2855c204301e59ef0b28a91d8d9bdbaf48cb659b,4,hybrid_rrf,TP027,fact_specific,True,False,10,10,c404e320-0bf2-4325-be92-7a0614f201ca,0.015384615384615385,False,9.916900002281182
transfusion-retrieval-v3,sha256:5fc6a9a0d5ff5721954fad8f2855c204301e59ef0b28a91d8d9bdbaf48cb659b,4,hybrid_rrf,TP028,fact_specific,True,False,1,1,e62b0c91-ff0c-43b2-9bd5-ff173d9f8bc0,0.030117753623188408,True,12.00530000278377
transfusion-retrieval-v3,sha256:5fc6a9a0d5ff5721954fad8f2855c204301e59ef0b28a91d8d9bdbaf48cb659b,4,hybrid_rrf,TP028,fact_specific,True,False,3,1,e62b0c91-ff0c-43b2-9bd5-ff173d9f8bc0,0.030117753623188408,True,12.00530000278377
transfusion-retrieval-v3,sha256:5fc6a9a0d5ff5721954fad8f2855c204301e59ef0b28a91d8d9bdbaf48cb659b,4,hybrid_rrf,TP028,fact_specific,True,False,3,2,e96acbc9-66b4-4df4-953b-3f7b0a846bbc,0.03007688828584351,False,12.00530000278377
transfusion-retrieval-v3,sha256:5fc6a9a0d5ff5721954fad8f2855c204301e59ef0b28a91d8d9bdbaf48cb659b,4,hybrid_rrf,TP028,fact_specific,True,False,3,3,54fdf811-dedd-4016-b144-3e4bfdcd67c8,0.01639344262295082,False,12.00530000278377
transfusion-retrieval-v3,sha256:5fc6a9a0d5ff5721954fad8f2855c204301e59ef0b28a91d8d9bdbaf48cb659b,4,hybrid_rrf,TP028,fact_specific,True,False,5,1,e62b0c91-ff0c-43b2-9bd5-ff173d9f8bc0,0.030117753623188408,True,12.00530000278377
transfusion-retrieval-v3,sha256:5fc6a9a0d5ff5721954fad8f2855c204301e59ef0b28a91d8d9bdbaf48cb659b,4,hybrid_rrf,TP028,fact_specific,True,False,5,2,e96acbc9-66b4-4df4-953b-3f7b0a846bbc,0.03007688828584351,False,12.00530000278377
transfusion-retrieval-v3,sha256:5fc6a9a0d5ff5721954fad8f2855c204301e59ef0b28a91d8d9bdbaf48cb659b,4,hybrid_rrf,TP028,fact_specific,True,False,5,3,54fdf811-dedd-4016-b144-3e4bfdcd67c8,0.01639344262295082,False,12.00530000278377
transfusion-retrieval-v3,sha256:5fc6a9a0d5ff5721954fad8f2855c204301e59ef0b28a91d8d9bdbaf48cb659b,4,hybrid_rrf,TP028,fact_specific,True,False,5,4,63cb7040-3526-4f6f-9f88-e295bbe5edaf,0.01639344262295082,False,12.00530000278377
transfusion-retrieval-v3,sha256:5fc6a9a0d5ff5721954fad8f2855c204301e59ef0b28a91d8d9bdbaf48cb659b,4,hybrid_rrf,TP028,fact_specific,True,False,5,5,10537058-d160-4786-a6cf-95de46d7189c,0.016129032258064516,False,12.00530000278377
transfusion-retrieval-v3,sha256:5fc6a9a0d5ff5721954fad8f2855c204301e59ef0b28a91d8d9bdbaf48cb659b,4,hybrid_rrf,TP028,fact_specific,True,False,10,1,e62b0c91-ff0c-43b2-9bd5-ff173d9f8bc0,0.030117753623188408,True,12.00530000278377
transfusion-retrieval-v3,sha256:5fc6a9a0d5ff5721954fad8f2855c204301e59ef0b28a91d8d9bdbaf48cb659b,4,hybrid_rrf,TP028,fact_specific,True,False,10,2,e96acbc9-66b4-4df4-953b-3f7b0a846bbc,0.03007688828584351,False,12.00530000278377
transfusion-retrieval-v3,sha256:5fc6a9a0d5ff5721954fad8f2855c204301e59ef0b28a91d8d9bdbaf48cb659b,4,hybrid_rrf,TP028,fact_specific,True,False,10,3,54fdf811-dedd-4016-b144-3e4bfdcd67c8,0.01639344262295082,False,12.00530000278377
transfusion-retrieval-v3,sha256:5fc6a9a0d5ff5721954fad8f2855c204301e59ef0b28a91d8d9bdbaf48cb659b,4,hybrid_rrf,TP028,fact_specific,True,False,10,4,63cb7040-3526-4f6f-9f88-e295bbe5edaf,0.01639344262295082,False,12.00530000278377
transfusion-retrieval-v3,sha256:5fc6a9a0d5ff5721954fad8f2855c204301e59ef0b28a91d8d9bdbaf48cb659b,4,hybrid_rrf,TP028,fact_specific,True,False,10,5,10537058-d160-4786-a6cf-95de46d7189c,0.016129032258064516,False,12.00530000278377
transfusion-retrieval-v3,sha256:5fc6a9a0d5ff5721954fad8f2855c204301e59ef0b28a91d8d9bdbaf48cb659b,4,hybrid_rrf,TP028,fact_specific,True,False,10,6,23c6ca0d-04bf-4081-b90a-9819029dcd73,0.016129032258064516,False,12.00530000278377
transfusion-retrieval-v3,sha256:5fc6a9a0d5ff5721954fad8f2855c204301e59ef0b28a91d8d9bdbaf48cb659b,4,hybrid_rrf,TP028,fact_specific,True,False,10,7,4c0dde2a-0432-4cb2-ad33-987f5979ff76,0.015873015873015872,False,12.00530000278377
transfusion-retrieval-v3,sha256:5fc6a9a0d5ff5721954fad8f2855c204301e59ef0b28a91d8d9bdbaf48cb659b,4,hybrid_rrf,TP028,fact_specific,True,False,10,8,4797ba3b-c3d9-4d11-be5f-86db44dbda83,0.015873015873015872,False,12.00530000278377
transfusion-retrieval-v3,sha256:5fc6a9a0d5ff5721954fad8f2855c204301e59ef0b28a91d8d9bdbaf48cb659b,4,hybrid_rrf,TP028,fact_specific,True,False,10,9,59d57c8a-c9d7-4f8d-b9a1-a2816f1f01f7,0.015625,False,12.00530000278377
transfusion-retrieval-v3,sha256:5fc6a9a0d5ff5721954fad8f2855c204301e59ef0b28a91d8d9bdbaf48cb659b,4,hybrid_rrf,TP028,fact_specific,True,False,10,10,d4c1a9ca-23c5-4ae0-9a51-c56675b2e6d1,0.015384615384615385,False,12.00530000278377
transfusion-retrieval-v3,sha256:5fc6a9a0d5ff5721954fad8f2855c204301e59ef0b28a91d8d9bdbaf48cb659b,4,hybrid_rrf,TP029,product_specific,True,False,1,1,54fdf811-dedd-4016-b144-3e4bfdcd67c8,0.03278688524590164,False,9.35179999578395
transfusion-retrieval-v3,sha256:5fc6a9a0d5ff5721954fad8f2855c204301e59ef0b28a91d8d9bdbaf48cb659b,4,hybrid_rrf,TP029,product_specific,True,False,3,1,54fdf811-dedd-4016-b144-3e4bfdcd67c8,0.03278688524590164,False,9.35179999578395
transfusion-retrieval-v3,sha256:5fc6a9a0d5ff5721954fad8f2855c204301e59ef0b28a91d8d9bdbaf48cb659b,4,hybrid_rrf,TP029,product_specific,True,False,3,2,4c0dde2a-0432-4cb2-ad33-987f5979ff76,0.03200204813108039,False,9.35179999578395
transfusion-retrieval-v3,sha256:5fc6a9a0d5ff5721954fad8f2855c204301e59ef0b28a91d8d9bdbaf48cb659b,4,hybrid_rrf,TP029,product_specific,True,False,3,3,e96acbc9-66b4-4df4-953b-3f7b0a846bbc,0.031754032258064516,False,9.35179999578395
transfusion-retrieval-v3,sha256:5fc6a9a0d5ff5721954fad8f2855c204301e59ef0b28a91d8d9bdbaf48cb659b,4,hybrid_rrf,TP029,product_specific,True,False,5,1,54fdf811-dedd-4016-b144-3e4bfdcd67c8,0.03278688524590164,False,9.35179999578395
transfusion-retrieval-v3,sha256:5fc6a9a0d5ff5721954fad8f2855c204301e59ef0b28a91d8d9bdbaf48cb659b,4,hybrid_rrf,TP029,product_specific,True,False,5,2,4c0dde2a-0432-4cb2-ad33-987f5979ff76,0.03200204813108039,False,9.35179999578395
transfusion-retrieval-v3,sha256:5fc6a9a0d5ff5721954fad8f2855c204301e59ef0b28a91d8d9bdbaf48cb659b,4,hybrid_rrf,TP029,product_specific,True,False,5,3,e96acbc9-66b4-4df4-953b-3f7b0a846bbc,0.031754032258064516,False,9.35179999578395
transfusion-retrieval-v3,sha256:5fc6a9a0d5ff5721954fad8f2855c204301e59ef0b28a91d8d9bdbaf48cb659b,4,hybrid_rrf,TP029,product_specific,True,False,5,4,3ecc27b9-634c-4026-b44e-e01123aa0467,0.030309988518943745,False,9.35179999578395
transfusion-retrieval-v3,sha256:5fc6a9a0d5ff5721954fad8f2855c204301e59ef0b28a91d8d9bdbaf48cb659b,4,hybrid_rrf,TP029,product_specific,True,False,5,5,7c33fbb7-e931-4f6b-9520-23875ec9ee5b,0.03007688828584351,False,9.35179999578395
transfusion-retrieval-v3,sha256:5fc6a9a0d5ff5721954fad8f2855c204301e59ef0b28a91d8d9bdbaf48cb659b,4,hybrid_rrf,TP029,product_specific,True,False,10,1,54fdf811-dedd-4016-b144-3e4bfdcd67c8,0.03278688524590164,False,9.35179999578395
transfusion-retrieval-v3,sha256:5fc6a9a0d5ff5721954fad8f2855c204301e59ef0b28a91d8d9bdbaf48cb659b,4,hybrid_rrf,TP029,product_specific,True,False,10,2,4c0dde2a-0432-4cb2-ad33-987f5979ff76,0.03200204813108039,False,9.35179999578395
transfusion-retrieval-v3,sha256:5fc6a9a0d5ff5721954fad8f2855c204301e59ef0b28a91d8d9bdbaf48cb659b,4,hybrid_rrf,TP029,product_specific,True,False,10,3,e96acbc9-66b4-4df4-953b-3f7b0a846bbc,0.031754032258064516,False,9.35179999578395
transfusion-retrieval-v3,sha256:5fc6a9a0d5ff5721954fad8f2855c204301e59ef0b28a91d8d9bdbaf48cb659b,4,hybrid_rrf,TP029,product_specific,True,False,10,4,3ecc27b9-634c-4026-b44e-e01123aa0467,0.030309988518943745,False,9.35179999578395
transfusion-retrieval-v3,sha256:5fc6a9a0d5ff5721954fad8f2855c204301e59ef0b28a91d8d9bdbaf48cb659b,4,hybrid_rrf,TP029,product_specific,True,False,10,5,7c33fbb7-e931-4f6b-9520-23875ec9ee5b,0.03007688828584351,False,9.35179999578395
transfusion-retrieval-v3,sha256:5fc6a9a0d5ff5721954fad8f2855c204301e59ef0b28a91d8d9bdbaf48cb659b,4,hybrid_rrf,TP029,product_specific,True,False,10,6,59d57c8a-c9d7-4f8d-b9a1-a2816f1f01f7,0.02967032967032967,True,9.35179999578395
transfusion-retrieval-v3,sha256:5fc6a9a0d5ff5721954fad8f2855c204301e59ef0b28a91d8d9bdbaf48cb659b,4,hybrid_rrf,TP029,product_specific,True,False,10,7,1033ac46-dec8-493e-b577-7f5ad80f8e86,0.029411764705882353,False,9.35179999578395
transfusion-retrieval-v3,sha256:5fc6a9a0d5ff5721954fad8f2855c204301e59ef0b28a91d8d9bdbaf48cb659b,4,hybrid_rrf,TP029,product_specific,True,False,10,8,d4c1a9ca-23c5-4ae0-9a51-c56675b2e6d1,0.015873015873015872,False,9.35179999578395
transfusion-retrieval-v3,sha256:5fc6a9a0d5ff5721954fad8f2855c204301e59ef0b28a91d8d9bdbaf48cb659b,4,hybrid_rrf,TP029,product_specific,True,False,10,9,e62b0c91-ff0c-43b2-9bd5-ff173d9f8bc0,0.015625,False,9.35179999578395
transfusion-retrieval-v3,sha256:5fc6a9a0d5ff5721954fad8f2855c204301e59ef0b28a91d8d9bdbaf48cb659b,4,hybrid_rrf,TP029,product_specific,True,False,10,10,63b53156-440d-40c1-bc88-5c07c23ae77f,0.015151515151515152,False,9.35179999578395
transfusion-retrieval-v3,sha256:5fc6a9a0d5ff5721954fad8f2855c204301e59ef0b28a91d8d9bdbaf48cb659b,4,hybrid_rrf,TP030,paraphrase,True,False,1,1,9552a4ac-31b4-43a8-aa92-37bd3e89362a,0.01639344262295082,False,15.603700005158316
transfusion-retrieval-v3,sha256:5fc6a9a0d5ff5721954fad8f2855c204301e59ef0b28a91d8d9bdbaf48cb659b,4,hybrid_rrf,TP030,paraphrase,True,False,3,1,9552a4ac-31b4-43a8-aa92-37bd3e89362a,0.01639344262295082,False,15.603700005158316
transfusion-retrieval-v3,sha256:5fc6a9a0d5ff5721954fad8f2855c204301e59ef0b28a91d8d9bdbaf48cb659b,4,hybrid_rrf,TP030,paraphrase,True,False,3,2,63cb7040-3526-4f6f-9f88-e295bbe5edaf,0.01639344262295082,False,15.603700005158316
transfusion-retrieval-v3,sha256:5fc6a9a0d5ff5721954fad8f2855c204301e59ef0b28a91d8d9bdbaf48cb659b,4,hybrid_rrf,TP030,paraphrase,True,False,3,3,59d57c8a-c9d7-4f8d-b9a1-a2816f1f01f7,0.016129032258064516,False,15.603700005158316
transfusion-retrieval-v3,sha256:5fc6a9a0d5ff5721954fad8f2855c204301e59ef0b28a91d8d9bdbaf48cb659b,4,hybrid_rrf,TP030,paraphrase,True,False,5,1,9552a4ac-31b4-43a8-aa92-37bd3e89362a,0.01639344262295082,False,15.603700005158316
transfusion-retrieval-v3,sha256:5fc6a9a0d5ff5721954fad8f2855c204301e59ef0b28a91d8d9bdbaf48cb659b,4,hybrid_rrf,TP030,paraphrase,True,False,5,2,63cb7040-3526-4f6f-9f88-e295bbe5edaf,0.01639344262295082,False,15.603700005158316
transfusion-retrieval-v3,sha256:5fc6a9a0d5ff5721954fad8f2855c204301e59ef0b28a91d8d9bdbaf48cb659b,4,hybrid_rrf,TP030,paraphrase,True,False,5,3,59d57c8a-c9d7-4f8d-b9a1-a2816f1f01f7,0.016129032258064516,False,15.603700005158316
transfusion-retrieval-v3,sha256:5fc6a9a0d5ff5721954fad8f2855c204301e59ef0b28a91d8d9bdbaf48cb659b,4,hybrid_rrf,TP030,paraphrase,True,False,5,4,f4580736-a09e-471f-93d2-8089c695eb67,0.016129032258064516,False,15.603700005158316
transfusion-retrieval-v3,sha256:5fc6a9a0d5ff5721954fad8f2855c204301e59ef0b28a91d8d9bdbaf48cb659b,4,hybrid_rrf,TP030,paraphrase,True,False,5,5,66dba192-bac5-4b3a-bd4d-77e9eacb4192,0.015873015873015872,False,15.603700005158316
transfusion-retrieval-v3,sha256:5fc6a9a0d5ff5721954fad8f2855c204301e59ef0b28a91d8d9bdbaf48cb659b,4,hybrid_rrf,TP030,paraphrase,True,False,10,1,9552a4ac-31b4-43a8-aa92-37bd3e89362a,0.01639344262295082,False,15.603700005158316
transfusion-retrieval-v3,sha256:5fc6a9a0d5ff5721954fad8f2855c204301e59ef0b28a91d8d9bdbaf48cb659b,4,hybrid_rrf,TP030,paraphrase,True,False,10,2,63cb7040-3526-4f6f-9f88-e295bbe5edaf,0.01639344262295082,False,15.603700005158316
transfusion-retrieval-v3,sha256:5fc6a9a0d5ff5721954fad8f2855c204301e59ef0b28a91d8d9bdbaf48cb659b,4,hybrid_rrf,TP030,paraphrase,True,False,10,3,59d57c8a-c9d7-4f8d-b9a1-a2816f1f01f7,0.016129032258064516,False,15.603700005158316
transfusion-retrieval-v3,sha256:5fc6a9a0d5ff5721954fad8f2855c204301e59ef0b28a91d8d9bdbaf48cb659b,4,hybrid_rrf,TP030,paraphrase,True,False,10,4,f4580736-a09e-471f-93d2-8089c695eb67,0.016129032258064516,False,15.603700005158316
transfusion-retrieval-v3,sha256:5fc6a9a0d5ff5721954fad8f2855c204301e59ef0b28a91d8d9bdbaf48cb659b,4,hybrid_rrf,TP030,paraphrase,True,False,10,5,66dba192-bac5-4b3a-bd4d-77e9eacb4192,0.015873015873015872,False,15.603700005158316
transfusion-retrieval-v3,sha256:5fc6a9a0d5ff5721954fad8f2855c204301e59ef0b28a91d8d9bdbaf48cb659b,4,hybrid_rrf,TP030,paraphrase,True,False,10,6,f7a9837d-f8db-4461-abd8-a3607db2276f,0.015873015873015872,False,15.603700005158316
transfusion-retrieval-v3,sha256:5fc6a9a0d5ff5721954fad8f2855c204301e59ef0b28a91d8d9bdbaf48cb659b,4,hybrid_rrf,TP030,paraphrase,True,False,10,7,4c0dde2a-0432-4cb2-ad33-987f5979ff76,0.015625,False,15.603700005158316
transfusion-retrieval-v3,sha256:5fc6a9a0d5ff5721954fad8f2855c204301e59ef0b28a91d8d9bdbaf48cb659b,4,hybrid_rrf,TP030,paraphrase,True,False,10,8,4797ba3b-c3d9-4d11-be5f-86db44dbda83,0.015625,False,15.603700005158316
transfusion-retrieval-v3,sha256:5fc6a9a0d5ff5721954fad8f2855c204301e59ef0b28a91d8d9bdbaf48cb659b,4,hybrid_rrf,TP030,paraphrase,True,False,10,9,84c0a864-176f-4776-a15e-167fc2518e5d,0.015384615384615385,False,15.603700005158316
transfusion-retrieval-v3,sha256:5fc6a9a0d5ff5721954fad8f2855c204301e59ef0b28a91d8d9bdbaf48cb659b,4,hybrid_rrf,TP030,paraphrase,True,False,10,10,16efaa44-1554-4748-8407-48fac0bced94,0.015384615384615385,False,15.603700005158316
transfusion-retrieval-v3,sha256:5fc6a9a0d5ff5721954fad8f2855c204301e59ef0b28a91d8d9bdbaf48cb659b,4,hybrid_rrf,TP031,monitoring,True,False,1,1,16efaa44-1554-4748-8407-48fac0bced94,0.030886196246139225,False,8.0662000036682
transfusion-retrieval-v3,sha256:5fc6a9a0d5ff5721954fad8f2855c204301e59ef0b28a91d8d9bdbaf48cb659b,4,hybrid_rrf,TP031,monitoring,True,False,3,1,16efaa44-1554-4748-8407-48fac0bced94,0.030886196246139225,False,8.0662000036682
transfusion-retrieval-v3,sha256:5fc6a9a0d5ff5721954fad8f2855c204301e59ef0b28a91d8d9bdbaf48cb659b,4,hybrid_rrf,TP031,monitoring,True,False,3,2,b0d368a1-d0fc-4b8b-8567-e190cf462986,0.01639344262295082,False,8.0662000036682
transfusion-retrieval-v3,sha256:5fc6a9a0d5ff5721954fad8f2855c204301e59ef0b28a91d8d9bdbaf48cb659b,4,hybrid_rrf,TP031,monitoring,True,False,3,3,7e5199d4-e5c9-40ca-a69f-ea37f52c6ce3,0.016129032258064516,False,8.0662000036682
transfusion-retrieval-v3,sha256:5fc6a9a0d5ff5721954fad8f2855c204301e59ef0b28a91d8d9bdbaf48cb659b,4,hybrid_rrf,TP031,monitoring,True,False,5,1,16efaa44-1554-4748-8407-48fac0bced94,0.030886196246139225,False,8.0662000036682
transfusion-retrieval-v3,sha256:5fc6a9a0d5ff5721954fad8f2855c204301e59ef0b28a91d8d9bdbaf48cb659b,4,hybrid_rrf,TP031,monitoring,True,False,5,2,b0d368a1-d0fc-4b8b-8567-e190cf462986,0.01639344262295082,False,8.0662000036682
transfusion-retrieval-v3,sha256:5fc6a9a0d5ff5721954fad8f2855c204301e59ef0b28a91d8d9bdbaf48cb659b,4,hybrid_rrf,TP031,monitoring,True,False,5,3,7e5199d4-e5c9-40ca-a69f-ea37f52c6ce3,0.016129032258064516,False,8.0662000036682
transfusion-retrieval-v3,sha256:5fc6a9a0d5ff5721954fad8f2855c204301e59ef0b28a91d8d9bdbaf48cb659b,4,hybrid_rrf,TP031,monitoring,True,False,5,4,63cb7040-3526-4f6f-9f88-e295bbe5edaf,0.016129032258064516,False,8.0662000036682
transfusion-retrieval-v3,sha256:5fc6a9a0d5ff5721954fad8f2855c204301e59ef0b28a91d8d9bdbaf48cb659b,4,hybrid_rrf,TP031,monitoring,True,False,5,5,fb4884e3-8fea-42fa-b996-7e9c333e7fef,0.015873015873015872,False,8.0662000036682
transfusion-retrieval-v3,sha256:5fc6a9a0d5ff5721954fad8f2855c204301e59ef0b28a91d8d9bdbaf48cb659b,4,hybrid_rrf,TP031,monitoring,True,False,10,1,16efaa44-1554-4748-8407-48fac0bced94,0.030886196246139225,False,8.0662000036682
transfusion-retrieval-v3,sha256:5fc6a9a0d5ff5721954fad8f2855c204301e59ef0b28a91d8d9bdbaf48cb659b,4,hybrid_rrf,TP031,monitoring,True,False,10,2,b0d368a1-d0fc-4b8b-8567-e190cf462986,0.01639344262295082,False,8.0662000036682
transfusion-retrieval-v3,sha256:5fc6a9a0d5ff5721954fad8f2855c204301e59ef0b28a91d8d9bdbaf48cb659b,4,hybrid_rrf,TP031,monitoring,True,False,10,3,7e5199d4-e5c9-40ca-a69f-ea37f52c6ce3,0.016129032258064516,False,8.0662000036682
transfusion-retrieval-v3,sha256:5fc6a9a0d5ff5721954fad8f2855c204301e59ef0b28a91d8d9bdbaf48cb659b,4,hybrid_rrf,TP031,monitoring,True,False,10,4,63cb7040-3526-4f6f-9f88-e295bbe5edaf,0.016129032258064516,False,8.0662000036682
transfusion-retrieval-v3,sha256:5fc6a9a0d5ff5721954fad8f2855c204301e59ef0b28a91d8d9bdbaf48cb659b,4,hybrid_rrf,TP031,monitoring,True,False,10,5,fb4884e3-8fea-42fa-b996-7e9c333e7fef,0.015873015873015872,False,8.0662000036682
transfusion-retrieval-v3,sha256:5fc6a9a0d5ff5721954fad8f2855c204301e59ef0b28a91d8d9bdbaf48cb659b,4,hybrid_rrf,TP031,monitoring,True,False,10,6,64fa07b8-63c3-43c8-899e-5bd6282225ed,0.015873015873015872,False,8.0662000036682
transfusion-retrieval-v3,sha256:5fc6a9a0d5ff5721954fad8f2855c204301e59ef0b28a91d8d9bdbaf48cb659b,4,hybrid_rrf,TP031,monitoring,True,False,10,7,eeb8db46-f757-41f1-9ca5-c022f3d4ea3e,0.015625,False,8.0662000036682
transfusion-retrieval-v3,sha256:5fc6a9a0d5ff5721954fad8f2855c204301e59ef0b28a91d8d9bdbaf48cb659b,4,hybrid_rrf,TP031,monitoring,True,False,10,8,d3b7d61b-50f0-4b96-a770-785a9f3c3886,0.015625,False,8.0662000036682
transfusion-retrieval-v3,sha256:5fc6a9a0d5ff5721954fad8f2855c204301e59ef0b28a91d8d9bdbaf48cb659b,4,hybrid_rrf,TP031,monitoring,True,False,10,9,17e22a4e-78d9-4607-b75b-151e52cc4d20,0.015384615384615385,False,8.0662000036682
transfusion-retrieval-v3,sha256:5fc6a9a0d5ff5721954fad8f2855c204301e59ef0b28a91d8d9bdbaf48cb659b,4,hybrid_rrf,TP031,monitoring,True,False,10,10,a7cf71a5-8426-4d7c-8106-e0754e7cb4bf,0.015384615384615385,True,8.0662000036682
transfusion-retrieval-v3,sha256:5fc6a9a0d5ff5721954fad8f2855c204301e59ef0b28a91d8d9bdbaf48cb659b,4,hybrid_rrf,TP032,adverse_reaction,True,False,1,1,15e829a9-a475-429d-b0e3-5c34bfbd3ab7,0.01639344262295082,True,10.80559999900288
transfusion-retrieval-v3,sha256:5fc6a9a0d5ff5721954fad8f2855c204301e59ef0b28a91d8d9bdbaf48cb659b,4,hybrid_rrf,TP032,adverse_reaction,True,False,3,1,15e829a9-a475-429d-b0e3-5c34bfbd3ab7,0.01639344262295082,True,10.80559999900288
transfusion-retrieval-v3,sha256:5fc6a9a0d5ff5721954fad8f2855c204301e59ef0b28a91d8d9bdbaf48cb659b,4,hybrid_rrf,TP032,adverse_reaction,True,False,3,2,63cb7040-3526-4f6f-9f88-e295bbe5edaf,0.01639344262295082,False,10.80559999900288
transfusion-retrieval-v3,sha256:5fc6a9a0d5ff5721954fad8f2855c204301e59ef0b28a91d8d9bdbaf48cb659b,4,hybrid_rrf,TP032,adverse_reaction,True,False,3,3,16efaa44-1554-4748-8407-48fac0bced94,0.016129032258064516,False,10.80559999900288
transfusion-retrieval-v3,sha256:5fc6a9a0d5ff5721954fad8f2855c204301e59ef0b28a91d8d9bdbaf48cb659b,4,hybrid_rrf,TP032,adverse_reaction,True,False,5,1,15e829a9-a475-429d-b0e3-5c34bfbd3ab7,0.01639344262295082,True,10.80559999900288
transfusion-retrieval-v3,sha256:5fc6a9a0d5ff5721954fad8f2855c204301e59ef0b28a91d8d9bdbaf48cb659b,4,hybrid_rrf,TP032,adverse_reaction,True,False,5,2,63cb7040-3526-4f6f-9f88-e295bbe5edaf,0.01639344262295082,False,10.80559999900288
transfusion-retrieval-v3,sha256:5fc6a9a0d5ff5721954fad8f2855c204301e59ef0b28a91d8d9bdbaf48cb659b,4,hybrid_rrf,TP032,adverse_reaction,True,False,5,3,16efaa44-1554-4748-8407-48fac0bced94,0.016129032258064516,False,10.80559999900288
transfusion-retrieval-v3,sha256:5fc6a9a0d5ff5721954fad8f2855c204301e59ef0b28a91d8d9bdbaf48cb659b,4,hybrid_rrf,TP032,adverse_reaction,True,False,5,4,391ad5dc-0d1c-4350-85ba-5aa601d9ac0d,0.016129032258064516,False,10.80559999900288
transfusion-retrieval-v3,sha256:5fc6a9a0d5ff5721954fad8f2855c204301e59ef0b28a91d8d9bdbaf48cb659b,4,hybrid_rrf,TP032,adverse_reaction,True,False,5,5,c78ff32d-ea17-41fd-98ef-2e8872f01df3,0.015873015873015872,False,10.80559999900288
transfusion-retrieval-v3,sha256:5fc6a9a0d5ff5721954fad8f2855c204301e59ef0b28a91d8d9bdbaf48cb659b,4,hybrid_rrf,TP032,adverse_reaction,True,False,10,1,15e829a9-a475-429d-b0e3-5c34bfbd3ab7,0.01639344262295082,True,10.80559999900288
transfusion-retrieval-v3,sha256:5fc6a9a0d5ff5721954fad8f2855c204301e59ef0b28a91d8d9bdbaf48cb659b,4,hybrid_rrf,TP032,adverse_reaction,True,False,10,2,63cb7040-3526-4f6f-9f88-e295bbe5edaf,0.01639344262295082,False,10.80559999900288
transfusion-retrieval-v3,sha256:5fc6a9a0d5ff5721954fad8f2855c204301e59ef0b28a91d8d9bdbaf48cb659b,4,hybrid_rrf,TP032,adverse_reaction,True,False,10,3,16efaa44-1554-4748-8407-48fac0bced94,0.016129032258064516,False,10.80559999900288
transfusion-retrieval-v3,sha256:5fc6a9a0d5ff5721954fad8f2855c204301e59ef0b28a91d8d9bdbaf48cb659b,4,hybrid_rrf,TP032,adverse_reaction,True,False,10,4,391ad5dc-0d1c-4350-85ba-5aa601d9ac0d,0.016129032258064516,False,10.80559999900288
transfusion-retrieval-v3,sha256:5fc6a9a0d5ff5721954fad8f2855c204301e59ef0b28a91d8d9bdbaf48cb659b,4,hybrid_rrf,TP032,adverse_reaction,True,False,10,5,c78ff32d-ea17-41fd-98ef-2e8872f01df3,0.015873015873015872,False,10.80559999900288
transfusion-retrieval-v3,sha256:5fc6a9a0d5ff5721954fad8f2855c204301e59ef0b28a91d8d9bdbaf48cb659b,4,hybrid_rrf,TP032,adverse_reaction,True,False,10,6,602c933f-0b8f-4533-87a5-f27ecd5f2af9,0.015873015873015872,False,10.80559999900288
transfusion-retrieval-v3,sha256:5fc6a9a0d5ff5721954fad8f2855c204301e59ef0b28a91d8d9bdbaf48cb659b,4,hybrid_rrf,TP032,adverse_reaction,True,False,10,7,17e22a4e-78d9-4607-b75b-151e52cc4d20,0.015625,False,10.80559999900288
transfusion-retrieval-v3,sha256:5fc6a9a0d5ff5721954fad8f2855c204301e59ef0b28a91d8d9bdbaf48cb659b,4,hybrid_rrf,TP032,adverse_reaction,True,False,10,8,9552a4ac-31b4-43a8-aa92-37bd3e89362a,0.015625,False,10.80559999900288
transfusion-retrieval-v3,sha256:5fc6a9a0d5ff5721954fad8f2855c204301e59ef0b28a91d8d9bdbaf48cb659b,4,hybrid_rrf,TP032,adverse_reaction,True,False,10,9,84c0a864-176f-4776-a15e-167fc2518e5d,0.015384615384615385,False,10.80559999900288
transfusion-retrieval-v3,sha256:5fc6a9a0d5ff5721954fad8f2855c204301e59ef0b28a91d8d9bdbaf48cb659b,4,hybrid_rrf,TP032,adverse_reaction,True,False,10,10,e4892114-b8eb-4f39-a7c4-427217039236,0.015384615384615385,False,10.80559999900288
transfusion-retrieval-v3,sha256:5fc6a9a0d5ff5721954fad8f2855c204301e59ef0b28a91d8d9bdbaf48cb659b,4,hybrid_rrf,TP033,adverse_reaction,True,False,1,1,8939253d-3272-4915-8c2b-c60062aeb818,0.031544957774465976,True,10.35020000199438
transfusion-retrieval-v3,sha256:5fc6a9a0d5ff5721954fad8f2855c204301e59ef0b28a91d8d9bdbaf48cb659b,4,hybrid_rrf,TP033,adverse_reaction,True,False,3,1,8939253d-3272-4915-8c2b-c60062aeb818,0.031544957774465976,True,10.35020000199438
transfusion-retrieval-v3,sha256:5fc6a9a0d5ff5721954fad8f2855c204301e59ef0b28a91d8d9bdbaf48cb659b,4,hybrid_rrf,TP033,adverse_reaction,True,False,3,2,63cb7040-3526-4f6f-9f88-e295bbe5edaf,0.01639344262295082,False,10.35020000199438
transfusion-retrieval-v3,sha256:5fc6a9a0d5ff5721954fad8f2855c204301e59ef0b28a91d8d9bdbaf48cb659b,4,hybrid_rrf,TP033,adverse_reaction,True,False,3,3,324bc249-0e84-46e9-b77f-856c76cd5353,0.016129032258064516,False,10.35020000199438
transfusion-retrieval-v3,sha256:5fc6a9a0d5ff5721954fad8f2855c204301e59ef0b28a91d8d9bdbaf48cb659b,4,hybrid_rrf,TP033,adverse_reaction,True,False,5,1,8939253d-3272-4915-8c2b-c60062aeb818,0.031544957774465976,True,10.35020000199438
transfusion-retrieval-v3,sha256:5fc6a9a0d5ff5721954fad8f2855c204301e59ef0b28a91d8d9bdbaf48cb659b,4,hybrid_rrf,TP033,adverse_reaction,True,False,5,2,63cb7040-3526-4f6f-9f88-e295bbe5edaf,0.01639344262295082,False,10.35020000199438
transfusion-retrieval-v3,sha256:5fc6a9a0d5ff5721954fad8f2855c204301e59ef0b28a91d8d9bdbaf48cb659b,4,hybrid_rrf,TP033,adverse_reaction,True,False,5,3,324bc249-0e84-46e9-b77f-856c76cd5353,0.016129032258064516,False,10.35020000199438
transfusion-retrieval-v3,sha256:5fc6a9a0d5ff5721954fad8f2855c204301e59ef0b28a91d8d9bdbaf48cb659b,4,hybrid_rrf,TP033,adverse_reaction,True,False,5,4,4797ba3b-c3d9-4d11-be5f-86db44dbda83,0.016129032258064516,False,10.35020000199438
transfusion-retrieval-v3,sha256:5fc6a9a0d5ff5721954fad8f2855c204301e59ef0b28a91d8d9bdbaf48cb659b,4,hybrid_rrf,TP033,adverse_reaction,True,False,5,5,602c933f-0b8f-4533-87a5-f27ecd5f2af9,0.015873015873015872,False,10.35020000199438
transfusion-retrieval-v3,sha256:5fc6a9a0d5ff5721954fad8f2855c204301e59ef0b28a91d8d9bdbaf48cb659b,4,hybrid_rrf,TP033,adverse_reaction,True,False,10,1,8939253d-3272-4915-8c2b-c60062aeb818,0.031544957774465976,True,10.35020000199438
transfusion-retrieval-v3,sha256:5fc6a9a0d5ff5721954fad8f2855c204301e59ef0b28a91d8d9bdbaf48cb659b,4,hybrid_rrf,TP033,adverse_reaction,True,False,10,2,63cb7040-3526-4f6f-9f88-e295bbe5edaf,0.01639344262295082,False,10.35020000199438
transfusion-retrieval-v3,sha256:5fc6a9a0d5ff5721954fad8f2855c204301e59ef0b28a91d8d9bdbaf48cb659b,4,hybrid_rrf,TP033,adverse_reaction,True,False,10,3,324bc249-0e84-46e9-b77f-856c76cd5353,0.016129032258064516,False,10.35020000199438
transfusion-retrieval-v3,sha256:5fc6a9a0d5ff5721954fad8f2855c204301e59ef0b28a91d8d9bdbaf48cb659b,4,hybrid_rrf,TP033,adverse_reaction,True,False,10,4,4797ba3b-c3d9-4d11-be5f-86db44dbda83,0.016129032258064516,False,10.35020000199438
transfusion-retrieval-v3,sha256:5fc6a9a0d5ff5721954fad8f2855c204301e59ef0b28a91d8d9bdbaf48cb659b,4,hybrid_rrf,TP033,adverse_reaction,True,False,10,5,602c933f-0b8f-4533-87a5-f27ecd5f2af9,0.015873015873015872,False,10.35020000199438
transfusion-retrieval-v3,sha256:5fc6a9a0d5ff5721954fad8f2855c204301e59ef0b28a91d8d9bdbaf48cb659b,4,hybrid_rrf,TP033,adverse_reaction,True,False,10,6,2e55093d-0a0f-4fd9-954b-4fc72df9eac0,0.015873015873015872,False,10.35020000199438
transfusion-retrieval-v3,sha256:5fc6a9a0d5ff5721954fad8f2855c204301e59ef0b28a91d8d9bdbaf48cb659b,4,hybrid_rrf,TP033,adverse_reaction,True,False,10,7,16efaa44-1554-4748-8407-48fac0bced94,0.015625,False,10.35020000199438
transfusion-retrieval-v3,sha256:5fc6a9a0d5ff5721954fad8f2855c204301e59ef0b28a91d8d9bdbaf48cb659b,4,hybrid_rrf,TP033,adverse_reaction,True,False,10,8,7abe62fa-6fdb-4466-a16b-73e1770f0c57,0.015625,True,10.35020000199438
transfusion-retrieval-v3,sha256:5fc6a9a0d5ff5721954fad8f2855c204301e59ef0b28a91d8d9bdbaf48cb659b,4,hybrid_rrf,TP033,adverse_reaction,True,False,10,9,761b9529-5b18-4262-8174-6062c35fb31c,0.015384615384615385,False,10.35020000199438
transfusion-retrieval-v3,sha256:5fc6a9a0d5ff5721954fad8f2855c204301e59ef0b28a91d8d9bdbaf48cb659b,4,hybrid_rrf,TP033,adverse_reaction,True,False,10,10,15e829a9-a475-429d-b0e3-5c34bfbd3ab7,0.015384615384615385,False,10.35020000199438
transfusion-retrieval-v3,sha256:5fc6a9a0d5ff5721954fad8f2855c204301e59ef0b28a91d8d9bdbaf48cb659b,4,hybrid_rrf,TP034,adverse_reaction,True,False,1,1,7abe62fa-6fdb-4466-a16b-73e1770f0c57,0.01639344262295082,True,15.485300002183067
transfusion-retrieval-v3,sha256:5fc6a9a0d5ff5721954fad8f2855c204301e59ef0b28a91d8d9bdbaf48cb659b,4,hybrid_rrf,TP034,adverse_reaction,True,False,3,1,7abe62fa-6fdb-4466-a16b-73e1770f0c57,0.01639344262295082,True,15.485300002183067
transfusion-retrieval-v3,sha256:5fc6a9a0d5ff5721954fad8f2855c204301e59ef0b28a91d8d9bdbaf48cb659b,4,hybrid_rrf,TP034,adverse_reaction,True,False,3,2,63cb7040-3526-4f6f-9f88-e295bbe5edaf,0.01639344262295082,False,15.485300002183067
transfusion-retrieval-v3,sha256:5fc6a9a0d5ff5721954fad8f2855c204301e59ef0b28a91d8d9bdbaf48cb659b,4,hybrid_rrf,TP034,adverse_reaction,True,False,3,3,16efaa44-1554-4748-8407-48fac0bced94,0.016129032258064516,False,15.485300002183067
transfusion-retrieval-v3,sha256:5fc6a9a0d5ff5721954fad8f2855c204301e59ef0b28a91d8d9bdbaf48cb659b,4,hybrid_rrf,TP034,adverse_reaction,True,False,5,1,7abe62fa-6fdb-4466-a16b-73e1770f0c57,0.01639344262295082,True,15.485300002183067
transfusion-retrieval-v3,sha256:5fc6a9a0d5ff5721954fad8f2855c204301e59ef0b28a91d8d9bdbaf48cb659b,4,hybrid_rrf,TP034,adverse_reaction,True,False,5,2,63cb7040-3526-4f6f-9f88-e295bbe5edaf,0.01639344262295082,False,15.485300002183067
transfusion-retrieval-v3,sha256:5fc6a9a0d5ff5721954fad8f2855c204301e59ef0b28a91d8d9bdbaf48cb659b,4,hybrid_rrf,TP034,adverse_reaction,True,False,5,3,16efaa44-1554-4748-8407-48fac0bced94,0.016129032258064516,False,15.485300002183067
transfusion-retrieval-v3,sha256:5fc6a9a0d5ff5721954fad8f2855c204301e59ef0b28a91d8d9bdbaf48cb659b,4,hybrid_rrf,TP034,adverse_reaction,True,False,5,4,5e7838ae-0b80-4d05-b266-deb52de7b401,0.016129032258064516,False,15.485300002183067
transfusion-retrieval-v3,sha256:5fc6a9a0d5ff5721954fad8f2855c204301e59ef0b28a91d8d9bdbaf48cb659b,4,hybrid_rrf,TP034,adverse_reaction,True,False,5,5,17e22a4e-78d9-4607-b75b-151e52cc4d20,0.015873015873015872,False,15.485300002183067
transfusion-retrieval-v3,sha256:5fc6a9a0d5ff5721954fad8f2855c204301e59ef0b28a91d8d9bdbaf48cb659b,4,hybrid_rrf,TP034,adverse_reaction,True,False,10,1,7abe62fa-6fdb-4466-a16b-73e1770f0c57,0.01639344262295082,True,15.485300002183067
transfusion-retrieval-v3,sha256:5fc6a9a0d5ff5721954fad8f2855c204301e59ef0b28a91d8d9bdbaf48cb659b,4,hybrid_rrf,TP034,adverse_reaction,True,False,10,2,63cb7040-3526-4f6f-9f88-e295bbe5edaf,0.01639344262295082,False,15.485300002183067
transfusion-retrieval-v3,sha256:5fc6a9a0d5ff5721954fad8f2855c204301e59ef0b28a91d8d9bdbaf48cb659b,4,hybrid_rrf,TP034,adverse_reaction,True,False,10,3,16efaa44-1554-4748-8407-48fac0bced94,0.016129032258064516,False,15.485300002183067
transfusion-retrieval-v3,sha256:5fc6a9a0d5ff5721954fad8f2855c204301e59ef0b28a91d8d9bdbaf48cb659b,4,hybrid_rrf,TP034,adverse_reaction,True,False,10,4,5e7838ae-0b80-4d05-b266-deb52de7b401,0.016129032258064516,False,15.485300002183067
transfusion-retrieval-v3,sha256:5fc6a9a0d5ff5721954fad8f2855c204301e59ef0b28a91d8d9bdbaf48cb659b,4,hybrid_rrf,TP034,adverse_reaction,True,False,10,5,17e22a4e-78d9-4607-b75b-151e52cc4d20,0.015873015873015872,False,15.485300002183067
transfusion-retrieval-v3,sha256:5fc6a9a0d5ff5721954fad8f2855c204301e59ef0b28a91d8d9bdbaf48cb659b,4,hybrid_rrf,TP034,adverse_reaction,True,False,10,6,2e55093d-0a0f-4fd9-954b-4fc72df9eac0,0.015873015873015872,True,15.485300002183067
transfusion-retrieval-v3,sha256:5fc6a9a0d5ff5721954fad8f2855c204301e59ef0b28a91d8d9bdbaf48cb659b,4,hybrid_rrf,TP034,adverse_reaction,True,False,10,7,324bc249-0e84-46e9-b77f-856c76cd5353,0.015625,False,15.485300002183067
transfusion-retrieval-v3,sha256:5fc6a9a0d5ff5721954fad8f2855c204301e59ef0b28a91d8d9bdbaf48cb659b,4,hybrid_rrf,TP034,adverse_reaction,True,False,10,8,fbb0340e-b19d-43c3-a23a-5ee07899e8cd,0.015625,False,15.485300002183067
transfusion-retrieval-v3,sha256:5fc6a9a0d5ff5721954fad8f2855c204301e59ef0b28a91d8d9bdbaf48cb659b,4,hybrid_rrf,TP034,adverse_reaction,True,False,10,9,9552a4ac-31b4-43a8-aa92-37bd3e89362a,0.015384615384615385,False,15.485300002183067
transfusion-retrieval-v3,sha256:5fc6a9a0d5ff5721954fad8f2855c204301e59ef0b28a91d8d9bdbaf48cb659b,4,hybrid_rrf,TP034,adverse_reaction,True,False,10,10,e4892114-b8eb-4f39-a7c4-427217039236,0.015384615384615385,False,15.485300002183067
transfusion-retrieval-v3,sha256:5fc6a9a0d5ff5721954fad8f2855c204301e59ef0b28a91d8d9bdbaf48cb659b,4,hybrid_rrf,TN006,negative_out_of_scope,False,False,1,1,71d2e37c-44e2-4972-8e6b-a6449c2f8404,0.03252247488101534,False,8.72019999587792
transfusion-retrieval-v3,sha256:5fc6a9a0d5ff5721954fad8f2855c204301e59ef0b28a91d8d9bdbaf48cb659b,4,hybrid_rrf,TN006,negative_out_of_scope,False,False,3,1,71d2e37c-44e2-4972-8e6b-a6449c2f8404,0.03252247488101534,False,8.72019999587792
transfusion-retrieval-v3,sha256:5fc6a9a0d5ff5721954fad8f2855c204301e59ef0b28a91d8d9bdbaf48cb659b,4,hybrid_rrf,TN006,negative_out_of_scope,False,False,3,2,15e829a9-a475-429d-b0e3-5c34bfbd3ab7,0.029437229437229435,False,8.72019999587792
transfusion-retrieval-v3,sha256:5fc6a9a0d5ff5721954fad8f2855c204301e59ef0b28a91d8d9bdbaf48cb659b,4,hybrid_rrf,TN006,negative_out_of_scope,False,False,3,3,16efaa44-1554-4748-8407-48fac0bced94,0.01639344262295082,False,8.72019999587792
transfusion-retrieval-v3,sha256:5fc6a9a0d5ff5721954fad8f2855c204301e59ef0b28a91d8d9bdbaf48cb659b,4,hybrid_rrf,TN006,negative_out_of_scope,False,False,5,1,71d2e37c-44e2-4972-8e6b-a6449c2f8404,0.03252247488101534,False,8.72019999587792
transfusion-retrieval-v3,sha256:5fc6a9a0d5ff5721954fad8f2855c204301e59ef0b28a91d8d9bdbaf48cb659b,4,hybrid_rrf,TN006,negative_out_of_scope,False,False,5,2,15e829a9-a475-429d-b0e3-5c34bfbd3ab7,0.029437229437229435,False,8.72019999587792
transfusion-retrieval-v3,sha256:5fc6a9a0d5ff5721954fad8f2855c204301e59ef0b28a91d8d9bdbaf48cb659b,4,hybrid_rrf,TN006,negative_out_of_scope,False,False,5,3,16efaa44-1554-4748-8407-48fac0bced94,0.01639344262295082,False,8.72019999587792
transfusion-retrieval-v3,sha256:5fc6a9a0d5ff5721954fad8f2855c204301e59ef0b28a91d8d9bdbaf48cb659b,4,hybrid_rrf,TN006,negative_out_of_scope,False,False,5,4,9552a4ac-31b4-43a8-aa92-37bd3e89362a,0.016129032258064516,False,8.72019999587792
transfusion-retrieval-v3,sha256:5fc6a9a0d5ff5721954fad8f2855c204301e59ef0b28a91d8d9bdbaf48cb659b,4,hybrid_rrf,TN006,negative_out_of_scope,False,False,5,5,ffcf7308-6e83-47bc-a519-0b4b7ba44562,0.015873015873015872,False,8.72019999587792
transfusion-retrieval-v3,sha256:5fc6a9a0d5ff5721954fad8f2855c204301e59ef0b28a91d8d9bdbaf48cb659b,4,hybrid_rrf,TN006,negative_out_of_scope,False,False,10,1,71d2e37c-44e2-4972-8e6b-a6449c2f8404,0.03252247488101534,False,8.72019999587792
transfusion-retrieval-v3,sha256:5fc6a9a0d5ff5721954fad8f2855c204301e59ef0b28a91d8d9bdbaf48cb659b,4,hybrid_rrf,TN006,negative_out_of_scope,False,False,10,2,15e829a9-a475-429d-b0e3-5c34bfbd3ab7,0.029437229437229435,False,8.72019999587792
transfusion-retrieval-v3,sha256:5fc6a9a0d5ff5721954fad8f2855c204301e59ef0b28a91d8d9bdbaf48cb659b,4,hybrid_rrf,TN006,negative_out_of_scope,False,False,10,3,16efaa44-1554-4748-8407-48fac0bced94,0.01639344262295082,False,8.72019999587792
transfusion-retrieval-v3,sha256:5fc6a9a0d5ff5721954fad8f2855c204301e59ef0b28a91d8d9bdbaf48cb659b,4,hybrid_rrf,TN006,negative_out_of_scope,False,False,10,4,9552a4ac-31b4-43a8-aa92-37bd3e89362a,0.016129032258064516,False,8.72019999587792
transfusion-retrieval-v3,sha256:5fc6a9a0d5ff5721954fad8f2855c204301e59ef0b28a91d8d9bdbaf48cb659b,4,hybrid_rrf,TN006,negative_out_of_scope,False,False,10,5,ffcf7308-6e83-47bc-a519-0b4b7ba44562,0.015873015873015872,False,8.72019999587792
transfusion-retrieval-v3,sha256:5fc6a9a0d5ff5721954fad8f2855c204301e59ef0b28a91d8d9bdbaf48cb659b,4,hybrid_rrf,TN006,negative_out_of_scope,False,False,10,6,63cb7040-3526-4f6f-9f88-e295bbe5edaf,0.015873015873015872,False,8.72019999587792
transfusion-retrieval-v3,sha256:5fc6a9a0d5ff5721954fad8f2855c204301e59ef0b28a91d8d9bdbaf48cb659b,4,hybrid_rrf,TN006,negative_out_of_scope,False,False,10,7,84c0a864-176f-4776-a15e-167fc2518e5d,0.015625,False,8.72019999587792
transfusion-retrieval-v3,sha256:5fc6a9a0d5ff5721954fad8f2855c204301e59ef0b28a91d8d9bdbaf48cb659b,4,hybrid_rrf,TN006,negative_out_of_scope,False,False,10,8,59d57c8a-c9d7-4f8d-b9a1-a2816f1f01f7,0.015625,False,8.72019999587792
transfusion-retrieval-v3,sha256:5fc6a9a0d5ff5721954fad8f2855c204301e59ef0b28a91d8d9bdbaf48cb659b,4,hybrid_rrf,TN006,negative_out_of_scope,False,False,10,9,5de4d74d-720e-4d86-a836-f946d70a2d32,0.015384615384615385,False,8.72019999587792
transfusion-retrieval-v3,sha256:5fc6a9a0d5ff5721954fad8f2855c204301e59ef0b28a91d8d9bdbaf48cb659b,4,hybrid_rrf,TN006,negative_out_of_scope,False,False,10,10,4797ba3b-c3d9-4d11-be5f-86db44dbda83,0.015384615384615385,False,8.72019999587792
transfusion-retrieval-v3,sha256:5fc6a9a0d5ff5721954fad8f2855c204301e59ef0b28a91d8d9bdbaf48cb659b,4,hybrid_rrf,TN007,negative_out_of_scope,False,False,1,1,761b9529-5b18-4262-8174-6062c35fb31c,0.03055037313432836,False,7.446999996318482
transfusion-retrieval-v3,sha256:5fc6a9a0d5ff5721954fad8f2855c204301e59ef0b28a91d8d9bdbaf48cb659b,4,hybrid_rrf,TN007,negative_out_of_scope,False,False,3,1,761b9529-5b18-4262-8174-6062c35fb31c,0.03055037313432836,False,7.446999996318482
transfusion-retrieval-v3,sha256:5fc6a9a0d5ff5721954fad8f2855c204301e59ef0b28a91d8d9bdbaf48cb659b,4,hybrid_rrf,TN007,negative_out_of_scope,False,False,3,2,7c33fbb7-e931-4f6b-9520-23875ec9ee5b,0.01639344262295082,False,7.446999996318482
transfusion-retrieval-v3,sha256:5fc6a9a0d5ff5721954fad8f2855c204301e59ef0b28a91d8d9bdbaf48cb659b,4,hybrid_rrf,TN007,negative_out_of_scope,False,False,3,3,63cb7040-3526-4f6f-9f88-e295bbe5edaf,0.01639344262295082,False,7.446999996318482
transfusion-retrieval-v3,sha256:5fc6a9a0d5ff5721954fad8f2855c204301e59ef0b28a91d8d9bdbaf48cb659b,4,hybrid_rrf,TN007,negative_out_of_scope,False,False,5,1,761b9529-5b18-4262-8174-6062c35fb31c,0.03055037313432836,False,7.446999996318482
transfusion-retrieval-v3,sha256:5fc6a9a0d5ff5721954fad8f2855c204301e59ef0b28a91d8d9bdbaf48cb659b,4,hybrid_rrf,TN007,negative_out_of_scope,False,False,5,2,7c33fbb7-e931-4f6b-9520-23875ec9ee5b,0.01639344262295082,False,7.446999996318482
transfusion-retrieval-v3,sha256:5fc6a9a0d5ff5721954fad8f2855c204301e59ef0b28a91d8d9bdbaf48cb659b,4,hybrid_rrf,TN007,negative_out_of_scope,False,False,5,3,63cb7040-3526-4f6f-9f88-e295bbe5edaf,0.01639344262295082,False,7.446999996318482
transfusion-retrieval-v3,sha256:5fc6a9a0d5ff5721954fad8f2855c204301e59ef0b28a91d8d9bdbaf48cb659b,4,hybrid_rrf,TN007,negative_out_of_scope,False,False,5,4,b0b5bc4f-7d0b-4f56-8e37-84178d38637d,0.016129032258064516,False,7.446999996318482
transfusion-retrieval-v3,sha256:5fc6a9a0d5ff5721954fad8f2855c204301e59ef0b28a91d8d9bdbaf48cb659b,4,hybrid_rrf,TN007,negative_out_of_scope,False,False,5,5,4797ba3b-c3d9-4d11-be5f-86db44dbda83,0.016129032258064516,False,7.446999996318482
transfusion-retrieval-v3,sha256:5fc6a9a0d5ff5721954fad8f2855c204301e59ef0b28a91d8d9bdbaf48cb659b,4,hybrid_rrf,TN007,negative_out_of_scope,False,False,10,1,761b9529-5b18-4262-8174-6062c35fb31c,0.03055037313432836,False,7.446999996318482
transfusion-retrieval-v3,sha256:5fc6a9a0d5ff5721954fad8f2855c204301e59ef0b28a91d8d9bdbaf48cb659b,4,hybrid_rrf,TN007,negative_out_of_scope,False,False,10,2,7c33fbb7-e931-4f6b-9520-23875ec9ee5b,0.01639344262295082,False,7.446999996318482
transfusion-retrieval-v3,sha256:5fc6a9a0d5ff5721954fad8f2855c204301e59ef0b28a91d8d9bdbaf48cb659b,4,hybrid_rrf,TN007,negative_out_of_scope,False,False,10,3,63cb7040-3526-4f6f-9f88-e295bbe5edaf,0.01639344262295082,False,7.446999996318482
transfusion-retrieval-v3,sha256:5fc6a9a0d5ff5721954fad8f2855c204301e59ef0b28a91d8d9bdbaf48cb659b,4,hybrid_rrf,TN007,negative_out_of_scope,False,False,10,4,b0b5bc4f-7d0b-4f56-8e37-84178d38637d,0.016129032258064516,False,7.446999996318482
transfusion-retrieval-v3,sha256:5fc6a9a0d5ff5721954fad8f2855c204301e59ef0b28a91d8d9bdbaf48cb659b,4,hybrid_rrf,TN007,negative_out_of_scope,False,False,10,5,4797ba3b-c3d9-4d11-be5f-86db44dbda83,0.016129032258064516,False,7.446999996318482
transfusion-retrieval-v3,sha256:5fc6a9a0d5ff5721954fad8f2855c204301e59ef0b28a91d8d9bdbaf48cb659b,4,hybrid_rrf,TN007,negative_out_of_scope,False,False,10,6,9131e9a9-eff3-4f4e-a20b-4bdd456c35bc,0.015873015873015872,False,7.446999996318482
transfusion-retrieval-v3,sha256:5fc6a9a0d5ff5721954fad8f2855c204301e59ef0b28a91d8d9bdbaf48cb659b,4,hybrid_rrf,TN007,negative_out_of_scope,False,False,10,7,602c933f-0b8f-4533-87a5-f27ecd5f2af9,0.015873015873015872,False,7.446999996318482
transfusion-retrieval-v3,sha256:5fc6a9a0d5ff5721954fad8f2855c204301e59ef0b28a91d8d9bdbaf48cb659b,4,hybrid_rrf,TN007,negative_out_of_scope,False,False,10,8,54fdf811-dedd-4016-b144-3e4bfdcd67c8,0.015625,False,7.446999996318482
transfusion-retrieval-v3,sha256:5fc6a9a0d5ff5721954fad8f2855c204301e59ef0b28a91d8d9bdbaf48cb659b,4,hybrid_rrf,TN007,negative_out_of_scope,False,False,10,9,c78ff32d-ea17-41fd-98ef-2e8872f01df3,0.015384615384615385,False,7.446999996318482
transfusion-retrieval-v3,sha256:5fc6a9a0d5ff5721954fad8f2855c204301e59ef0b28a91d8d9bdbaf48cb659b,4,hybrid_rrf,TN007,negative_out_of_scope,False,False,10,10,16efaa44-1554-4748-8407-48fac0bced94,0.015384615384615385,False,7.446999996318482
transfusion-retrieval-v3,sha256:5fc6a9a0d5ff5721954fad8f2855c204301e59ef0b28a91d8d9bdbaf48cb659b,4,hybrid_rrf,TN008,negative_out_of_scope,False,False,1,1,2cea4ea7-7aaf-4c54-ac4e-b660de52065d,0.032018442622950824,False,12.213100002554711
transfusion-retrieval-v3,sha256:5fc6a9a0d5ff5721954fad8f2855c204301e59ef0b28a91d8d9bdbaf48cb659b,4,hybrid_rrf,TN008,negative_out_of_scope,False,False,3,1,2cea4ea7-7aaf-4c54-ac4e-b660de52065d,0.032018442622950824,False,12.213100002554711
transfusion-retrieval-v3,sha256:5fc6a9a0d5ff5721954fad8f2855c204301e59ef0b28a91d8d9bdbaf48cb659b,4,hybrid_rrf,TN008,negative_out_of_scope,False,False,3,2,21efe016-3004-45f3-a070-29ce2ecb0019,0.03128054740957967,False,12.213100002554711
transfusion-retrieval-v3,sha256:5fc6a9a0d5ff5721954fad8f2855c204301e59ef0b28a91d8d9bdbaf48cb659b,4,hybrid_rrf,TN008,negative_out_of_scope,False,False,3,3,ee8c2027-ad6d-4bb7-8077-5e4c42be1cc3,0.02857142857142857,False,12.213100002554711
transfusion-retrieval-v3,sha256:5fc6a9a0d5ff5721954fad8f2855c204301e59ef0b28a91d8d9bdbaf48cb659b,4,hybrid_rrf,TN008,negative_out_of_scope,False,False,5,1,2cea4ea7-7aaf-4c54-ac4e-b660de52065d,0.032018442622950824,False,12.213100002554711
transfusion-retrieval-v3,sha256:5fc6a9a0d5ff5721954fad8f2855c204301e59ef0b28a91d8d9bdbaf48cb659b,4,hybrid_rrf,TN008,negative_out_of_scope,False,False,5,2,21efe016-3004-45f3-a070-29ce2ecb0019,0.03128054740957967,False,12.213100002554711
transfusion-retrieval-v3,sha256:5fc6a9a0d5ff5721954fad8f2855c204301e59ef0b28a91d8d9bdbaf48cb659b,4,hybrid_rrf,TN008,negative_out_of_scope,False,False,5,3,ee8c2027-ad6d-4bb7-8077-5e4c42be1cc3,0.02857142857142857,False,12.213100002554711
transfusion-retrieval-v3,sha256:5fc6a9a0d5ff5721954fad8f2855c204301e59ef0b28a91d8d9bdbaf48cb659b,4,hybrid_rrf,TN008,negative_out_of_scope,False,False,5,4,64fa07b8-63c3-43c8-899e-5bd6282225ed,0.01639344262295082,False,12.213100002554711
transfusion-retrieval-v3,sha256:5fc6a9a0d5ff5721954fad8f2855c204301e59ef0b28a91d8d9bdbaf48cb659b,4,hybrid_rrf,TN008,negative_out_of_scope,False,False,5,5,f1611d72-8c47-41f8-bfee-99d5ffdfe12a,0.016129032258064516,False,12.213100002554711
transfusion-retrieval-v3,sha256:5fc6a9a0d5ff5721954fad8f2855c204301e59ef0b28a91d8d9bdbaf48cb659b,4,hybrid_rrf,TN008,negative_out_of_scope,False,False,10,1,2cea4ea7-7aaf-4c54-ac4e-b660de52065d,0.032018442622950824,False,12.213100002554711
transfusion-retrieval-v3,sha256:5fc6a9a0d5ff5721954fad8f2855c204301e59ef0b28a91d8d9bdbaf48cb659b,4,hybrid_rrf,TN008,negative_out_of_scope,False,False,10,2,21efe016-3004-45f3-a070-29ce2ecb0019,0.03128054740957967,False,12.213100002554711
transfusion-retrieval-v3,sha256:5fc6a9a0d5ff5721954fad8f2855c204301e59ef0b28a91d8d9bdbaf48cb659b,4,hybrid_rrf,TN008,negative_out_of_scope,False,False,10,3,ee8c2027-ad6d-4bb7-8077-5e4c42be1cc3,0.02857142857142857,False,12.213100002554711
transfusion-retrieval-v3,sha256:5fc6a9a0d5ff5721954fad8f2855c204301e59ef0b28a91d8d9bdbaf48cb659b,4,hybrid_rrf,TN008,negative_out_of_scope,False,False,10,4,64fa07b8-63c3-43c8-899e-5bd6282225ed,0.01639344262295082,False,12.213100002554711
transfusion-retrieval-v3,sha256:5fc6a9a0d5ff5721954fad8f2855c204301e59ef0b28a91d8d9bdbaf48cb659b,4,hybrid_rrf,TN008,negative_out_of_scope,False,False,10,5,f1611d72-8c47-41f8-bfee-99d5ffdfe12a,0.016129032258064516,False,12.213100002554711
transfusion-retrieval-v3,sha256:5fc6a9a0d5ff5721954fad8f2855c204301e59ef0b28a91d8d9bdbaf48cb659b,4,hybrid_rrf,TN008,negative_out_of_scope,False,False,10,6,b66e5419-8a9c-47f4-866d-ebdb95b174b2,0.015873015873015872,False,12.213100002554711
transfusion-retrieval-v3,sha256:5fc6a9a0d5ff5721954fad8f2855c204301e59ef0b28a91d8d9bdbaf48cb659b,4,hybrid_rrf,TN008,negative_out_of_scope,False,False,10,7,16efaa44-1554-4748-8407-48fac0bced94,0.015873015873015872,False,12.213100002554711
transfusion-retrieval-v3,sha256:5fc6a9a0d5ff5721954fad8f2855c204301e59ef0b28a91d8d9bdbaf48cb659b,4,hybrid_rrf,TN008,negative_out_of_scope,False,False,10,8,bc88f538-e881-4c81-85e9-fca20614315d,0.015625,False,12.213100002554711
transfusion-retrieval-v3,sha256:5fc6a9a0d5ff5721954fad8f2855c204301e59ef0b28a91d8d9bdbaf48cb659b,4,hybrid_rrf,TN008,negative_out_of_scope,False,False,10,9,4c0dde2a-0432-4cb2-ad33-987f5979ff76,0.015384615384615385,False,12.213100002554711
transfusion-retrieval-v3,sha256:5fc6a9a0d5ff5721954fad8f2855c204301e59ef0b28a91d8d9bdbaf48cb659b,4,hybrid_rrf,TN008,negative_out_of_scope,False,False,10,10,63cb7040-3526-4f6f-9f88-e295bbe5edaf,0.015384615384615385,False,12.213100002554711
transfusion-retrieval-v3,sha256:5fc6a9a0d5ff5721954fad8f2855c204301e59ef0b28a91d8d9bdbaf48cb659b,4,hybrid_rrf,TN009,negative_out_of_scope,False,False,1,1,fb4884e3-8fea-42fa-b996-7e9c333e7fef,0.03252247488101534,False,10.716000004322268
transfusion-retrieval-v3,sha256:5fc6a9a0d5ff5721954fad8f2855c204301e59ef0b28a91d8d9bdbaf48cb659b,4,hybrid_rrf,TN009,negative_out_of_scope,False,False,3,1,fb4884e3-8fea-42fa-b996-7e9c333e7fef,0.03252247488101534,False,10.716000004322268
transfusion-retrieval-v3,sha256:5fc6a9a0d5ff5721954fad8f2855c204301e59ef0b28a91d8d9bdbaf48cb659b,4,hybrid_rrf,TN009,negative_out_of_scope,False,False,3,2,63cb7040-3526-4f6f-9f88-e295bbe5edaf,0.01639344262295082,False,10.716000004322268
transfusion-retrieval-v3,sha256:5fc6a9a0d5ff5721954fad8f2855c204301e59ef0b28a91d8d9bdbaf48cb659b,4,hybrid_rrf,TN009,negative_out_of_scope,False,False,3,3,761b9529-5b18-4262-8174-6062c35fb31c,0.016129032258064516,False,10.716000004322268
transfusion-retrieval-v3,sha256:5fc6a9a0d5ff5721954fad8f2855c204301e59ef0b28a91d8d9bdbaf48cb659b,4,hybrid_rrf,TN009,negative_out_of_scope,False,False,5,1,fb4884e3-8fea-42fa-b996-7e9c333e7fef,0.03252247488101534,False,10.716000004322268
transfusion-retrieval-v3,sha256:5fc6a9a0d5ff5721954fad8f2855c204301e59ef0b28a91d8d9bdbaf48cb659b,4,hybrid_rrf,TN009,negative_out_of_scope,False,False,5,2,63cb7040-3526-4f6f-9f88-e295bbe5edaf,0.01639344262295082,False,10.716000004322268
transfusion-retrieval-v3,sha256:5fc6a9a0d5ff5721954fad8f2855c204301e59ef0b28a91d8d9bdbaf48cb659b,4,hybrid_rrf,TN009,negative_out_of_scope,False,False,5,3,761b9529-5b18-4262-8174-6062c35fb31c,0.016129032258064516,False,10.716000004322268
transfusion-retrieval-v3,sha256:5fc6a9a0d5ff5721954fad8f2855c204301e59ef0b28a91d8d9bdbaf48cb659b,4,hybrid_rrf,TN009,negative_out_of_scope,False,False,5,4,c78ff32d-ea17-41fd-98ef-2e8872f01df3,0.015873015873015872,False,10.716000004322268
transfusion-retrieval-v3,sha256:5fc6a9a0d5ff5721954fad8f2855c204301e59ef0b28a91d8d9bdbaf48cb659b,4,hybrid_rrf,TN009,negative_out_of_scope,False,False,5,5,17e22a4e-78d9-4607-b75b-151e52cc4d20,0.015873015873015872,False,10.716000004322268
transfusion-retrieval-v3,sha256:5fc6a9a0d5ff5721954fad8f2855c204301e59ef0b28a91d8d9bdbaf48cb659b,4,hybrid_rrf,TN009,negative_out_of_scope,False,False,10,1,fb4884e3-8fea-42fa-b996-7e9c333e7fef,0.03252247488101534,False,10.716000004322268
transfusion-retrieval-v3,sha256:5fc6a9a0d5ff5721954fad8f2855c204301e59ef0b28a91d8d9bdbaf48cb659b,4,hybrid_rrf,TN009,negative_out_of_scope,False,False,10,2,63cb7040-3526-4f6f-9f88-e295bbe5edaf,0.01639344262295082,False,10.716000004322268
transfusion-retrieval-v3,sha256:5fc6a9a0d5ff5721954fad8f2855c204301e59ef0b28a91d8d9bdbaf48cb659b,4,hybrid_rrf,TN009,negative_out_of_scope,False,False,10,3,761b9529-5b18-4262-8174-6062c35fb31c,0.016129032258064516,False,10.716000004322268
transfusion-retrieval-v3,sha256:5fc6a9a0d5ff5721954fad8f2855c204301e59ef0b28a91d8d9bdbaf48cb659b,4,hybrid_rrf,TN009,negative_out_of_scope,False,False,10,4,c78ff32d-ea17-41fd-98ef-2e8872f01df3,0.015873015873015872,False,10.716000004322268
transfusion-retrieval-v3,sha256:5fc6a9a0d5ff5721954fad8f2855c204301e59ef0b28a91d8d9bdbaf48cb659b,4,hybrid_rrf,TN009,negative_out_of_scope,False,False,10,5,17e22a4e-78d9-4607-b75b-151e52cc4d20,0.015873015873015872,False,10.716000004322268
transfusion-retrieval-v3,sha256:5fc6a9a0d5ff5721954fad8f2855c204301e59ef0b28a91d8d9bdbaf48cb659b,4,hybrid_rrf,TN009,negative_out_of_scope,False,False,10,6,d9a4a9c8-fbd4-41f2-bab6-6abd72575204,0.015625,False,10.716000004322268
transfusion-retrieval-v3,sha256:5fc6a9a0d5ff5721954fad8f2855c204301e59ef0b28a91d8d9bdbaf48cb659b,4,hybrid_rrf,TN009,negative_out_of_scope,False,False,10,7,fbb0340e-b19d-43c3-a23a-5ee07899e8cd,0.015625,False,10.716000004322268
transfusion-retrieval-v3,sha256:5fc6a9a0d5ff5721954fad8f2855c204301e59ef0b28a91d8d9bdbaf48cb659b,4,hybrid_rrf,TN009,negative_out_of_scope,False,False,10,8,ee8c2027-ad6d-4bb7-8077-5e4c42be1cc3,0.015384615384615385,False,10.716000004322268
transfusion-retrieval-v3,sha256:5fc6a9a0d5ff5721954fad8f2855c204301e59ef0b28a91d8d9bdbaf48cb659b,4,hybrid_rrf,TN009,negative_out_of_scope,False,False,10,9,e4892114-b8eb-4f39-a7c4-427217039236,0.015384615384615385,False,10.716000004322268
transfusion-retrieval-v3,sha256:5fc6a9a0d5ff5721954fad8f2855c204301e59ef0b28a91d8d9bdbaf48cb659b,4,hybrid_rrf,TN009,negative_out_of_scope,False,False,10,10,66dba192-bac5-4b3a-bd4d-77e9eacb4192,0.015151515151515152,False,10.716000004322268
transfusion-retrieval-v3,sha256:5fc6a9a0d5ff5721954fad8f2855c204301e59ef0b28a91d8d9bdbaf48cb659b,4,hybrid_rrf,TN010,negative_out_of_scope,False,False,1,1,fb4884e3-8fea-42fa-b996-7e9c333e7fef,0.031544957774465976,False,7.21950000297511
transfusion-retrieval-v3,sha256:5fc6a9a0d5ff5721954fad8f2855c204301e59ef0b28a91d8d9bdbaf48cb659b,4,hybrid_rrf,TN010,negative_out_of_scope,False,False,3,1,fb4884e3-8fea-42fa-b996-7e9c333e7fef,0.031544957774465976,False,7.21950000297511
transfusion-retrieval-v3,sha256:5fc6a9a0d5ff5721954fad8f2855c204301e59ef0b28a91d8d9bdbaf48cb659b,4,hybrid_rrf,TN010,negative_out_of_scope,False,False,3,2,7c33fbb7-e931-4f6b-9520-23875ec9ee5b,0.01639344262295082,False,7.21950000297511
transfusion-retrieval-v3,sha256:5fc6a9a0d5ff5721954fad8f2855c204301e59ef0b28a91d8d9bdbaf48cb659b,4,hybrid_rrf,TN010,negative_out_of_scope,False,False,3,3,c78ff32d-ea17-41fd-98ef-2e8872f01df3,0.016129032258064516,False,7.21950000297511
transfusion-retrieval-v3,sha256:5fc6a9a0d5ff5721954fad8f2855c204301e59ef0b28a91d8d9bdbaf48cb659b,4,hybrid_rrf,TN010,negative_out_of_scope,False,False,5,1,fb4884e3-8fea-42fa-b996-7e9c333e7fef,0.031544957774465976,False,7.21950000297511
transfusion-retrieval-v3,sha256:5fc6a9a0d5ff5721954fad8f2855c204301e59ef0b28a91d8d9bdbaf48cb659b,4,hybrid_rrf,TN010,negative_out_of_scope,False,False,5,2,7c33fbb7-e931-4f6b-9520-23875ec9ee5b,0.01639344262295082,False,7.21950000297511
transfusion-retrieval-v3,sha256:5fc6a9a0d5ff5721954fad8f2855c204301e59ef0b28a91d8d9bdbaf48cb659b,4,hybrid_rrf,TN010,negative_out_of_scope,False,False,5,3,c78ff32d-ea17-41fd-98ef-2e8872f01df3,0.016129032258064516,False,7.21950000297511
transfusion-retrieval-v3,sha256:5fc6a9a0d5ff5721954fad8f2855c204301e59ef0b28a91d8d9bdbaf48cb659b,4,hybrid_rrf,TN010,negative_out_of_scope,False,False,5,4,eeb8db46-f757-41f1-9ca5-c022f3d4ea3e,0.016129032258064516,False,7.21950000297511
transfusion-retrieval-v3,sha256:5fc6a9a0d5ff5721954fad8f2855c204301e59ef0b28a91d8d9bdbaf48cb659b,4,hybrid_rrf,TN010,negative_out_of_scope,False,False,5,5,17e22a4e-78d9-4607-b75b-151e52cc4d20,0.015873015873015872,False,7.21950000297511
transfusion-retrieval-v3,sha256:5fc6a9a0d5ff5721954fad8f2855c204301e59ef0b28a91d8d9bdbaf48cb659b,4,hybrid_rrf,TN010,negative_out_of_scope,False,False,10,1,fb4884e3-8fea-42fa-b996-7e9c333e7fef,0.031544957774465976,False,7.21950000297511
transfusion-retrieval-v3,sha256:5fc6a9a0d5ff5721954fad8f2855c204301e59ef0b28a91d8d9bdbaf48cb659b,4,hybrid_rrf,TN010,negative_out_of_scope,False,False,10,2,7c33fbb7-e931-4f6b-9520-23875ec9ee5b,0.01639344262295082,False,7.21950000297511
transfusion-retrieval-v3,sha256:5fc6a9a0d5ff5721954fad8f2855c204301e59ef0b28a91d8d9bdbaf48cb659b,4,hybrid_rrf,TN010,negative_out_of_scope,False,False,10,3,c78ff32d-ea17-41fd-98ef-2e8872f01df3,0.016129032258064516,False,7.21950000297511
transfusion-retrieval-v3,sha256:5fc6a9a0d5ff5721954fad8f2855c204301e59ef0b28a91d8d9bdbaf48cb659b,4,hybrid_rrf,TN010,negative_out_of_scope,False,False,10,4,eeb8db46-f757-41f1-9ca5-c022f3d4ea3e,0.016129032258064516,False,7.21950000297511
transfusion-retrieval-v3,sha256:5fc6a9a0d5ff5721954fad8f2855c204301e59ef0b28a91d8d9bdbaf48cb659b,4,hybrid_rrf,TN010,negative_out_of_scope,False,False,10,5,17e22a4e-78d9-4607-b75b-151e52cc4d20,0.015873015873015872,False,7.21950000297511
transfusion-retrieval-v3,sha256:5fc6a9a0d5ff5721954fad8f2855c204301e59ef0b28a91d8d9bdbaf48cb659b,4,hybrid_rrf,TN010,negative_out_of_scope,False,False,10,6,b0b5bc4f-7d0b-4f56-8e37-84178d38637d,0.015873015873015872,False,7.21950000297511
transfusion-retrieval-v3,sha256:5fc6a9a0d5ff5721954fad8f2855c204301e59ef0b28a91d8d9bdbaf48cb659b,4,hybrid_rrf,TN010,negative_out_of_scope,False,False,10,7,9131e9a9-eff3-4f4e-a20b-4bdd456c35bc,0.015625,False,7.21950000297511
transfusion-retrieval-v3,sha256:5fc6a9a0d5ff5721954fad8f2855c204301e59ef0b28a91d8d9bdbaf48cb659b,4,hybrid_rrf,TN010,negative_out_of_scope,False,False,10,8,fbb0340e-b19d-43c3-a23a-5ee07899e8cd,0.015625,False,7.21950000297511
transfusion-retrieval-v3,sha256:5fc6a9a0d5ff5721954fad8f2855c204301e59ef0b28a91d8d9bdbaf48cb659b,4,hybrid_rrf,TN010,negative_out_of_scope,False,False,10,9,54fdf811-dedd-4016-b144-3e4bfdcd67c8,0.015384615384615385,False,7.21950000297511
transfusion-retrieval-v3,sha256:5fc6a9a0d5ff5721954fad8f2855c204301e59ef0b28a91d8d9bdbaf48cb659b,4,hybrid_rrf,TN010,negative_out_of_scope,False,False,10,10,e4892114-b8eb-4f39-a7c4-427217039236,0.015384615384615385,False,7.21950000297511
transfusion-retrieval-v3,sha256:5fc6a9a0d5ff5721954fad8f2855c204301e59ef0b28a91d8d9bdbaf48cb659b,4,hybrid_rrf,TN011,negative_out_of_scope,False,False,1,1,761b9529-5b18-4262-8174-6062c35fb31c,0.03128054740957967,False,13.016200002311962
transfusion-retrieval-v3,sha256:5fc6a9a0d5ff5721954fad8f2855c204301e59ef0b28a91d8d9bdbaf48cb659b,4,hybrid_rrf,TN011,negative_out_of_scope,False,False,3,1,761b9529-5b18-4262-8174-6062c35fb31c,0.03128054740957967,False,13.016200002311962
transfusion-retrieval-v3,sha256:5fc6a9a0d5ff5721954fad8f2855c204301e59ef0b28a91d8d9bdbaf48cb659b,4,hybrid_rrf,TN011,negative_out_of_scope,False,False,3,2,10537058-d160-4786-a6cf-95de46d7189c,0.029910714285714284,False,13.016200002311962
transfusion-retrieval-v3,sha256:5fc6a9a0d5ff5721954fad8f2855c204301e59ef0b28a91d8d9bdbaf48cb659b,4,hybrid_rrf,TN011,negative_out_of_scope,False,False,3,3,66dba192-bac5-4b3a-bd4d-77e9eacb4192,0.029857397504456328,False,13.016200002311962
transfusion-retrieval-v3,sha256:5fc6a9a0d5ff5721954fad8f2855c204301e59ef0b28a91d8d9bdbaf48cb659b,4,hybrid_rrf,TN011,negative_out_of_scope,False,False,5,1,761b9529-5b18-4262-8174-6062c35fb31c,0.03128054740957967,False,13.016200002311962
transfusion-retrieval-v3,sha256:5fc6a9a0d5ff5721954fad8f2855c204301e59ef0b28a91d8d9bdbaf48cb659b,4,hybrid_rrf,TN011,negative_out_of_scope,False,False,5,2,10537058-d160-4786-a6cf-95de46d7189c,0.029910714285714284,False,13.016200002311962
transfusion-retrieval-v3,sha256:5fc6a9a0d5ff5721954fad8f2855c204301e59ef0b28a91d8d9bdbaf48cb659b,4,hybrid_rrf,TN011,negative_out_of_scope,False,False,5,3,66dba192-bac5-4b3a-bd4d-77e9eacb4192,0.029857397504456328,False,13.016200002311962
transfusion-retrieval-v3,sha256:5fc6a9a0d5ff5721954fad8f2855c204301e59ef0b28a91d8d9bdbaf48cb659b,4,hybrid_rrf,TN011,negative_out_of_scope,False,False,5,4,fb4884e3-8fea-42fa-b996-7e9c333e7fef,0.01639344262295082,False,13.016200002311962
transfusion-retrieval-v3,sha256:5fc6a9a0d5ff5721954fad8f2855c204301e59ef0b28a91d8d9bdbaf48cb659b,4,hybrid_rrf,TN011,negative_out_of_scope,False,False,5,5,16efaa44-1554-4748-8407-48fac0bced94,0.01639344262295082,False,13.016200002311962
transfusion-retrieval-v3,sha256:5fc6a9a0d5ff5721954fad8f2855c204301e59ef0b28a91d8d9bdbaf48cb659b,4,hybrid_rrf,TN011,negative_out_of_scope,False,False,10,1,761b9529-5b18-4262-8174-6062c35fb31c,0.03128054740957967,False,13.016200002311962
transfusion-retrieval-v3,sha256:5fc6a9a0d5ff5721954fad8f2855c204301e59ef0b28a91d8d9bdbaf48cb659b,4,hybrid_rrf,TN011,negative_out_of_scope,False,False,10,2,10537058-d160-4786-a6cf-95de46d7189c,0.029910714285714284,False,13.016200002311962
transfusion-retrieval-v3,sha256:5fc6a9a0d5ff5721954fad8f2855c204301e59ef0b28a91d8d9bdbaf48cb659b,4,hybrid_rrf,TN011,negative_out_of_scope,False,False,10,3,66dba192-bac5-4b3a-bd4d-77e9eacb4192,0.029857397504456328,False,13.016200002311962
transfusion-retrieval-v3,sha256:5fc6a9a0d5ff5721954fad8f2855c204301e59ef0b28a91d8d9bdbaf48cb659b,4,hybrid_rrf,TN011,negative_out_of_scope,False,False,10,4,fb4884e3-8fea-42fa-b996-7e9c333e7fef,0.01639344262295082,False,13.016200002311962
transfusion-retrieval-v3,sha256:5fc6a9a0d5ff5721954fad8f2855c204301e59ef0b28a91d8d9bdbaf48cb659b,4,hybrid_rrf,TN011,negative_out_of_scope,False,False,10,5,16efaa44-1554-4748-8407-48fac0bced94,0.01639344262295082,False,13.016200002311962
transfusion-retrieval-v3,sha256:5fc6a9a0d5ff5721954fad8f2855c204301e59ef0b28a91d8d9bdbaf48cb659b,4,hybrid_rrf,TN011,negative_out_of_scope,False,False,10,6,63cb7040-3526-4f6f-9f88-e295bbe5edaf,0.016129032258064516,False,13.016200002311962
transfusion-retrieval-v3,sha256:5fc6a9a0d5ff5721954fad8f2855c204301e59ef0b28a91d8d9bdbaf48cb659b,4,hybrid_rrf,TN011,negative_out_of_scope,False,False,10,7,c78ff32d-ea17-41fd-98ef-2e8872f01df3,0.015873015873015872,False,13.016200002311962
transfusion-retrieval-v3,sha256:5fc6a9a0d5ff5721954fad8f2855c204301e59ef0b28a91d8d9bdbaf48cb659b,4,hybrid_rrf,TN011,negative_out_of_scope,False,False,10,8,8f3ed830-3a06-41c6-8b06-cfcf6d36a83c,0.015873015873015872,False,13.016200002311962
transfusion-retrieval-v3,sha256:5fc6a9a0d5ff5721954fad8f2855c204301e59ef0b28a91d8d9bdbaf48cb659b,4,hybrid_rrf,TN011,negative_out_of_scope,False,False,10,9,d9a4a9c8-fbd4-41f2-bab6-6abd72575204,0.015625,False,13.016200002311962
transfusion-retrieval-v3,sha256:5fc6a9a0d5ff5721954fad8f2855c204301e59ef0b28a91d8d9bdbaf48cb659b,4,hybrid_rrf,TN011,negative_out_of_scope,False,False,10,10,ee8c2027-ad6d-4bb7-8077-5e4c42be1cc3,0.015384615384615385,False,13.016200002311962
